"metro","country","us_population_rank_2025","metro_definition","layer","provider","dataset","coverage_status","coverage_scope","acquisition_date","publication_or_update_date","date_note","resolution_or_lod","available_fields","height_status","year_built_status","storeys_status","licence_status","licence_name","licence_verified","licence_evidence_url","source_url","checked_date","verification_status","access","next_check","red_flags","sample_metrics"
"New York","US","1","New York-Newark-Jersey City, NY-NJ Metro Area","terrain_1m","USGS 3DEP / The National Map","1 m bare-earth DEM","verified intersecting product inventory; coverage not raster-validated","Central-city bbox [-74.026, 40.693, -73.986, 40.733]; about 4 km square; intersects product bounding boxes, not verified full metro or tile data coverage","unverified exact flights; project labels: USGS 1 Meter 18 x58y451 NJ_NE6County_B23 | USGS one meter x58y451 NJ SdL5 2014 | USGS one meter x58y451 NY CMPG 2013","2026-09-17 | 2020-03-30 | 2020-03-30","Publication is NOT acquisition. Project year/B-year in title is a label, not a verified flight date. Inventory capped at 100 records per query.","1 m grid; bare-earth DTM","Elevation / point classifications; exact LAZ fields unverified","unverified","unverified","unverified","GREEN","USGS public domain (standard 3DEP products; inspect individual third-party notices)","verified general USGS policy; standard collection metadata public-domain; product-specific third-party notices not all inspected","https://www.usgs.gov/information-policies-and-instructions/copyrights-and-credits","https://tnmaccess.nationalmap.gov/api/v1/products?datasets=Digital+Elevation+Model+%28DEM%29+1+meter&bbox=-74.026%2C40.693%2C-73.986%2C40.733&max=100&outputFormat=JSON","2026-10-07","verified live TNM inventory query; no point cloud or raster downloaded","Public product catalogue and download URLs","Confirm exact release, extent, field missingness and commercial redistribution terms","Survey seams, vertical datum and flight date must be checked before merging","{""bbox_lon_lat"":[-74.026,40.693,-73.986,40.733],""catalogue_total"":3,""returned_products"":3,""sample_project_titles"":[""USGS 1 Meter 18 x58y451 NJ_NE6County_B23"",""USGS one meter x58y451 NJ SdL5 2014"",""USGS one meter x58y451 NY CMPG 2013""]}"
"New York","US","1","New York-Newark-Jersey City, NY-NJ Metro Area","lidar","USGS 3DEP / The National Map","Lidar Point Cloud (LPC)","verified intersecting product inventory; coverage not raster-validated","Central-city bbox [-74.026, 40.693, -73.986, 40.733]; about 4 km square; intersects product bounding boxes, not verified full metro or tile data coverage","unverified exact flights; project labels: USGS Lidar Point Cloud NJ_NE6County_B23 K6D11 | USGS Lidar Point Cloud NJ_NE6County_B23 K6D12 | USGS Lidar Point Cloud NJ_NE6County_B23 K6D15","2026-09-15 | 2026-09-15 | 2026-09-15","Publication is NOT acquisition. Project year/B-year in title is a label, not a verified flight date. Inventory capped at 100 records per query.","Lidar points; QL / spacing unverified per project","Elevation / point classifications; exact LAZ fields unverified","unverified","unverified","unverified","GREEN","USGS public domain (standard 3DEP products; inspect individual third-party notices)","verified general USGS policy; standard collection metadata public-domain; product-specific third-party notices not all inspected","https://www.usgs.gov/information-policies-and-instructions/copyrights-and-credits","https://tnmaccess.nationalmap.gov/api/v1/products?datasets=Lidar+Point+Cloud+%28LPC%29&bbox=-74.026%2C40.693%2C-73.986%2C40.733&max=100&outputFormat=JSON","2026-10-07","verified live TNM inventory query; no point cloud or raster downloaded","Public product catalogue and download URLs","Confirm exact release, extent, field missingness and commercial redistribution terms","Survey seams, vertical datum and flight date must be checked before merging","{""bbox_lon_lat"":[-74.026,40.693,-73.986,40.733],""catalogue_total"":24,""returned_products"":24,""sample_project_titles"":[""USGS Lidar Point Cloud NJ_NE6County_B23 K6D11"",""USGS Lidar Point Cloud NJ_NE6County_B23 K6D12"",""USGS Lidar Point Cloud NJ_NE6County_B23 K6D15""]}"
"Los Angeles","US","2","Los Angeles-Long Beach-Anaheim, CA Metro Area","terrain_1m","USGS 3DEP / The National Map","1 m bare-earth DEM","verified intersecting product inventory; coverage not raster-validated","Central-city bbox [-118.264, 34.032, -118.224, 34.072]; about 4 km square; intersects product bounding boxes, not verified full metro or tile data coverage","unverified exact flights; project labels: USGS 1 Meter 11 x38y377 CA_LosAngeles_B23 | USGS 1 Meter 11 x38y378 CA_LosAngeles_B23 | USGS one meter x38y377 CA LosAngeles 2016","2025-08-11 | 2025-08-11 | 2020-03-30","Publication is NOT acquisition. Project year/B-year in title is a label, not a verified flight date. Inventory capped at 100 records per query.","1 m grid; bare-earth DTM","Elevation / point classifications; exact LAZ fields unverified","unverified","unverified","unverified","GREEN","USGS public domain (standard 3DEP products; inspect individual third-party notices)","verified general USGS policy; standard collection metadata public-domain; product-specific third-party notices not all inspected","https://www.usgs.gov/information-policies-and-instructions/copyrights-and-credits","https://tnmaccess.nationalmap.gov/api/v1/products?datasets=Digital+Elevation+Model+%28DEM%29+1+meter&bbox=-118.264%2C34.032%2C-118.224%2C34.072&max=100&outputFormat=JSON","2026-10-07","verified live TNM inventory query; no point cloud or raster downloaded","Public product catalogue and download URLs","Confirm exact release, extent, field missingness and commercial redistribution terms","Survey seams, vertical datum and flight date must be checked before merging","{""bbox_lon_lat"":[-118.264,34.032,-118.224,34.072],""catalogue_total"":4,""returned_products"":4,""sample_project_titles"":[""USGS 1 Meter 11 x38y377 CA_LosAngeles_B23"",""USGS 1 Meter 11 x38y378 CA_LosAngeles_B23"",""USGS one meter x38y377 CA LosAngeles 2016""]}"
"Los Angeles","US","2","Los Angeles-Long Beach-Anaheim, CA Metro Area","lidar","USGS 3DEP / The National Map","Lidar Point Cloud (LPC)","verified intersecting product inventory; coverage not raster-validated","Central-city bbox [-118.264, 34.032, -118.224, 34.072]; about 4 km square; intersects product bounding boxes, not verified full metro or tile data coverage","unverified exact flights; project labels: USGS Lidar Point Cloud CA_LosAngeles_B23 11SLT038300376600 | USGS Lidar Point Cloud CA_LosAngeles_B23 11SLT038300376700 | USGS Lidar Point Cloud CA_LosAngeles_B23 11SLT038300376800","2025-06-13 | 2025-06-13 | 2025-06-13","Publication is NOT acquisition. Project year/B-year in title is a label, not a verified flight date. Inventory capped at 100 records per query.","Lidar points; QL / spacing unverified per project","Elevation / point classifications; exact LAZ fields unverified","unverified","unverified","unverified","GREEN","USGS public domain (standard 3DEP products; inspect individual third-party notices)","verified general USGS policy; standard collection metadata public-domain; product-specific third-party notices not all inspected","https://www.usgs.gov/information-policies-and-instructions/copyrights-and-credits","https://tnmaccess.nationalmap.gov/api/v1/products?datasets=Lidar+Point+Cloud+%28LPC%29&bbox=-118.264%2C34.032%2C-118.224%2C34.072&max=100&outputFormat=JSON","2026-10-07","verified live TNM inventory query; no point cloud or raster downloaded","Public product catalogue and download URLs","Confirm exact release, extent, field missingness and commercial redistribution terms","Survey seams, vertical datum and flight date must be checked before merging","{""bbox_lon_lat"":[-118.264,34.032,-118.224,34.072],""catalogue_total"":65,""returned_products"":65,""sample_project_titles"":[""USGS Lidar Point Cloud CA_LosAngeles_B23 11SLT038300376600"",""USGS Lidar Point Cloud CA_LosAngeles_B23 11SLT038300376700"",""USGS Lidar Point Cloud CA_LosAngeles_B23 11SLT038300376800""]}"
"Chicago","US","3","Chicago-Naperville-Elgin, IL-IN Metro Area","terrain_1m","USGS 3DEP / The National Map","1 m bare-earth DEM","verified intersecting product inventory; coverage not raster-validated","Central-city bbox [-87.65, 41.858, -87.61, 41.898]; about 4 km square; intersects product bounding boxes, not verified full metro or tile data coverage","unverified exact flights; project labels: USGS 1 Meter 16 x44y464 IL_4_County_QL1_LiDAR_2016_B16","2024-11-18","Publication is NOT acquisition. Project year/B-year in title is a label, not a verified flight date. Inventory capped at 100 records per query.","1 m grid; bare-earth DTM","Elevation / point classifications; exact LAZ fields unverified","unverified","unverified","unverified","GREEN","USGS public domain (standard 3DEP products; inspect individual third-party notices)","verified general USGS policy; standard collection metadata public-domain; product-specific third-party notices not all inspected","https://www.usgs.gov/information-policies-and-instructions/copyrights-and-credits","https://tnmaccess.nationalmap.gov/api/v1/products?datasets=Digital+Elevation+Model+%28DEM%29+1+meter&bbox=-87.65%2C41.858%2C-87.61%2C41.898&max=100&outputFormat=JSON","2026-10-07","verified live TNM inventory query; no point cloud or raster downloaded","Public product catalogue and download URLs","Confirm exact release, extent, field missingness and commercial redistribution terms","Survey seams, vertical datum and flight date must be checked before merging","{""bbox_lon_lat"":[-87.65,41.858,-87.61,41.898],""catalogue_total"":1,""returned_products"":1,""sample_project_titles"":[""USGS 1 Meter 16 x44y464 IL_4_County_QL1_LiDAR_2016_B16""]}"
"Chicago","US","3","Chicago-Naperville-Elgin, IL-IN Metro Area","lidar","USGS 3DEP / The National Map","Lidar Point Cloud (LPC)","verified intersecting product inventory; coverage not raster-validated","Central-city bbox [-87.65, 41.858, -87.61, 41.898]; about 4 km square; intersects product bounding boxes, not verified full metro or tile data coverage","unverified exact flights; project labels: USGS Lidar Point Cloud IL_4_County_QL1_LiDAR_2016_B16 LAS_17008900 | USGS Lidar Point Cloud IL_4_County_QL1_LiDAR_2016_B16 LAS_17008925 | USGS Lidar Point Cloud IL_4_County_QL1_LiDAR_2016_B16 LAS_17008950","2019-08-19 | 2019-08-19 | 2019-08-19","Publication is NOT acquisition. Project year/B-year in title is a label, not a verified flight date. Inventory capped at 100 records per query.","Lidar points; QL / spacing unverified per project","Elevation / point classifications; exact LAZ fields unverified","unverified","unverified","unverified","GREEN","USGS public domain (standard 3DEP products; inspect individual third-party notices)","verified general USGS policy; standard collection metadata public-domain; product-specific third-party notices not all inspected","https://www.usgs.gov/information-policies-and-instructions/copyrights-and-credits","https://tnmaccess.nationalmap.gov/api/v1/products?datasets=Lidar+Point+Cloud+%28LPC%29&bbox=-87.65%2C41.858%2C-87.61%2C41.898&max=100&outputFormat=JSON","2026-10-07","verified live TNM inventory query; no point cloud or raster downloaded","Public product catalogue and download URLs","Confirm exact release, extent, field missingness and commercial redistribution terms","Survey seams, vertical datum and flight date must be checked before merging","{""bbox_lon_lat"":[-87.65,41.858,-87.61,41.898],""catalogue_total"":35,""returned_products"":35,""sample_project_titles"":[""USGS Lidar Point Cloud IL_4_County_QL1_LiDAR_2016_B16 LAS_17008900"",""USGS Lidar Point Cloud IL_4_County_QL1_LiDAR_2016_B16 LAS_17008925"",""USGS Lidar Point Cloud IL_4_County_QL1_LiDAR_2016_B16 LAS_17008950""]}"
"Dallas-Fort Worth","US","4","Dallas-Fort Worth-Arlington, TX Metro Area","terrain_1m","USGS 3DEP / The National Map","1 m bare-earth DEM","verified intersecting product inventory; coverage not raster-validated","Central-city bbox [-96.817, 32.757, -96.777, 32.797]; about 4 km square; intersects product bounding boxes, not verified full metro or tile data coverage","unverified exact flights; project labels: USGS 1 Meter 14 x70y363 TX_Pecos_Dallas_2018_D19 | USGS 1 Meter 14 x70y364 TX_Pecos_Dallas_2018_D19","2021-11-18 | 2021-11-18","Publication is NOT acquisition. Project year/B-year in title is a label, not a verified flight date. Inventory capped at 100 records per query.","1 m grid; bare-earth DTM","Elevation / point classifications; exact LAZ fields unverified","unverified","unverified","unverified","GREEN","USGS public domain (standard 3DEP products; inspect individual third-party notices)","verified general USGS policy; standard collection metadata public-domain; product-specific third-party notices not all inspected","https://www.usgs.gov/information-policies-and-instructions/copyrights-and-credits","https://tnmaccess.nationalmap.gov/api/v1/products?datasets=Digital+Elevation+Model+%28DEM%29+1+meter&bbox=-96.817%2C32.757%2C-96.777%2C32.797&max=100&outputFormat=JSON","2026-10-07","verified live TNM inventory query; no point cloud or raster downloaded","Public product catalogue and download URLs","Confirm exact release, extent, field missingness and commercial redistribution terms","Survey seams, vertical datum and flight date must be checked before merging","{""bbox_lon_lat"":[-96.817,32.757,-96.777,32.797],""catalogue_total"":2,""returned_products"":2,""sample_project_titles"":[""USGS 1 Meter 14 x70y363 TX_Pecos_Dallas_2018_D19"",""USGS 1 Meter 14 x70y364 TX_Pecos_Dallas_2018_D19""]}"
"Dallas-Fort Worth","US","4","Dallas-Fort Worth-Arlington, TX Metro Area","lidar","USGS 3DEP / The National Map","Lidar Point Cloud (LPC)","verified intersecting product inventory; coverage not raster-validated","Central-city bbox [-96.817, 32.757, -96.777, 32.797]; about 4 km square; intersects product bounding boxes, not verified full metro or tile data coverage","unverified exact flights; project labels: USGS Lidar Point Cloud TX_Pecos_Dallas_2018_D19 14SQB0426 | USGS Lidar Point Cloud TX_Pecos_Dallas_2018_D19 14SQB0427 | USGS Lidar Point Cloud TX_Pecos_Dallas_2018_D19 14SQB0429","2020-08-25 | 2020-08-25 | 2020-08-25","Publication is NOT acquisition. Project year/B-year in title is a label, not a verified flight date. Inventory capped at 100 records per query.","Lidar points; QL / spacing unverified per project","Elevation / point classifications; exact LAZ fields unverified","unverified","unverified","unverified","GREEN","USGS public domain (standard 3DEP products; inspect individual third-party notices)","verified general USGS policy; standard collection metadata public-domain; product-specific third-party notices not all inspected","https://www.usgs.gov/information-policies-and-instructions/copyrights-and-credits","https://tnmaccess.nationalmap.gov/api/v1/products?datasets=Lidar+Point+Cloud+%28LPC%29&bbox=-96.817%2C32.757%2C-96.777%2C32.797&max=100&outputFormat=JSON","2026-10-07","verified live TNM inventory query; no point cloud or raster downloaded","Public product catalogue and download URLs","Confirm exact release, extent, field missingness and commercial redistribution terms","Survey seams, vertical datum and flight date must be checked before merging","{""bbox_lon_lat"":[-96.817,32.757,-96.777,32.797],""catalogue_total"":16,""returned_products"":16,""sample_project_titles"":[""USGS Lidar Point Cloud TX_Pecos_Dallas_2018_D19 14SQB0426"",""USGS Lidar Point Cloud TX_Pecos_Dallas_2018_D19 14SQB0427"",""USGS Lidar Point Cloud TX_Pecos_Dallas_2018_D19 14SQB0429""]}"
"Houston","US","5","Houston-Pasadena-The Woodlands, TX Metro Area","terrain_1m","USGS 3DEP / The National Map","1 m bare-earth DEM","verified intersecting product inventory; coverage not raster-validated","Central-city bbox [-95.39, 29.74, -95.35, 29.78]; about 4 km square; intersects product bounding boxes, not verified full metro or tile data coverage","unverified exact flights; project labels: USGS 1 Meter 15 x26y330 TX_Houston_B24 | USGS 1 Meter 15 x27y330 TX_Houston_B24 | USGS 1 Meter 15 x26y330 TX_CoastalRegion_2018_A18","2026-06-18 | 2026-06-18 | 2024-02-29","Publication is NOT acquisition. Project year/B-year in title is a label, not a verified flight date. Inventory capped at 100 records per query.","1 m grid; bare-earth DTM","Elevation / point classifications; exact LAZ fields unverified","unverified","unverified","unverified","GREEN","USGS public domain (standard 3DEP products; inspect individual third-party notices)","verified general USGS policy; standard collection metadata public-domain; product-specific third-party notices not all inspected","https://www.usgs.gov/information-policies-and-instructions/copyrights-and-credits","https://tnmaccess.nationalmap.gov/api/v1/products?datasets=Digital+Elevation+Model+%28DEM%29+1+meter&bbox=-95.39%2C29.74%2C-95.35%2C29.78&max=100&outputFormat=JSON","2026-10-07","verified live TNM inventory query; no point cloud or raster downloaded","Public product catalogue and download URLs","Confirm exact release, extent, field missingness and commercial redistribution terms","Survey seams, vertical datum and flight date must be checked before merging","{""bbox_lon_lat"":[-95.39,29.74,-95.35,29.78],""catalogue_total"":4,""returned_products"":4,""sample_project_titles"":[""USGS 1 Meter 15 x26y330 TX_Houston_B24"",""USGS 1 Meter 15 x27y330 TX_Houston_B24"",""USGS 1 Meter 15 x26y330 TX_CoastalRegion_2018_A18""]}"
"Houston","US","5","Houston-Pasadena-The Woodlands, TX Metro Area","lidar","USGS 3DEP / The National Map","Lidar Point Cloud (LPC)","verified intersecting product inventory; coverage not raster-validated","Central-city bbox [-95.39, 29.74, -95.35, 29.78]; about 4 km square; intersects product bounding boxes, not verified full metro or tile data coverage","unverified exact flights; project labels: USGS Lidar Point Cloud TX_Houston_B24 15RTN268292 | USGS Lidar Point Cloud TX_Houston_B24 15RTN268293 | USGS Lidar Point Cloud TX_Houston_B24 15RTN268294","2026-04-28 | 2026-04-28 | 2026-04-28","Publication is NOT acquisition. Project year/B-year in title is a label, not a verified flight date. Inventory capped at 100 records per query.","Lidar points; QL / spacing unverified per project","Elevation / point classifications; exact LAZ fields unverified","unverified","unverified","unverified","GREEN","USGS public domain (standard 3DEP products; inspect individual third-party notices)","verified general USGS policy; standard collection metadata public-domain; product-specific third-party notices not all inspected","https://www.usgs.gov/information-policies-and-instructions/copyrights-and-credits","https://tnmaccess.nationalmap.gov/api/v1/products?datasets=Lidar+Point+Cloud+%28LPC%29&bbox=-95.39%2C29.74%2C-95.35%2C29.78&max=100&outputFormat=JSON","2026-10-07","verified live TNM inventory query; no point cloud or raster downloaded","Public product catalogue and download URLs","Confirm exact release, extent, field missingness and commercial redistribution terms","Survey seams, vertical datum and flight date must be checked before merging","{""bbox_lon_lat"":[-95.39,29.74,-95.35,29.78],""catalogue_total"":34,""returned_products"":34,""sample_project_titles"":[""USGS Lidar Point Cloud TX_Houston_B24 15RTN268292"",""USGS Lidar Point Cloud TX_Houston_B24 15RTN268293"",""USGS Lidar Point Cloud TX_Houston_B24 15RTN268294""]}"
"Atlanta","US","6","Atlanta-Sandy Springs-Roswell, GA Metro Area","terrain_1m","USGS 3DEP / The National Map","1 m bare-earth DEM","verified intersecting product inventory; coverage not raster-validated","Central-city bbox [-84.408, 33.729, -84.368, 33.769]; about 4 km square; intersects product bounding boxes, not verified full metro or tile data coverage","unverified exact flights; project labels: USGS 1 Meter 16 x73y374 GA_Statewide_2018_B18_DRRA | USGS 1 Meter 16 x74y374 GA_Statewide_2018_B18_DRRA","2022-05-31 | 2022-05-31","Publication is NOT acquisition. Project year/B-year in title is a label, not a verified flight date. Inventory capped at 100 records per query.","1 m grid; bare-earth DTM","Elevation / point classifications; exact LAZ fields unverified","unverified","unverified","unverified","GREEN","USGS public domain (standard 3DEP products; inspect individual third-party notices)","verified general USGS policy; standard collection metadata public-domain; product-specific third-party notices not all inspected","https://www.usgs.gov/information-policies-and-instructions/copyrights-and-credits","https://tnmaccess.nationalmap.gov/api/v1/products?datasets=Digital+Elevation+Model+%28DEM%29+1+meter&bbox=-84.408%2C33.729%2C-84.368%2C33.769&max=100&outputFormat=JSON","2026-10-07","verified live TNM inventory query; no point cloud or raster downloaded","Public product catalogue and download URLs","Confirm exact release, extent, field missingness and commercial redistribution terms","Survey seams, vertical datum and flight date must be checked before merging","{""bbox_lon_lat"":[-84.408,33.729,-84.368,33.769],""catalogue_total"":2,""returned_products"":2,""sample_project_titles"":[""USGS 1 Meter 16 x73y374 GA_Statewide_2018_B18_DRRA"",""USGS 1 Meter 16 x74y374 GA_Statewide_2018_B18_DRRA""]}"
"Atlanta","US","6","Atlanta-Sandy Springs-Roswell, GA Metro Area","lidar","USGS 3DEP / The National Map","Lidar Point Cloud (LPC)","verified intersecting product inventory; coverage not raster-validated","Central-city bbox [-84.408, 33.729, -84.368, 33.769]; about 4 km square; intersects product bounding boxes, not verified full metro or tile data coverage","unverified exact flights; project labels: USGS Lidar Point Cloud GA_FULTONCO_2006 000408 | USGS Lidar Point Cloud GA_Statewide_2018_B18_DRRA e1063n1249 | USGS Lidar Point Cloud GA_Statewide_2018_B18_DRRA e1063n1250","2023-04-07 | 2021-07-31 | 2021-07-31","Publication is NOT acquisition. Project year/B-year in title is a label, not a verified flight date. Inventory capped at 100 records per query.","Lidar points; QL / spacing unverified per project","Elevation / point classifications; exact LAZ fields unverified","unverified","unverified","unverified","GREEN","USGS public domain (standard 3DEP products; inspect individual third-party notices)","verified general USGS policy; standard collection metadata public-domain; product-specific third-party notices not all inspected","https://www.usgs.gov/information-policies-and-instructions/copyrights-and-credits","https://tnmaccess.nationalmap.gov/api/v1/products?datasets=Lidar+Point+Cloud+%28LPC%29&bbox=-84.408%2C33.729%2C-84.368%2C33.769&max=100&outputFormat=JSON","2026-10-07","verified live TNM inventory query; no point cloud or raster downloaded","Public product catalogue and download URLs","Confirm exact release, extent, field missingness and commercial redistribution terms","Survey seams, vertical datum and flight date must be checked before merging","{""bbox_lon_lat"":[-84.408,33.729,-84.368,33.769],""catalogue_total"":45,""returned_products"":45,""sample_project_titles"":[""USGS Lidar Point Cloud GA_FULTONCO_2006 000408"",""USGS Lidar Point Cloud GA_Statewide_2018_B18_DRRA e1063n1249"",""USGS Lidar Point Cloud GA_Statewide_2018_B18_DRRA e1063n1250""]}"
"Washington DC","US","7","Washington-Arlington-Alexandria, DC-VA-MD-WV Metro Area","terrain_1m","USGS 3DEP / The National Map","1 m bare-earth DEM","verified intersecting product inventory; coverage not raster-validated","Central-city bbox [-77.057, 38.887, -77.017, 38.927]; about 4 km square; intersects product bounding boxes, not verified full metro or tile data coverage","unverified exact flights; project labels: USGS 1 Meter 18 x32y431 MD_Central_Processing_D24 | USGS 1 Meter 18 x32y432 MD_Central_Processing_D24 | USGS 1 Meter 18 x32y431 VA_NorthernVA_B22","2026-04-04 | 2026-04-04 | 2024-11-16","Publication is NOT acquisition. Project year/B-year in title is a label, not a verified flight date. Inventory capped at 100 records per query.","1 m grid; bare-earth DTM","Elevation / point classifications; exact LAZ fields unverified","unverified","unverified","unverified","GREEN","USGS public domain (standard 3DEP products; inspect individual third-party notices)","verified general USGS policy; standard collection metadata public-domain; product-specific third-party notices not all inspected","https://www.usgs.gov/information-policies-and-instructions/copyrights-and-credits","https://tnmaccess.nationalmap.gov/api/v1/products?datasets=Digital+Elevation+Model+%28DEM%29+1+meter&bbox=-77.057%2C38.887%2C-77.017%2C38.927&max=100&outputFormat=JSON","2026-10-07","verified live TNM inventory query; no point cloud or raster downloaded","Public product catalogue and download URLs","Confirm exact release, extent, field missingness and commercial redistribution terms","Survey seams, vertical datum and flight date must be checked before merging","{""bbox_lon_lat"":[-77.057,38.887,-77.017,38.927],""catalogue_total"":6,""returned_products"":6,""sample_project_titles"":[""USGS 1 Meter 18 x32y431 MD_Central_Processing_D24"",""USGS 1 Meter 18 x32y432 MD_Central_Processing_D24"",""USGS 1 Meter 18 x32y431 VA_NorthernVA_B22""]}"
"Washington DC","US","7","Washington-Arlington-Alexandria, DC-VA-MD-WV Metro Area","lidar","USGS 3DEP / The National Map","Lidar Point Cloud (LPC)","verified intersecting product inventory; coverage not raster-validated","Central-city bbox [-77.057, 38.887, -77.017, 38.927]; about 4 km square; intersects product bounding boxes, not verified full metro or tile data coverage","unverified exact flights; project labels: USGS Lidar Point Cloud VA Fairfax County 2018 e1616n1924 | USGS Lidar Point Cloud VA Fairfax County 2018 e1617n1923 | USGS Lidar Point Cloud VA Fairfax County 2018 e1617n1924","2020-02-20 | 2020-02-20 | 2020-02-20","Publication is NOT acquisition. Project year/B-year in title is a label, not a verified flight date. Inventory capped at 100 records per query.","Lidar points; QL / spacing unverified per project","Elevation / point classifications; exact LAZ fields unverified","unverified","unverified","unverified","GREEN","USGS public domain (standard 3DEP products; inspect individual third-party notices)","verified general USGS policy; standard collection metadata public-domain; product-specific third-party notices not all inspected","https://www.usgs.gov/information-policies-and-instructions/copyrights-and-credits","https://tnmaccess.nationalmap.gov/api/v1/products?datasets=Lidar+Point+Cloud+%28LPC%29&bbox=-77.057%2C38.887%2C-77.017%2C38.927&max=100&outputFormat=JSON","2026-10-07","verified live TNM inventory query; no point cloud or raster downloaded","Public product catalogue and download URLs","Confirm exact release, extent, field missingness and commercial redistribution terms","Survey seams, vertical datum and flight date must be checked before merging","{""bbox_lon_lat"":[-77.057,38.887,-77.017,38.927],""catalogue_total"":15,""returned_products"":15,""sample_project_titles"":[""USGS Lidar Point Cloud VA Fairfax County 2018 e1616n1924"",""USGS Lidar Point Cloud VA Fairfax County 2018 e1617n1923"",""USGS Lidar Point Cloud VA Fairfax County 2018 e1617n1924""]}"
"Miami","US","8","Miami-Fort Lauderdale-West Palm Beach, FL Metro Area","terrain_1m","USGS 3DEP / The National Map","1 m bare-earth DEM","verified intersecting product inventory; coverage not raster-validated","Central-city bbox [-80.212, 25.742, -80.172, 25.782]; about 4 km square; intersects product bounding boxes, not verified full metro or tile data coverage","unverified exact flights; project labels: USGS 1 Meter 17 x57y285 FL_MiamiDade_D23 | USGS 1 Meter 17 x57y286 FL_MiamiDade_D23 | USGS 1 Meter 17 x58y285 FL_MiamiDade_D23","2025-12-15 | 2025-12-15 | 2025-12-15","Publication is NOT acquisition. Project year/B-year in title is a label, not a verified flight date. Inventory capped at 100 records per query.","1 m grid; bare-earth DTM","Elevation / point classifications; exact LAZ fields unverified","unverified","unverified","unverified","GREEN","USGS public domain (standard 3DEP products; inspect individual third-party notices)","verified general USGS policy; standard collection metadata public-domain; product-specific third-party notices not all inspected","https://www.usgs.gov/information-policies-and-instructions/copyrights-and-credits","https://tnmaccess.nationalmap.gov/api/v1/products?datasets=Digital+Elevation+Model+%28DEM%29+1+meter&bbox=-80.212%2C25.742%2C-80.172%2C25.782&max=100&outputFormat=JSON","2026-10-07","verified live TNM inventory query; no point cloud or raster downloaded","Public product catalogue and download URLs","Confirm exact release, extent, field missingness and commercial redistribution terms","Survey seams, vertical datum and flight date must be checked before merging","{""bbox_lon_lat"":[-80.212,25.742,-80.172,25.782],""catalogue_total"":7,""returned_products"":7,""sample_project_titles"":[""USGS 1 Meter 17 x57y285 FL_MiamiDade_D23"",""USGS 1 Meter 17 x57y286 FL_MiamiDade_D23"",""USGS 1 Meter 17 x58y285 FL_MiamiDade_D23""]}"
"Miami","US","8","Miami-Fort Lauderdale-West Palm Beach, FL Metro Area","lidar","USGS 3DEP / The National Map","Lidar Point Cloud (LPC)","verified intersecting product inventory; coverage not raster-validated","Central-city bbox [-80.212, 25.742, -80.172, 25.782]; about 4 km square; intersects product bounding boxes, not verified full metro or tile data coverage","unverified exact flights; project labels: USGS Lidar Point Cloud FL_MiamiDade_D23 LID2024_318450_0901 | USGS Lidar Point Cloud FL_MiamiDade_D23 LID2024_318451_0901 | USGS Lidar Point Cloud FL_MiamiDade_D23 LID2024_318452_0901","2025-09-02 | 2025-09-02 | 2025-09-02","Publication is NOT acquisition. Project year/B-year in title is a label, not a verified flight date. Inventory capped at 100 records per query.","Lidar points; QL / spacing unverified per project","Elevation / point classifications; exact LAZ fields unverified","unverified","unverified","unverified","GREEN","USGS public domain (standard 3DEP products; inspect individual third-party notices)","verified general USGS policy; standard collection metadata public-domain; product-specific third-party notices not all inspected","https://www.usgs.gov/information-policies-and-instructions/copyrights-and-credits","https://tnmaccess.nationalmap.gov/api/v1/products?datasets=Lidar+Point+Cloud+%28LPC%29&bbox=-80.212%2C25.742%2C-80.172%2C25.782&max=100&outputFormat=JSON","2026-10-07","verified live TNM inventory query; no point cloud or raster downloaded","Public product catalogue and download URLs","Confirm exact release, extent, field missingness and commercial redistribution terms","Survey seams, vertical datum and flight date must be checked before merging","{""bbox_lon_lat"":[-80.212,25.742,-80.172,25.782],""catalogue_total"":42,""returned_products"":42,""sample_project_titles"":[""USGS Lidar Point Cloud FL_MiamiDade_D23 LID2024_318450_0901"",""USGS Lidar Point Cloud FL_MiamiDade_D23 LID2024_318451_0901"",""USGS Lidar Point Cloud FL_MiamiDade_D23 LID2024_318452_0901""]}"
"Philadelphia","US","9","Philadelphia-Camden-Wilmington, PA-NJ-DE-MD Metro Area","terrain_1m","USGS 3DEP / The National Map","1 m bare-earth DEM","verified intersecting product inventory; coverage not raster-validated","Central-city bbox [-75.185, 39.933, -75.145, 39.973]; about 4 km square; intersects product bounding boxes, not verified full metro or tile data coverage","unverified exact flights; project labels: USGS one meter x48y443 DE DelawareValley HD 2015 | USGS one meter x48y443 DE DelawareValleyHD 5A 2015","2020-03-30 | 2020-03-30","Publication is NOT acquisition. Project year/B-year in title is a label, not a verified flight date. Inventory capped at 100 records per query.","1 m grid; bare-earth DTM","Elevation / point classifications; exact LAZ fields unverified","unverified","unverified","unverified","GREEN","USGS public domain (standard 3DEP products; inspect individual third-party notices)","verified general USGS policy; standard collection metadata public-domain; product-specific third-party notices not all inspected","https://www.usgs.gov/information-policies-and-instructions/copyrights-and-credits","https://tnmaccess.nationalmap.gov/api/v1/products?datasets=Digital+Elevation+Model+%28DEM%29+1+meter&bbox=-75.185%2C39.933%2C-75.145%2C39.973&max=100&outputFormat=JSON","2026-10-07","verified live TNM inventory query; no point cloud or raster downloaded","Public product catalogue and download URLs","Confirm exact release, extent, field missingness and commercial redistribution terms","Survey seams, vertical datum and flight date must be checked before merging","{""bbox_lon_lat"":[-75.185,39.933,-75.145,39.973],""catalogue_total"":2,""returned_products"":2,""sample_project_titles"":[""USGS one meter x48y443 DE DelawareValley HD 2015"",""USGS one meter x48y443 DE DelawareValleyHD 5A 2015""]}"
"Philadelphia","US","9","Philadelphia-Camden-Wilmington, PA-NJ-DE-MD Metro Area","lidar","USGS 3DEP / The National Map","Lidar Point Cloud (LPC)","verified intersecting product inventory; coverage not raster-validated","Central-city bbox [-75.185, 39.933, -75.145, 39.973]; about 4 km square; intersects product bounding boxes, not verified full metro or tile data coverage","unverified exact flights; project labels: USGS Lidar Point Cloud PA_17County_D24 18SVK484420 | USGS Lidar Point Cloud PA_17County_D24 18SVK484421 | USGS Lidar Point Cloud PA_17County_D24 18SVK484422","2026-04-18 | 2026-04-18 | 2026-04-18","Publication is NOT acquisition. Project year/B-year in title is a label, not a verified flight date. Inventory capped at 100 records per query.","Lidar points; QL / spacing unverified per project","Elevation / point classifications; exact LAZ fields unverified","unverified","unverified","unverified","GREEN","USGS public domain (standard 3DEP products; inspect individual third-party notices)","verified general USGS policy; standard collection metadata public-domain; product-specific third-party notices not all inspected","https://www.usgs.gov/information-policies-and-instructions/copyrights-and-credits","https://tnmaccess.nationalmap.gov/api/v1/products?datasets=Lidar+Point+Cloud+%28LPC%29&bbox=-75.185%2C39.933%2C-75.145%2C39.973&max=100&outputFormat=JSON","2026-10-07","verified live TNM inventory query; no point cloud or raster downloaded","Public product catalogue and download URLs","Confirm exact release, extent, field missingness and commercial redistribution terms","Survey seams, vertical datum and flight date must be checked before merging","{""bbox_lon_lat"":[-75.185,39.933,-75.145,39.973],""catalogue_total"":28,""returned_products"":28,""sample_project_titles"":[""USGS Lidar Point Cloud PA_17County_D24 18SVK484420"",""USGS Lidar Point Cloud PA_17County_D24 18SVK484421"",""USGS Lidar Point Cloud PA_17County_D24 18SVK484422""]}"
"Phoenix","US","10","Phoenix-Mesa-Chandler, AZ Metro Area","terrain_1m","USGS 3DEP / The National Map","1 m bare-earth DEM","verified intersecting product inventory; coverage not raster-validated","Central-city bbox [-112.094, 33.428, -112.054, 33.468]; about 4 km square; intersects product bounding boxes, not verified full metro or tile data coverage","unverified exact flights; project labels: USGS 1 Meter 12 x39y370 AZ_MaricopaPinal_2020_B20 | USGS 1 Meter 12 x39y371 AZ_MaricopaPinal_2020_B20 | USGS 1 Meter 12 x40y370 AZ_MaricopaPinal_2020_B20","2023-01-14 | 2023-01-14 | 2023-01-14","Publication is NOT acquisition. Project year/B-year in title is a label, not a verified flight date. Inventory capped at 100 records per query.","1 m grid; bare-earth DTM","Elevation / point classifications; exact LAZ fields unverified","unverified","unverified","unverified","GREEN","USGS public domain (standard 3DEP products; inspect individual third-party notices)","verified general USGS policy; standard collection metadata public-domain; product-specific third-party notices not all inspected","https://www.usgs.gov/information-policies-and-instructions/copyrights-and-credits","https://tnmaccess.nationalmap.gov/api/v1/products?datasets=Digital+Elevation+Model+%28DEM%29+1+meter&bbox=-112.094%2C33.428%2C-112.054%2C33.468&max=100&outputFormat=JSON","2026-10-07","verified live TNM inventory query; no point cloud or raster downloaded","Public product catalogue and download URLs","Confirm exact release, extent, field missingness and commercial redistribution terms","Survey seams, vertical datum and flight date must be checked before merging","{""bbox_lon_lat"":[-112.094,33.428,-112.054,33.468],""catalogue_total"":4,""returned_products"":4,""sample_project_titles"":[""USGS 1 Meter 12 x39y370 AZ_MaricopaPinal_2020_B20"",""USGS 1 Meter 12 x39y371 AZ_MaricopaPinal_2020_B20"",""USGS 1 Meter 12 x40y370 AZ_MaricopaPinal_2020_B20""]}"
"Phoenix","US","10","Phoenix-Mesa-Chandler, AZ Metro Area","lidar","USGS 3DEP / The National Map","Lidar Point Cloud (LPC)","verified intersecting product inventory; coverage not raster-validated","Central-city bbox [-112.094, 33.428, -112.054, 33.468]; about 4 km square; intersects product bounding boxes, not verified full metro or tile data coverage","unverified exact flights; project labels: USGS Lidar Point Cloud AZ_MaricopaPinal_2020_B20 w0398n3699 | USGS Lidar Point Cloud AZ_MaricopaPinal_2020_B20 w0398n3700 | USGS Lidar Point Cloud AZ_MaricopaPinal_2020_B20 w0398n3701","2022-03-31 | 2022-03-31 | 2022-03-31","Publication is NOT acquisition. Project year/B-year in title is a label, not a verified flight date. Inventory capped at 100 records per query.","Lidar points; QL / spacing unverified per project","Elevation / point classifications; exact LAZ fields unverified","unverified","unverified","unverified","GREEN","USGS public domain (standard 3DEP products; inspect individual third-party notices)","verified general USGS policy; standard collection metadata public-domain; product-specific third-party notices not all inspected","https://www.usgs.gov/information-policies-and-instructions/copyrights-and-credits","https://tnmaccess.nationalmap.gov/api/v1/products?datasets=Lidar+Point+Cloud+%28LPC%29&bbox=-112.094%2C33.428%2C-112.054%2C33.468&max=100&outputFormat=JSON","2026-10-07","verified live TNM inventory query; no point cloud or raster downloaded","Public product catalogue and download URLs","Confirm exact release, extent, field missingness and commercial redistribution terms","Survey seams, vertical datum and flight date must be checked before merging","{""bbox_lon_lat"":[-112.094,33.428,-112.054,33.468],""catalogue_total"":25,""returned_products"":25,""sample_project_titles"":[""USGS Lidar Point Cloud AZ_MaricopaPinal_2020_B20 w0398n3699"",""USGS Lidar Point Cloud AZ_MaricopaPinal_2020_B20 w0398n3700"",""USGS Lidar Point Cloud AZ_MaricopaPinal_2020_B20 w0398n3701""]}"
"Boston","US","11","Boston-Cambridge-Newton, MA-NH Metro Area","terrain_1m","USGS 3DEP / The National Map","1 m bare-earth DEM","verified intersecting product inventory; coverage not raster-validated","Central-city bbox [-71.079, 42.34, -71.039, 42.38]; about 4 km square; intersects product bounding boxes, not verified full metro or tile data coverage","unverified exact flights; project labels: USGS 1 Meter 19 x32y469 MA_CentralEastern_2021_B21 | USGS 1 Meter 19 x32y470 MA_CentralEastern_2021_B21 | USGS 1 Meter 19 x33y469 MA_CentralEastern_2021_B21","2023-01-15 | 2023-01-15 | 2023-01-15","Publication is NOT acquisition. Project year/B-year in title is a label, not a verified flight date. Inventory capped at 100 records per query.","1 m grid; bare-earth DTM","Elevation / point classifications; exact LAZ fields unverified","unverified","unverified","unverified","GREEN","USGS public domain (standard 3DEP products; inspect individual third-party notices)","verified general USGS policy; standard collection metadata public-domain; product-specific third-party notices not all inspected","https://www.usgs.gov/information-policies-and-instructions/copyrights-and-credits","https://tnmaccess.nationalmap.gov/api/v1/products?datasets=Digital+Elevation+Model+%28DEM%29+1+meter&bbox=-71.079%2C42.34%2C-71.039%2C42.38&max=100&outputFormat=JSON","2026-10-07","verified live TNM inventory query; no point cloud or raster downloaded","Public product catalogue and download URLs","Confirm exact release, extent, field missingness and commercial redistribution terms","Survey seams, vertical datum and flight date must be checked before merging","{""bbox_lon_lat"":[-71.079,42.34,-71.039,42.38],""catalogue_total"":12,""returned_products"":12,""sample_project_titles"":[""USGS 1 Meter 19 x32y469 MA_CentralEastern_2021_B21"",""USGS 1 Meter 19 x32y470 MA_CentralEastern_2021_B21"",""USGS 1 Meter 19 x33y469 MA_CentralEastern_2021_B21""]}"
"Boston","US","11","Boston-Cambridge-Newton, MA-NH Metro Area","lidar","USGS 3DEP / The National Map","Lidar Point Cloud (LPC)","verified intersecting product inventory; coverage not raster-validated","Central-city bbox [-71.079, 42.34, -71.039, 42.38]; about 4 km square; intersects product bounding boxes, not verified full metro or tile data coverage","unverified exact flights; project labels: USGS Lidar Point Cloud MA_CentralEastern_2021_B21 19TCG328689 | USGS Lidar Point Cloud MA_CentralEastern_2021_B21 19TCG328690 | USGS Lidar Point Cloud MA_CentralEastern_2021_B21 19TCG328692","2022-10-13 | 2022-10-13 | 2022-10-13","Publication is NOT acquisition. Project year/B-year in title is a label, not a verified flight date. Inventory capped at 100 records per query.","Lidar points; QL / spacing unverified per project","Elevation / point classifications; exact LAZ fields unverified","unverified","unverified","unverified","GREEN","USGS public domain (standard 3DEP products; inspect individual third-party notices)","verified general USGS policy; standard collection metadata public-domain; product-specific third-party notices not all inspected","https://www.usgs.gov/information-policies-and-instructions/copyrights-and-credits","https://tnmaccess.nationalmap.gov/api/v1/products?datasets=Lidar+Point+Cloud+%28LPC%29&bbox=-71.079%2C42.34%2C-71.039%2C42.38&max=100&outputFormat=JSON","2026-10-07","verified live TNM inventory query; no point cloud or raster downloaded","Public product catalogue and download URLs","Confirm exact release, extent, field missingness and commercial redistribution terms","Survey seams, vertical datum and flight date must be checked before merging","{""bbox_lon_lat"":[-71.079,42.34,-71.039,42.38],""catalogue_total"":36,""returned_products"":36,""sample_project_titles"":[""USGS Lidar Point Cloud MA_CentralEastern_2021_B21 19TCG328689"",""USGS Lidar Point Cloud MA_CentralEastern_2021_B21 19TCG328690"",""USGS Lidar Point Cloud MA_CentralEastern_2021_B21 19TCG328692""]}"
"Riverside-San Bernardino","US","12","Riverside-San Bernardino-Ontario, CA Metro Area","terrain_1m","USGS 3DEP / The National Map","1 m bare-earth DEM","verified intersecting product inventory; coverage not raster-validated","Central-city bbox [-117.416, 33.933, -117.376, 33.973]; about 4 km square; intersects product bounding boxes, not verified full metro or tile data coverage","unverified exact flights; project labels: USGS one meter x46y376 CA SoCal Wildfires B1 2018","2020-03-30","Publication is NOT acquisition. Project year/B-year in title is a label, not a verified flight date. Inventory capped at 100 records per query.","1 m grid; bare-earth DTM","Elevation / point classifications; exact LAZ fields unverified","unverified","unverified","unverified","GREEN","USGS public domain (standard 3DEP products; inspect individual third-party notices)","verified general USGS policy; standard collection metadata public-domain; product-specific third-party notices not all inspected","https://www.usgs.gov/information-policies-and-instructions/copyrights-and-credits","https://tnmaccess.nationalmap.gov/api/v1/products?datasets=Digital+Elevation+Model+%28DEM%29+1+meter&bbox=-117.416%2C33.933%2C-117.376%2C33.973&max=100&outputFormat=JSON","2026-10-07","verified live TNM inventory query; no point cloud or raster downloaded","Public product catalogue and download URLs","Confirm exact release, extent, field missingness and commercial redistribution terms","Survey seams, vertical datum and flight date must be checked before merging","{""bbox_lon_lat"":[-117.416,33.933,-117.376,33.973],""catalogue_total"":1,""returned_products"":1,""sample_project_titles"":[""USGS one meter x46y376 CA SoCal Wildfires B1 2018""]}"
"Riverside-San Bernardino","US","12","Riverside-San Bernardino-Ontario, CA Metro Area","lidar","USGS 3DEP / The National Map","Lidar Point Cloud (LPC)","verified intersecting product inventory; coverage not raster-validated","Central-city bbox [-117.416, 33.933, -117.376, 33.973]; about 4 km square; intersects product bounding boxes, not verified full metro or tile data coverage","unverified exact flights; project labels: USGS Lidar Point Cloud CA_SoCAL_Wildfires_2018_D18 w1945n1428 | USGS Lidar Point Cloud CA_SoCAL_Wildfires_2018_D18 w1945n1429 | USGS Lidar Point Cloud CA_SoCAL_Wildfires_2018_D18 w1945n1430","2019-09-19 | 2019-09-19 | 2019-09-19","Publication is NOT acquisition. Project year/B-year in title is a label, not a verified flight date. Inventory capped at 100 records per query.","Lidar points; QL / spacing unverified per project","Elevation / point classifications; exact LAZ fields unverified","unverified","unverified","unverified","GREEN","USGS public domain (standard 3DEP products; inspect individual third-party notices)","verified general USGS policy; standard collection metadata public-domain; product-specific third-party notices not all inspected","https://www.usgs.gov/information-policies-and-instructions/copyrights-and-credits","https://tnmaccess.nationalmap.gov/api/v1/products?datasets=Lidar+Point+Cloud+%28LPC%29&bbox=-117.416%2C33.933%2C-117.376%2C33.973&max=100&outputFormat=JSON","2026-10-07","verified live TNM inventory query; no point cloud or raster downloaded","Public product catalogue and download URLs","Confirm exact release, extent, field missingness and commercial redistribution terms","Survey seams, vertical datum and flight date must be checked before merging","{""bbox_lon_lat"":[-117.416,33.933,-117.376,33.973],""catalogue_total"":24,""returned_products"":24,""sample_project_titles"":[""USGS Lidar Point Cloud CA_SoCAL_Wildfires_2018_D18 w1945n1428"",""USGS Lidar Point Cloud CA_SoCAL_Wildfires_2018_D18 w1945n1429"",""USGS Lidar Point Cloud CA_SoCAL_Wildfires_2018_D18 w1945n1430""]}"
"San Francisco-Oakland","US","13","San Francisco-Oakland-Fremont, CA Metro Area","terrain_1m","USGS 3DEP / The National Map","1 m bare-earth DEM","verified intersecting product inventory; coverage not raster-validated","Central-city bbox [-122.439, 37.755, -122.399, 37.795]; about 4 km square; intersects product bounding boxes, not verified full metro or tile data coverage","unverified exact flights; project labels: USGS 1 Meter 10 x54y418 CA_CaliforniaGaps_B23 | USGS 1 Meter 10 x55y418 CA_CaliforniaGaps_B23 | USGS 1 Meter 10 x54y418 CA_SanFrancisco_B23","2025-08-20 | 2025-08-20 | 2024-08-26","Publication is NOT acquisition. Project year/B-year in title is a label, not a verified flight date. Inventory capped at 100 records per query.","1 m grid; bare-earth DTM","Elevation / point classifications; exact LAZ fields unverified","unverified","unverified","unverified","GREEN","USGS public domain (standard 3DEP products; inspect individual third-party notices)","verified general USGS policy; standard collection metadata public-domain; product-specific third-party notices not all inspected","https://www.usgs.gov/information-policies-and-instructions/copyrights-and-credits","https://tnmaccess.nationalmap.gov/api/v1/products?datasets=Digital+Elevation+Model+%28DEM%29+1+meter&bbox=-122.439%2C37.755%2C-122.399%2C37.795&max=100&outputFormat=JSON","2026-10-07","verified live TNM inventory query; no point cloud or raster downloaded","Public product catalogue and download URLs","Confirm exact release, extent, field missingness and commercial redistribution terms","Survey seams, vertical datum and flight date must be checked before merging","{""bbox_lon_lat"":[-122.439,37.755,-122.399,37.795],""catalogue_total"":17,""returned_products"":12,""sample_project_titles"":[""USGS 1 Meter 10 x54y418 CA_CaliforniaGaps_B23"",""USGS 1 Meter 10 x55y418 CA_CaliforniaGaps_B23"",""USGS 1 Meter 10 x54y418 CA_SanFrancisco_B23""]}"
"San Francisco-Oakland","US","13","San Francisco-Oakland-Fremont, CA Metro Area","lidar","USGS 3DEP / The National Map","Lidar Point Cloud (LPC)","verified intersecting product inventory; coverage not raster-validated","Central-city bbox [-122.439, 37.755, -122.399, 37.795]; about 4 km square; intersects product bounding boxes, not verified full metro or tile data coverage","unverified exact flights; project labels: USGS Lidar Point Cloud CA_SanFrancisco_B23 04850245 | USGS Lidar Point Cloud CA_SanFrancisco_B23 04850250 | USGS Lidar Point Cloud CA_SanFrancisco_B23 04850255","2024-08-21 | 2024-08-21 | 2024-08-21","Publication is NOT acquisition. Project year/B-year in title is a label, not a verified flight date. Inventory capped at 100 records per query.","Lidar points; QL / spacing unverified per project","Elevation / point classifications; exact LAZ fields unverified","unverified","unverified","unverified","GREEN","USGS public domain (standard 3DEP products; inspect individual third-party notices)","verified general USGS policy; standard collection metadata public-domain; product-specific third-party notices not all inspected","https://www.usgs.gov/information-policies-and-instructions/copyrights-and-credits","https://tnmaccess.nationalmap.gov/api/v1/products?datasets=Lidar+Point+Cloud+%28LPC%29&bbox=-122.439%2C37.755%2C-122.399%2C37.795&max=100&outputFormat=JSON","2026-10-07","verified live TNM inventory query; no point cloud or raster downloaded","Public product catalogue and download URLs","Confirm exact release, extent, field missingness and commercial redistribution terms","Survey seams, vertical datum and flight date must be checked before merging","{""bbox_lon_lat"":[-122.439,37.755,-122.399,37.795],""catalogue_total"":130,""returned_products"":98,""sample_project_titles"":[""USGS Lidar Point Cloud CA_SanFrancisco_B23 04850245"",""USGS Lidar Point Cloud CA_SanFrancisco_B23 04850250"",""USGS Lidar Point Cloud CA_SanFrancisco_B23 04850255""]}"
"Detroit","US","14","Detroit-Warren-Dearborn, MI Metro Area","terrain_1m","USGS 3DEP / The National Map","1 m bare-earth DEM","verified intersecting product inventory; coverage not raster-validated","Central-city bbox [-83.066, 42.311, -83.026, 42.351]; about 4 km square; intersects product bounding boxes, not verified full metro or tile data coverage","unverified exact flights; project labels: USGS one meter x32y469 MI WayneCo 2017 | USGS one meter x32y470 MI WayneCo 2017 | USGS one meter x33y469 MI WayneCo 2017","2020-03-30 | 2020-03-30 | 2020-03-30","Publication is NOT acquisition. Project year/B-year in title is a label, not a verified flight date. Inventory capped at 100 records per query.","1 m grid; bare-earth DTM","Elevation / point classifications; exact LAZ fields unverified","unverified","unverified","unverified","GREEN","USGS public domain (standard 3DEP products; inspect individual third-party notices)","verified general USGS policy; standard collection metadata public-domain; product-specific third-party notices not all inspected","https://www.usgs.gov/information-policies-and-instructions/copyrights-and-credits","https://tnmaccess.nationalmap.gov/api/v1/products?datasets=Digital+Elevation+Model+%28DEM%29+1+meter&bbox=-83.066%2C42.311%2C-83.026%2C42.351&max=100&outputFormat=JSON","2026-10-07","verified live TNM inventory query; no point cloud or raster downloaded","Public product catalogue and download URLs","Confirm exact release, extent, field missingness and commercial redistribution terms","Survey seams, vertical datum and flight date must be checked before merging","{""bbox_lon_lat"":[-83.066,42.311,-83.026,42.351],""catalogue_total"":4,""returned_products"":4,""sample_project_titles"":[""USGS one meter x32y469 MI WayneCo 2017"",""USGS one meter x32y470 MI WayneCo 2017"",""USGS one meter x33y469 MI WayneCo 2017""]}"
"Detroit","US","14","Detroit-Warren-Dearborn, MI Metro Area","lidar","USGS 3DEP / The National Map","Lidar Point Cloud (LPC)","verified intersecting product inventory; coverage not raster-validated","Central-city bbox [-83.066, 42.311, -83.026, 42.351]; about 4 km square; intersects product bounding boxes, not verified full metro or tile data coverage","unverified exact flights; project labels: USGS Lidar Point Cloud MI_WayneCounty_2017_A17 482300 | USGS Lidar Point Cloud MI_WayneCounty_2017_A17 482302 | USGS Lidar Point Cloud MI_WayneCounty_2017_A17 482305","2018-07-14 | 2018-07-14 | 2018-07-14","Publication is NOT acquisition. Project year/B-year in title is a label, not a verified flight date. Inventory capped at 100 records per query.","Lidar points; QL / spacing unverified per project","Elevation / point classifications; exact LAZ fields unverified","unverified","unverified","unverified","GREEN","USGS public domain (standard 3DEP products; inspect individual third-party notices)","verified general USGS policy; standard collection metadata public-domain; product-specific third-party notices not all inspected","https://www.usgs.gov/information-policies-and-instructions/copyrights-and-credits","https://tnmaccess.nationalmap.gov/api/v1/products?datasets=Lidar+Point+Cloud+%28LPC%29&bbox=-83.066%2C42.311%2C-83.026%2C42.351&max=100&outputFormat=JSON","2026-10-07","verified live TNM inventory query; no point cloud or raster downloaded","Public product catalogue and download URLs","Confirm exact release, extent, field missingness and commercial redistribution terms","Survey seams, vertical datum and flight date must be checked before merging","{""bbox_lon_lat"":[-83.066,42.311,-83.026,42.351],""catalogue_total"":49,""returned_products"":49,""sample_project_titles"":[""USGS Lidar Point Cloud MI_WayneCounty_2017_A17 482300"",""USGS Lidar Point Cloud MI_WayneCounty_2017_A17 482302"",""USGS Lidar Point Cloud MI_WayneCounty_2017_A17 482305""]}"
"Seattle","US","15","Seattle-Tacoma-Bellevue, WA Metro Area","terrain_1m","USGS 3DEP / The National Map","1 m bare-earth DEM","verified intersecting product inventory; coverage not raster-validated","Central-city bbox [-122.352, 47.586, -122.312, 47.626]; about 4 km square; intersects product bounding boxes, not verified full metro or tile data coverage","unverified exact flights; project labels: USGS 1 Meter 10 x54y528 WA_KingCounty_2021_B21 | USGS 1 Meter 10 x55y528 WA_KingCounty_2021_B21","2023-03-03 | 2023-03-03","Publication is NOT acquisition. Project year/B-year in title is a label, not a verified flight date. Inventory capped at 100 records per query.","1 m grid; bare-earth DTM","Elevation / point classifications; exact LAZ fields unverified","unverified","unverified","unverified","GREEN","USGS public domain (standard 3DEP products; inspect individual third-party notices)","verified general USGS policy; standard collection metadata public-domain; product-specific third-party notices not all inspected","https://www.usgs.gov/information-policies-and-instructions/copyrights-and-credits","https://tnmaccess.nationalmap.gov/api/v1/products?datasets=Digital+Elevation+Model+%28DEM%29+1+meter&bbox=-122.352%2C47.586%2C-122.312%2C47.626&max=100&outputFormat=JSON","2026-10-07","verified live TNM inventory query; no point cloud or raster downloaded","Public product catalogue and download URLs","Confirm exact release, extent, field missingness and commercial redistribution terms","Survey seams, vertical datum and flight date must be checked before merging","{""bbox_lon_lat"":[-122.352,47.586,-122.312,47.626],""catalogue_total"":2,""returned_products"":2,""sample_project_titles"":[""USGS 1 Meter 10 x54y528 WA_KingCounty_2021_B21"",""USGS 1 Meter 10 x55y528 WA_KingCounty_2021_B21""]}"
"Seattle","US","15","Seattle-Tacoma-Bellevue, WA Metro Area","lidar","USGS 3DEP / The National Map","Lidar Point Cloud (LPC)","verified intersecting product inventory; coverage not raster-validated","Central-city bbox [-122.352, 47.586, -122.312, 47.626]; about 4 km square; intersects product bounding boxes, not verified full metro or tile data coverage","unverified exact flights; project labels: USGS Lidar Point Cloud WA_KingCounty_2021_B21 King_2209 | USGS Lidar Point Cloud WA_KingCounty_2021_B21 King_2210 | USGS Lidar Point Cloud WA_KingCounty_2021_B21 King_2211","2021-11-18 | 2021-11-18 | 2021-11-18","Publication is NOT acquisition. Project year/B-year in title is a label, not a verified flight date. Inventory capped at 100 records per query.","Lidar points; QL / spacing unverified per project","Elevation / point classifications; exact LAZ fields unverified","unverified","unverified","unverified","GREEN","USGS public domain (standard 3DEP products; inspect individual third-party notices)","verified general USGS policy; standard collection metadata public-domain; product-specific third-party notices not all inspected","https://www.usgs.gov/information-policies-and-instructions/copyrights-and-credits","https://tnmaccess.nationalmap.gov/api/v1/products?datasets=Lidar+Point+Cloud+%28LPC%29&bbox=-122.352%2C47.586%2C-122.312%2C47.626&max=100&outputFormat=JSON","2026-10-07","verified live TNM inventory query; no point cloud or raster downloaded","Public product catalogue and download URLs","Confirm exact release, extent, field missingness and commercial redistribution terms","Survey seams, vertical datum and flight date must be checked before merging","{""bbox_lon_lat"":[-122.352,47.586,-122.312,47.626],""catalogue_total"":12,""returned_products"":12,""sample_project_titles"":[""USGS Lidar Point Cloud WA_KingCounty_2021_B21 King_2209"",""USGS Lidar Point Cloud WA_KingCounty_2021_B21 King_2210"",""USGS Lidar Point Cloud WA_KingCounty_2021_B21 King_2211""]}"
"Minneapolis-St Paul","US","16","Minneapolis-St. Paul-Bloomington, MN-WI Metro Area","terrain_1m","USGS 3DEP / The National Map","1 m bare-earth DEM","verified intersecting product inventory; coverage not raster-validated","Central-city bbox [-93.285, 44.958, -93.245, 44.998]; about 4 km square; intersects product bounding boxes, not verified full metro or tile data coverage","unverified exact flights; project labels: USGS 1 Meter 15 x47y498 MN_CentralMissRiver_B22 | USGS 1 Meter 15 x47y499 MN_CentralMissRiver_B22 | USGS 1 Meter 15 x48y498 MN_CentralMissRiver_B22","2024-07-25 | 2024-07-25 | 2024-07-25","Publication is NOT acquisition. Project year/B-year in title is a label, not a verified flight date. Inventory capped at 100 records per query.","1 m grid; bare-earth DTM","Elevation / point classifications; exact LAZ fields unverified","unverified","unverified","unverified","GREEN","USGS public domain (standard 3DEP products; inspect individual third-party notices)","verified general USGS policy; standard collection metadata public-domain; product-specific third-party notices not all inspected","https://www.usgs.gov/information-policies-and-instructions/copyrights-and-credits","https://tnmaccess.nationalmap.gov/api/v1/products?datasets=Digital+Elevation+Model+%28DEM%29+1+meter&bbox=-93.285%2C44.958%2C-93.245%2C44.998&max=100&outputFormat=JSON","2026-10-07","verified live TNM inventory query; no point cloud or raster downloaded","Public product catalogue and download URLs","Confirm exact release, extent, field missingness and commercial redistribution terms","Survey seams, vertical datum and flight date must be checked before merging","{""bbox_lon_lat"":[-93.285,44.958,-93.245,44.998],""catalogue_total"":4,""returned_products"":4,""sample_project_titles"":[""USGS 1 Meter 15 x47y498 MN_CentralMissRiver_B22"",""USGS 1 Meter 15 x47y499 MN_CentralMissRiver_B22"",""USGS 1 Meter 15 x48y498 MN_CentralMissRiver_B22""]}"
"Minneapolis-St Paul","US","16","Minneapolis-St. Paul-Bloomington, MN-WI Metro Area","lidar","USGS 3DEP / The National Map","Lidar Point Cloud (LPC)","verified intersecting product inventory; coverage not raster-validated","Central-city bbox [-93.285, 44.958, -93.245, 44.998]; about 4 km square; intersects product bounding boxes, not verified full metro or tile data coverage","unverified exact flights; project labels: USGS Lidar Point Cloud MN_CentralMissRiver_B22 4770_49780 | USGS Lidar Point Cloud MN_CentralMissRiver_B22 4775_49780 | USGS Lidar Point Cloud MN_CentralMissRiver_B22 4775_49785","2023-09-14 | 2023-09-14 | 2023-09-14","Publication is NOT acquisition. Project year/B-year in title is a label, not a verified flight date. Inventory capped at 100 records per query.","Lidar points; QL / spacing unverified per project","Elevation / point classifications; exact LAZ fields unverified","unverified","unverified","unverified","GREEN","USGS public domain (standard 3DEP products; inspect individual third-party notices)","verified general USGS policy; standard collection metadata public-domain; product-specific third-party notices not all inspected","https://www.usgs.gov/information-policies-and-instructions/copyrights-and-credits","https://tnmaccess.nationalmap.gov/api/v1/products?datasets=Lidar+Point+Cloud+%28LPC%29&bbox=-93.285%2C44.958%2C-93.245%2C44.998&max=100&outputFormat=JSON","2026-10-07","verified live TNM inventory query; no point cloud or raster downloaded","Public product catalogue and download URLs","Confirm exact release, extent, field missingness and commercial redistribution terms","Survey seams, vertical datum and flight date must be checked before merging","{""bbox_lon_lat"":[-93.285,44.958,-93.245,44.998],""catalogue_total"":107,""returned_products"":100,""sample_project_titles"":[""USGS Lidar Point Cloud MN_CentralMissRiver_B22 4770_49780"",""USGS Lidar Point Cloud MN_CentralMissRiver_B22 4775_49780"",""USGS Lidar Point Cloud MN_CentralMissRiver_B22 4775_49785""]}"
"Tampa","US","17","Tampa-St. Petersburg-Clearwater, FL Metro Area","terrain_1m","USGS 3DEP / The National Map","1 m bare-earth DEM","No products returned for this sample; not a city-wide absence finding","Central-city bbox [-82.478, 27.931, -82.438, 27.971]; about 4 km square; intersects product bounding boxes, not verified full metro or tile data coverage","unverified exact flights; project labels: ","","Publication is NOT acquisition. Project year/B-year in title is a label, not a verified flight date. Inventory capped at 100 records per query.","1 m grid; bare-earth DTM","Elevation / point classifications; exact LAZ fields unverified","unverified","unverified","unverified","GREEN","USGS public domain (standard 3DEP products; inspect individual third-party notices)","verified general USGS policy; standard collection metadata public-domain; product-specific third-party notices not all inspected","https://www.usgs.gov/information-policies-and-instructions/copyrights-and-credits","https://tnmaccess.nationalmap.gov/api/v1/products?datasets=Digital+Elevation+Model+%28DEM%29+1+meter&bbox=-82.478%2C27.931%2C-82.438%2C27.971&max=100&outputFormat=JSON","2026-10-07","verified live TNM inventory query; no point cloud or raster downloaded","Public product catalogue and download URLs","Confirm exact release, extent, field missingness and commercial redistribution terms","Central Tampa sample returned no 1 m DEM; inspect SWFWMD/local OPR and project extents","{""bbox_lon_lat"":[-82.478,27.931,-82.438,27.971],""catalogue_total"":0,""returned_products"":0,""sample_project_titles"":[]}"
"Tampa","US","17","Tampa-St. Petersburg-Clearwater, FL Metro Area","lidar","USGS 3DEP / The National Map","Lidar Point Cloud (LPC)","verified intersecting product inventory; coverage not raster-validated","Central-city bbox [-82.478, 27.931, -82.438, 27.971]; about 4 km square; intersects product bounding boxes, not verified full metro or tile data coverage","unverified exact flights; project labels: USGS Lidar Point Cloud FL_HILLSBOROUGHCO_2007 000156 | USGS Lidar Point Cloud FL_HILLSBOROUGHCO_2007 000157 | USGS Lidar Point Cloud FL_HILLSBOROUGHCO_2007 000158","2014-09-29 | 2014-09-29 | 2014-09-29","Publication is NOT acquisition. Project year/B-year in title is a label, not a verified flight date. Inventory capped at 100 records per query.","Lidar points; QL / spacing unverified per project","Elevation / point classifications; exact LAZ fields unverified","unverified","unverified","unverified","GREEN","USGS public domain (standard 3DEP products; inspect individual third-party notices)","verified general USGS policy; standard collection metadata public-domain; product-specific third-party notices not all inspected","https://www.usgs.gov/information-policies-and-instructions/copyrights-and-credits","https://tnmaccess.nationalmap.gov/api/v1/products?datasets=Lidar+Point+Cloud+%28LPC%29&bbox=-82.478%2C27.931%2C-82.438%2C27.971&max=100&outputFormat=JSON","2026-10-07","verified live TNM inventory query; no point cloud or raster downloaded","Public product catalogue and download URLs","Confirm exact release, extent, field missingness and commercial redistribution terms","Survey seams, vertical datum and flight date must be checked before merging","{""bbox_lon_lat"":[-82.478,27.931,-82.438,27.971],""catalogue_total"":12,""returned_products"":12,""sample_project_titles"":[""USGS Lidar Point Cloud FL_HILLSBOROUGHCO_2007 000156"",""USGS Lidar Point Cloud FL_HILLSBOROUGHCO_2007 000157"",""USGS Lidar Point Cloud FL_HILLSBOROUGHCO_2007 000158""]}"
"San Diego","US","18","San Diego-Chula Vista-Carlsbad, CA Metro Area","terrain_1m","USGS 3DEP / The National Map","1 m bare-earth DEM","verified intersecting product inventory; coverage not raster-validated","Central-city bbox [-117.181, 32.696, -117.141, 32.736]; about 4 km square; intersects product bounding boxes, not verified full metro or tile data coverage","unverified exact flights; project labels: USGS 1 Meter 11 x48y362 CA_SanDiegoCo_D24 | USGS 1 Meter 11 x48y363 CA_SanDiegoCo_D24 | USGS 1 Meter 11 x48y362 San_Diego_CA_2014_LiDAR","2026-09-15 | 2026-09-15 | 2024-04-26","Publication is NOT acquisition. Project year/B-year in title is a label, not a verified flight date. Inventory capped at 100 records per query.","1 m grid; bare-earth DTM","Elevation / point classifications; exact LAZ fields unverified","unverified","unverified","unverified","GREEN","USGS public domain (standard 3DEP products; inspect individual third-party notices)","verified general USGS policy; standard collection metadata public-domain; product-specific third-party notices not all inspected","https://www.usgs.gov/information-policies-and-instructions/copyrights-and-credits","https://tnmaccess.nationalmap.gov/api/v1/products?datasets=Digital+Elevation+Model+%28DEM%29+1+meter&bbox=-117.181%2C32.696%2C-117.141%2C32.736&max=100&outputFormat=JSON","2026-10-07","verified live TNM inventory query; no point cloud or raster downloaded","Public product catalogue and download URLs","Confirm exact release, extent, field missingness and commercial redistribution terms","Survey seams, vertical datum and flight date must be checked before merging","{""bbox_lon_lat"":[-117.181,32.696,-117.141,32.736],""catalogue_total"":5,""returned_products"":5,""sample_project_titles"":[""USGS 1 Meter 11 x48y362 CA_SanDiegoCo_D24"",""USGS 1 Meter 11 x48y363 CA_SanDiegoCo_D24"",""USGS 1 Meter 11 x48y362 San_Diego_CA_2014_LiDAR""]}"
"San Diego","US","18","San Diego-Chula Vista-Carlsbad, CA Metro Area","lidar","USGS 3DEP / The National Map","Lidar Point Cloud (LPC)","verified intersecting product inventory; coverage not raster-validated","Central-city bbox [-117.181, 32.696, -117.141, 32.736]; about 4 km square; intersects product bounding boxes, not verified full metro or tile data coverage","unverified exact flights; project labels: USGS Lidar Point Cloud CA_SanDiegoCo_D24 11SMS483617 | USGS Lidar Point Cloud CA_SanDiegoCo_D24 11SMS483618 | USGS Lidar Point Cloud CA_SanDiegoCo_D24 11SMS483619","2026-09-10 | 2026-09-10 | 2026-09-10","Publication is NOT acquisition. Project year/B-year in title is a label, not a verified flight date. Inventory capped at 100 records per query.","Lidar points; QL / spacing unverified per project","Elevation / point classifications; exact LAZ fields unverified","unverified","unverified","unverified","GREEN","USGS public domain (standard 3DEP products; inspect individual third-party notices)","verified general USGS policy; standard collection metadata public-domain; product-specific third-party notices not all inspected","https://www.usgs.gov/information-policies-and-instructions/copyrights-and-credits","https://tnmaccess.nationalmap.gov/api/v1/products?datasets=Lidar+Point+Cloud+%28LPC%29&bbox=-117.181%2C32.696%2C-117.141%2C32.736&max=100&outputFormat=JSON","2026-10-07","verified live TNM inventory query; no point cloud or raster downloaded","Public product catalogue and download URLs","Confirm exact release, extent, field missingness and commercial redistribution terms","Survey seams, vertical datum and flight date must be checked before merging","{""bbox_lon_lat"":[-117.181,32.696,-117.141,32.736],""catalogue_total"":88,""returned_products"":87,""sample_project_titles"":[""USGS Lidar Point Cloud CA_SanDiegoCo_D24 11SMS483617"",""USGS Lidar Point Cloud CA_SanDiegoCo_D24 11SMS483618"",""USGS Lidar Point Cloud CA_SanDiegoCo_D24 11SMS483619""]}"
"Denver","US","19","Denver-Aurora-Centennial, CO Metro Area","terrain_1m","USGS 3DEP / The National Map","1 m bare-earth DEM","verified intersecting product inventory; coverage not raster-validated","Central-city bbox [-105.01, 39.719, -104.97, 39.759]; about 4 km square; intersects product bounding boxes, not verified full metro or tile data coverage","unverified exact flights; project labels: USGS 1 Meter 13 x49y440 CO_DRCOG_2020_B20 | USGS 1 Meter 13 x49y441 CO_DRCOG_2020_B20 | USGS 1 Meter 13 x50y440 CO_DRCOG_2020_B20","2022-02-10 | 2022-02-10 | 2022-02-10","Publication is NOT acquisition. Project year/B-year in title is a label, not a verified flight date. Inventory capped at 100 records per query.","1 m grid; bare-earth DTM","Elevation / point classifications; exact LAZ fields unverified","unverified","unverified","unverified","GREEN","USGS public domain (standard 3DEP products; inspect individual third-party notices)","verified general USGS policy; standard collection metadata public-domain; product-specific third-party notices not all inspected","https://www.usgs.gov/information-policies-and-instructions/copyrights-and-credits","https://tnmaccess.nationalmap.gov/api/v1/products?datasets=Digital+Elevation+Model+%28DEM%29+1+meter&bbox=-105.01%2C39.719%2C-104.97%2C39.759&max=100&outputFormat=JSON","2026-10-07","verified live TNM inventory query; no point cloud or raster downloaded","Public product catalogue and download URLs","Confirm exact release, extent, field missingness and commercial redistribution terms","Survey seams, vertical datum and flight date must be checked before merging","{""bbox_lon_lat"":[-105.01,39.719,-104.97,39.759],""catalogue_total"":8,""returned_products"":8,""sample_project_titles"":[""USGS 1 Meter 13 x49y440 CO_DRCOG_2020_B20"",""USGS 1 Meter 13 x49y441 CO_DRCOG_2020_B20"",""USGS 1 Meter 13 x50y440 CO_DRCOG_2020_B20""]}"
"Denver","US","19","Denver-Aurora-Centennial, CO Metro Area","lidar","USGS 3DEP / The National Map","Lidar Point Cloud (LPC)","verified intersecting product inventory; coverage not raster-validated","Central-city bbox [-105.01, 39.719, -104.97, 39.759]; about 4 km square; intersects product bounding boxes, not verified full metro or tile data coverage","unverified exact flights; project labels: USGS Lidar Point Cloud CO_DENVERDNC_2008 000776 | USGS Lidar Point Cloud CO_DENVERDNC_2008 000887 | USGS Lidar Point Cloud CO_DRCOG_2020_B20 w0498n4396","2023-04-13 | 2023-04-13 | 2021-12-23","Publication is NOT acquisition. Project year/B-year in title is a label, not a verified flight date. Inventory capped at 100 records per query.","Lidar points; QL / spacing unverified per project","Elevation / point classifications; exact LAZ fields unverified","unverified","unverified","unverified","GREEN","USGS public domain (standard 3DEP products; inspect individual third-party notices)","verified general USGS policy; standard collection metadata public-domain; product-specific third-party notices not all inspected","https://www.usgs.gov/information-policies-and-instructions/copyrights-and-credits","https://tnmaccess.nationalmap.gov/api/v1/products?datasets=Lidar+Point+Cloud+%28LPC%29&bbox=-105.01%2C39.719%2C-104.97%2C39.759&max=100&outputFormat=JSON","2026-10-07","verified live TNM inventory query; no point cloud or raster downloaded","Public product catalogue and download URLs","Confirm exact release, extent, field missingness and commercial redistribution terms","Survey seams, vertical datum and flight date must be checked before merging","{""bbox_lon_lat"":[-105.01,39.719,-104.97,39.759],""catalogue_total"":48,""returned_products"":48,""sample_project_titles"":[""USGS Lidar Point Cloud CO_DENVERDNC_2008 000776"",""USGS Lidar Point Cloud CO_DENVERDNC_2008 000887"",""USGS Lidar Point Cloud CO_DRCOG_2020_B20 w0498n4396""]}"
"Orlando","US","20","Orlando-Kissimmee-Sanford, FL Metro Area","terrain_1m","USGS 3DEP / The National Map","1 m bare-earth DEM","verified intersecting product inventory; coverage not raster-validated","Central-city bbox [-81.399, 28.518, -81.359, 28.558]; about 4 km square; intersects product bounding boxes, not verified full metro or tile data coverage","unverified exact flights; project labels: USGS 1 Meter 17 x46y316 FL_Peninsular_FDEM_2018_D19_DRRA","2023-02-10","Publication is NOT acquisition. Project year/B-year in title is a label, not a verified flight date. Inventory capped at 100 records per query.","1 m grid; bare-earth DTM","Elevation / point classifications; exact LAZ fields unverified","unverified","unverified","unverified","GREEN","USGS public domain (standard 3DEP products; inspect individual third-party notices)","verified general USGS policy; standard collection metadata public-domain; product-specific third-party notices not all inspected","https://www.usgs.gov/information-policies-and-instructions/copyrights-and-credits","https://tnmaccess.nationalmap.gov/api/v1/products?datasets=Digital+Elevation+Model+%28DEM%29+1+meter&bbox=-81.399%2C28.518%2C-81.359%2C28.558&max=100&outputFormat=JSON","2026-10-07","verified live TNM inventory query; no point cloud or raster downloaded","Public product catalogue and download URLs","Confirm exact release, extent, field missingness and commercial redistribution terms","Survey seams, vertical datum and flight date must be checked before merging","{""bbox_lon_lat"":[-81.399,28.518,-81.359,28.558],""catalogue_total"":1,""returned_products"":1,""sample_project_titles"":[""USGS 1 Meter 17 x46y316 FL_Peninsular_FDEM_2018_D19_DRRA""]}"
"Orlando","US","20","Orlando-Kissimmee-Sanford, FL Metro Area","lidar","USGS 3DEP / The National Map","Lidar Point Cloud (LPC)","verified intersecting product inventory; coverage not raster-validated","Central-city bbox [-81.399, 28.518, -81.359, 28.558]; about 4 km square; intersects product bounding boxes, not verified full metro or tile data coverage","unverified exact flights; project labels: USGS Lidar Point Cloud FL_Peninsular_FDEM_2018_D19_DRRA LID2019_257772_E | USGS Lidar Point Cloud FL_Peninsular_FDEM_2018_D19_DRRA LID2019_257773_E | USGS Lidar Point Cloud FL_Peninsular_FDEM_2018_D19_DRRA LID2019_257774_E","2021-04-20 | 2021-04-20 | 2021-04-20","Publication is NOT acquisition. Project year/B-year in title is a label, not a verified flight date. Inventory capped at 100 records per query.","Lidar points; QL / spacing unverified per project","Elevation / point classifications; exact LAZ fields unverified","unverified","unverified","unverified","GREEN","USGS public domain (standard 3DEP products; inspect individual third-party notices)","verified general USGS policy; standard collection metadata public-domain; product-specific third-party notices not all inspected","https://www.usgs.gov/information-policies-and-instructions/copyrights-and-credits","https://tnmaccess.nationalmap.gov/api/v1/products?datasets=Lidar+Point+Cloud+%28LPC%29&bbox=-81.399%2C28.518%2C-81.359%2C28.558&max=100&outputFormat=JSON","2026-10-07","verified live TNM inventory query; no point cloud or raster downloaded","Public product catalogue and download URLs","Confirm exact release, extent, field missingness and commercial redistribution terms","Survey seams, vertical datum and flight date must be checked before merging","{""bbox_lon_lat"":[-81.399,28.518,-81.359,28.558],""catalogue_total"":16,""returned_products"":16,""sample_project_titles"":[""USGS Lidar Point Cloud FL_Peninsular_FDEM_2018_D19_DRRA LID2019_257772_E"",""USGS Lidar Point Cloud FL_Peninsular_FDEM_2018_D19_DRRA LID2019_257773_E"",""USGS Lidar Point Cloud FL_Peninsular_FDEM_2018_D19_DRRA LID2019_257774_E""]}"
"Charlotte","US","21","Charlotte-Concord-Gastonia, NC-SC Metro Area","terrain_1m","USGS 3DEP / The National Map","1 m bare-earth DEM","verified intersecting product inventory; coverage not raster-validated","Central-city bbox [-80.863, 35.207, -80.823, 35.247]; about 4 km square; intersects product bounding boxes, not verified full metro or tile data coverage","unverified exact flights; project labels: USGS 1 Meter 17 x51y390 NC_Phase_4_CentralWestNC_GEIGER_A16 | USGS 1 Meter 17 x51y391 NC_Phase_4_CentralWestNC_GEIGER_A16","2024-06-10 | 2024-06-10","Publication is NOT acquisition. Project year/B-year in title is a label, not a verified flight date. Inventory capped at 100 records per query.","1 m grid; bare-earth DTM","Elevation / point classifications; exact LAZ fields unverified","unverified","unverified","unverified","GREEN","USGS public domain (standard 3DEP products; inspect individual third-party notices)","verified general USGS policy; standard collection metadata public-domain; product-specific third-party notices not all inspected","https://www.usgs.gov/information-policies-and-instructions/copyrights-and-credits","https://tnmaccess.nationalmap.gov/api/v1/products?datasets=Digital+Elevation+Model+%28DEM%29+1+meter&bbox=-80.863%2C35.207%2C-80.823%2C35.247&max=100&outputFormat=JSON","2026-10-07","verified live TNM inventory query; no point cloud or raster downloaded","Public product catalogue and download URLs","Confirm exact release, extent, field missingness and commercial redistribution terms","Survey seams, vertical datum and flight date must be checked before merging","{""bbox_lon_lat"":[-80.863,35.207,-80.823,35.247],""catalogue_total"":2,""returned_products"":2,""sample_project_titles"":[""USGS 1 Meter 17 x51y390 NC_Phase_4_CentralWestNC_GEIGER_A16"",""USGS 1 Meter 17 x51y391 NC_Phase_4_CentralWestNC_GEIGER_A16""]}"
"Charlotte","US","21","Charlotte-Concord-Gastonia, NC-SC Metro Area","lidar","USGS 3DEP / The National Map","Lidar Point Cloud (LPC)","verified intersecting product inventory; coverage not raster-validated","Central-city bbox [-80.863, 35.207, -80.823, 35.247]; about 4 km square; intersects product bounding boxes, not verified full metro or tile data coverage","unverified exact flights; project labels: USGS Lidar Point Cloud NC_Phase_4_CentralWestNC_GEIGER_A16 LA_37_10454306_ | USGS Lidar Point Cloud NC_Phase_4_CentralWestNC_GEIGER_A16 LA_37_10454307_ | USGS Lidar Point Cloud NC_Phase_4_CentralWestNC_GEIGER_A16 LA_37_10454308_","2019-07-14 | 2019-07-14 | 2019-07-14","Publication is NOT acquisition. Project year/B-year in title is a label, not a verified flight date. Inventory capped at 100 records per query.","Lidar points; QL / spacing unverified per project","Elevation / point classifications; exact LAZ fields unverified","unverified","unverified","unverified","GREEN","USGS public domain (standard 3DEP products; inspect individual third-party notices)","verified general USGS policy; standard collection metadata public-domain; product-specific third-party notices not all inspected","https://www.usgs.gov/information-policies-and-instructions/copyrights-and-credits","https://tnmaccess.nationalmap.gov/api/v1/products?datasets=Lidar+Point+Cloud+%28LPC%29&bbox=-80.863%2C35.207%2C-80.823%2C35.247&max=100&outputFormat=JSON","2026-10-07","verified live TNM inventory query; no point cloud or raster downloaded","Public product catalogue and download URLs","Confirm exact release, extent, field missingness and commercial redistribution terms","Survey seams, vertical datum and flight date must be checked before merging","{""bbox_lon_lat"":[-80.863,35.207,-80.823,35.247],""catalogue_total"":53,""returned_products"":53,""sample_project_titles"":[""USGS Lidar Point Cloud NC_Phase_4_CentralWestNC_GEIGER_A16 LA_37_10454306_"",""USGS Lidar Point Cloud NC_Phase_4_CentralWestNC_GEIGER_A16 LA_37_10454307_"",""USGS Lidar Point Cloud NC_Phase_4_CentralWestNC_GEIGER_A16 LA_37_10454308_""]}"
"Baltimore","US","22","Baltimore-Columbia-Towson, MD Metro Area","terrain_1m","USGS 3DEP / The National Map","1 m bare-earth DEM","verified intersecting product inventory; coverage not raster-validated","Central-city bbox [-76.632, 39.27, -76.592, 39.31]; about 4 km square; intersects product bounding boxes, not verified full metro or tile data coverage","unverified exact flights; project labels: USGS 1 Meter 18 x35y435 MD_4County_D24 | USGS 1 Meter 18 x35y436 MD_4County_D24 | USGS 1 Meter 18 x36y435 MD_4County_D24","2026-05-11 | 2026-05-11 | 2026-05-11","Publication is NOT acquisition. Project year/B-year in title is a label, not a verified flight date. Inventory capped at 100 records per query.","1 m grid; bare-earth DTM","Elevation / point classifications; exact LAZ fields unverified","unverified","unverified","unverified","GREEN","USGS public domain (standard 3DEP products; inspect individual third-party notices)","verified general USGS policy; standard collection metadata public-domain; product-specific third-party notices not all inspected","https://www.usgs.gov/information-policies-and-instructions/copyrights-and-credits","https://tnmaccess.nationalmap.gov/api/v1/products?datasets=Digital+Elevation+Model+%28DEM%29+1+meter&bbox=-76.632%2C39.27%2C-76.592%2C39.31&max=100&outputFormat=JSON","2026-10-07","verified live TNM inventory query; no point cloud or raster downloaded","Public product catalogue and download URLs","Confirm exact release, extent, field missingness and commercial redistribution terms","Survey seams, vertical datum and flight date must be checked before merging","{""bbox_lon_lat"":[-76.632,39.27,-76.592,39.31],""catalogue_total"":12,""returned_products"":12,""sample_project_titles"":[""USGS 1 Meter 18 x35y435 MD_4County_D24"",""USGS 1 Meter 18 x35y436 MD_4County_D24"",""USGS 1 Meter 18 x36y435 MD_4County_D24""]}"
"Baltimore","US","22","Baltimore-Columbia-Towson, MD Metro Area","lidar","USGS 3DEP / The National Map","Lidar Point Cloud (LPC)","verified intersecting product inventory; coverage not raster-validated","Central-city bbox [-76.632, 39.27, -76.592, 39.31]; about 4 km square; intersects product bounding boxes, not verified full metro or tile data coverage","unverified exact flights; project labels: USGS Lidar Point Cloud MD_4County_D24 18suj590470 | USGS Lidar Point Cloud MD_4County_D24 18suj590480 | USGS Lidar Point Cloud MD_4County_D24 18suj590490","2026-04-23 | 2026-04-23 | 2026-04-23","Publication is NOT acquisition. Project year/B-year in title is a label, not a verified flight date. Inventory capped at 100 records per query.","Lidar points; QL / spacing unverified per project","Elevation / point classifications; exact LAZ fields unverified","unverified","unverified","unverified","GREEN","USGS public domain (standard 3DEP products; inspect individual third-party notices)","verified general USGS policy; standard collection metadata public-domain; product-specific third-party notices not all inspected","https://www.usgs.gov/information-policies-and-instructions/copyrights-and-credits","https://tnmaccess.nationalmap.gov/api/v1/products?datasets=Lidar+Point+Cloud+%28LPC%29&bbox=-76.632%2C39.27%2C-76.592%2C39.31&max=100&outputFormat=JSON","2026-10-07","verified live TNM inventory query; no point cloud or raster downloaded","Public product catalogue and download URLs","Confirm exact release, extent, field missingness and commercial redistribution terms","Survey seams, vertical datum and flight date must be checked before merging","{""bbox_lon_lat"":[-76.632,39.27,-76.592,39.31],""catalogue_total"":45,""returned_products"":45,""sample_project_titles"":[""USGS Lidar Point Cloud MD_4County_D24 18suj590470"",""USGS Lidar Point Cloud MD_4County_D24 18suj590480"",""USGS Lidar Point Cloud MD_4County_D24 18suj590490""]}"
"St Louis","US","23","St. Louis, MO-IL Metro Area","terrain_1m","USGS 3DEP / The National Map","1 m bare-earth DEM","verified intersecting product inventory; coverage not raster-validated","Central-city bbox [-90.219, 38.607, -90.179, 38.647]; about 4 km square; intersects product bounding boxes, not verified full metro or tile data coverage","unverified exact flights; project labels: USGS 1 Meter 15 x74y429 IL_10CountyNRCS_D23 | USGS 1 Meter 15 x74y428 IL_HicksDome_FluorsparDistrict_2019_D19 | USGS 1 Meter 15 x74y429 IL_HicksDome_FluorsparDistrict_2019_D19","2026-04-04 | 2022-03-19 | 2022-03-19","Publication is NOT acquisition. Project year/B-year in title is a label, not a verified flight date. Inventory capped at 100 records per query.","1 m grid; bare-earth DTM","Elevation / point classifications; exact LAZ fields unverified","unverified","unverified","unverified","GREEN","USGS public domain (standard 3DEP products; inspect individual third-party notices)","verified general USGS policy; standard collection metadata public-domain; product-specific third-party notices not all inspected","https://www.usgs.gov/information-policies-and-instructions/copyrights-and-credits","https://tnmaccess.nationalmap.gov/api/v1/products?datasets=Digital+Elevation+Model+%28DEM%29+1+meter&bbox=-90.219%2C38.607%2C-90.179%2C38.647&max=100&outputFormat=JSON","2026-10-07","verified live TNM inventory query; no point cloud or raster downloaded","Public product catalogue and download URLs","Confirm exact release, extent, field missingness and commercial redistribution terms","Survey seams, vertical datum and flight date must be checked before merging","{""bbox_lon_lat"":[-90.219,38.607,-90.179,38.647],""catalogue_total"":6,""returned_products"":6,""sample_project_titles"":[""USGS 1 Meter 15 x74y429 IL_10CountyNRCS_D23"",""USGS 1 Meter 15 x74y428 IL_HicksDome_FluorsparDistrict_2019_D19"",""USGS 1 Meter 15 x74y429 IL_HicksDome_FluorsparDistrict_2019_D19""]}"
"St Louis","US","23","St. Louis, MO-IL Metro Area","lidar","USGS 3DEP / The National Map","Lidar Point Cloud (LPC)","verified intersecting product inventory; coverage not raster-validated","Central-city bbox [-90.219, 38.607, -90.179, 38.647]; about 4 km square; intersects product bounding boxes, not verified full metro or tile data coverage","unverified exact flights; project labels: USGS Lidar Point Cloud IL_5_County_2014_15 22850720 | USGS Lidar Point Cloud IL_5_County_2014_15 22900720 | USGS Lidar Point Cloud MO_Saint_Louis_Lidar_2017_B17 7418_4275","2023-04-24 | 2023-04-24 | 2023-04-19","Publication is NOT acquisition. Project year/B-year in title is a label, not a verified flight date. Inventory capped at 100 records per query.","Lidar points; QL / spacing unverified per project","Elevation / point classifications; exact LAZ fields unverified","unverified","unverified","unverified","GREEN","USGS public domain (standard 3DEP products; inspect individual third-party notices)","verified general USGS policy; standard collection metadata public-domain; product-specific third-party notices not all inspected","https://www.usgs.gov/information-policies-and-instructions/copyrights-and-credits","https://tnmaccess.nationalmap.gov/api/v1/products?datasets=Lidar+Point+Cloud+%28LPC%29&bbox=-90.219%2C38.607%2C-90.179%2C38.647&max=100&outputFormat=JSON","2026-10-07","verified live TNM inventory query; no point cloud or raster downloaded","Public product catalogue and download URLs","Confirm exact release, extent, field missingness and commercial redistribution terms","Survey seams, vertical datum and flight date must be checked before merging","{""bbox_lon_lat"":[-90.219,38.607,-90.179,38.647],""catalogue_total"":33,""returned_products"":33,""sample_project_titles"":[""USGS Lidar Point Cloud IL_5_County_2014_15 22850720"",""USGS Lidar Point Cloud IL_5_County_2014_15 22900720"",""USGS Lidar Point Cloud MO_Saint_Louis_Lidar_2017_B17 7418_4275""]}"
"San Antonio","US","24","San Antonio-New Braunfels, TX Metro Area","terrain_1m","USGS 3DEP / The National Map","1 m bare-earth DEM","verified intersecting product inventory; coverage not raster-validated","Central-city bbox [-98.514, 29.404, -98.474, 29.444]; about 4 km square; intersects product bounding boxes, not verified full metro or tile data coverage","unverified exact flights; project labels: USGS one meter x54y326 TX Central B2 2017 | USGS one meter x55y326 TX Central B2 2017","2020-03-30 | 2020-03-30","Publication is NOT acquisition. Project year/B-year in title is a label, not a verified flight date. Inventory capped at 100 records per query.","1 m grid; bare-earth DTM","Elevation / point classifications; exact LAZ fields unverified","unverified","unverified","unverified","GREEN","USGS public domain (standard 3DEP products; inspect individual third-party notices)","verified general USGS policy; standard collection metadata public-domain; product-specific third-party notices not all inspected","https://www.usgs.gov/information-policies-and-instructions/copyrights-and-credits","https://tnmaccess.nationalmap.gov/api/v1/products?datasets=Digital+Elevation+Model+%28DEM%29+1+meter&bbox=-98.514%2C29.404%2C-98.474%2C29.444&max=100&outputFormat=JSON","2026-10-07","verified live TNM inventory query; no point cloud or raster downloaded","Public product catalogue and download URLs","Confirm exact release, extent, field missingness and commercial redistribution terms","Survey seams, vertical datum and flight date must be checked before merging","{""bbox_lon_lat"":[-98.514,29.404,-98.474,29.444],""catalogue_total"":2,""returned_products"":2,""sample_project_titles"":[""USGS one meter x54y326 TX Central B2 2017"",""USGS one meter x55y326 TX Central B2 2017""]}"
"San Antonio","US","24","San Antonio-New Braunfels, TX Metro Area","lidar","USGS 3DEP / The National Map","Lidar Point Cloud (LPC)","verified intersecting product inventory; coverage not raster-validated","Central-city bbox [-98.514, 29.404, -98.474, 29.444]; about 4 km square; intersects product bounding boxes, not verified full metro or tile data coverage","unverified exact flights; project labels: USGS Lidar Point Cloud TX Central B2 2017 stratmap17-50cm-2998362d4 LAS 2019 | USGS Lidar Point Cloud TX Central B2 2017 stratmap17-50cm-2998364b2 LAS 2019 | USGS Lidar Point Cloud TX Central B2 2017 stratmap17-50cm-2998364b4 LAS 2019","2019-11-12 | 2019-11-12 | 2019-11-12","Publication is NOT acquisition. Project year/B-year in title is a label, not a verified flight date. Inventory capped at 100 records per query.","Lidar points; QL / spacing unverified per project","Elevation / point classifications; exact LAZ fields unverified","unverified","unverified","unverified","GREEN","USGS public domain (standard 3DEP products; inspect individual third-party notices)","verified general USGS policy; standard collection metadata public-domain; product-specific third-party notices not all inspected","https://www.usgs.gov/information-policies-and-instructions/copyrights-and-credits","https://tnmaccess.nationalmap.gov/api/v1/products?datasets=Lidar+Point+Cloud+%28LPC%29&bbox=-98.514%2C29.404%2C-98.474%2C29.444&max=100&outputFormat=JSON","2026-10-07","verified live TNM inventory query; no point cloud or raster downloaded","Public product catalogue and download URLs","Confirm exact release, extent, field missingness and commercial redistribution terms","Survey seams, vertical datum and flight date must be checked before merging","{""bbox_lon_lat"":[-98.514,29.404,-98.474,29.444],""catalogue_total"":12,""returned_products"":12,""sample_project_titles"":[""USGS Lidar Point Cloud TX Central B2 2017 stratmap17-50cm-2998362d4 LAS 2019"",""USGS Lidar Point Cloud TX Central B2 2017 stratmap17-50cm-2998364b2 LAS 2019"",""USGS Lidar Point Cloud TX Central B2 2017 stratmap17-50cm-2998364b4 LAS 2019""]}"
"Austin","US","25","Austin-Round Rock-San Marcos, TX Metro Area","terrain_1m","USGS 3DEP / The National Map","1 m bare-earth DEM","verified intersecting product inventory; coverage not raster-validated","Central-city bbox [-97.763, 30.247, -97.723, 30.287]; about 4 km square; intersects product bounding boxes, not verified full metro or tile data coverage","unverified exact flights; project labels: USGS one meter x61y335 TX Central B1 2017 | USGS one meter x61y336 TX Central B1 2017 | USGS one meter x62y335 TX Central B1 2017","2020-03-30 | 2020-03-30 | 2020-03-30","Publication is NOT acquisition. Project year/B-year in title is a label, not a verified flight date. Inventory capped at 100 records per query.","1 m grid; bare-earth DTM","Elevation / point classifications; exact LAZ fields unverified","unverified","unverified","unverified","GREEN","USGS public domain (standard 3DEP products; inspect individual third-party notices)","verified general USGS policy; standard collection metadata public-domain; product-specific third-party notices not all inspected","https://www.usgs.gov/information-policies-and-instructions/copyrights-and-credits","https://tnmaccess.nationalmap.gov/api/v1/products?datasets=Digital+Elevation+Model+%28DEM%29+1+meter&bbox=-97.763%2C30.247%2C-97.723%2C30.287&max=100&outputFormat=JSON","2026-10-07","verified live TNM inventory query; no point cloud or raster downloaded","Public product catalogue and download URLs","Confirm exact release, extent, field missingness and commercial redistribution terms","Survey seams, vertical datum and flight date must be checked before merging","{""bbox_lon_lat"":[-97.763,30.247,-97.723,30.287],""catalogue_total"":4,""returned_products"":4,""sample_project_titles"":[""USGS one meter x61y335 TX Central B1 2017"",""USGS one meter x61y336 TX Central B1 2017"",""USGS one meter x62y335 TX Central B1 2017""]}"
"Austin","US","25","Austin-Round Rock-San Marcos, TX Metro Area","lidar","USGS 3DEP / The National Map","Lidar Point Cloud (LPC)","verified intersecting product inventory; coverage not raster-validated","Central-city bbox [-97.763, 30.247, -97.723, 30.287]; about 4 km square; intersects product bounding boxes, not verified full metro or tile data coverage","unverified exact flights; project labels: USGS Lidar Point Cloud TX Central B1 2017 stratmap17-50cm-3097424b4 LAS 2019 | USGS Lidar Point Cloud TX Central B1 2017 stratmap17-50cm-3097424d2 LAS 2019 | USGS Lidar Point Cloud TX Central B1 2017 stratmap17-50cm-3097424d4 LAS 2019","2019-11-08 | 2019-11-08 | 2019-11-08","Publication is NOT acquisition. Project year/B-year in title is a label, not a verified flight date. Inventory capped at 100 records per query.","Lidar points; QL / spacing unverified per project","Elevation / point classifications; exact LAZ fields unverified","unverified","unverified","unverified","GREEN","USGS public domain (standard 3DEP products; inspect individual third-party notices)","verified general USGS policy; standard collection metadata public-domain; product-specific third-party notices not all inspected","https://www.usgs.gov/information-policies-and-instructions/copyrights-and-credits","https://tnmaccess.nationalmap.gov/api/v1/products?datasets=Lidar+Point+Cloud+%28LPC%29&bbox=-97.763%2C30.247%2C-97.723%2C30.287&max=100&outputFormat=JSON","2026-10-07","verified live TNM inventory query; no point cloud or raster downloaded","Public product catalogue and download URLs","Confirm exact release, extent, field missingness and commercial redistribution terms","Survey seams, vertical datum and flight date must be checked before merging","{""bbox_lon_lat"":[-97.763,30.247,-97.723,30.287],""catalogue_total"":12,""returned_products"":12,""sample_project_titles"":[""USGS Lidar Point Cloud TX Central B1 2017 stratmap17-50cm-3097424b4 LAS 2019"",""USGS Lidar Point Cloud TX Central B1 2017 stratmap17-50cm-3097424d2 LAS 2019"",""USGS Lidar Point Cloud TX Central B1 2017 stratmap17-50cm-3097424d4 LAS 2019""]}"
"Portland","US","26","Portland-Vancouver-Hillsboro, OR-WA Metro Area","terrain_1m","USGS 3DEP / The National Map","1 m bare-earth DEM","verified intersecting product inventory; coverage not raster-validated","Central-city bbox [-122.696, 45.503, -122.656, 45.543]; about 4 km square; intersects product bounding boxes, not verified full metro or tile data coverage","unverified exact flights; project labels: USGS 1 Meter 10 x52y504 OR_PortlandMetro_B24 | USGS 1 Meter 10 x52y505 OR_PortlandMetro_B24 | USGS 1 Meter 10 x52y504 OR_OLCMetro_2019_A19","2026-04-02 | 2026-04-02 | 2024-01-04","Publication is NOT acquisition. Project year/B-year in title is a label, not a verified flight date. Inventory capped at 100 records per query.","1 m grid; bare-earth DTM","Elevation / point classifications; exact LAZ fields unverified","unverified","unverified","unverified","GREEN","USGS public domain (standard 3DEP products; inspect individual third-party notices)","verified general USGS policy; standard collection metadata public-domain; product-specific third-party notices not all inspected","https://www.usgs.gov/information-policies-and-instructions/copyrights-and-credits","https://tnmaccess.nationalmap.gov/api/v1/products?datasets=Digital+Elevation+Model+%28DEM%29+1+meter&bbox=-122.696%2C45.503%2C-122.656%2C45.543&max=100&outputFormat=JSON","2026-10-07","verified live TNM inventory query; no point cloud or raster downloaded","Public product catalogue and download URLs","Confirm exact release, extent, field missingness and commercial redistribution terms","Survey seams, vertical datum and flight date must be checked before merging","{""bbox_lon_lat"":[-122.696,45.503,-122.656,45.543],""catalogue_total"":4,""returned_products"":4,""sample_project_titles"":[""USGS 1 Meter 10 x52y504 OR_PortlandMetro_B24"",""USGS 1 Meter 10 x52y505 OR_PortlandMetro_B24"",""USGS 1 Meter 10 x52y504 OR_OLCMetro_2019_A19""]}"
"Portland","US","26","Portland-Vancouver-Hillsboro, OR-WA Metro Area","lidar","USGS 3DEP / The National Map","Lidar Point Cloud (LPC)","verified intersecting product inventory; coverage not raster-validated","Central-city bbox [-122.696, 45.503, -122.656, 45.543]; about 4 km square; intersects product bounding boxes, not verified full metro or tile data coverage","unverified exact flights; project labels: USGS Lidar Point Cloud OR_PortlandMetro_B24 10TER000523500005038500 | USGS Lidar Point Cloud OR_PortlandMetro_B24 10TER000523500005039250 | USGS Lidar Point Cloud OR_PortlandMetro_B24 10TER000523500005040000","2026-03-04 | 2026-03-04 | 2026-03-04","Publication is NOT acquisition. Project year/B-year in title is a label, not a verified flight date. Inventory capped at 100 records per query.","Lidar points; QL / spacing unverified per project","Elevation / point classifications; exact LAZ fields unverified","unverified","unverified","unverified","GREEN","USGS public domain (standard 3DEP products; inspect individual third-party notices)","verified general USGS policy; standard collection metadata public-domain; product-specific third-party notices not all inspected","https://www.usgs.gov/information-policies-and-instructions/copyrights-and-credits","https://tnmaccess.nationalmap.gov/api/v1/products?datasets=Lidar+Point+Cloud+%28LPC%29&bbox=-122.696%2C45.503%2C-122.656%2C45.543&max=100&outputFormat=JSON","2026-10-07","verified live TNM inventory query; no point cloud or raster downloaded","Public product catalogue and download URLs","Confirm exact release, extent, field missingness and commercial redistribution terms","Survey seams, vertical datum and flight date must be checked before merging","{""bbox_lon_lat"":[-122.696,45.503,-122.656,45.543],""catalogue_total"":61,""returned_products"":61,""sample_project_titles"":[""USGS Lidar Point Cloud OR_PortlandMetro_B24 10TER000523500005038500"",""USGS Lidar Point Cloud OR_PortlandMetro_B24 10TER000523500005039250"",""USGS Lidar Point Cloud OR_PortlandMetro_B24 10TER000523500005040000""]}"
"Sacramento","US","27","Sacramento-Roseville-Folsom, CA Metro Area","terrain_1m","USGS 3DEP / The National Map","1 m bare-earth DEM","verified intersecting product inventory; coverage not raster-validated","Central-city bbox [-121.514, 38.562, -121.474, 38.602]; about 4 km square; intersects product bounding boxes, not verified full metro or tile data coverage","unverified exact flights; project labels: USGS 1 Meter 10 x63y427 CA_FEMALevee_D23 | USGS 1 Meter 10 x63y427 CA_UpperSouthAmerican_Eldorado_2019_B19 | USGS 1 Meter 10 x63y428 CA_UpperSouthAmerican_Eldorado_2019_B19","2024-11-25 | 2022-02-07 | 2022-02-07","Publication is NOT acquisition. Project year/B-year in title is a label, not a verified flight date. Inventory capped at 100 records per query.","1 m grid; bare-earth DTM","Elevation / point classifications; exact LAZ fields unverified","unverified","unverified","unverified","GREEN","USGS public domain (standard 3DEP products; inspect individual third-party notices)","verified general USGS policy; standard collection metadata public-domain; product-specific third-party notices not all inspected","https://www.usgs.gov/information-policies-and-instructions/copyrights-and-credits","https://tnmaccess.nationalmap.gov/api/v1/products?datasets=Digital+Elevation+Model+%28DEM%29+1+meter&bbox=-121.514%2C38.562%2C-121.474%2C38.602&max=100&outputFormat=JSON","2026-10-07","verified live TNM inventory query; no point cloud or raster downloaded","Public product catalogue and download URLs","Confirm exact release, extent, field missingness and commercial redistribution terms","Survey seams, vertical datum and flight date must be checked before merging","{""bbox_lon_lat"":[-121.514,38.562,-121.474,38.602],""catalogue_total"":11,""returned_products"":11,""sample_project_titles"":[""USGS 1 Meter 10 x63y427 CA_FEMALevee_D23"",""USGS 1 Meter 10 x63y427 CA_UpperSouthAmerican_Eldorado_2019_B19"",""USGS 1 Meter 10 x63y428 CA_UpperSouthAmerican_Eldorado_2019_B19""]}"
"Sacramento","US","27","Sacramento-Roseville-Folsom, CA Metro Area","lidar","USGS 3DEP / The National Map","Lidar Point Cloud (LPC)","verified intersecting product inventory; coverage not raster-validated","Central-city bbox [-121.514, 38.562, -121.474, 38.602]; about 4 km square; intersects product bounding boxes, not verified full metro or tile data coverage","unverified exact flights; project labels: USGS Lidar Point Cloud CA_NoCAL_3DEP_Supp_Funding_2018_D18 w2172n2021 | USGS Lidar Point Cloud CA_NoCAL_3DEP_Supp_Funding_2018_D18 w2172n2022 | USGS Lidar Point Cloud CA_NoCAL_3DEP_Supp_Funding_2018_D18 w2173n2018","2020-01-07 | 2020-01-07 | 2020-01-07","Publication is NOT acquisition. Project year/B-year in title is a label, not a verified flight date. Inventory capped at 100 records per query.","Lidar points; QL / spacing unverified per project","Elevation / point classifications; exact LAZ fields unverified","unverified","unverified","unverified","GREEN","USGS public domain (standard 3DEP products; inspect individual third-party notices)","verified general USGS policy; standard collection metadata public-domain; product-specific third-party notices not all inspected","https://www.usgs.gov/information-policies-and-instructions/copyrights-and-credits","https://tnmaccess.nationalmap.gov/api/v1/products?datasets=Lidar+Point+Cloud+%28LPC%29&bbox=-121.514%2C38.562%2C-121.474%2C38.602&max=100&outputFormat=JSON","2026-10-07","verified live TNM inventory query; no point cloud or raster downloaded","Public product catalogue and download URLs","Confirm exact release, extent, field missingness and commercial redistribution terms","Survey seams, vertical datum and flight date must be checked before merging","{""bbox_lon_lat"":[-121.514,38.562,-121.474,38.602],""catalogue_total"":35,""returned_products"":35,""sample_project_titles"":[""USGS Lidar Point Cloud CA_NoCAL_3DEP_Supp_Funding_2018_D18 w2172n2021"",""USGS Lidar Point Cloud CA_NoCAL_3DEP_Supp_Funding_2018_D18 w2172n2022"",""USGS Lidar Point Cloud CA_NoCAL_3DEP_Supp_Funding_2018_D18 w2173n2018""]}"
"Pittsburgh","US","28","Pittsburgh, PA Metro Area","terrain_1m","USGS 3DEP / The National Map","1 m bare-earth DEM","verified intersecting product inventory; coverage not raster-validated","Central-city bbox [-80.016, 40.421, -79.976, 40.461]; about 4 km square; intersects product bounding boxes, not verified full metro or tile data coverage","unverified exact flights; project labels: USGS 1 Meter 17 x58y448 PA_WesternPA_2019_D20","2021-11-22","Publication is NOT acquisition. Project year/B-year in title is a label, not a verified flight date. Inventory capped at 100 records per query.","1 m grid; bare-earth DTM","Elevation / point classifications; exact LAZ fields unverified","unverified","unverified","unverified","GREEN","USGS public domain (standard 3DEP products; inspect individual third-party notices)","verified general USGS policy; standard collection metadata public-domain; product-specific third-party notices not all inspected","https://www.usgs.gov/information-policies-and-instructions/copyrights-and-credits","https://tnmaccess.nationalmap.gov/api/v1/products?datasets=Digital+Elevation+Model+%28DEM%29+1+meter&bbox=-80.016%2C40.421%2C-79.976%2C40.461&max=100&outputFormat=JSON","2026-10-07","verified live TNM inventory query; no point cloud or raster downloaded","Public product catalogue and download URLs","Confirm exact release, extent, field missingness and commercial redistribution terms","Survey seams, vertical datum and flight date must be checked before merging","{""bbox_lon_lat"":[-80.016,40.421,-79.976,40.461],""catalogue_total"":1,""returned_products"":1,""sample_project_titles"":[""USGS 1 Meter 17 x58y448 PA_WesternPA_2019_D20""]}"
"Pittsburgh","US","28","Pittsburgh, PA Metro Area","lidar","USGS 3DEP / The National Map","Lidar Point Cloud (LPC)","verified intersecting product inventory; coverage not raster-validated","Central-city bbox [-80.016, 40.421, -79.976, 40.461]; about 4 km square; intersects product bounding boxes, not verified full metro or tile data coverage","unverified exact flights; project labels: USGS Lidar Point Cloud PA_17County_D24 17TNE583474 | USGS Lidar Point Cloud PA_17County_D24 17TNE583475 | USGS Lidar Point Cloud PA_17County_D24 17TNE583476","2026-09-19 | 2026-09-19 | 2026-09-19","Publication is NOT acquisition. Project year/B-year in title is a label, not a verified flight date. Inventory capped at 100 records per query.","Lidar points; QL / spacing unverified per project","Elevation / point classifications; exact LAZ fields unverified","unverified","unverified","unverified","GREEN","USGS public domain (standard 3DEP products; inspect individual third-party notices)","verified general USGS policy; standard collection metadata public-domain; product-specific third-party notices not all inspected","https://www.usgs.gov/information-policies-and-instructions/copyrights-and-credits","https://tnmaccess.nationalmap.gov/api/v1/products?datasets=Lidar+Point+Cloud+%28LPC%29&bbox=-80.016%2C40.421%2C-79.976%2C40.461&max=100&outputFormat=JSON","2026-10-07","verified live TNM inventory query; no point cloud or raster downloaded","Public product catalogue and download URLs","Confirm exact release, extent, field missingness and commercial redistribution terms","Survey seams, vertical datum and flight date must be checked before merging","{""bbox_lon_lat"":[-80.016,40.421,-79.976,40.461],""catalogue_total"":44,""returned_products"":44,""sample_project_titles"":[""USGS Lidar Point Cloud PA_17County_D24 17TNE583474"",""USGS Lidar Point Cloud PA_17County_D24 17TNE583475"",""USGS Lidar Point Cloud PA_17County_D24 17TNE583476""]}"
"Las Vegas","US","29","Las Vegas-Henderson-North Las Vegas, NV Metro Area","terrain_1m","USGS 3DEP / The National Map","1 m bare-earth DEM","verified intersecting product inventory; coverage not raster-validated","Central-city bbox [-115.16, 36.15, -115.12, 36.19]; about 4 km square; intersects product bounding boxes, not verified full metro or tile data coverage","unverified exact flights; project labels: USGS 1 Meter 11 x66y401 NV_Las_Vegas_Region_2016_A16 | USGS 1 Meter 11 x66y401 NV_ClarkCounty_B22","2026-01-16 | 2023-10-30","Publication is NOT acquisition. Project year/B-year in title is a label, not a verified flight date. Inventory capped at 100 records per query.","1 m grid; bare-earth DTM","Elevation / point classifications; exact LAZ fields unverified","unverified","unverified","unverified","GREEN","USGS public domain (standard 3DEP products; inspect individual third-party notices)","verified general USGS policy; standard collection metadata public-domain; product-specific third-party notices not all inspected","https://www.usgs.gov/information-policies-and-instructions/copyrights-and-credits","https://tnmaccess.nationalmap.gov/api/v1/products?datasets=Digital+Elevation+Model+%28DEM%29+1+meter&bbox=-115.16%2C36.15%2C-115.12%2C36.19&max=100&outputFormat=JSON","2026-10-07","verified live TNM inventory query; no point cloud or raster downloaded","Public product catalogue and download URLs","Confirm exact release, extent, field missingness and commercial redistribution terms","Survey seams, vertical datum and flight date must be checked before merging","{""bbox_lon_lat"":[-115.16,36.15,-115.12,36.19],""catalogue_total"":2,""returned_products"":2,""sample_project_titles"":[""USGS 1 Meter 11 x66y401 NV_Las_Vegas_Region_2016_A16"",""USGS 1 Meter 11 x66y401 NV_ClarkCounty_B22""]}"
"Las Vegas","US","29","Las Vegas-Henderson-North Las Vegas, NV Metro Area","lidar","USGS 3DEP / The National Map","Lidar Point Cloud (LPC)","verified intersecting product inventory; coverage not raster-validated","Central-city bbox [-115.16, 36.15, -115.12, 36.19]; about 4 km square; intersects product bounding boxes, not verified full metro or tile data coverage","unverified exact flights; project labels: USGS Lidar Point Cloud NV_ClarkCounty_B22 778640_26752880 | USGS Lidar Point Cloud NV_ClarkCounty_B22 778640_26758160 | USGS Lidar Point Cloud NV_ClarkCounty_B22 778640_26763440","2023-06-15 | 2023-06-15 | 2023-06-15","Publication is NOT acquisition. Project year/B-year in title is a label, not a verified flight date. Inventory capped at 100 records per query.","Lidar points; QL / spacing unverified per project","Elevation / point classifications; exact LAZ fields unverified","unverified","unverified","unverified","GREEN","USGS public domain (standard 3DEP products; inspect individual third-party notices)","verified general USGS policy; standard collection metadata public-domain; product-specific third-party notices not all inspected","https://www.usgs.gov/information-policies-and-instructions/copyrights-and-credits","https://tnmaccess.nationalmap.gov/api/v1/products?datasets=Lidar+Point+Cloud+%28LPC%29&bbox=-115.16%2C36.15%2C-115.12%2C36.19&max=100&outputFormat=JSON","2026-10-07","verified live TNM inventory query; no point cloud or raster downloaded","Public product catalogue and download URLs","Confirm exact release, extent, field missingness and commercial redistribution terms","Survey seams, vertical datum and flight date must be checked before merging","{""bbox_lon_lat"":[-115.16,36.15,-115.12,36.19],""catalogue_total"":36,""returned_products"":36,""sample_project_titles"":[""USGS Lidar Point Cloud NV_ClarkCounty_B22 778640_26752880"",""USGS Lidar Point Cloud NV_ClarkCounty_B22 778640_26758160"",""USGS Lidar Point Cloud NV_ClarkCounty_B22 778640_26763440""]}"
"Cincinnati","US","30","Cincinnati, OH-KY-IN Metro Area","terrain_1m","USGS 3DEP / The National Map","1 m bare-earth DEM","verified intersecting product inventory; coverage not raster-validated","Central-city bbox [-84.532, 39.083, -84.492, 39.123]; about 4 km square; intersects product bounding boxes, not verified full metro or tile data coverage","unverified exact flights; project labels: USGS 1 Meter 16 x71y433 OH_Statewide_Phase3_2021_B21 | USGS 1 Meter 16 x71y434 OH_Statewide_Phase3_2021_B21 | USGS 1 Meter 16 x71y433 KY_WesternKY_A22","2025-09-14 | 2025-09-14 | 2023-10-31","Publication is NOT acquisition. Project year/B-year in title is a label, not a verified flight date. Inventory capped at 100 records per query.","1 m grid; bare-earth DTM","Elevation / point classifications; exact LAZ fields unverified","unverified","unverified","unverified","GREEN","USGS public domain (standard 3DEP products; inspect individual third-party notices)","verified general USGS policy; standard collection metadata public-domain; product-specific third-party notices not all inspected","https://www.usgs.gov/information-policies-and-instructions/copyrights-and-credits","https://tnmaccess.nationalmap.gov/api/v1/products?datasets=Digital+Elevation+Model+%28DEM%29+1+meter&bbox=-84.532%2C39.083%2C-84.492%2C39.123&max=100&outputFormat=JSON","2026-10-07","verified live TNM inventory query; no point cloud or raster downloaded","Public product catalogue and download URLs","Confirm exact release, extent, field missingness and commercial redistribution terms","Survey seams, vertical datum and flight date must be checked before merging","{""bbox_lon_lat"":[-84.532,39.083,-84.492,39.123],""catalogue_total"":4,""returned_products"":4,""sample_project_titles"":[""USGS 1 Meter 16 x71y433 OH_Statewide_Phase3_2021_B21"",""USGS 1 Meter 16 x71y434 OH_Statewide_Phase3_2021_B21"",""USGS 1 Meter 16 x71y433 KY_WesternKY_A22""]}"
"Cincinnati","US","30","Cincinnati, OH-KY-IN Metro Area","lidar","USGS 3DEP / The National Map","Lidar Point Cloud (LPC)","verified intersecting product inventory; coverage not raster-validated","Central-city bbox [-84.532, 39.083, -84.492, 39.123]; about 4 km square; intersects product bounding boxes, not verified full metro or tile data coverage","unverified exact flights; project labels: USGS Lidar Point Cloud OH_Statewide_Phase3_2021_B21 BS13910402 | USGS Lidar Point Cloud OH_Statewide_Phase3_2021_B21 BS13910403 | USGS Lidar Point Cloud OH_Statewide_Phase3_2021_B21 BS13910405","2025-08-15 | 2025-08-15 | 2025-08-15","Publication is NOT acquisition. Project year/B-year in title is a label, not a verified flight date. Inventory capped at 100 records per query.","Lidar points; QL / spacing unverified per project","Elevation / point classifications; exact LAZ fields unverified","unverified","unverified","unverified","GREEN","USGS public domain (standard 3DEP products; inspect individual third-party notices)","verified general USGS policy; standard collection metadata public-domain; product-specific third-party notices not all inspected","https://www.usgs.gov/information-policies-and-instructions/copyrights-and-credits","https://tnmaccess.nationalmap.gov/api/v1/products?datasets=Lidar+Point+Cloud+%28LPC%29&bbox=-84.532%2C39.083%2C-84.492%2C39.123&max=100&outputFormat=JSON","2026-10-07","verified live TNM inventory query; no point cloud or raster downloaded","Public product catalogue and download URLs","Confirm exact release, extent, field missingness and commercial redistribution terms","Survey seams, vertical datum and flight date must be checked before merging","{""bbox_lon_lat"":[-84.532,39.083,-84.492,39.123],""catalogue_total"":146,""returned_products"":100,""sample_project_titles"":[""USGS Lidar Point Cloud OH_Statewide_Phase3_2021_B21 BS13910402"",""USGS Lidar Point Cloud OH_Statewide_Phase3_2021_B21 BS13910403"",""USGS Lidar Point Cloud OH_Statewide_Phase3_2021_B21 BS13910405""]}"
"Greenville SC","US","","Greenville SC additional city; not top-30 selection","terrain_1m","USGS 3DEP / The National Map","1 m bare-earth DEM","verified intersecting product inventory; coverage not raster-validated","Central-city bbox [-82.414, 34.833, -82.374, 34.873]; about 4 km square; intersects product bounding boxes, not verified full metro or tile data coverage","unverified exact flights; project labels: USGS 1 Meter 17 x37y386 SC_SavannahPeeDee_2019_B19","2022-05-06","Publication is NOT acquisition. Project year/B-year in title is a label, not a verified flight date. Inventory capped at 100 records per query.","1 m grid; bare-earth DTM","Elevation / point classifications; exact LAZ fields unverified","unverified","unverified","unverified","GREEN","USGS public domain (standard 3DEP products; inspect individual third-party notices)","verified general USGS policy; standard collection metadata public-domain; product-specific third-party notices not all inspected","https://www.usgs.gov/information-policies-and-instructions/copyrights-and-credits","https://tnmaccess.nationalmap.gov/api/v1/products?datasets=Digital+Elevation+Model+%28DEM%29+1+meter&bbox=-82.414%2C34.833%2C-82.374%2C34.873&max=100&outputFormat=JSON","2026-10-07","verified live TNM inventory query; no point cloud or raster downloaded","Public product catalogue and download URLs","Confirm exact release, extent, field missingness and commercial redistribution terms","Survey seams, vertical datum and flight date must be checked before merging","{""bbox_lon_lat"":[-82.414,34.833,-82.374,34.873],""catalogue_total"":1,""returned_products"":1,""sample_project_titles"":[""USGS 1 Meter 17 x37y386 SC_SavannahPeeDee_2019_B19""]}"
"Greenville SC","US","","Greenville SC additional city; not top-30 selection","lidar","USGS 3DEP / The National Map","Lidar Point Cloud (LPC)","verified intersecting product inventory; coverage not raster-validated","Central-city bbox [-82.414, 34.833, -82.374, 34.873]; about 4 km square; intersects product bounding boxes, not verified full metro or tile data coverage","unverified exact flights; project labels: USGS Lidar Point Cloud SC_SavannahPeeDee_2019_B19 11507956_10 | USGS Lidar Point Cloud SC_SavannahPeeDee_2019_B19 11507958_10 | USGS Lidar Point Cloud SC_SavannahPeeDee_2019_B19 11507976_10","2021-05-18 | 2021-05-18 | 2021-05-18","Publication is NOT acquisition. Project year/B-year in title is a label, not a verified flight date. Inventory capped at 100 records per query.","Lidar points; QL / spacing unverified per project","Elevation / point classifications; exact LAZ fields unverified","unverified","unverified","unverified","GREEN","USGS public domain (standard 3DEP products; inspect individual third-party notices)","verified general USGS policy; standard collection metadata public-domain; product-specific third-party notices not all inspected","https://www.usgs.gov/information-policies-and-instructions/copyrights-and-credits","https://tnmaccess.nationalmap.gov/api/v1/products?datasets=Lidar+Point+Cloud+%28LPC%29&bbox=-82.414%2C34.833%2C-82.374%2C34.873&max=100&outputFormat=JSON","2026-10-07","verified live TNM inventory query; no point cloud or raster downloaded","Public product catalogue and download URLs","Confirm exact release, extent, field missingness and commercial redistribution terms","Survey seams, vertical datum and flight date must be checked before merging","{""bbox_lon_lat"":[-82.414,34.833,-82.374,34.873],""catalogue_total"":38,""returned_products"":38,""sample_project_titles"":[""USGS Lidar Point Cloud SC_SavannahPeeDee_2019_B19 11507956_10"",""USGS Lidar Point Cloud SC_SavannahPeeDee_2019_B19 11507958_10"",""USGS Lidar Point Cloud SC_SavannahPeeDee_2019_B19 11507976_10""]}"
"New York","US","1","New York-Newark-Jersey City, NY-NJ Metro Area","city_buildings","NYC OTI","BUILDING","candidate; spatial completeness unverified","Core city or named agency only; metro-wide coverage unverified","","weekly release; source survey varies","","","BIN; BBL; height_roof; ground elevation; construction year","numeric roof height; null/zero QA required","unverified","unverified","GREEN","NYC Open Data public-use policy","verified city policy; retain agency notices","https://cityofnewyork.github.io/opendatatsm/publicpolicies.html","https://data.cityofnewyork.us/City-Government/BUILDING/5zhs-2jue","2026-10-07","primary catalogue/service discovered; dataset values not sampled","Public catalogue/metadata; bulk access unverified","Confirm exact release, extent, field missingness and commercial redistribution terms","",""
"Los Angeles","US","2","Los Angeles-Long Beach-Anaheim, CA Metro Area","city_buildings","City of LA","Building footprints HEIGHT/ELEV","candidate; spatial completeness unverified","Core city or named agency only; metro-wide coverage unverified","","2014 source (existing official metadata review)","","","HEIGHT; ELEV; polygons; units require check","numeric height fields; completeness unmeasured","unverified","unverified","YELLOW","Unverified dataset-specific licence","unverified","https://maps.lacity.org/lahub/rest/services/Landbase_Information_WFS/MapServer/0","https://maps.lacity.org/lahub/rest/services/Landbase_Information_WFS/MapServer/0","2026-10-07","primary catalogue/service discovered; dataset values not sampled","Public catalogue/metadata; bulk access unverified","Confirm exact release, extent, field missingness and commercial redistribution terms","",""
"Chicago","US","3","Chicago-Naperville-Elgin, IL-IN Metro Area","city_buildings","City of Chicago","Building Footprints current","candidate; spatial completeness unverified","Core city or named agency only; metro-wide coverage unverified","","current catalogue; survey date unverified","","","polygons; height field unverified","unverified","unverified","unverified","YELLOW","Unverified dataset-specific licence","unverified","https://data.cityofchicago.org/Buildings/Building-Footprints-current-/hz9b-7nh8/about","https://data.cityofchicago.org/Buildings/Building-Footprints-current-/hz9b-7nh8/about","2026-10-07","primary catalogue/service discovered; dataset values not sampled","Public catalogue/metadata; bulk access unverified","Confirm exact release, extent, field missingness and commercial redistribution terms","",""
"Dallas-Fort Worth","US","4","Dallas-Fort Worth-Arlington, TX Metro Area","city_buildings","Dallas / Fort Worth","Local footprint discovery","candidate; spatial completeness unverified","Core city or named agency only; metro-wide coverage unverified","","unverified","","","unverified","unverified","unverified","unverified","YELLOW","Unverified dataset-specific licence","unverified","https://data.fortworthtexas.gov/","https://data.fortworthtexas.gov/","2026-10-07","primary catalogue/service discovered; dataset values not sampled","Public catalogue/metadata; bulk access unverified","Confirm exact release, extent, field missingness and commercial redistribution terms","",""
"Houston","US","5","Houston-Pasadena-The Woodlands, TX Metro Area","city_buildings","HCAD","GIS parcel/data download","candidate; spatial completeness unverified","Core city or named agency only; metro-wide coverage unverified","","2026 dictionary available; dataset date unverified","","","parcel geometry; building footprints/height not established","unverified","unverified","unverified","YELLOW","Unverified dataset-specific licence","unverified","https://hcad.org/pdata/pdata-gis-downloads.html","https://hcad.org/pdata/pdata-gis-downloads.html","2026-10-07","primary catalogue/service discovered; dataset values not sampled","Public catalogue/metadata; bulk access unverified","Confirm exact release, extent, field missingness and commercial redistribution terms","",""
"Atlanta","US","6","Atlanta-Sandy Springs-Roswell, GA Metro Area","city_buildings","City of Atlanta","Building Footprints layer 10","candidate; spatial completeness unverified","Core city or named agency only; metro-wide coverage unverified","","unverified survey date","","","STORIES; YEARBUILT; BASEELEV; ROOFELEV; schema only, nonnull values not measured","ROOFELEV/BASEELEV schema present; population unmeasured","unverified","unverified","YELLOW","Unverified dataset-specific licence","unverified","https://gis.atlantaga.gov/dpcd/rest/services/OpenDataService1/MapServer/10","https://gis.atlantaga.gov/dpcd/rest/services/OpenDataService1/MapServer/10","2026-10-07","primary catalogue/service discovered; dataset values not sampled","Public catalogue/metadata; bulk access unverified","Confirm exact release, extent, field missingness and commercial redistribution terms","Microsoft credit may refer to older ODbL release; current CDLA licence cannot be assumed retroactive",""
"Washington DC","US","7","Washington-Arlington-Alexandria, DC-VA-MD-WV Metro Area","city_buildings","DCGIS","Open Data building/planimetric discovery","candidate; spatial completeness unverified","Core city or named agency only; metro-wide coverage unverified","","unverified","","","building planimetrics candidate; exact item/height schema unverified","unverified","unverified","unverified","YELLOW","Unverified dataset-specific licence","unverified","https://opendata.dc.gov/","https://opendata.dc.gov/","2026-10-07","primary catalogue/service discovered; dataset values not sampled","Public catalogue/metadata; bulk access unverified","Confirm exact release, extent, field missingness and commercial redistribution terms","",""
"Miami","US","8","Miami-Fort Lauderdale-West Palm Beach, FL Metro Area","city_buildings","Miami-Dade","GIS open services","candidate; spatial completeness unverified","Core city or named agency only; metro-wide coverage unverified","","unverified","","","local footprint/height release unverified; procurement is not an open product","unverified","unverified","unverified","YELLOW","Unverified dataset-specific licence","unverified","https://gisweb.miamidade.gov/arcgis/rest/services/MD_Emaps/MapServer","https://gisweb.miamidade.gov/arcgis/rest/services/MD_Emaps/MapServer","2026-10-07","primary catalogue/service discovered; dataset values not sampled","Public catalogue/metadata; bulk access unverified","Confirm exact release, extent, field missingness and commercial redistribution terms","",""
"Philadelphia","US","9","Philadelphia-Camden-Wilmington, PA-NJ-DE-MD Metro Area","city_buildings","Philadelphia","Building Footprints","candidate; spatial completeness unverified","Core city or named agency only; metro-wide coverage unverified","","weekly maintenance described; acquisition date unverified","","","building outline polygons; measured heights not established","unverified","unverified","unverified","YELLOW","Unverified dataset-specific licence","unverified","https://opendataphilly.org/datasets/building-footprints/","https://opendataphilly.org/datasets/building-footprints/","2026-10-07","primary catalogue/service discovered; dataset values not sampled","Public catalogue/metadata; bulk access unverified","Confirm exact release, extent, field missingness and commercial redistribution terms","",""
"Phoenix","US","10","Phoenix-Mesa-Chandler, AZ Metro Area","city_buildings","Phoenix","Building footprints GIS discovery","candidate; spatial completeness unverified","Core city or named agency only; metro-wide coverage unverified","","unverified","","","exact public footprint item and height fields unverified","unverified","unverified","unverified","YELLOW","Unverified dataset-specific licence","unverified","https://maps.phoenix.gov/pub/rest/services/","https://maps.phoenix.gov/pub/rest/services/","2026-10-07","primary catalogue/service discovered; dataset values not sampled","Public catalogue/metadata; bulk access unverified","Confirm exact release, extent, field missingness and commercial redistribution terms","",""
"Boston","US","11","Boston-Cambridge-Newton, MA-NH Metro Area","city_buildings","BPDA","3D data download / footprints","candidate; spatial completeness unverified","Core city or named agency only; metro-wide coverage unverified","","2021 model release identified; source dates mixed","","","3D meshes; derive footprint/height subject to licence; exact attributes unverified","3D model available; not all numeric attributes verified","unverified","unverified","YELLOW","Unverified dataset-specific licence","unverified","https://www.bostonplans.org/3d-data-maps/3d-smart-model/3d-data-download","https://www.bostonplans.org/3d-data-maps/3d-smart-model/3d-data-download","2026-10-07","primary catalogue/service discovered; dataset values not sampled","Public catalogue/metadata; bulk access unverified","Confirm exact release, extent, field missingness and commercial redistribution terms","",""
"Riverside-San Bernardino","US","12","Riverside-San Bernardino-Ontario, CA Metro Area","city_buildings","Riverside County","Open GIS services / Microsoft-derived footprint candidate","candidate; spatial completeness unverified","Core city or named agency only; metro-wide coverage unverified","","unverified","","","polygons; height unverified; original Microsoft release licence must be pinned","unverified","unverified","unverified","YELLOW","Unverified dataset-specific licence","unverified","https://gis.countyofriverside.us/arcgis_public/rest/services/OpenData","https://gis.countyofriverside.us/arcgis_public/rest/services/OpenData","2026-10-07","primary catalogue/service discovered; dataset values not sampled","Public catalogue/metadata; bulk access unverified","Confirm exact release, extent, field missingness and commercial redistribution terms","",""
"San Francisco-Oakland","US","13","San Francisco-Oakland-Fremont, CA Metro Area","city_buildings","San Francisco","Building Footprints","candidate; spatial completeness unverified","Core city or named agency only; metro-wide coverage unverified","","2017 description; 2010 lidar source","","","polygons; height statistics derived from lidar","derived building height; old source","unverified","unverified","YELLOW","Unverified dataset-specific licence","unverified","https://data.sfgov.org/Housing-and-Buildings/Building-Footprints/ynuv-fyni","https://data.sfgov.org/Housing-and-Buildings/Building-Footprints/ynuv-fyni","2026-10-07","primary catalogue/service discovered; dataset values not sampled","Public catalogue/metadata; bulk access unverified","Confirm exact release, extent, field missingness and commercial redistribution terms","",""
"Detroit","US","14","Detroit-Warren-Dearborn, MI Metro Area","city_buildings","Detroit","Building footprints 20240218","candidate; spatial completeness unverified","Core city or named agency only; metro-wide coverage unverified","","2024-02-18 snapshot label","","","MedHeight; Type; Flag; BLDStatus","MedHeight field present; valid share unmeasured","unverified","unverified","YELLOW","Unverified dataset-specific licence","unverified","https://services2.arcgis.com/HsXtOCMp1Nis1Ogr/ArcGIS/rest/services/building_footprints_20240218/FeatureServer","https://services2.arcgis.com/HsXtOCMp1Nis1Ogr/ArcGIS/rest/services/building_footprints_20240218/FeatureServer","2026-10-07","primary catalogue/service discovered; dataset values not sampled","Public catalogue/metadata; bulk access unverified","Confirm exact release, extent, field missingness and commercial redistribution terms","",""
"Seattle","US","15","Seattle-Tacoma-Bellevue, WA Metro Area","city_buildings","Seattle","Building Outlines 2023","candidate; spatial completeness unverified","Core city or named agency only; metro-wide coverage unverified","","2023 imagery; metadata 2025-04-23","","","outlines; no height established in inspected summary","unverified","unverified","unverified","YELLOW","Unverified dataset-specific licence","unverified","https://catalog.data.gov/dataset/building-outlines-2023","https://catalog.data.gov/dataset/building-outlines-2023","2026-10-07","primary catalogue/service discovered; dataset values not sampled","Public catalogue/metadata; bulk access unverified","Confirm exact release, extent, field missingness and commercial redistribution terms","Eagleview imagery source; verify outline reuse rights separately from imagery",""
"Minneapolis-St Paul","US","16","Minneapolis-St. Paul-Bloomington, MN-WI Metro Area","city_buildings","Minnesota / local GIS","Metro footprint discovery","candidate; spatial completeness unverified","Core city or named agency only; metro-wide coverage unverified","","unverified","","","unverified city footprint + height release","unverified","unverified","unverified","YELLOW","Unverified dataset-specific licence","unverified","https://gisdata.mn.gov/","https://gisdata.mn.gov/","2026-10-07","primary catalogue/service discovered; dataset values not sampled","Public catalogue/metadata; bulk access unverified","Confirm exact release, extent, field missingness and commercial redistribution terms","",""
"Tampa","US","17","Tampa-St. Petersburg-Clearwater, FL Metro Area","city_buildings","Hillsborough Property Appraiser","Download building footprints","candidate; spatial completeness unverified","Core city or named agency only; metro-wide coverage unverified","","unverified","","","building footprint category; height unverified","unverified","unverified","unverified","YELLOW","Unverified dataset-specific licence","unverified","https://downloads.hcpafl.org/","https://downloads.hcpafl.org/","2026-10-07","primary catalogue/service discovered; dataset values not sampled","Public catalogue/metadata; bulk access unverified","Confirm exact release, extent, field missingness and commercial redistribution terms","",""
"San Diego","US","18","San Diego-Chula Vista-Carlsbad, CA Metro Area","city_buildings","SANDAG","Building Outlines","candidate; spatial completeness unverified","Core city or named agency only; metro-wide coverage unverified","","unverified","","","building outlines; numeric heights unverified","unverified","unverified","unverified","YELLOW","Unverified dataset-specific licence","unverified","https://geo.sandag.org/server/rest/directories/downloads/Building_Outlines.pdf","https://geo.sandag.org/server/rest/directories/downloads/Building_Outlines.pdf","2026-10-07","primary catalogue/service discovered; dataset values not sampled","Public catalogue/metadata; bulk access unverified","Confirm exact release, extent, field missingness and commercial redistribution terms","",""
"Denver","US","19","Denver-Aurora-Centennial, CO Metro Area","city_buildings","City and County of Denver","Open geospatial building discovery","candidate; spatial completeness unverified","Core city or named agency only; metro-wide coverage unverified","","unverified","","","building footprint item and numeric height fields need pinning","unverified","unverified","unverified","YELLOW","Denver catalogue CC BY 3.0 policy; item exceptions unverified","general catalogue policy verified; chosen item not pinned","https://opendata-geospatialdenver.hub.arcgis.com/","https://opendata-geospatialdenver.hub.arcgis.com/","2026-10-07","primary catalogue/service discovered; dataset values not sampled","Public catalogue/metadata; bulk access unverified","Confirm exact release, extent, field missingness and commercial redistribution terms","",""
"Orlando","US","20","Orlando-Kissimmee-Sanford, FL Metro Area","city_buildings","City of Orlando","Open data catalogue","candidate; spatial completeness unverified","Core city or named agency only; metro-wide coverage unverified","","unverified","","","exact footprint and height release unverified","unverified","unverified","unverified","YELLOW","Unverified dataset-specific licence","unverified","https://data.cityoforlando.net/","https://data.cityoforlando.net/","2026-10-07","primary catalogue/service discovered; dataset values not sampled","Public catalogue/metadata; bulk access unverified","Confirm exact release, extent, field missingness and commercial redistribution terms","",""
"Charlotte","US","21","Charlotte-Concord-Gastonia, NC-SC Metro Area","city_buildings","Charlotte / Mecklenburg","Open mapping building discovery","candidate; spatial completeness unverified","Core city or named agency only; metro-wide coverage unverified","","unverified","","","footprints candidate; height schema unverified","unverified","unverified","unverified","YELLOW","Unverified dataset-specific licence","unverified","https://data.charlottenc.gov/","https://data.charlottenc.gov/","2026-10-07","primary catalogue/service discovered; dataset values not sampled","Public catalogue/metadata; bulk access unverified","Confirm exact release, extent, field missingness and commercial redistribution terms","",""
"Baltimore","US","22","Baltimore-Columbia-Towson, MD Metro Area","city_buildings","Baltimore EGIS","Buildings footprint service","candidate; spatial completeness unverified","Core city or named agency only; metro-wide coverage unverified","","unverified","","","building footprint service listed; height unverified","unverified","unverified","unverified","YELLOW","Unverified dataset-specific licence","unverified","https://opendata.baltimorecity.gov/egis/","https://opendata.baltimorecity.gov/egis/","2026-10-07","primary catalogue/service discovered; dataset values not sampled","Public catalogue/metadata; bulk access unverified","Confirm exact release, extent, field missingness and commercial redistribution terms","",""
"St Louis","US","23","St. Louis, MO-IL Metro Area","city_buildings","City of St Louis","Open GIS / building discovery","candidate; spatial completeness unverified","Core city or named agency only; metro-wide coverage unverified","","2026 parcel updates; footprint source unknown","","","parcel download verified; local footprint height release unverified","unverified","unverified","unverified","YELLOW","Unverified dataset-specific licence","unverified","https://dynamic.stlouis-mo.gov/opendata/downloads.cfm","https://dynamic.stlouis-mo.gov/opendata/downloads.cfm","2026-10-07","primary catalogue/service discovered; dataset values not sampled","Public catalogue/metadata; bulk access unverified","Confirm exact release, extent, field missingness and commercial redistribution terms","",""
"San Antonio","US","24","San Antonio-New Braunfels, TX Metro Area","city_buildings","San Antonio GIS / BCAD","GIS downloads","candidate; spatial completeness unverified","Core city or named agency only; metro-wide coverage unverified","","unverified","","","BCAD footprint/parcel route; exact height availability unverified","unverified","unverified","unverified","YELLOW","Unverified dataset-specific licence","unverified","https://www.sanantonio.gov/GIS/GISdata","https://www.sanantonio.gov/GIS/GISdata","2026-10-07","primary catalogue/service discovered; dataset values not sampled","Public catalogue/metadata; bulk access unverified","Confirm exact release, extent, field missingness and commercial redistribution terms","",""
"Austin","US","25","Austin-Round Rock-San Marcos, TX Metro Area","city_buildings","City of Austin","Property Profile Building Footprints","candidate; spatial completeness unverified","Core city or named agency only; metro-wide coverage unverified","","2023 footprint source label","","","2023 footprint layer listed; height field unverified","unverified","unverified","unverified","YELLOW","Unverified dataset-specific licence","unverified","https://maps.austintexas.gov/Geocortex/Essentials/External/REST/sites/PropertyProfile/map","https://maps.austintexas.gov/Geocortex/Essentials/External/REST/sites/PropertyProfile/map","2026-10-07","primary catalogue/service discovered; dataset values not sampled","Public catalogue/metadata; bulk access unverified","Confirm exact release, extent, field missingness and commercial redistribution terms","",""
"Portland","US","26","Portland-Vancouver-Hillsboro, OR-WA Metro Area","city_buildings","Oregon Metro RLIS","Regional Building Footprints","candidate; spatial completeness unverified","Core city or named agency only; metro-wide coverage unverified","","2026-07-27 metadata; underlying survey varies","","","building footprint; average height described; local values unmeasured","average-height attribute described","unverified","unverified","YELLOW","RLIS open database EULA / ODbL obligations; exact item pin required","unverified","https://www.oregonmetro.gov/resources/rlis-live","https://gis.oregonmetro.gov/rlis-metadata/","2026-10-07","primary catalogue/service discovered; dataset values not sampled","Public catalogue/metadata; bulk access unverified","Confirm exact release, extent, field missingness and commercial redistribution terms","",""
"Sacramento","US","27","Sacramento-Roseville-Folsom, CA Metro Area","city_buildings","City of Sacramento","Open GIS catalogue","candidate; spatial completeness unverified","Core city or named agency only; metro-wide coverage unverified","","unverified","","","local footprint and height release unverified","unverified","unverified","unverified","YELLOW","Unverified dataset-specific licence","unverified","https://www.cityofsacramento.gov/information-technology/gis/data","https://www.cityofsacramento.gov/information-technology/gis/data","2026-10-07","primary catalogue/service discovered; dataset values not sampled","Public catalogue/metadata; bulk access unverified","Confirm exact release, extent, field missingness and commercial redistribution terms","",""
"Pittsburgh","US","28","Pittsburgh, PA Metro Area","city_buildings","Allegheny County / WPRDC","Building footprint locations","candidate; spatial completeness unverified","Core city or named agency only; metro-wide coverage unverified","","unverified","","","footprint candidate; height unverified","unverified","unverified","unverified","YELLOW","Unverified dataset-specific licence","unverified","https://data.wprdc.org/dataset/allegheny-county-building-footprint-locations","https://data.wprdc.org/dataset/allegheny-county-building-footprint-locations","2026-10-07","primary catalogue/service discovered; dataset values not sampled","Public catalogue/metadata; bulk access unverified","Confirm exact release, extent, field missingness and commercial redistribution terms","",""
"Las Vegas","US","29","Las Vegas-Henderson-North Las Vegas, NV Metro Area","city_buildings","City of Las Vegas","Development Services BuildingFootprints","candidate; spatial completeness unverified","Core city or named agency only; metro-wide coverage unverified","","unverified","","","BuildingFootprints service listed; height unverified","unverified","unverified","unverified","YELLOW","Unverified dataset-specific licence","unverified","https://mapdata.lasvegasnevada.gov/clvgis/rest/services/DevelopmentServices","https://mapdata.lasvegasnevada.gov/clvgis/rest/services/DevelopmentServices","2026-10-07","primary catalogue/service discovered; dataset values not sampled","Public catalogue/metadata; bulk access unverified","Confirm exact release, extent, field missingness and commercial redistribution terms","",""
"Cincinnati","US","30","Cincinnati, OH-KY-IN Metro Area","city_buildings","Hamilton County Auditor","Building Information Export / GIS","candidate; spatial completeness unverified","Core city or named agency only; metro-wide coverage unverified","","unverified","","","building records available; outline and height release unverified","unverified","unverified","unverified","YELLOW","Unverified dataset-specific licence","unverified","https://hcauditor.org/downloads.asp","https://hcauditor.org/downloads.asp","2026-10-07","primary catalogue/service discovered; dataset values not sampled","Public catalogue/metadata; bulk access unverified","Confirm exact release, extent, field missingness and commercial redistribution terms","",""
"Greenville SC","US","","Greenville SC additional city; not top-30 selection","city_buildings","City GIS","Public GIS download guide","candidate; spatial completeness unverified","Core city or named agency only; metro-wide coverage unverified","","unverified","","","parcels guide; exact footprint/height layer unverified","unverified","unverified","unverified","YELLOW","Unverified dataset-specific licence","unverified","https://citygis.greenvillesc.gov/GISDataDownload/GISPublicDataGuide.pdf","https://citygis.greenvillesc.gov/GISDataDownload/GISPublicDataGuide.pdf","2026-10-07","primary catalogue/service discovered; dataset values not sampled","Public catalogue/metadata; bulk access unverified","Confirm exact release, extent, field missingness and commercial redistribution terms","",""
"New York","US","1","New York-Newark-Jersey City, NY-NJ Metro Area","microsoft_buildings","Microsoft","Global ML Building Footprints","candidate; spatial completeness unverified","Global country offering; this city extent and completeness not measured","Local imagery date unverified; provider describes imagery approximately 2014–2025","2026-08-13 global refresh; height updates 2026","","","footprint polygons; height on a subset only; confidence/source metadata depends on release","partial global height coverage; city-specific height share unmeasured","unverified","unverified","GREEN","CDLA-Permissive-2.0 (current direct Microsoft release)","verified current repository licence; archive release separately","https://github.com/microsoft/GlobalMLBuildingFootprints","https://github.com/microsoft/GlobalMLBuildingFootprints","2026-10-07","verified provider documentation; local country tile/height counts unverified","Public GeoJSON country/quadkey release links","Confirm exact release, extent, field missingness and commercial redistribution terms","ML omission/commission; footprints are not roofs/LOD2; never assume all heights populated",""
"New York","US","1","New York-Newark-Jersey City, NY-NJ Metro Area","overture_buildings","Overture Maps Foundation","Buildings theme","candidate; spatial completeness unverified","Global release; city bbox not queried","","Release dependent; exact release not selected","","","building polygons; parts; nullable height; sources and stable IDs as documented","nullable; local completeness unmeasured","unverified","unverified","YELLOW","ODbL 1.0","verified theme licence","https://docs.overturemaps.org/attribution/","https://docs.overturemaps.org/guides/buildings/","2026-10-07","verified official guide/licensing; local count and height completeness unmeasured","Public release Parquet in S3/Azure","Confirm exact release, extent, field missingness and commercial redistribution terms","Attribution and applicable derivative-database/share-alike obligations; current Microsoft direct licence does not relicense Overture theme",""
"Los Angeles","US","2","Los Angeles-Long Beach-Anaheim, CA Metro Area","microsoft_buildings","Microsoft","Global ML Building Footprints","candidate; spatial completeness unverified","Global country offering; this city extent and completeness not measured","Local imagery date unverified; provider describes imagery approximately 2014–2025","2026-08-13 global refresh; height updates 2026","","","footprint polygons; height on a subset only; confidence/source metadata depends on release","partial global height coverage; city-specific height share unmeasured","unverified","unverified","GREEN","CDLA-Permissive-2.0 (current direct Microsoft release)","verified current repository licence; archive release separately","https://github.com/microsoft/GlobalMLBuildingFootprints","https://github.com/microsoft/GlobalMLBuildingFootprints","2026-10-07","verified provider documentation; local country tile/height counts unverified","Public GeoJSON country/quadkey release links","Confirm exact release, extent, field missingness and commercial redistribution terms","ML omission/commission; footprints are not roofs/LOD2; never assume all heights populated",""
"Los Angeles","US","2","Los Angeles-Long Beach-Anaheim, CA Metro Area","overture_buildings","Overture Maps Foundation","Buildings theme","candidate; spatial completeness unverified","Global release; city bbox not queried","","Release dependent; exact release not selected","","","building polygons; parts; nullable height; sources and stable IDs as documented","nullable; local completeness unmeasured","unverified","unverified","YELLOW","ODbL 1.0","verified theme licence","https://docs.overturemaps.org/attribution/","https://docs.overturemaps.org/guides/buildings/","2026-10-07","verified official guide/licensing; local count and height completeness unmeasured","Public release Parquet in S3/Azure","Confirm exact release, extent, field missingness and commercial redistribution terms","Attribution and applicable derivative-database/share-alike obligations; current Microsoft direct licence does not relicense Overture theme",""
"Chicago","US","3","Chicago-Naperville-Elgin, IL-IN Metro Area","microsoft_buildings","Microsoft","Global ML Building Footprints","candidate; spatial completeness unverified","Global country offering; this city extent and completeness not measured","Local imagery date unverified; provider describes imagery approximately 2014–2025","2026-08-13 global refresh; height updates 2026","","","footprint polygons; height on a subset only; confidence/source metadata depends on release","partial global height coverage; city-specific height share unmeasured","unverified","unverified","GREEN","CDLA-Permissive-2.0 (current direct Microsoft release)","verified current repository licence; archive release separately","https://github.com/microsoft/GlobalMLBuildingFootprints","https://github.com/microsoft/GlobalMLBuildingFootprints","2026-10-07","verified provider documentation; local country tile/height counts unverified","Public GeoJSON country/quadkey release links","Confirm exact release, extent, field missingness and commercial redistribution terms","ML omission/commission; footprints are not roofs/LOD2; never assume all heights populated",""
"Chicago","US","3","Chicago-Naperville-Elgin, IL-IN Metro Area","overture_buildings","Overture Maps Foundation","Buildings theme","candidate; spatial completeness unverified","Global release; city bbox not queried","","Release dependent; exact release not selected","","","building polygons; parts; nullable height; sources and stable IDs as documented","nullable; local completeness unmeasured","unverified","unverified","YELLOW","ODbL 1.0","verified theme licence","https://docs.overturemaps.org/attribution/","https://docs.overturemaps.org/guides/buildings/","2026-10-07","verified official guide/licensing; local count and height completeness unmeasured","Public release Parquet in S3/Azure","Confirm exact release, extent, field missingness and commercial redistribution terms","Attribution and applicable derivative-database/share-alike obligations; current Microsoft direct licence does not relicense Overture theme",""
"Dallas-Fort Worth","US","4","Dallas-Fort Worth-Arlington, TX Metro Area","microsoft_buildings","Microsoft","Global ML Building Footprints","candidate; spatial completeness unverified","Global country offering; this city extent and completeness not measured","Local imagery date unverified; provider describes imagery approximately 2014–2025","2026-08-13 global refresh; height updates 2026","","","footprint polygons; height on a subset only; confidence/source metadata depends on release","partial global height coverage; city-specific height share unmeasured","unverified","unverified","GREEN","CDLA-Permissive-2.0 (current direct Microsoft release)","verified current repository licence; archive release separately","https://github.com/microsoft/GlobalMLBuildingFootprints","https://github.com/microsoft/GlobalMLBuildingFootprints","2026-10-07","verified provider documentation; local country tile/height counts unverified","Public GeoJSON country/quadkey release links","Confirm exact release, extent, field missingness and commercial redistribution terms","ML omission/commission; footprints are not roofs/LOD2; never assume all heights populated",""
"Dallas-Fort Worth","US","4","Dallas-Fort Worth-Arlington, TX Metro Area","overture_buildings","Overture Maps Foundation","Buildings theme","candidate; spatial completeness unverified","Global release; city bbox not queried","","Release dependent; exact release not selected","","","building polygons; parts; nullable height; sources and stable IDs as documented","nullable; local completeness unmeasured","unverified","unverified","YELLOW","ODbL 1.0","verified theme licence","https://docs.overturemaps.org/attribution/","https://docs.overturemaps.org/guides/buildings/","2026-10-07","verified official guide/licensing; local count and height completeness unmeasured","Public release Parquet in S3/Azure","Confirm exact release, extent, field missingness and commercial redistribution terms","Attribution and applicable derivative-database/share-alike obligations; current Microsoft direct licence does not relicense Overture theme",""
"Houston","US","5","Houston-Pasadena-The Woodlands, TX Metro Area","microsoft_buildings","Microsoft","Global ML Building Footprints","candidate; spatial completeness unverified","Global country offering; this city extent and completeness not measured","Local imagery date unverified; provider describes imagery approximately 2014–2025","2026-08-13 global refresh; height updates 2026","","","footprint polygons; height on a subset only; confidence/source metadata depends on release","partial global height coverage; city-specific height share unmeasured","unverified","unverified","GREEN","CDLA-Permissive-2.0 (current direct Microsoft release)","verified current repository licence; archive release separately","https://github.com/microsoft/GlobalMLBuildingFootprints","https://github.com/microsoft/GlobalMLBuildingFootprints","2026-10-07","verified provider documentation; local country tile/height counts unverified","Public GeoJSON country/quadkey release links","Confirm exact release, extent, field missingness and commercial redistribution terms","ML omission/commission; footprints are not roofs/LOD2; never assume all heights populated",""
"Houston","US","5","Houston-Pasadena-The Woodlands, TX Metro Area","overture_buildings","Overture Maps Foundation","Buildings theme","candidate; spatial completeness unverified","Global release; city bbox not queried","","Release dependent; exact release not selected","","","building polygons; parts; nullable height; sources and stable IDs as documented","nullable; local completeness unmeasured","unverified","unverified","YELLOW","ODbL 1.0","verified theme licence","https://docs.overturemaps.org/attribution/","https://docs.overturemaps.org/guides/buildings/","2026-10-07","verified official guide/licensing; local count and height completeness unmeasured","Public release Parquet in S3/Azure","Confirm exact release, extent, field missingness and commercial redistribution terms","Attribution and applicable derivative-database/share-alike obligations; current Microsoft direct licence does not relicense Overture theme",""
"Atlanta","US","6","Atlanta-Sandy Springs-Roswell, GA Metro Area","microsoft_buildings","Microsoft","Global ML Building Footprints","candidate; spatial completeness unverified","Global country offering; this city extent and completeness not measured","Local imagery date unverified; provider describes imagery approximately 2014–2025","2026-08-13 global refresh; height updates 2026","","","footprint polygons; height on a subset only; confidence/source metadata depends on release","partial global height coverage; city-specific height share unmeasured","unverified","unverified","GREEN","CDLA-Permissive-2.0 (current direct Microsoft release)","verified current repository licence; archive release separately","https://github.com/microsoft/GlobalMLBuildingFootprints","https://github.com/microsoft/GlobalMLBuildingFootprints","2026-10-07","verified provider documentation; local country tile/height counts unverified","Public GeoJSON country/quadkey release links","Confirm exact release, extent, field missingness and commercial redistribution terms","ML omission/commission; footprints are not roofs/LOD2; never assume all heights populated",""
"Atlanta","US","6","Atlanta-Sandy Springs-Roswell, GA Metro Area","overture_buildings","Overture Maps Foundation","Buildings theme","candidate; spatial completeness unverified","Global release; city bbox not queried","","Release dependent; exact release not selected","","","building polygons; parts; nullable height; sources and stable IDs as documented","nullable; local completeness unmeasured","unverified","unverified","YELLOW","ODbL 1.0","verified theme licence","https://docs.overturemaps.org/attribution/","https://docs.overturemaps.org/guides/buildings/","2026-10-07","verified official guide/licensing; local count and height completeness unmeasured","Public release Parquet in S3/Azure","Confirm exact release, extent, field missingness and commercial redistribution terms","Attribution and applicable derivative-database/share-alike obligations; current Microsoft direct licence does not relicense Overture theme",""
"Washington DC","US","7","Washington-Arlington-Alexandria, DC-VA-MD-WV Metro Area","microsoft_buildings","Microsoft","Global ML Building Footprints","candidate; spatial completeness unverified","Global country offering; this city extent and completeness not measured","Local imagery date unverified; provider describes imagery approximately 2014–2025","2026-08-13 global refresh; height updates 2026","","","footprint polygons; height on a subset only; confidence/source metadata depends on release","partial global height coverage; city-specific height share unmeasured","unverified","unverified","GREEN","CDLA-Permissive-2.0 (current direct Microsoft release)","verified current repository licence; archive release separately","https://github.com/microsoft/GlobalMLBuildingFootprints","https://github.com/microsoft/GlobalMLBuildingFootprints","2026-10-07","verified provider documentation; local country tile/height counts unverified","Public GeoJSON country/quadkey release links","Confirm exact release, extent, field missingness and commercial redistribution terms","ML omission/commission; footprints are not roofs/LOD2; never assume all heights populated",""
"Washington DC","US","7","Washington-Arlington-Alexandria, DC-VA-MD-WV Metro Area","overture_buildings","Overture Maps Foundation","Buildings theme","candidate; spatial completeness unverified","Global release; city bbox not queried","","Release dependent; exact release not selected","","","building polygons; parts; nullable height; sources and stable IDs as documented","nullable; local completeness unmeasured","unverified","unverified","YELLOW","ODbL 1.0","verified theme licence","https://docs.overturemaps.org/attribution/","https://docs.overturemaps.org/guides/buildings/","2026-10-07","verified official guide/licensing; local count and height completeness unmeasured","Public release Parquet in S3/Azure","Confirm exact release, extent, field missingness and commercial redistribution terms","Attribution and applicable derivative-database/share-alike obligations; current Microsoft direct licence does not relicense Overture theme",""
"Miami","US","8","Miami-Fort Lauderdale-West Palm Beach, FL Metro Area","microsoft_buildings","Microsoft","Global ML Building Footprints","candidate; spatial completeness unverified","Global country offering; this city extent and completeness not measured","Local imagery date unverified; provider describes imagery approximately 2014–2025","2026-08-13 global refresh; height updates 2026","","","footprint polygons; height on a subset only; confidence/source metadata depends on release","partial global height coverage; city-specific height share unmeasured","unverified","unverified","GREEN","CDLA-Permissive-2.0 (current direct Microsoft release)","verified current repository licence; archive release separately","https://github.com/microsoft/GlobalMLBuildingFootprints","https://github.com/microsoft/GlobalMLBuildingFootprints","2026-10-07","verified provider documentation; local country tile/height counts unverified","Public GeoJSON country/quadkey release links","Confirm exact release, extent, field missingness and commercial redistribution terms","ML omission/commission; footprints are not roofs/LOD2; never assume all heights populated",""
"Miami","US","8","Miami-Fort Lauderdale-West Palm Beach, FL Metro Area","overture_buildings","Overture Maps Foundation","Buildings theme","candidate; spatial completeness unverified","Global release; city bbox not queried","","Release dependent; exact release not selected","","","building polygons; parts; nullable height; sources and stable IDs as documented","nullable; local completeness unmeasured","unverified","unverified","YELLOW","ODbL 1.0","verified theme licence","https://docs.overturemaps.org/attribution/","https://docs.overturemaps.org/guides/buildings/","2026-10-07","verified official guide/licensing; local count and height completeness unmeasured","Public release Parquet in S3/Azure","Confirm exact release, extent, field missingness and commercial redistribution terms","Attribution and applicable derivative-database/share-alike obligations; current Microsoft direct licence does not relicense Overture theme",""
"Philadelphia","US","9","Philadelphia-Camden-Wilmington, PA-NJ-DE-MD Metro Area","microsoft_buildings","Microsoft","Global ML Building Footprints","candidate; spatial completeness unverified","Global country offering; this city extent and completeness not measured","Local imagery date unverified; provider describes imagery approximately 2014–2025","2026-08-13 global refresh; height updates 2026","","","footprint polygons; height on a subset only; confidence/source metadata depends on release","partial global height coverage; city-specific height share unmeasured","unverified","unverified","GREEN","CDLA-Permissive-2.0 (current direct Microsoft release)","verified current repository licence; archive release separately","https://github.com/microsoft/GlobalMLBuildingFootprints","https://github.com/microsoft/GlobalMLBuildingFootprints","2026-10-07","verified provider documentation; local country tile/height counts unverified","Public GeoJSON country/quadkey release links","Confirm exact release, extent, field missingness and commercial redistribution terms","ML omission/commission; footprints are not roofs/LOD2; never assume all heights populated",""
"Philadelphia","US","9","Philadelphia-Camden-Wilmington, PA-NJ-DE-MD Metro Area","overture_buildings","Overture Maps Foundation","Buildings theme","candidate; spatial completeness unverified","Global release; city bbox not queried","","Release dependent; exact release not selected","","","building polygons; parts; nullable height; sources and stable IDs as documented","nullable; local completeness unmeasured","unverified","unverified","YELLOW","ODbL 1.0","verified theme licence","https://docs.overturemaps.org/attribution/","https://docs.overturemaps.org/guides/buildings/","2026-10-07","verified official guide/licensing; local count and height completeness unmeasured","Public release Parquet in S3/Azure","Confirm exact release, extent, field missingness and commercial redistribution terms","Attribution and applicable derivative-database/share-alike obligations; current Microsoft direct licence does not relicense Overture theme",""
"Phoenix","US","10","Phoenix-Mesa-Chandler, AZ Metro Area","microsoft_buildings","Microsoft","Global ML Building Footprints","candidate; spatial completeness unverified","Global country offering; this city extent and completeness not measured","Local imagery date unverified; provider describes imagery approximately 2014–2025","2026-08-13 global refresh; height updates 2026","","","footprint polygons; height on a subset only; confidence/source metadata depends on release","partial global height coverage; city-specific height share unmeasured","unverified","unverified","GREEN","CDLA-Permissive-2.0 (current direct Microsoft release)","verified current repository licence; archive release separately","https://github.com/microsoft/GlobalMLBuildingFootprints","https://github.com/microsoft/GlobalMLBuildingFootprints","2026-10-07","verified provider documentation; local country tile/height counts unverified","Public GeoJSON country/quadkey release links","Confirm exact release, extent, field missingness and commercial redistribution terms","ML omission/commission; footprints are not roofs/LOD2; never assume all heights populated",""
"Phoenix","US","10","Phoenix-Mesa-Chandler, AZ Metro Area","overture_buildings","Overture Maps Foundation","Buildings theme","candidate; spatial completeness unverified","Global release; city bbox not queried","","Release dependent; exact release not selected","","","building polygons; parts; nullable height; sources and stable IDs as documented","nullable; local completeness unmeasured","unverified","unverified","YELLOW","ODbL 1.0","verified theme licence","https://docs.overturemaps.org/attribution/","https://docs.overturemaps.org/guides/buildings/","2026-10-07","verified official guide/licensing; local count and height completeness unmeasured","Public release Parquet in S3/Azure","Confirm exact release, extent, field missingness and commercial redistribution terms","Attribution and applicable derivative-database/share-alike obligations; current Microsoft direct licence does not relicense Overture theme",""
"Boston","US","11","Boston-Cambridge-Newton, MA-NH Metro Area","microsoft_buildings","Microsoft","Global ML Building Footprints","candidate; spatial completeness unverified","Global country offering; this city extent and completeness not measured","Local imagery date unverified; provider describes imagery approximately 2014–2025","2026-08-13 global refresh; height updates 2026","","","footprint polygons; height on a subset only; confidence/source metadata depends on release","partial global height coverage; city-specific height share unmeasured","unverified","unverified","GREEN","CDLA-Permissive-2.0 (current direct Microsoft release)","verified current repository licence; archive release separately","https://github.com/microsoft/GlobalMLBuildingFootprints","https://github.com/microsoft/GlobalMLBuildingFootprints","2026-10-07","verified provider documentation; local country tile/height counts unverified","Public GeoJSON country/quadkey release links","Confirm exact release, extent, field missingness and commercial redistribution terms","ML omission/commission; footprints are not roofs/LOD2; never assume all heights populated",""
"Boston","US","11","Boston-Cambridge-Newton, MA-NH Metro Area","overture_buildings","Overture Maps Foundation","Buildings theme","candidate; spatial completeness unverified","Global release; city bbox not queried","","Release dependent; exact release not selected","","","building polygons; parts; nullable height; sources and stable IDs as documented","nullable; local completeness unmeasured","unverified","unverified","YELLOW","ODbL 1.0","verified theme licence","https://docs.overturemaps.org/attribution/","https://docs.overturemaps.org/guides/buildings/","2026-10-07","verified official guide/licensing; local count and height completeness unmeasured","Public release Parquet in S3/Azure","Confirm exact release, extent, field missingness and commercial redistribution terms","Attribution and applicable derivative-database/share-alike obligations; current Microsoft direct licence does not relicense Overture theme",""
"Riverside-San Bernardino","US","12","Riverside-San Bernardino-Ontario, CA Metro Area","microsoft_buildings","Microsoft","Global ML Building Footprints","candidate; spatial completeness unverified","Global country offering; this city extent and completeness not measured","Local imagery date unverified; provider describes imagery approximately 2014–2025","2026-08-13 global refresh; height updates 2026","","","footprint polygons; height on a subset only; confidence/source metadata depends on release","partial global height coverage; city-specific height share unmeasured","unverified","unverified","GREEN","CDLA-Permissive-2.0 (current direct Microsoft release)","verified current repository licence; archive release separately","https://github.com/microsoft/GlobalMLBuildingFootprints","https://github.com/microsoft/GlobalMLBuildingFootprints","2026-10-07","verified provider documentation; local country tile/height counts unverified","Public GeoJSON country/quadkey release links","Confirm exact release, extent, field missingness and commercial redistribution terms","ML omission/commission; footprints are not roofs/LOD2; never assume all heights populated",""
"Riverside-San Bernardino","US","12","Riverside-San Bernardino-Ontario, CA Metro Area","overture_buildings","Overture Maps Foundation","Buildings theme","candidate; spatial completeness unverified","Global release; city bbox not queried","","Release dependent; exact release not selected","","","building polygons; parts; nullable height; sources and stable IDs as documented","nullable; local completeness unmeasured","unverified","unverified","YELLOW","ODbL 1.0","verified theme licence","https://docs.overturemaps.org/attribution/","https://docs.overturemaps.org/guides/buildings/","2026-10-07","verified official guide/licensing; local count and height completeness unmeasured","Public release Parquet in S3/Azure","Confirm exact release, extent, field missingness and commercial redistribution terms","Attribution and applicable derivative-database/share-alike obligations; current Microsoft direct licence does not relicense Overture theme",""
"San Francisco-Oakland","US","13","San Francisco-Oakland-Fremont, CA Metro Area","microsoft_buildings","Microsoft","Global ML Building Footprints","candidate; spatial completeness unverified","Global country offering; this city extent and completeness not measured","Local imagery date unverified; provider describes imagery approximately 2014–2025","2026-08-13 global refresh; height updates 2026","","","footprint polygons; height on a subset only; confidence/source metadata depends on release","partial global height coverage; city-specific height share unmeasured","unverified","unverified","GREEN","CDLA-Permissive-2.0 (current direct Microsoft release)","verified current repository licence; archive release separately","https://github.com/microsoft/GlobalMLBuildingFootprints","https://github.com/microsoft/GlobalMLBuildingFootprints","2026-10-07","verified provider documentation; local country tile/height counts unverified","Public GeoJSON country/quadkey release links","Confirm exact release, extent, field missingness and commercial redistribution terms","ML omission/commission; footprints are not roofs/LOD2; never assume all heights populated",""
"San Francisco-Oakland","US","13","San Francisco-Oakland-Fremont, CA Metro Area","overture_buildings","Overture Maps Foundation","Buildings theme","candidate; spatial completeness unverified","Global release; city bbox not queried","","Release dependent; exact release not selected","","","building polygons; parts; nullable height; sources and stable IDs as documented","nullable; local completeness unmeasured","unverified","unverified","YELLOW","ODbL 1.0","verified theme licence","https://docs.overturemaps.org/attribution/","https://docs.overturemaps.org/guides/buildings/","2026-10-07","verified official guide/licensing; local count and height completeness unmeasured","Public release Parquet in S3/Azure","Confirm exact release, extent, field missingness and commercial redistribution terms","Attribution and applicable derivative-database/share-alike obligations; current Microsoft direct licence does not relicense Overture theme",""
"Detroit","US","14","Detroit-Warren-Dearborn, MI Metro Area","microsoft_buildings","Microsoft","Global ML Building Footprints","candidate; spatial completeness unverified","Global country offering; this city extent and completeness not measured","Local imagery date unverified; provider describes imagery approximately 2014–2025","2026-08-13 global refresh; height updates 2026","","","footprint polygons; height on a subset only; confidence/source metadata depends on release","partial global height coverage; city-specific height share unmeasured","unverified","unverified","GREEN","CDLA-Permissive-2.0 (current direct Microsoft release)","verified current repository licence; archive release separately","https://github.com/microsoft/GlobalMLBuildingFootprints","https://github.com/microsoft/GlobalMLBuildingFootprints","2026-10-07","verified provider documentation; local country tile/height counts unverified","Public GeoJSON country/quadkey release links","Confirm exact release, extent, field missingness and commercial redistribution terms","ML omission/commission; footprints are not roofs/LOD2; never assume all heights populated",""
"Detroit","US","14","Detroit-Warren-Dearborn, MI Metro Area","overture_buildings","Overture Maps Foundation","Buildings theme","candidate; spatial completeness unverified","Global release; city bbox not queried","","Release dependent; exact release not selected","","","building polygons; parts; nullable height; sources and stable IDs as documented","nullable; local completeness unmeasured","unverified","unverified","YELLOW","ODbL 1.0","verified theme licence","https://docs.overturemaps.org/attribution/","https://docs.overturemaps.org/guides/buildings/","2026-10-07","verified official guide/licensing; local count and height completeness unmeasured","Public release Parquet in S3/Azure","Confirm exact release, extent, field missingness and commercial redistribution terms","Attribution and applicable derivative-database/share-alike obligations; current Microsoft direct licence does not relicense Overture theme",""
"Seattle","US","15","Seattle-Tacoma-Bellevue, WA Metro Area","microsoft_buildings","Microsoft","Global ML Building Footprints","candidate; spatial completeness unverified","Global country offering; this city extent and completeness not measured","Local imagery date unverified; provider describes imagery approximately 2014–2025","2026-08-13 global refresh; height updates 2026","","","footprint polygons; height on a subset only; confidence/source metadata depends on release","partial global height coverage; city-specific height share unmeasured","unverified","unverified","GREEN","CDLA-Permissive-2.0 (current direct Microsoft release)","verified current repository licence; archive release separately","https://github.com/microsoft/GlobalMLBuildingFootprints","https://github.com/microsoft/GlobalMLBuildingFootprints","2026-10-07","verified provider documentation; local country tile/height counts unverified","Public GeoJSON country/quadkey release links","Confirm exact release, extent, field missingness and commercial redistribution terms","ML omission/commission; footprints are not roofs/LOD2; never assume all heights populated",""
"Seattle","US","15","Seattle-Tacoma-Bellevue, WA Metro Area","overture_buildings","Overture Maps Foundation","Buildings theme","candidate; spatial completeness unverified","Global release; city bbox not queried","","Release dependent; exact release not selected","","","building polygons; parts; nullable height; sources and stable IDs as documented","nullable; local completeness unmeasured","unverified","unverified","YELLOW","ODbL 1.0","verified theme licence","https://docs.overturemaps.org/attribution/","https://docs.overturemaps.org/guides/buildings/","2026-10-07","verified official guide/licensing; local count and height completeness unmeasured","Public release Parquet in S3/Azure","Confirm exact release, extent, field missingness and commercial redistribution terms","Attribution and applicable derivative-database/share-alike obligations; current Microsoft direct licence does not relicense Overture theme",""
"Minneapolis-St Paul","US","16","Minneapolis-St. Paul-Bloomington, MN-WI Metro Area","microsoft_buildings","Microsoft","Global ML Building Footprints","candidate; spatial completeness unverified","Global country offering; this city extent and completeness not measured","Local imagery date unverified; provider describes imagery approximately 2014–2025","2026-08-13 global refresh; height updates 2026","","","footprint polygons; height on a subset only; confidence/source metadata depends on release","partial global height coverage; city-specific height share unmeasured","unverified","unverified","GREEN","CDLA-Permissive-2.0 (current direct Microsoft release)","verified current repository licence; archive release separately","https://github.com/microsoft/GlobalMLBuildingFootprints","https://github.com/microsoft/GlobalMLBuildingFootprints","2026-10-07","verified provider documentation; local country tile/height counts unverified","Public GeoJSON country/quadkey release links","Confirm exact release, extent, field missingness and commercial redistribution terms","ML omission/commission; footprints are not roofs/LOD2; never assume all heights populated",""
"Minneapolis-St Paul","US","16","Minneapolis-St. Paul-Bloomington, MN-WI Metro Area","overture_buildings","Overture Maps Foundation","Buildings theme","candidate; spatial completeness unverified","Global release; city bbox not queried","","Release dependent; exact release not selected","","","building polygons; parts; nullable height; sources and stable IDs as documented","nullable; local completeness unmeasured","unverified","unverified","YELLOW","ODbL 1.0","verified theme licence","https://docs.overturemaps.org/attribution/","https://docs.overturemaps.org/guides/buildings/","2026-10-07","verified official guide/licensing; local count and height completeness unmeasured","Public release Parquet in S3/Azure","Confirm exact release, extent, field missingness and commercial redistribution terms","Attribution and applicable derivative-database/share-alike obligations; current Microsoft direct licence does not relicense Overture theme",""
"Tampa","US","17","Tampa-St. Petersburg-Clearwater, FL Metro Area","microsoft_buildings","Microsoft","Global ML Building Footprints","candidate; spatial completeness unverified","Global country offering; this city extent and completeness not measured","Local imagery date unverified; provider describes imagery approximately 2014–2025","2026-08-13 global refresh; height updates 2026","","","footprint polygons; height on a subset only; confidence/source metadata depends on release","partial global height coverage; city-specific height share unmeasured","unverified","unverified","GREEN","CDLA-Permissive-2.0 (current direct Microsoft release)","verified current repository licence; archive release separately","https://github.com/microsoft/GlobalMLBuildingFootprints","https://github.com/microsoft/GlobalMLBuildingFootprints","2026-10-07","verified provider documentation; local country tile/height counts unverified","Public GeoJSON country/quadkey release links","Confirm exact release, extent, field missingness and commercial redistribution terms","ML omission/commission; footprints are not roofs/LOD2; never assume all heights populated",""
"Tampa","US","17","Tampa-St. Petersburg-Clearwater, FL Metro Area","overture_buildings","Overture Maps Foundation","Buildings theme","candidate; spatial completeness unverified","Global release; city bbox not queried","","Release dependent; exact release not selected","","","building polygons; parts; nullable height; sources and stable IDs as documented","nullable; local completeness unmeasured","unverified","unverified","YELLOW","ODbL 1.0","verified theme licence","https://docs.overturemaps.org/attribution/","https://docs.overturemaps.org/guides/buildings/","2026-10-07","verified official guide/licensing; local count and height completeness unmeasured","Public release Parquet in S3/Azure","Confirm exact release, extent, field missingness and commercial redistribution terms","Attribution and applicable derivative-database/share-alike obligations; current Microsoft direct licence does not relicense Overture theme",""
"San Diego","US","18","San Diego-Chula Vista-Carlsbad, CA Metro Area","microsoft_buildings","Microsoft","Global ML Building Footprints","candidate; spatial completeness unverified","Global country offering; this city extent and completeness not measured","Local imagery date unverified; provider describes imagery approximately 2014–2025","2026-08-13 global refresh; height updates 2026","","","footprint polygons; height on a subset only; confidence/source metadata depends on release","partial global height coverage; city-specific height share unmeasured","unverified","unverified","GREEN","CDLA-Permissive-2.0 (current direct Microsoft release)","verified current repository licence; archive release separately","https://github.com/microsoft/GlobalMLBuildingFootprints","https://github.com/microsoft/GlobalMLBuildingFootprints","2026-10-07","verified provider documentation; local country tile/height counts unverified","Public GeoJSON country/quadkey release links","Confirm exact release, extent, field missingness and commercial redistribution terms","ML omission/commission; footprints are not roofs/LOD2; never assume all heights populated",""
"San Diego","US","18","San Diego-Chula Vista-Carlsbad, CA Metro Area","overture_buildings","Overture Maps Foundation","Buildings theme","candidate; spatial completeness unverified","Global release; city bbox not queried","","Release dependent; exact release not selected","","","building polygons; parts; nullable height; sources and stable IDs as documented","nullable; local completeness unmeasured","unverified","unverified","YELLOW","ODbL 1.0","verified theme licence","https://docs.overturemaps.org/attribution/","https://docs.overturemaps.org/guides/buildings/","2026-10-07","verified official guide/licensing; local count and height completeness unmeasured","Public release Parquet in S3/Azure","Confirm exact release, extent, field missingness and commercial redistribution terms","Attribution and applicable derivative-database/share-alike obligations; current Microsoft direct licence does not relicense Overture theme",""
"Denver","US","19","Denver-Aurora-Centennial, CO Metro Area","microsoft_buildings","Microsoft","Global ML Building Footprints","candidate; spatial completeness unverified","Global country offering; this city extent and completeness not measured","Local imagery date unverified; provider describes imagery approximately 2014–2025","2026-08-13 global refresh; height updates 2026","","","footprint polygons; height on a subset only; confidence/source metadata depends on release","partial global height coverage; city-specific height share unmeasured","unverified","unverified","GREEN","CDLA-Permissive-2.0 (current direct Microsoft release)","verified current repository licence; archive release separately","https://github.com/microsoft/GlobalMLBuildingFootprints","https://github.com/microsoft/GlobalMLBuildingFootprints","2026-10-07","verified provider documentation; local country tile/height counts unverified","Public GeoJSON country/quadkey release links","Confirm exact release, extent, field missingness and commercial redistribution terms","ML omission/commission; footprints are not roofs/LOD2; never assume all heights populated",""
"Denver","US","19","Denver-Aurora-Centennial, CO Metro Area","overture_buildings","Overture Maps Foundation","Buildings theme","candidate; spatial completeness unverified","Global release; city bbox not queried","","Release dependent; exact release not selected","","","building polygons; parts; nullable height; sources and stable IDs as documented","nullable; local completeness unmeasured","unverified","unverified","YELLOW","ODbL 1.0","verified theme licence","https://docs.overturemaps.org/attribution/","https://docs.overturemaps.org/guides/buildings/","2026-10-07","verified official guide/licensing; local count and height completeness unmeasured","Public release Parquet in S3/Azure","Confirm exact release, extent, field missingness and commercial redistribution terms","Attribution and applicable derivative-database/share-alike obligations; current Microsoft direct licence does not relicense Overture theme",""
"Orlando","US","20","Orlando-Kissimmee-Sanford, FL Metro Area","microsoft_buildings","Microsoft","Global ML Building Footprints","candidate; spatial completeness unverified","Global country offering; this city extent and completeness not measured","Local imagery date unverified; provider describes imagery approximately 2014–2025","2026-08-13 global refresh; height updates 2026","","","footprint polygons; height on a subset only; confidence/source metadata depends on release","partial global height coverage; city-specific height share unmeasured","unverified","unverified","GREEN","CDLA-Permissive-2.0 (current direct Microsoft release)","verified current repository licence; archive release separately","https://github.com/microsoft/GlobalMLBuildingFootprints","https://github.com/microsoft/GlobalMLBuildingFootprints","2026-10-07","verified provider documentation; local country tile/height counts unverified","Public GeoJSON country/quadkey release links","Confirm exact release, extent, field missingness and commercial redistribution terms","ML omission/commission; footprints are not roofs/LOD2; never assume all heights populated",""
"Orlando","US","20","Orlando-Kissimmee-Sanford, FL Metro Area","overture_buildings","Overture Maps Foundation","Buildings theme","candidate; spatial completeness unverified","Global release; city bbox not queried","","Release dependent; exact release not selected","","","building polygons; parts; nullable height; sources and stable IDs as documented","nullable; local completeness unmeasured","unverified","unverified","YELLOW","ODbL 1.0","verified theme licence","https://docs.overturemaps.org/attribution/","https://docs.overturemaps.org/guides/buildings/","2026-10-07","verified official guide/licensing; local count and height completeness unmeasured","Public release Parquet in S3/Azure","Confirm exact release, extent, field missingness and commercial redistribution terms","Attribution and applicable derivative-database/share-alike obligations; current Microsoft direct licence does not relicense Overture theme",""
"Charlotte","US","21","Charlotte-Concord-Gastonia, NC-SC Metro Area","microsoft_buildings","Microsoft","Global ML Building Footprints","candidate; spatial completeness unverified","Global country offering; this city extent and completeness not measured","Local imagery date unverified; provider describes imagery approximately 2014–2025","2026-08-13 global refresh; height updates 2026","","","footprint polygons; height on a subset only; confidence/source metadata depends on release","partial global height coverage; city-specific height share unmeasured","unverified","unverified","GREEN","CDLA-Permissive-2.0 (current direct Microsoft release)","verified current repository licence; archive release separately","https://github.com/microsoft/GlobalMLBuildingFootprints","https://github.com/microsoft/GlobalMLBuildingFootprints","2026-10-07","verified provider documentation; local country tile/height counts unverified","Public GeoJSON country/quadkey release links","Confirm exact release, extent, field missingness and commercial redistribution terms","ML omission/commission; footprints are not roofs/LOD2; never assume all heights populated",""
"Charlotte","US","21","Charlotte-Concord-Gastonia, NC-SC Metro Area","overture_buildings","Overture Maps Foundation","Buildings theme","candidate; spatial completeness unverified","Global release; city bbox not queried","","Release dependent; exact release not selected","","","building polygons; parts; nullable height; sources and stable IDs as documented","nullable; local completeness unmeasured","unverified","unverified","YELLOW","ODbL 1.0","verified theme licence","https://docs.overturemaps.org/attribution/","https://docs.overturemaps.org/guides/buildings/","2026-10-07","verified official guide/licensing; local count and height completeness unmeasured","Public release Parquet in S3/Azure","Confirm exact release, extent, field missingness and commercial redistribution terms","Attribution and applicable derivative-database/share-alike obligations; current Microsoft direct licence does not relicense Overture theme",""
"Baltimore","US","22","Baltimore-Columbia-Towson, MD Metro Area","microsoft_buildings","Microsoft","Global ML Building Footprints","candidate; spatial completeness unverified","Global country offering; this city extent and completeness not measured","Local imagery date unverified; provider describes imagery approximately 2014–2025","2026-08-13 global refresh; height updates 2026","","","footprint polygons; height on a subset only; confidence/source metadata depends on release","partial global height coverage; city-specific height share unmeasured","unverified","unverified","GREEN","CDLA-Permissive-2.0 (current direct Microsoft release)","verified current repository licence; archive release separately","https://github.com/microsoft/GlobalMLBuildingFootprints","https://github.com/microsoft/GlobalMLBuildingFootprints","2026-10-07","verified provider documentation; local country tile/height counts unverified","Public GeoJSON country/quadkey release links","Confirm exact release, extent, field missingness and commercial redistribution terms","ML omission/commission; footprints are not roofs/LOD2; never assume all heights populated",""
"Baltimore","US","22","Baltimore-Columbia-Towson, MD Metro Area","overture_buildings","Overture Maps Foundation","Buildings theme","candidate; spatial completeness unverified","Global release; city bbox not queried","","Release dependent; exact release not selected","","","building polygons; parts; nullable height; sources and stable IDs as documented","nullable; local completeness unmeasured","unverified","unverified","YELLOW","ODbL 1.0","verified theme licence","https://docs.overturemaps.org/attribution/","https://docs.overturemaps.org/guides/buildings/","2026-10-07","verified official guide/licensing; local count and height completeness unmeasured","Public release Parquet in S3/Azure","Confirm exact release, extent, field missingness and commercial redistribution terms","Attribution and applicable derivative-database/share-alike obligations; current Microsoft direct licence does not relicense Overture theme",""
"St Louis","US","23","St. Louis, MO-IL Metro Area","microsoft_buildings","Microsoft","Global ML Building Footprints","candidate; spatial completeness unverified","Global country offering; this city extent and completeness not measured","Local imagery date unverified; provider describes imagery approximately 2014–2025","2026-08-13 global refresh; height updates 2026","","","footprint polygons; height on a subset only; confidence/source metadata depends on release","partial global height coverage; city-specific height share unmeasured","unverified","unverified","GREEN","CDLA-Permissive-2.0 (current direct Microsoft release)","verified current repository licence; archive release separately","https://github.com/microsoft/GlobalMLBuildingFootprints","https://github.com/microsoft/GlobalMLBuildingFootprints","2026-10-07","verified provider documentation; local country tile/height counts unverified","Public GeoJSON country/quadkey release links","Confirm exact release, extent, field missingness and commercial redistribution terms","ML omission/commission; footprints are not roofs/LOD2; never assume all heights populated",""
"St Louis","US","23","St. Louis, MO-IL Metro Area","overture_buildings","Overture Maps Foundation","Buildings theme","candidate; spatial completeness unverified","Global release; city bbox not queried","","Release dependent; exact release not selected","","","building polygons; parts; nullable height; sources and stable IDs as documented","nullable; local completeness unmeasured","unverified","unverified","YELLOW","ODbL 1.0","verified theme licence","https://docs.overturemaps.org/attribution/","https://docs.overturemaps.org/guides/buildings/","2026-10-07","verified official guide/licensing; local count and height completeness unmeasured","Public release Parquet in S3/Azure","Confirm exact release, extent, field missingness and commercial redistribution terms","Attribution and applicable derivative-database/share-alike obligations; current Microsoft direct licence does not relicense Overture theme",""
"San Antonio","US","24","San Antonio-New Braunfels, TX Metro Area","microsoft_buildings","Microsoft","Global ML Building Footprints","candidate; spatial completeness unverified","Global country offering; this city extent and completeness not measured","Local imagery date unverified; provider describes imagery approximately 2014–2025","2026-08-13 global refresh; height updates 2026","","","footprint polygons; height on a subset only; confidence/source metadata depends on release","partial global height coverage; city-specific height share unmeasured","unverified","unverified","GREEN","CDLA-Permissive-2.0 (current direct Microsoft release)","verified current repository licence; archive release separately","https://github.com/microsoft/GlobalMLBuildingFootprints","https://github.com/microsoft/GlobalMLBuildingFootprints","2026-10-07","verified provider documentation; local country tile/height counts unverified","Public GeoJSON country/quadkey release links","Confirm exact release, extent, field missingness and commercial redistribution terms","ML omission/commission; footprints are not roofs/LOD2; never assume all heights populated",""
"San Antonio","US","24","San Antonio-New Braunfels, TX Metro Area","overture_buildings","Overture Maps Foundation","Buildings theme","candidate; spatial completeness unverified","Global release; city bbox not queried","","Release dependent; exact release not selected","","","building polygons; parts; nullable height; sources and stable IDs as documented","nullable; local completeness unmeasured","unverified","unverified","YELLOW","ODbL 1.0","verified theme licence","https://docs.overturemaps.org/attribution/","https://docs.overturemaps.org/guides/buildings/","2026-10-07","verified official guide/licensing; local count and height completeness unmeasured","Public release Parquet in S3/Azure","Confirm exact release, extent, field missingness and commercial redistribution terms","Attribution and applicable derivative-database/share-alike obligations; current Microsoft direct licence does not relicense Overture theme",""
"Austin","US","25","Austin-Round Rock-San Marcos, TX Metro Area","microsoft_buildings","Microsoft","Global ML Building Footprints","candidate; spatial completeness unverified","Global country offering; this city extent and completeness not measured","Local imagery date unverified; provider describes imagery approximately 2014–2025","2026-08-13 global refresh; height updates 2026","","","footprint polygons; height on a subset only; confidence/source metadata depends on release","partial global height coverage; city-specific height share unmeasured","unverified","unverified","GREEN","CDLA-Permissive-2.0 (current direct Microsoft release)","verified current repository licence; archive release separately","https://github.com/microsoft/GlobalMLBuildingFootprints","https://github.com/microsoft/GlobalMLBuildingFootprints","2026-10-07","verified provider documentation; local country tile/height counts unverified","Public GeoJSON country/quadkey release links","Confirm exact release, extent, field missingness and commercial redistribution terms","ML omission/commission; footprints are not roofs/LOD2; never assume all heights populated",""
"Austin","US","25","Austin-Round Rock-San Marcos, TX Metro Area","overture_buildings","Overture Maps Foundation","Buildings theme","candidate; spatial completeness unverified","Global release; city bbox not queried","","Release dependent; exact release not selected","","","building polygons; parts; nullable height; sources and stable IDs as documented","nullable; local completeness unmeasured","unverified","unverified","YELLOW","ODbL 1.0","verified theme licence","https://docs.overturemaps.org/attribution/","https://docs.overturemaps.org/guides/buildings/","2026-10-07","verified official guide/licensing; local count and height completeness unmeasured","Public release Parquet in S3/Azure","Confirm exact release, extent, field missingness and commercial redistribution terms","Attribution and applicable derivative-database/share-alike obligations; current Microsoft direct licence does not relicense Overture theme",""
"Portland","US","26","Portland-Vancouver-Hillsboro, OR-WA Metro Area","microsoft_buildings","Microsoft","Global ML Building Footprints","candidate; spatial completeness unverified","Global country offering; this city extent and completeness not measured","Local imagery date unverified; provider describes imagery approximately 2014–2025","2026-08-13 global refresh; height updates 2026","","","footprint polygons; height on a subset only; confidence/source metadata depends on release","partial global height coverage; city-specific height share unmeasured","unverified","unverified","GREEN","CDLA-Permissive-2.0 (current direct Microsoft release)","verified current repository licence; archive release separately","https://github.com/microsoft/GlobalMLBuildingFootprints","https://github.com/microsoft/GlobalMLBuildingFootprints","2026-10-07","verified provider documentation; local country tile/height counts unverified","Public GeoJSON country/quadkey release links","Confirm exact release, extent, field missingness and commercial redistribution terms","ML omission/commission; footprints are not roofs/LOD2; never assume all heights populated",""
"Portland","US","26","Portland-Vancouver-Hillsboro, OR-WA Metro Area","overture_buildings","Overture Maps Foundation","Buildings theme","candidate; spatial completeness unverified","Global release; city bbox not queried","","Release dependent; exact release not selected","","","building polygons; parts; nullable height; sources and stable IDs as documented","nullable; local completeness unmeasured","unverified","unverified","YELLOW","ODbL 1.0","verified theme licence","https://docs.overturemaps.org/attribution/","https://docs.overturemaps.org/guides/buildings/","2026-10-07","verified official guide/licensing; local count and height completeness unmeasured","Public release Parquet in S3/Azure","Confirm exact release, extent, field missingness and commercial redistribution terms","Attribution and applicable derivative-database/share-alike obligations; current Microsoft direct licence does not relicense Overture theme",""
"Sacramento","US","27","Sacramento-Roseville-Folsom, CA Metro Area","microsoft_buildings","Microsoft","Global ML Building Footprints","candidate; spatial completeness unverified","Global country offering; this city extent and completeness not measured","Local imagery date unverified; provider describes imagery approximately 2014–2025","2026-08-13 global refresh; height updates 2026","","","footprint polygons; height on a subset only; confidence/source metadata depends on release","partial global height coverage; city-specific height share unmeasured","unverified","unverified","GREEN","CDLA-Permissive-2.0 (current direct Microsoft release)","verified current repository licence; archive release separately","https://github.com/microsoft/GlobalMLBuildingFootprints","https://github.com/microsoft/GlobalMLBuildingFootprints","2026-10-07","verified provider documentation; local country tile/height counts unverified","Public GeoJSON country/quadkey release links","Confirm exact release, extent, field missingness and commercial redistribution terms","ML omission/commission; footprints are not roofs/LOD2; never assume all heights populated",""
"Sacramento","US","27","Sacramento-Roseville-Folsom, CA Metro Area","overture_buildings","Overture Maps Foundation","Buildings theme","candidate; spatial completeness unverified","Global release; city bbox not queried","","Release dependent; exact release not selected","","","building polygons; parts; nullable height; sources and stable IDs as documented","nullable; local completeness unmeasured","unverified","unverified","YELLOW","ODbL 1.0","verified theme licence","https://docs.overturemaps.org/attribution/","https://docs.overturemaps.org/guides/buildings/","2026-10-07","verified official guide/licensing; local count and height completeness unmeasured","Public release Parquet in S3/Azure","Confirm exact release, extent, field missingness and commercial redistribution terms","Attribution and applicable derivative-database/share-alike obligations; current Microsoft direct licence does not relicense Overture theme",""
"Pittsburgh","US","28","Pittsburgh, PA Metro Area","microsoft_buildings","Microsoft","Global ML Building Footprints","candidate; spatial completeness unverified","Global country offering; this city extent and completeness not measured","Local imagery date unverified; provider describes imagery approximately 2014–2025","2026-08-13 global refresh; height updates 2026","","","footprint polygons; height on a subset only; confidence/source metadata depends on release","partial global height coverage; city-specific height share unmeasured","unverified","unverified","GREEN","CDLA-Permissive-2.0 (current direct Microsoft release)","verified current repository licence; archive release separately","https://github.com/microsoft/GlobalMLBuildingFootprints","https://github.com/microsoft/GlobalMLBuildingFootprints","2026-10-07","verified provider documentation; local country tile/height counts unverified","Public GeoJSON country/quadkey release links","Confirm exact release, extent, field missingness and commercial redistribution terms","ML omission/commission; footprints are not roofs/LOD2; never assume all heights populated",""
"Pittsburgh","US","28","Pittsburgh, PA Metro Area","overture_buildings","Overture Maps Foundation","Buildings theme","candidate; spatial completeness unverified","Global release; city bbox not queried","","Release dependent; exact release not selected","","","building polygons; parts; nullable height; sources and stable IDs as documented","nullable; local completeness unmeasured","unverified","unverified","YELLOW","ODbL 1.0","verified theme licence","https://docs.overturemaps.org/attribution/","https://docs.overturemaps.org/guides/buildings/","2026-10-07","verified official guide/licensing; local count and height completeness unmeasured","Public release Parquet in S3/Azure","Confirm exact release, extent, field missingness and commercial redistribution terms","Attribution and applicable derivative-database/share-alike obligations; current Microsoft direct licence does not relicense Overture theme",""
"Las Vegas","US","29","Las Vegas-Henderson-North Las Vegas, NV Metro Area","microsoft_buildings","Microsoft","Global ML Building Footprints","candidate; spatial completeness unverified","Global country offering; this city extent and completeness not measured","Local imagery date unverified; provider describes imagery approximately 2014–2025","2026-08-13 global refresh; height updates 2026","","","footprint polygons; height on a subset only; confidence/source metadata depends on release","partial global height coverage; city-specific height share unmeasured","unverified","unverified","GREEN","CDLA-Permissive-2.0 (current direct Microsoft release)","verified current repository licence; archive release separately","https://github.com/microsoft/GlobalMLBuildingFootprints","https://github.com/microsoft/GlobalMLBuildingFootprints","2026-10-07","verified provider documentation; local country tile/height counts unverified","Public GeoJSON country/quadkey release links","Confirm exact release, extent, field missingness and commercial redistribution terms","ML omission/commission; footprints are not roofs/LOD2; never assume all heights populated",""
"Las Vegas","US","29","Las Vegas-Henderson-North Las Vegas, NV Metro Area","overture_buildings","Overture Maps Foundation","Buildings theme","candidate; spatial completeness unverified","Global release; city bbox not queried","","Release dependent; exact release not selected","","","building polygons; parts; nullable height; sources and stable IDs as documented","nullable; local completeness unmeasured","unverified","unverified","YELLOW","ODbL 1.0","verified theme licence","https://docs.overturemaps.org/attribution/","https://docs.overturemaps.org/guides/buildings/","2026-10-07","verified official guide/licensing; local count and height completeness unmeasured","Public release Parquet in S3/Azure","Confirm exact release, extent, field missingness and commercial redistribution terms","Attribution and applicable derivative-database/share-alike obligations; current Microsoft direct licence does not relicense Overture theme",""
"Cincinnati","US","30","Cincinnati, OH-KY-IN Metro Area","microsoft_buildings","Microsoft","Global ML Building Footprints","candidate; spatial completeness unverified","Global country offering; this city extent and completeness not measured","Local imagery date unverified; provider describes imagery approximately 2014–2025","2026-08-13 global refresh; height updates 2026","","","footprint polygons; height on a subset only; confidence/source metadata depends on release","partial global height coverage; city-specific height share unmeasured","unverified","unverified","GREEN","CDLA-Permissive-2.0 (current direct Microsoft release)","verified current repository licence; archive release separately","https://github.com/microsoft/GlobalMLBuildingFootprints","https://github.com/microsoft/GlobalMLBuildingFootprints","2026-10-07","verified provider documentation; local country tile/height counts unverified","Public GeoJSON country/quadkey release links","Confirm exact release, extent, field missingness and commercial redistribution terms","ML omission/commission; footprints are not roofs/LOD2; never assume all heights populated",""
"Cincinnati","US","30","Cincinnati, OH-KY-IN Metro Area","overture_buildings","Overture Maps Foundation","Buildings theme","candidate; spatial completeness unverified","Global release; city bbox not queried","","Release dependent; exact release not selected","","","building polygons; parts; nullable height; sources and stable IDs as documented","nullable; local completeness unmeasured","unverified","unverified","YELLOW","ODbL 1.0","verified theme licence","https://docs.overturemaps.org/attribution/","https://docs.overturemaps.org/guides/buildings/","2026-10-07","verified official guide/licensing; local count and height completeness unmeasured","Public release Parquet in S3/Azure","Confirm exact release, extent, field missingness and commercial redistribution terms","Attribution and applicable derivative-database/share-alike obligations; current Microsoft direct licence does not relicense Overture theme",""
"Greenville SC","US","","Greenville SC additional city; not top-30 selection","microsoft_buildings","Microsoft","Global ML Building Footprints","candidate; spatial completeness unverified","Global country offering; this city extent and completeness not measured","Local imagery date unverified; provider describes imagery approximately 2014–2025","2026-08-13 global refresh; height updates 2026","","","footprint polygons; height on a subset only; confidence/source metadata depends on release","partial global height coverage; city-specific height share unmeasured","unverified","unverified","GREEN","CDLA-Permissive-2.0 (current direct Microsoft release)","verified current repository licence; archive release separately","https://github.com/microsoft/GlobalMLBuildingFootprints","https://github.com/microsoft/GlobalMLBuildingFootprints","2026-10-07","verified provider documentation; local country tile/height counts unverified","Public GeoJSON country/quadkey release links","Confirm exact release, extent, field missingness and commercial redistribution terms","ML omission/commission; footprints are not roofs/LOD2; never assume all heights populated",""
"Greenville SC","US","","Greenville SC additional city; not top-30 selection","overture_buildings","Overture Maps Foundation","Buildings theme","candidate; spatial completeness unverified","Global release; city bbox not queried","","Release dependent; exact release not selected","","","building polygons; parts; nullable height; sources and stable IDs as documented","nullable; local completeness unmeasured","unverified","unverified","YELLOW","ODbL 1.0","verified theme licence","https://docs.overturemaps.org/attribution/","https://docs.overturemaps.org/guides/buildings/","2026-10-07","verified official guide/licensing; local count and height completeness unmeasured","Public release Parquet in S3/Azure","Confirm exact release, extent, field missingness and commercial redistribution terms","Attribution and applicable derivative-database/share-alike obligations; current Microsoft direct licence does not relicense Overture theme",""
"Toronto","Canada","","Requested international city; metropolitan boundary not normalized","microsoft_buildings","Microsoft","Global ML Building Footprints","candidate; spatial completeness unverified","Global country offering; this city extent and completeness not measured","Local imagery date unverified; provider describes imagery approximately 2014–2025","2026-08-13 global refresh; height updates 2026","","","footprint polygons; height on a subset only; confidence/source metadata depends on release","partial global height coverage; city-specific height share unmeasured","unverified","unverified","GREEN","CDLA-Permissive-2.0 (current direct Microsoft release)","verified current repository licence; archive release separately","https://github.com/microsoft/GlobalMLBuildingFootprints","https://github.com/microsoft/GlobalMLBuildingFootprints","2026-10-07","verified provider documentation; local country tile/height counts unverified","Public GeoJSON country/quadkey release links","Confirm exact release, extent, field missingness and commercial redistribution terms","ML omission/commission; footprints are not roofs/LOD2; never assume all heights populated",""
"Toronto","Canada","","Requested international city; metropolitan boundary not normalized","overture_buildings","Overture Maps Foundation","Buildings theme","candidate; spatial completeness unverified","Global release; city bbox not queried","","Release dependent; exact release not selected","","","building polygons; parts; nullable height; sources and stable IDs as documented","nullable; local completeness unmeasured","unverified","unverified","YELLOW","ODbL 1.0","verified theme licence","https://docs.overturemaps.org/attribution/","https://docs.overturemaps.org/guides/buildings/","2026-10-07","verified official guide/licensing; local count and height completeness unmeasured","Public release Parquet in S3/Azure","Confirm exact release, extent, field missingness and commercial redistribution terms","Attribution and applicable derivative-database/share-alike obligations; current Microsoft direct licence does not relicense Overture theme",""
"Vancouver","Canada","","Requested international city; metropolitan boundary not normalized","microsoft_buildings","Microsoft","Global ML Building Footprints","candidate; spatial completeness unverified","Global country offering; this city extent and completeness not measured","Local imagery date unverified; provider describes imagery approximately 2014–2025","2026-08-13 global refresh; height updates 2026","","","footprint polygons; height on a subset only; confidence/source metadata depends on release","partial global height coverage; city-specific height share unmeasured","unverified","unverified","GREEN","CDLA-Permissive-2.0 (current direct Microsoft release)","verified current repository licence; archive release separately","https://github.com/microsoft/GlobalMLBuildingFootprints","https://github.com/microsoft/GlobalMLBuildingFootprints","2026-10-07","verified provider documentation; local country tile/height counts unverified","Public GeoJSON country/quadkey release links","Confirm exact release, extent, field missingness and commercial redistribution terms","ML omission/commission; footprints are not roofs/LOD2; never assume all heights populated",""
"Vancouver","Canada","","Requested international city; metropolitan boundary not normalized","overture_buildings","Overture Maps Foundation","Buildings theme","candidate; spatial completeness unverified","Global release; city bbox not queried","","Release dependent; exact release not selected","","","building polygons; parts; nullable height; sources and stable IDs as documented","nullable; local completeness unmeasured","unverified","unverified","YELLOW","ODbL 1.0","verified theme licence","https://docs.overturemaps.org/attribution/","https://docs.overturemaps.org/guides/buildings/","2026-10-07","verified official guide/licensing; local count and height completeness unmeasured","Public release Parquet in S3/Azure","Confirm exact release, extent, field missingness and commercial redistribution terms","Attribution and applicable derivative-database/share-alike obligations; current Microsoft direct licence does not relicense Overture theme",""
"London","UK","","Requested international city; metropolitan boundary not normalized","microsoft_buildings","Microsoft","Global ML Building Footprints","candidate; spatial completeness unverified","Global country offering; this city extent and completeness not measured","Local imagery date unverified; provider describes imagery approximately 2014–2025","2026-08-13 global refresh; height updates 2026","","","footprint polygons; height on a subset only; confidence/source metadata depends on release","partial global height coverage; city-specific height share unmeasured","unverified","unverified","GREEN","CDLA-Permissive-2.0 (current direct Microsoft release)","verified current repository licence; archive release separately","https://github.com/microsoft/GlobalMLBuildingFootprints","https://github.com/microsoft/GlobalMLBuildingFootprints","2026-10-07","verified provider documentation; local country tile/height counts unverified","Public GeoJSON country/quadkey release links","Confirm exact release, extent, field missingness and commercial redistribution terms","ML omission/commission; footprints are not roofs/LOD2; never assume all heights populated",""
"London","UK","","Requested international city; metropolitan boundary not normalized","overture_buildings","Overture Maps Foundation","Buildings theme","candidate; spatial completeness unverified","Global release; city bbox not queried","","Release dependent; exact release not selected","","","building polygons; parts; nullable height; sources and stable IDs as documented","nullable; local completeness unmeasured","unverified","unverified","YELLOW","ODbL 1.0","verified theme licence","https://docs.overturemaps.org/attribution/","https://docs.overturemaps.org/guides/buildings/","2026-10-07","verified official guide/licensing; local count and height completeness unmeasured","Public release Parquet in S3/Azure","Confirm exact release, extent, field missingness and commercial redistribution terms","Attribution and applicable derivative-database/share-alike obligations; current Microsoft direct licence does not relicense Overture theme",""
"Amsterdam","Netherlands","","Requested international city; metropolitan boundary not normalized","microsoft_buildings","Microsoft","Global ML Building Footprints","candidate; spatial completeness unverified","Global country offering; this city extent and completeness not measured","Local imagery date unverified; provider describes imagery approximately 2014–2025","2026-08-13 global refresh; height updates 2026","","","footprint polygons; height on a subset only; confidence/source metadata depends on release","partial global height coverage; city-specific height share unmeasured","unverified","unverified","GREEN","CDLA-Permissive-2.0 (current direct Microsoft release)","verified current repository licence; archive release separately","https://github.com/microsoft/GlobalMLBuildingFootprints","https://github.com/microsoft/GlobalMLBuildingFootprints","2026-10-07","verified provider documentation; local country tile/height counts unverified","Public GeoJSON country/quadkey release links","Confirm exact release, extent, field missingness and commercial redistribution terms","ML omission/commission; footprints are not roofs/LOD2; never assume all heights populated",""
"Amsterdam","Netherlands","","Requested international city; metropolitan boundary not normalized","overture_buildings","Overture Maps Foundation","Buildings theme","candidate; spatial completeness unverified","Global release; city bbox not queried","","Release dependent; exact release not selected","","","building polygons; parts; nullable height; sources and stable IDs as documented","nullable; local completeness unmeasured","unverified","unverified","YELLOW","ODbL 1.0","verified theme licence","https://docs.overturemaps.org/attribution/","https://docs.overturemaps.org/guides/buildings/","2026-10-07","verified official guide/licensing; local count and height completeness unmeasured","Public release Parquet in S3/Azure","Confirm exact release, extent, field missingness and commercial redistribution terms","Attribution and applicable derivative-database/share-alike obligations; current Microsoft direct licence does not relicense Overture theme",""
"Mexico City","Mexico","","Requested international city; metropolitan boundary not normalized","microsoft_buildings","Microsoft","Global ML Building Footprints","candidate; spatial completeness unverified","Global country offering; this city extent and completeness not measured","Local imagery date unverified; provider describes imagery approximately 2014–2025","2026-08-13 global refresh; height updates 2026","","","footprint polygons; height on a subset only; confidence/source metadata depends on release","partial global height coverage; city-specific height share unmeasured","unverified","unverified","GREEN","CDLA-Permissive-2.0 (current direct Microsoft release)","verified current repository licence; archive release separately","https://github.com/microsoft/GlobalMLBuildingFootprints","https://github.com/microsoft/GlobalMLBuildingFootprints","2026-10-07","verified provider documentation; local country tile/height counts unverified","Public GeoJSON country/quadkey release links","Confirm exact release, extent, field missingness and commercial redistribution terms","ML omission/commission; footprints are not roofs/LOD2; never assume all heights populated",""
"Mexico City","Mexico","","Requested international city; metropolitan boundary not normalized","overture_buildings","Overture Maps Foundation","Buildings theme","candidate; spatial completeness unverified","Global release; city bbox not queried","","Release dependent; exact release not selected","","","building polygons; parts; nullable height; sources and stable IDs as documented","nullable; local completeness unmeasured","unverified","unverified","YELLOW","ODbL 1.0","verified theme licence","https://docs.overturemaps.org/attribution/","https://docs.overturemaps.org/guides/buildings/","2026-10-07","verified official guide/licensing; local count and height completeness unmeasured","Public release Parquet in S3/Azure","Confirm exact release, extent, field missingness and commercial redistribution terms","Attribution and applicable derivative-database/share-alike obligations; current Microsoft direct licence does not relicense Overture theme",""
"Sydney","Australia","","Requested international city; metropolitan boundary not normalized","microsoft_buildings","Microsoft","Global ML Building Footprints","candidate; spatial completeness unverified","Global country offering; this city extent and completeness not measured","Local imagery date unverified; provider describes imagery approximately 2014–2025","2026-08-13 global refresh; height updates 2026","","","footprint polygons; height on a subset only; confidence/source metadata depends on release","partial global height coverage; city-specific height share unmeasured","unverified","unverified","GREEN","CDLA-Permissive-2.0 (current direct Microsoft release)","verified current repository licence; archive release separately","https://github.com/microsoft/GlobalMLBuildingFootprints","https://github.com/microsoft/GlobalMLBuildingFootprints","2026-10-07","verified provider documentation; local country tile/height counts unverified","Public GeoJSON country/quadkey release links","Confirm exact release, extent, field missingness and commercial redistribution terms","ML omission/commission; footprints are not roofs/LOD2; never assume all heights populated",""
"Sydney","Australia","","Requested international city; metropolitan boundary not normalized","overture_buildings","Overture Maps Foundation","Buildings theme","candidate; spatial completeness unverified","Global release; city bbox not queried","","Release dependent; exact release not selected","","","building polygons; parts; nullable height; sources and stable IDs as documented","nullable; local completeness unmeasured","unverified","unverified","YELLOW","ODbL 1.0","verified theme licence","https://docs.overturemaps.org/attribution/","https://docs.overturemaps.org/guides/buildings/","2026-10-07","verified official guide/licensing; local count and height completeness unmeasured","Public release Parquet in S3/Azure","Confirm exact release, extent, field missingness and commercial redistribution terms","Attribution and applicable derivative-database/share-alike obligations; current Microsoft direct licence does not relicense Overture theme",""
"Tokyo","Japan","","Requested international city; metropolitan boundary not normalized","microsoft_buildings","Microsoft","Global ML Building Footprints","candidate; spatial completeness unverified","Global country offering; this city extent and completeness not measured","Local imagery date unverified; provider describes imagery approximately 2014–2025","2026-08-13 global refresh; height updates 2026","","","footprint polygons; height on a subset only; confidence/source metadata depends on release","partial global height coverage; city-specific height share unmeasured","unverified","unverified","GREEN","CDLA-Permissive-2.0 (current direct Microsoft release)","verified current repository licence; archive release separately","https://github.com/microsoft/GlobalMLBuildingFootprints","https://github.com/microsoft/GlobalMLBuildingFootprints","2026-10-07","verified provider documentation; local country tile/height counts unverified","Public GeoJSON country/quadkey release links","Confirm exact release, extent, field missingness and commercial redistribution terms","ML omission/commission; footprints are not roofs/LOD2; never assume all heights populated",""
"Tokyo","Japan","","Requested international city; metropolitan boundary not normalized","overture_buildings","Overture Maps Foundation","Buildings theme","candidate; spatial completeness unverified","Global release; city bbox not queried","","Release dependent; exact release not selected","","","building polygons; parts; nullable height; sources and stable IDs as documented","nullable; local completeness unmeasured","unverified","unverified","YELLOW","ODbL 1.0","verified theme licence","https://docs.overturemaps.org/attribution/","https://docs.overturemaps.org/guides/buildings/","2026-10-07","verified official guide/licensing; local count and height completeness unmeasured","Public release Parquet in S3/Azure","Confirm exact release, extent, field missingness and commercial redistribution terms","Attribution and applicable derivative-database/share-alike obligations; current Microsoft direct licence does not relicense Overture theme",""
"New York","US","1","New York-Newark-Jersey City, NY-NJ Metro Area","lod2_model","NYC DCP","NYC 3D Building Model","candidate; spatial completeness unverified","Core city or named agency only; metro-wide coverage unverified","","2014 aerial basis; metadata says last data update 2018-08-23","","General LOD1.5; about 100 iconic buildings LOD2, not citywide LOD2","3D building geometry; roofs vary by documented LOD; attribute missingness unmeasured","mesh geometry available; local completeness unmeasured","unverified","unverified","YELLOW","Model metadata as-is/public distribution; exact model-specific reuse grant unverified","unverified","https://www.nyc.gov/assets/planning/download/pdf/data-maps/open-data/nyc-3d-model-metadata.pdf","https://www.nyc.gov/assets/planning/download/pdf/data-maps/open-data/nyc-3d-model-metadata.pdf","2026-10-07","official metadata reviewed; model files not downloaded","Public catalogue/metadata; bulk access unverified","Confirm exact release, extent, field missingness and commercial redistribution terms","Public 3D viewer does not establish roof completeness or commercial asset redistribution permission",""
"Los Angeles","US","2","Los Angeles-Long Beach-Anaheim, CA Metro Area","lod2_model","Local city/regional GIS","Open LOD2 not verified in this audit","unverified; not evidence that no model exists","Core city or named agency only; metro-wide coverage unverified","","","","No verified openly reusable LOD2 product","unverified","unverified","unverified","unverified","YELLOW","Unverified dataset-specific licence","unverified","https://maps.lacity.org/lahub/rest/services/Landbase_Information_WFS/MapServer/0","https://maps.lacity.org/lahub/rest/services/Landbase_Information_WFS/MapServer/0","2026-10-07","search/discovery only; no qualified LOD2 product verified","Public catalogue/metadata; bulk access unverified","Request downloadable roof-resolved model, acquisition date, LOD statement and commercial redistribution licence","Footprints plus a height extrusion are LOD1, not LOD2; ArcGIS/Google textured viewers are not an asset licence",""
"Chicago","US","3","Chicago-Naperville-Elgin, IL-IN Metro Area","lod2_model","Local city/regional GIS","Open LOD2 not verified in this audit","unverified; not evidence that no model exists","Core city or named agency only; metro-wide coverage unverified","","","","No verified openly reusable LOD2 product","unverified","unverified","unverified","unverified","YELLOW","Unverified dataset-specific licence","unverified","https://data.cityofchicago.org/Buildings/Building-Footprints-current-/hz9b-7nh8/about","https://data.cityofchicago.org/Buildings/Building-Footprints-current-/hz9b-7nh8/about","2026-10-07","search/discovery only; no qualified LOD2 product verified","Public catalogue/metadata; bulk access unverified","Request downloadable roof-resolved model, acquisition date, LOD statement and commercial redistribution licence","Footprints plus a height extrusion are LOD1, not LOD2; ArcGIS/Google textured viewers are not an asset licence",""
"Dallas-Fort Worth","US","4","Dallas-Fort Worth-Arlington, TX Metro Area","lod2_model","Local city/regional GIS","Open LOD2 not verified in this audit","unverified; not evidence that no model exists","Core city or named agency only; metro-wide coverage unverified","","","","No verified openly reusable LOD2 product","unverified","unverified","unverified","unverified","YELLOW","Unverified dataset-specific licence","unverified","https://data.fortworthtexas.gov/","https://data.fortworthtexas.gov/","2026-10-07","search/discovery only; no qualified LOD2 product verified","Public catalogue/metadata; bulk access unverified","Request downloadable roof-resolved model, acquisition date, LOD statement and commercial redistribution licence","Footprints plus a height extrusion are LOD1, not LOD2; ArcGIS/Google textured viewers are not an asset licence",""
"Houston","US","5","Houston-Pasadena-The Woodlands, TX Metro Area","lod2_model","Local city/regional GIS","Open LOD2 not verified in this audit","unverified; not evidence that no model exists","Core city or named agency only; metro-wide coverage unverified","","","","No verified openly reusable LOD2 product","unverified","unverified","unverified","unverified","YELLOW","Unverified dataset-specific licence","unverified","https://hcad.org/pdata/pdata-gis-downloads.html","https://hcad.org/pdata/pdata-gis-downloads.html","2026-10-07","search/discovery only; no qualified LOD2 product verified","Public catalogue/metadata; bulk access unverified","Request downloadable roof-resolved model, acquisition date, LOD statement and commercial redistribution licence","Footprints plus a height extrusion are LOD1, not LOD2; ArcGIS/Google textured viewers are not an asset licence",""
"Atlanta","US","6","Atlanta-Sandy Springs-Roswell, GA Metro Area","lod2_model","Local city/regional GIS","Open LOD2 not verified in this audit","unverified; not evidence that no model exists","Core city or named agency only; metro-wide coverage unverified","","","","No verified openly reusable LOD2 product","unverified","unverified","unverified","unverified","YELLOW","Unverified dataset-specific licence","unverified","https://gis.atlantaga.gov/dpcd/rest/services/OpenDataService1/MapServer/10","https://gis.atlantaga.gov/dpcd/rest/services/OpenDataService1/MapServer/10","2026-10-07","search/discovery only; no qualified LOD2 product verified","Public catalogue/metadata; bulk access unverified","Request downloadable roof-resolved model, acquisition date, LOD statement and commercial redistribution licence","Footprints plus a height extrusion are LOD1, not LOD2; ArcGIS/Google textured viewers are not an asset licence",""
"Washington DC","US","7","Washington-Arlington-Alexandria, DC-VA-MD-WV Metro Area","lod2_model","Local city/regional GIS","Open LOD2 not verified in this audit","unverified; not evidence that no model exists","Core city or named agency only; metro-wide coverage unverified","","","","No verified openly reusable LOD2 product","unverified","unverified","unverified","unverified","YELLOW","Unverified dataset-specific licence","unverified","https://opendata.dc.gov/","https://opendata.dc.gov/","2026-10-07","search/discovery only; no qualified LOD2 product verified","Public catalogue/metadata; bulk access unverified","Request downloadable roof-resolved model, acquisition date, LOD statement and commercial redistribution licence","Footprints plus a height extrusion are LOD1, not LOD2; ArcGIS/Google textured viewers are not an asset licence",""
"Miami","US","8","Miami-Fort Lauderdale-West Palm Beach, FL Metro Area","lod2_model","Local city/regional GIS","Open LOD2 not verified in this audit","unverified; not evidence that no model exists","Core city or named agency only; metro-wide coverage unverified","","","","No verified openly reusable LOD2 product","unverified","unverified","unverified","unverified","YELLOW","Unverified dataset-specific licence","unverified","https://gisweb.miamidade.gov/arcgis/rest/services/MD_Emaps/MapServer","https://gisweb.miamidade.gov/arcgis/rest/services/MD_Emaps/MapServer","2026-10-07","search/discovery only; no qualified LOD2 product verified","Public catalogue/metadata; bulk access unverified","Request downloadable roof-resolved model, acquisition date, LOD statement and commercial redistribution licence","Footprints plus a height extrusion are LOD1, not LOD2; ArcGIS/Google textured viewers are not an asset licence",""
"Philadelphia","US","9","Philadelphia-Camden-Wilmington, PA-NJ-DE-MD Metro Area","lod2_model","Local city/regional GIS","Open LOD2 not verified in this audit","unverified; not evidence that no model exists","Core city or named agency only; metro-wide coverage unverified","","","","No verified openly reusable LOD2 product","unverified","unverified","unverified","unverified","YELLOW","Unverified dataset-specific licence","unverified","https://opendataphilly.org/datasets/building-footprints/","https://opendataphilly.org/datasets/building-footprints/","2026-10-07","search/discovery only; no qualified LOD2 product verified","Public catalogue/metadata; bulk access unverified","Request downloadable roof-resolved model, acquisition date, LOD statement and commercial redistribution licence","Footprints plus a height extrusion are LOD1, not LOD2; ArcGIS/Google textured viewers are not an asset licence",""
"Phoenix","US","10","Phoenix-Mesa-Chandler, AZ Metro Area","lod2_model","Local city/regional GIS","Open LOD2 not verified in this audit","unverified; not evidence that no model exists","Core city or named agency only; metro-wide coverage unverified","","","","No verified openly reusable LOD2 product","unverified","unverified","unverified","unverified","YELLOW","Unverified dataset-specific licence","unverified","https://maps.phoenix.gov/pub/rest/services/","https://maps.phoenix.gov/pub/rest/services/","2026-10-07","search/discovery only; no qualified LOD2 product verified","Public catalogue/metadata; bulk access unverified","Request downloadable roof-resolved model, acquisition date, LOD statement and commercial redistribution licence","Footprints plus a height extrusion are LOD1, not LOD2; ArcGIS/Google textured viewers are not an asset licence",""
"Boston","US","11","Boston-Cambridge-Newton, MA-NH Metro Area","lod2_model","BPDA","Boston 3D Smart Model","candidate; spatial completeness unverified","Core city or named agency only; metro-wide coverage unverified","","2021 release; mixed source dates","","Downloadable 3D buildings/terrain; exact LOD2 extent unverified","3D building geometry; roofs vary by documented LOD; attribute missingness unmeasured","mesh geometry available; local completeness unmeasured","unverified","unverified","YELLOW","Official download available; explicit model commercial redistribution terms unverified","unverified","https://maps.bostonplans.org/3d/3D_Data_Documentation.pdf","https://maps.bostonplans.org/3d/3D_Data_Documentation.pdf","2026-10-07","official metadata reviewed; model files not downloaded","Public catalogue/metadata; bulk access unverified","Confirm exact release, extent, field missingness and commercial redistribution terms","Public 3D viewer does not establish roof completeness or commercial asset redistribution permission",""
"Riverside-San Bernardino","US","12","Riverside-San Bernardino-Ontario, CA Metro Area","lod2_model","Local city/regional GIS","Open LOD2 not verified in this audit","unverified; not evidence that no model exists","Core city or named agency only; metro-wide coverage unverified","","","","No verified openly reusable LOD2 product","unverified","unverified","unverified","unverified","YELLOW","Unverified dataset-specific licence","unverified","https://gis.countyofriverside.us/arcgis_public/rest/services/OpenData","https://gis.countyofriverside.us/arcgis_public/rest/services/OpenData","2026-10-07","search/discovery only; no qualified LOD2 product verified","Public catalogue/metadata; bulk access unverified","Request downloadable roof-resolved model, acquisition date, LOD statement and commercial redistribution licence","Footprints plus a height extrusion are LOD1, not LOD2; ArcGIS/Google textured viewers are not an asset licence",""
"San Francisco-Oakland","US","13","San Francisco-Oakland-Fremont, CA Metro Area","lod2_model","Local city/regional GIS","Open LOD2 not verified in this audit","unverified; not evidence that no model exists","Core city or named agency only; metro-wide coverage unverified","","","","No verified openly reusable LOD2 product","unverified","unverified","unverified","unverified","YELLOW","Unverified dataset-specific licence","unverified","https://data.sfgov.org/Housing-and-Buildings/Building-Footprints/ynuv-fyni","https://data.sfgov.org/Housing-and-Buildings/Building-Footprints/ynuv-fyni","2026-10-07","search/discovery only; no qualified LOD2 product verified","Public catalogue/metadata; bulk access unverified","Request downloadable roof-resolved model, acquisition date, LOD statement and commercial redistribution licence","Footprints plus a height extrusion are LOD1, not LOD2; ArcGIS/Google textured viewers are not an asset licence",""
"Detroit","US","14","Detroit-Warren-Dearborn, MI Metro Area","lod2_model","Local city/regional GIS","Open LOD2 not verified in this audit","unverified; not evidence that no model exists","Core city or named agency only; metro-wide coverage unverified","","","","No verified openly reusable LOD2 product","unverified","unverified","unverified","unverified","YELLOW","Unverified dataset-specific licence","unverified","https://services2.arcgis.com/HsXtOCMp1Nis1Ogr/ArcGIS/rest/services/building_footprints_20240218/FeatureServer","https://services2.arcgis.com/HsXtOCMp1Nis1Ogr/ArcGIS/rest/services/building_footprints_20240218/FeatureServer","2026-10-07","search/discovery only; no qualified LOD2 product verified","Public catalogue/metadata; bulk access unverified","Request downloadable roof-resolved model, acquisition date, LOD statement and commercial redistribution licence","Footprints plus a height extrusion are LOD1, not LOD2; ArcGIS/Google textured viewers are not an asset licence",""
"Seattle","US","15","Seattle-Tacoma-Bellevue, WA Metro Area","lod2_model","Local city/regional GIS","Open LOD2 not verified in this audit","unverified; not evidence that no model exists","Core city or named agency only; metro-wide coverage unverified","","","","No verified openly reusable LOD2 product","unverified","unverified","unverified","unverified","YELLOW","Unverified dataset-specific licence","unverified","https://catalog.data.gov/dataset/building-outlines-2023","https://catalog.data.gov/dataset/building-outlines-2023","2026-10-07","search/discovery only; no qualified LOD2 product verified","Public catalogue/metadata; bulk access unverified","Request downloadable roof-resolved model, acquisition date, LOD statement and commercial redistribution licence","Footprints plus a height extrusion are LOD1, not LOD2; ArcGIS/Google textured viewers are not an asset licence",""
"Minneapolis-St Paul","US","16","Minneapolis-St. Paul-Bloomington, MN-WI Metro Area","lod2_model","Local city/regional GIS","Open LOD2 not verified in this audit","unverified; not evidence that no model exists","Core city or named agency only; metro-wide coverage unverified","","","","No verified openly reusable LOD2 product","unverified","unverified","unverified","unverified","YELLOW","Unverified dataset-specific licence","unverified","https://gisdata.mn.gov/","https://gisdata.mn.gov/","2026-10-07","search/discovery only; no qualified LOD2 product verified","Public catalogue/metadata; bulk access unverified","Request downloadable roof-resolved model, acquisition date, LOD statement and commercial redistribution licence","Footprints plus a height extrusion are LOD1, not LOD2; ArcGIS/Google textured viewers are not an asset licence",""
"Tampa","US","17","Tampa-St. Petersburg-Clearwater, FL Metro Area","lod2_model","Local city/regional GIS","Open LOD2 not verified in this audit","unverified; not evidence that no model exists","Core city or named agency only; metro-wide coverage unverified","","","","No verified openly reusable LOD2 product","unverified","unverified","unverified","unverified","YELLOW","Unverified dataset-specific licence","unverified","https://downloads.hcpafl.org/","https://downloads.hcpafl.org/","2026-10-07","search/discovery only; no qualified LOD2 product verified","Public catalogue/metadata; bulk access unverified","Request downloadable roof-resolved model, acquisition date, LOD statement and commercial redistribution licence","Footprints plus a height extrusion are LOD1, not LOD2; ArcGIS/Google textured viewers are not an asset licence",""
"San Diego","US","18","San Diego-Chula Vista-Carlsbad, CA Metro Area","lod2_model","Local city/regional GIS","Open LOD2 not verified in this audit","unverified; not evidence that no model exists","Core city or named agency only; metro-wide coverage unverified","","","","No verified openly reusable LOD2 product","unverified","unverified","unverified","unverified","YELLOW","Unverified dataset-specific licence","unverified","https://geo.sandag.org/server/rest/directories/downloads/Building_Outlines.pdf","https://geo.sandag.org/server/rest/directories/downloads/Building_Outlines.pdf","2026-10-07","search/discovery only; no qualified LOD2 product verified","Public catalogue/metadata; bulk access unverified","Request downloadable roof-resolved model, acquisition date, LOD statement and commercial redistribution licence","Footprints plus a height extrusion are LOD1, not LOD2; ArcGIS/Google textured viewers are not an asset licence",""
"Denver","US","19","Denver-Aurora-Centennial, CO Metro Area","lod2_model","Local city/regional GIS","Open LOD2 not verified in this audit","unverified; not evidence that no model exists","Core city or named agency only; metro-wide coverage unverified","","","","No verified openly reusable LOD2 product","unverified","unverified","unverified","unverified","YELLOW","Unverified dataset-specific licence","unverified","https://opendata-geospatialdenver.hub.arcgis.com/","https://opendata-geospatialdenver.hub.arcgis.com/","2026-10-07","search/discovery only; no qualified LOD2 product verified","Public catalogue/metadata; bulk access unverified","Request downloadable roof-resolved model, acquisition date, LOD statement and commercial redistribution licence","Footprints plus a height extrusion are LOD1, not LOD2; ArcGIS/Google textured viewers are not an asset licence",""
"Orlando","US","20","Orlando-Kissimmee-Sanford, FL Metro Area","lod2_model","Local city/regional GIS","Open LOD2 not verified in this audit","unverified; not evidence that no model exists","Core city or named agency only; metro-wide coverage unverified","","","","No verified openly reusable LOD2 product","unverified","unverified","unverified","unverified","YELLOW","Unverified dataset-specific licence","unverified","https://data.cityoforlando.net/","https://data.cityoforlando.net/","2026-10-07","search/discovery only; no qualified LOD2 product verified","Public catalogue/metadata; bulk access unverified","Request downloadable roof-resolved model, acquisition date, LOD statement and commercial redistribution licence","Footprints plus a height extrusion are LOD1, not LOD2; ArcGIS/Google textured viewers are not an asset licence",""
"Charlotte","US","21","Charlotte-Concord-Gastonia, NC-SC Metro Area","lod2_model","Local city/regional GIS","Open LOD2 not verified in this audit","unverified; not evidence that no model exists","Core city or named agency only; metro-wide coverage unverified","","","","No verified openly reusable LOD2 product","unverified","unverified","unverified","unverified","YELLOW","Unverified dataset-specific licence","unverified","https://data.charlottenc.gov/","https://data.charlottenc.gov/","2026-10-07","search/discovery only; no qualified LOD2 product verified","Public catalogue/metadata; bulk access unverified","Request downloadable roof-resolved model, acquisition date, LOD statement and commercial redistribution licence","Footprints plus a height extrusion are LOD1, not LOD2; ArcGIS/Google textured viewers are not an asset licence",""
"Baltimore","US","22","Baltimore-Columbia-Towson, MD Metro Area","lod2_model","Local city/regional GIS","Open LOD2 not verified in this audit","unverified; not evidence that no model exists","Core city or named agency only; metro-wide coverage unverified","","","","No verified openly reusable LOD2 product","unverified","unverified","unverified","unverified","YELLOW","Unverified dataset-specific licence","unverified","https://opendata.baltimorecity.gov/egis/","https://opendata.baltimorecity.gov/egis/","2026-10-07","search/discovery only; no qualified LOD2 product verified","Public catalogue/metadata; bulk access unverified","Request downloadable roof-resolved model, acquisition date, LOD statement and commercial redistribution licence","Footprints plus a height extrusion are LOD1, not LOD2; ArcGIS/Google textured viewers are not an asset licence",""
"St Louis","US","23","St. Louis, MO-IL Metro Area","lod2_model","Local city/regional GIS","Open LOD2 not verified in this audit","unverified; not evidence that no model exists","Core city or named agency only; metro-wide coverage unverified","","","","No verified openly reusable LOD2 product","unverified","unverified","unverified","unverified","YELLOW","Unverified dataset-specific licence","unverified","https://dynamic.stlouis-mo.gov/opendata/downloads.cfm","https://dynamic.stlouis-mo.gov/opendata/downloads.cfm","2026-10-07","search/discovery only; no qualified LOD2 product verified","Public catalogue/metadata; bulk access unverified","Request downloadable roof-resolved model, acquisition date, LOD statement and commercial redistribution licence","Footprints plus a height extrusion are LOD1, not LOD2; ArcGIS/Google textured viewers are not an asset licence",""
"San Antonio","US","24","San Antonio-New Braunfels, TX Metro Area","lod2_model","Local city/regional GIS","Open LOD2 not verified in this audit","unverified; not evidence that no model exists","Core city or named agency only; metro-wide coverage unverified","","","","No verified openly reusable LOD2 product","unverified","unverified","unverified","unverified","YELLOW","Unverified dataset-specific licence","unverified","https://www.sanantonio.gov/GIS/GISdata","https://www.sanantonio.gov/GIS/GISdata","2026-10-07","search/discovery only; no qualified LOD2 product verified","Public catalogue/metadata; bulk access unverified","Request downloadable roof-resolved model, acquisition date, LOD statement and commercial redistribution licence","Footprints plus a height extrusion are LOD1, not LOD2; ArcGIS/Google textured viewers are not an asset licence",""
"Austin","US","25","Austin-Round Rock-San Marcos, TX Metro Area","lod2_model","Local city/regional GIS","Open LOD2 not verified in this audit","unverified; not evidence that no model exists","Core city or named agency only; metro-wide coverage unverified","","","","No verified openly reusable LOD2 product","unverified","unverified","unverified","unverified","YELLOW","Unverified dataset-specific licence","unverified","https://maps.austintexas.gov/Geocortex/Essentials/External/REST/sites/PropertyProfile/map","https://maps.austintexas.gov/Geocortex/Essentials/External/REST/sites/PropertyProfile/map","2026-10-07","search/discovery only; no qualified LOD2 product verified","Public catalogue/metadata; bulk access unverified","Request downloadable roof-resolved model, acquisition date, LOD statement and commercial redistribution licence","Footprints plus a height extrusion are LOD1, not LOD2; ArcGIS/Google textured viewers are not an asset licence",""
"Portland","US","26","Portland-Vancouver-Hillsboro, OR-WA Metro Area","lod2_model","Local city/regional GIS","Open LOD2 not verified in this audit","unverified; not evidence that no model exists","Core city or named agency only; metro-wide coverage unverified","","","","No verified openly reusable LOD2 product","unverified","unverified","unverified","unverified","YELLOW","Unverified dataset-specific licence","unverified","https://gis.oregonmetro.gov/rlis-metadata/","https://gis.oregonmetro.gov/rlis-metadata/","2026-10-07","search/discovery only; no qualified LOD2 product verified","Public catalogue/metadata; bulk access unverified","Request downloadable roof-resolved model, acquisition date, LOD statement and commercial redistribution licence","Footprints plus a height extrusion are LOD1, not LOD2; ArcGIS/Google textured viewers are not an asset licence",""
"Sacramento","US","27","Sacramento-Roseville-Folsom, CA Metro Area","lod2_model","Local city/regional GIS","Open LOD2 not verified in this audit","unverified; not evidence that no model exists","Core city or named agency only; metro-wide coverage unverified","","","","No verified openly reusable LOD2 product","unverified","unverified","unverified","unverified","YELLOW","Unverified dataset-specific licence","unverified","https://www.cityofsacramento.gov/information-technology/gis/data","https://www.cityofsacramento.gov/information-technology/gis/data","2026-10-07","search/discovery only; no qualified LOD2 product verified","Public catalogue/metadata; bulk access unverified","Request downloadable roof-resolved model, acquisition date, LOD statement and commercial redistribution licence","Footprints plus a height extrusion are LOD1, not LOD2; ArcGIS/Google textured viewers are not an asset licence",""
"Pittsburgh","US","28","Pittsburgh, PA Metro Area","lod2_model","Local city/regional GIS","Open LOD2 not verified in this audit","unverified; not evidence that no model exists","Core city or named agency only; metro-wide coverage unverified","","","","No verified openly reusable LOD2 product","unverified","unverified","unverified","unverified","YELLOW","Unverified dataset-specific licence","unverified","https://data.wprdc.org/dataset/allegheny-county-building-footprint-locations","https://data.wprdc.org/dataset/allegheny-county-building-footprint-locations","2026-10-07","search/discovery only; no qualified LOD2 product verified","Public catalogue/metadata; bulk access unverified","Request downloadable roof-resolved model, acquisition date, LOD statement and commercial redistribution licence","Footprints plus a height extrusion are LOD1, not LOD2; ArcGIS/Google textured viewers are not an asset licence",""
"Las Vegas","US","29","Las Vegas-Henderson-North Las Vegas, NV Metro Area","lod2_model","Local city/regional GIS","Open LOD2 not verified in this audit","unverified; not evidence that no model exists","Core city or named agency only; metro-wide coverage unverified","","","","No verified openly reusable LOD2 product","unverified","unverified","unverified","unverified","YELLOW","Unverified dataset-specific licence","unverified","https://mapdata.lasvegasnevada.gov/clvgis/rest/services/DevelopmentServices","https://mapdata.lasvegasnevada.gov/clvgis/rest/services/DevelopmentServices","2026-10-07","search/discovery only; no qualified LOD2 product verified","Public catalogue/metadata; bulk access unverified","Request downloadable roof-resolved model, acquisition date, LOD statement and commercial redistribution licence","Footprints plus a height extrusion are LOD1, not LOD2; ArcGIS/Google textured viewers are not an asset licence",""
"Cincinnati","US","30","Cincinnati, OH-KY-IN Metro Area","lod2_model","Local city/regional GIS","Open LOD2 not verified in this audit","unverified; not evidence that no model exists","Core city or named agency only; metro-wide coverage unverified","","","","No verified openly reusable LOD2 product","unverified","unverified","unverified","unverified","YELLOW","Unverified dataset-specific licence","unverified","https://hcauditor.org/downloads.asp","https://hcauditor.org/downloads.asp","2026-10-07","search/discovery only; no qualified LOD2 product verified","Public catalogue/metadata; bulk access unverified","Request downloadable roof-resolved model, acquisition date, LOD statement and commercial redistribution licence","Footprints plus a height extrusion are LOD1, not LOD2; ArcGIS/Google textured viewers are not an asset licence",""
"Greenville SC","US","","Greenville SC additional city; not top-30 selection","lod2_model","Local city/regional GIS","Open LOD2 not verified in this audit","unverified; not evidence that no model exists","Core city or named agency only; metro-wide coverage unverified","","","","No verified openly reusable LOD2 product","unverified","unverified","unverified","unverified","YELLOW","Unverified dataset-specific licence","unverified","https://citygis.greenvillesc.gov/GISDataDownload/GISPublicDataGuide.pdf","https://citygis.greenvillesc.gov/GISDataDownload/GISPublicDataGuide.pdf","2026-10-07","search/discovery only; no qualified LOD2 product verified","Public catalogue/metadata; bulk access unverified","Request downloadable roof-resolved model, acquisition date, LOD statement and commercial redistribution licence","Footprints plus a height extrusion are LOD1, not LOD2; ArcGIS/Google textured viewers are not an asset licence",""
"Toronto","Canada","","Requested international city; metropolitan boundary not normalized","lod2_model","Toronto","3D Massing","candidate; spatial completeness unverified","Core city or named agency only; metro-wide coverage unverified","","Historic releases added Q2 2026; chosen capture date unverified","","Citywide 3D massing; LOD2 roof completeness unverified","3D building geometry; roofs vary by documented LOD; attribute missingness unmeasured","mesh geometry available; local completeness unmeasured","unverified","unverified","GREEN","Open Government Licence - Toronto","verified dataset page OGL link","https://open.toronto.ca/open-data-licence/","https://open.toronto.ca/dataset/3d-massing/","2026-10-07","official metadata reviewed; model files not downloaded","Public catalogue/metadata; bulk access unverified","Confirm exact release, extent, field missingness and commercial redistribution terms","Public 3D viewer does not establish roof completeness or commercial asset redistribution permission",""
"Vancouver","Canada","","Requested international city; metropolitan boundary not normalized","lod2_model","Local city/regional GIS","Open LOD2 not verified in this audit","unverified; not evidence that no model exists","Core city or named agency only; metro-wide coverage unverified","","","","No verified openly reusable LOD2 product","unverified","unverified","unverified","unverified","YELLOW","Unverified dataset-specific licence","unverified","https://docs.overturemaps.org/guides/buildings/","https://opendata.vancouver.ca/","2026-10-07","search/discovery only; no qualified LOD2 product verified","Public catalogue/metadata; bulk access unverified","Request downloadable roof-resolved model, acquisition date, LOD statement and commercial redistribution licence","Footprints plus a height extrusion are LOD1, not LOD2; ArcGIS/Google textured viewers are not an asset licence",""
"London","UK","","Requested international city; metropolitan boundary not normalized","lod2_model","Local city/regional GIS","Open LOD2 not verified in this audit","unverified; not evidence that no model exists","Core city or named agency only; metro-wide coverage unverified","","","","No verified openly reusable LOD2 product","unverified","unverified","unverified","unverified","YELLOW","Unverified dataset-specific licence","unverified","https://docs.overturemaps.org/guides/buildings/","https://data.london.gov.uk/","2026-10-07","search/discovery only; no qualified LOD2 product verified","Public catalogue/metadata; bulk access unverified","Request downloadable roof-resolved model, acquisition date, LOD statement and commercial redistribution licence","Footprints plus a height extrusion are LOD1, not LOD2; ArcGIS/Google textured viewers are not an asset licence",""
"Amsterdam","Netherlands","","Requested international city; metropolitan boundary not normalized","lod2_model","3DBAG / TU Delft / 3DGI","3DBAG","verified LoD2.2 national product; local geometric validity not sampled","Netherlands national 3DBAG offering; Amsterdam tile extraction not performed","","2025-09-03 release example; current release and AHN tile dates require pinning","","LoD1.2; LoD1.3; LoD2.2; CityJSON / GLB 3D Tiles","3D building geometry; roofs vary by documented LOD; attribute missingness unmeasured","mesh geometry available; local completeness unmeasured","unverified","unverified","GREEN","CC BY 4.0","verified CC BY 4.0 plus required map credit placement","https://docs.3dbag.nl/en/copyright/","https://docs.3dbag.nl/en/delivery/cityjson/","2026-10-07","official metadata reviewed; model files not downloaded","Public catalogue/metadata; bulk access unverified","Confirm exact release, extent, field missingness and commercial redistribution terms","Required © 3DBAG by tudelft3d and 3DGI credit; copyright-page link; bottom-right map placement; identify modifications",""
"Mexico City","Mexico","","Requested international city; metropolitan boundary not normalized","lod2_model","Local city/regional GIS","Open LOD2 not verified in this audit","unverified; not evidence that no model exists","Core city or named agency only; metro-wide coverage unverified","","","","No verified openly reusable LOD2 product","unverified","unverified","unverified","unverified","YELLOW","Unverified dataset-specific licence","unverified","https://docs.overturemaps.org/guides/buildings/","https://datos.cdmx.gob.mx/","2026-10-07","search/discovery only; no qualified LOD2 product verified","Public catalogue/metadata; bulk access unverified","Request downloadable roof-resolved model, acquisition date, LOD statement and commercial redistribution licence","Footprints plus a height extrusion are LOD1, not LOD2; ArcGIS/Google textured viewers are not an asset licence",""
"Sydney","Australia","","Requested international city; metropolitan boundary not normalized","lod2_model","Local city/regional GIS","Open LOD2 not verified in this audit","unverified; not evidence that no model exists","Core city or named agency only; metro-wide coverage unverified","","","","No verified openly reusable LOD2 product","unverified","unverified","unverified","unverified","YELLOW","Unverified dataset-specific licence","unverified","https://docs.overturemaps.org/guides/buildings/","https://data.nsw.gov.au/","2026-10-07","search/discovery only; no qualified LOD2 product verified","Public catalogue/metadata; bulk access unverified","Request downloadable roof-resolved model, acquisition date, LOD statement and commercial redistribution licence","Footprints plus a height extrusion are LOD1, not LOD2; ArcGIS/Google textured viewers are not an asset licence",""
"Tokyo","Japan","","Requested international city; metropolitan boundary not normalized","lod2_model","MLIT / Tokyo wards","PLATEAU Shinjuku 2023 example","candidate; spatial completeness unverified","Core city or named agency only; metro-wide coverage unverified","","2023 fiscal-year dataset label; survey dates unverified","","LOD1/LOD2 availability per ward/object; not all Tokyo uniformly LOD2","3D building geometry; roofs vary by documented LOD; attribute missingness unmeasured","mesh geometry available; local completeness unmeasured","unverified","unverified","YELLOW","PLATEAU Site Policy; actual dataset licence unverified (403)","unverified","https://www.mlit.go.jp/plateau/faq/","https://www.geospatial.jp/ckan/dataset/plateau-13104-shinjuku-ku-2023","2026-10-07","official MLIT tutorial/FAQ verifies programme; actual ward catalogue returned 403; no bypass","Public catalogue/metadata; bulk access unverified","Confirm exact release, extent, field missingness and commercial redistribution terms","Public 3D viewer does not establish roof completeness or commercial asset redistribution permission",""
"New York","US","1","New York-Newark-Jersey City, NY-NJ Metro Area","parcel_assessor","NYC DCP","PLUTO / MapPLUTO","candidate; spatial completeness unverified","Core city or named agency only; metro-wide coverage unverified","","","","","YearBuilt; NumFloors; BBL; lot polygons; land use","unverified","verified lot-level YearBuilt","verified NumFloors; lot-level semantics","GREEN","NYC Open Data public-use policy","verified city policy","https://cityofnewyork.github.io/opendatatsm/publicpolicies.html","https://www.nyc.gov/assets/planning/download/pdf/data-maps/open-data/pluto_datadictionary.pdf","2026-10-07","primary catalogue/service discovered; dataset values not sampled","Public catalogue/metadata; bulk access unverified","Confirm exact release, extent, field missingness and commercial redistribution terms","YearBuilt and NumFloors refer to tax-lot characteristics; cannot assign uniformly to every footprint",""
"Los Angeles","US","2","Los Angeles-Long Beach-Anaheim, CA Metro Area","parcel_assessor","LA County Assessor","Assessor Hub","candidate; spatial completeness unverified","Core city or named agency only; metro-wide coverage unverified","","","","","YearBuilt1 documented in earlier official review; exact storeys unverified","unverified","YearBuilt1 available; building/lot semantics validate","unverified","YELLOW","Unverified dataset-specific licence","unverified","https://data.lacounty.gov/pages/assessor-hub-site","https://data.lacounty.gov/pages/assessor-hub-site","2026-10-07","primary catalogue/service discovered; dataset values not sampled","Public catalogue/metadata; bulk access unverified","Confirm exact release, extent, field missingness and commercial redistribution terms","Tax-lot and building identities differ; verify multi-building joins; ingest physical fields only, not owners/contact records",""
"Chicago","US","3","Chicago-Naperville-Elgin, IL-IN Metro Area","parcel_assessor","Cook County Assessor","Assessor Parcel Universe / characteristics","candidate; spatial completeness unverified","Core city or named agency only; metro-wide coverage unverified","","","","","PIN; assessment/characteristic datasets; age/stories require matching characteristic table","unverified","characteristic age/year fields need dictionary check","unverified","YELLOW","Unverified dataset-specific licence","unverified","https://datacatalog.cookcountyil.gov/Property-Taxation/Assessor-Parcel-Universe/nj4t-kc8j","https://datacatalog.cookcountyil.gov/Property-Taxation/Assessor-Parcel-Universe/nj4t-kc8j","2026-10-07","primary catalogue/service discovered; dataset values not sampled","Public catalogue/metadata; bulk access unverified","Confirm exact release, extent, field missingness and commercial redistribution terms","Tax-lot and building identities differ; verify multi-building joins; ingest physical fields only, not owners/contact records",""
"Dallas-Fort Worth","US","4","Dallas-Fort Worth-Arlington, TX Metro Area","parcel_assessor","DCAD / TAD","County appraisal downloads","candidate; spatial completeness unverified","Core city or named agency only; metro-wide coverage unverified","","","","","year built and storeys export schema unverified","unverified","unverified","unverified","YELLOW","Unverified dataset-specific licence","unverified","https://www.dallascad.org/","https://www.dallascad.org/","2026-10-07","primary catalogue/service discovered; dataset values not sampled","Public catalogue/metadata; bulk access unverified","Confirm exact release, extent, field missingness and commercial redistribution terms","Tax-lot and building identities differ; verify multi-building joins; ingest physical fields only, not owners/contact records",""
"Houston","US","5","Houston-Pasadena-The Woodlands, TX Metro Area","parcel_assessor","HCAD","Public data exports","candidate; spatial completeness unverified","Core city or named agency only; metro-wide coverage unverified","","","","","accounts; property/building export files; 2026 GIS dictionary","unverified","unverified exact building year field","unverified","YELLOW","Unverified dataset-specific licence","unverified","https://hcad.org/hcad-online-services/pdata/","https://hcad.org/hcad-online-services/pdata/","2026-10-07","primary catalogue/service discovered; dataset values not sampled","Public catalogue/metadata; bulk access unverified","Confirm exact release, extent, field missingness and commercial redistribution terms","Tax-lot and building identities differ; verify multi-building joins; ingest physical fields only, not owners/contact records",""
"Atlanta","US","6","Atlanta-Sandy Springs-Roswell, GA Metro Area","parcel_assessor","Fulton County","Tax Parcels","candidate; spatial completeness unverified","Core city or named agency only; metro-wide coverage unverified","","","","","parcel CAMA/digest fields; separate building schema YEARBUILT/STORIES not proof of tax-table population","unverified","unverified parcel table; city building schema exists","unverified parcel table; city building schema exists","YELLOW","Unverified dataset-specific licence","unverified","https://gismaps.fultoncountyga.gov/arcgispub/rest/services/OpenData/Tax_Parcels/MapServer","https://gismaps.fultoncountyga.gov/arcgispub/rest/services/OpenData/Tax_Parcels/MapServer","2026-10-07","primary catalogue/service discovered; dataset values not sampled","Public catalogue/metadata; bulk access unverified","Confirm exact release, extent, field missingness and commercial redistribution terms","Tax-lot and building identities differ; verify multi-building joins; ingest physical fields only, not owners/contact records",""
"Washington DC","US","7","Washington-Arlington-Alexandria, DC-VA-MD-WV Metro Area","parcel_assessor","DCGIS / OTR","Property / tax-lot discovery","candidate; spatial completeness unverified","Core city or named agency only; metro-wide coverage unverified","","","","","exact year built/storeys dataset unverified","unverified","unverified","unverified","YELLOW","Unverified dataset-specific licence","unverified","https://opendata.dc.gov/","https://opendata.dc.gov/","2026-10-07","primary catalogue/service discovered; dataset values not sampled","Public catalogue/metadata; bulk access unverified","Confirm exact release, extent, field missingness and commercial redistribution terms","Tax-lot and building identities differ; verify multi-building joins; ingest physical fields only, not owners/contact records",""
"Miami","US","8","Miami-Fort Lauderdale-West Palm Beach, FL Metro Area","parcel_assessor","Miami-Dade","Property layer 70","candidate; spatial completeness unverified","Core city or named agency only; metro-wide coverage unverified","","","","","YEAR_BUILT; parcel/property attributes; storeys unverified","unverified","verified YEAR_BUILT schema","unverified","YELLOW","Unverified dataset-specific licence","unverified","https://gisweb.miamidade.gov/arcgis/rest/services/MD_Emaps/MapServer/70","https://gisweb.miamidade.gov/arcgis/rest/services/MD_Emaps/MapServer/70","2026-10-07","primary catalogue/service discovered; dataset values not sampled","Public catalogue/metadata; bulk access unverified","Confirm exact release, extent, field missingness and commercial redistribution terms","Tax-lot and building identities differ; verify multi-building joins; ingest physical fields only, not owners/contact records",""
"Philadelphia","US","9","Philadelphia-Camden-Wilmington, PA-NJ-DE-MD Metro Area","parcel_assessor","Office of Property Assessment","Property Assessments","candidate; spatial completeness unverified","Core city or named agency only; metro-wide coverage unverified","","","","","year_built; year_built_estimate; number_stories; property_id","unverified","verified year_built + estimate flag schema","verified number_stories schema","YELLOW","Unverified dataset-specific licence","unverified","https://data.phila.gov/visualizations/property-assessments/","https://data.phila.gov/visualizations/property-assessments/","2026-10-07","primary catalogue/service discovered; dataset values not sampled","Public catalogue/metadata; bulk access unverified","Confirm exact release, extent, field missingness and commercial redistribution terms","Tax-lot and building identities differ; verify multi-building joins; ingest physical fields only, not owners/contact records",""
"Phoenix","US","10","Phoenix-Mesa-Chandler, AZ Metro Area","parcel_assessor","Maricopa County Assessor","Assessor GIS/download discovery","candidate; spatial completeness unverified","Core city or named agency only; metro-wide coverage unverified","","","","","exact building characteristics licence/exports unverified","unverified","unverified","unverified","YELLOW","Unverified dataset-specific licence","unverified","https://mcassessor.maricopa.gov/","https://mcassessor.maricopa.gov/","2026-10-07","primary catalogue/service discovered; dataset values not sampled","Public catalogue/metadata; bulk access unverified","Confirm exact release, extent, field missingness and commercial redistribution terms","Tax-lot and building identities differ; verify multi-building joins; ingest physical fields only, not owners/contact records",""
"Boston","US","11","Boston-Cambridge-Newton, MA-NH Metro Area","parcel_assessor","Boston Assessing","Property assessment catalogue","candidate; spatial completeness unverified","Core city or named agency only; metro-wide coverage unverified","","","","","assessment source candidate; year/storeys fields require dictionary","unverified","unverified","unverified","YELLOW","Unverified dataset-specific licence","unverified","https://data.boston.gov/","https://data.boston.gov/","2026-10-07","primary catalogue/service discovered; dataset values not sampled","Public catalogue/metadata; bulk access unverified","Confirm exact release, extent, field missingness and commercial redistribution terms","Tax-lot and building identities differ; verify multi-building joins; ingest physical fields only, not owners/contact records",""
"Riverside-San Bernardino","US","12","Riverside-San Bernardino-Ontario, CA Metro Area","parcel_assessor","Riverside County Assessor","Open Assessor GIS","candidate; spatial completeness unverified","Core city or named agency only; metro-wide coverage unverified","","","","","ParcelBasic; AssessorTables; year/storeys fields unverified","unverified","unverified","unverified","YELLOW","Unverified dataset-specific licence","unverified","https://gis.countyofriverside.us/arcgis_mapping/rest/services/OpenData/Assessor/MapServer","https://gis.countyofriverside.us/arcgis_mapping/rest/services/OpenData/Assessor/MapServer","2026-10-07","primary catalogue/service discovered; dataset values not sampled","Public catalogue/metadata; bulk access unverified","Confirm exact release, extent, field missingness and commercial redistribution terms","Tax-lot and building identities differ; verify multi-building joins; ingest physical fields only, not owners/contact records",""
"San Francisco-Oakland","US","13","San Francisco-Oakland-Fremont, CA Metro Area","parcel_assessor","SF Assessor Recorder","Assessor data catalogue","candidate; spatial completeness unverified","Core city or named agency only; metro-wide coverage unverified","","","","","parcel/building attributes; exact year/storeys release not pinned","unverified","unverified","unverified","YELLOW","Unverified dataset-specific licence","unverified","https://data.sfgov.org/","https://data.sfgov.org/","2026-10-07","primary catalogue/service discovered; dataset values not sampled","Public catalogue/metadata; bulk access unverified","Confirm exact release, extent, field missingness and commercial redistribution terms","Tax-lot and building identities differ; verify multi-building joins; ingest physical fields only, not owners/contact records",""
"Detroit","US","14","Detroit-Warren-Dearborn, MI Metro Area","parcel_assessor","Detroit","Base Units / parcels","candidate; spatial completeness unverified","Core city or named agency only; metro-wide coverage unverified","","","","","parcel/address/building layers; age/storeys unverified","unverified","unverified","unverified","YELLOW","Unverified dataset-specific licence","unverified","https://baseunits.detroitmi.gov/","https://baseunits.detroitmi.gov/","2026-10-07","primary catalogue/service discovered; dataset values not sampled","Public catalogue/metadata; bulk access unverified","Confirm exact release, extent, field missingness and commercial redistribution terms","Tax-lot and building identities differ; verify multi-building joins; ingest physical fields only, not owners/contact records",""
"Seattle","US","15","Seattle-Tacoma-Bellevue, WA Metro Area","parcel_assessor","King County Assessor","Assessor Data Download","candidate; spatial completeness unverified","Core city or named agency only; metro-wide coverage unverified","","","","","Building physical tables; legacy resbldg_extr documents YRBUILT/STORIES but GIS layer is non-public","unverified","documented YRBUILT; replacement download not sampled","documented STORIES; replacement download not sampled","YELLOW","Unverified dataset-specific licence","unverified","https://info.kingcounty.gov/assessor/DataDownload/default.aspx","https://info.kingcounty.gov/assessor/DataDownload/default.aspx","2026-10-07","primary catalogue/service discovered; dataset values not sampled","Public catalogue/metadata; bulk access unverified","Confirm exact release, extent, field missingness and commercial redistribution terms","Legacy resbldg_extr now non-public; authoritative Assessor downloads need separate rights/access check; not a blanket finding that all county property data are closed",""
"Minneapolis-St Paul","US","16","Minneapolis-St. Paul-Bloomington, MN-WI Metro Area","parcel_assessor","Hennepin County","Open GIS parcel discovery","candidate; spatial completeness unverified","Core city or named agency only; metro-wide coverage unverified","","","","","parcel/building physical data unverified","unverified","unverified","unverified","YELLOW","Unverified dataset-specific licence","unverified","https://gis.hennepin.us/","https://gis.hennepin.us/","2026-10-07","primary catalogue/service discovered; dataset values not sampled","Public catalogue/metadata; bulk access unverified","Confirm exact release, extent, field missingness and commercial redistribution terms","Tax-lot and building identities differ; verify multi-building joins; ingest physical fields only, not owners/contact records",""
"Tampa","US","17","Tampa-St. Petersburg-Clearwater, FL Metro Area","parcel_assessor","Hillsborough Property Appraiser","Parcel and property downloads","candidate; spatial completeness unverified","Core city or named agency only; metro-wide coverage unverified","","","","","parcel shapefile archives; year/storeys fields unverified","unverified","unverified","unverified","YELLOW","Unverified dataset-specific licence","unverified","https://downloads.hcpafl.org/","https://downloads.hcpafl.org/","2026-10-07","primary catalogue/service discovered; dataset values not sampled","Public catalogue/metadata; bulk access unverified","Confirm exact release, extent, field missingness and commercial redistribution terms","Tax-lot and building identities differ; verify multi-building joins; ingest physical fields only, not owners/contact records",""
"San Diego","US","18","San Diego-Chula Vista-Carlsbad, CA Metro Area","parcel_assessor","County Assessor / SANDAG","GIS open portal","candidate; spatial completeness unverified","Core city or named agency only; metro-wide coverage unverified","","","","","parcel access route; year/storeys grant unverified","unverified","unverified","unverified","YELLOW","Unverified dataset-specific licence","unverified","https://www.sandag.org/data-and-research/open-data-portal","https://www.sandag.org/data-and-research/open-data-portal","2026-10-07","primary catalogue/service discovered; dataset values not sampled","Public catalogue/metadata; bulk access unverified","Confirm exact release, extent, field missingness and commercial redistribution terms","Tax-lot and building identities differ; verify multi-building joins; ingest physical fields only, not owners/contact records",""
"Denver","US","19","Denver-Aurora-Centennial, CO Metro Area","parcel_assessor","Denver Assessor / GIS","Property open data catalogue","candidate; spatial completeness unverified","Core city or named agency only; metro-wide coverage unverified","","","","","property tables; chosen item year/storeys fields not pinned","unverified","unverified","unverified","YELLOW","Unverified dataset-specific licence","unverified","https://opendata-geospatialdenver.hub.arcgis.com/?q=property","https://opendata-geospatialdenver.hub.arcgis.com/?q=property","2026-10-07","primary catalogue/service discovered; dataset values not sampled","Public catalogue/metadata; bulk access unverified","Confirm exact release, extent, field missingness and commercial redistribution terms","Tax-lot and building identities differ; verify multi-building joins; ingest physical fields only, not owners/contact records",""
"Orlando","US","20","Orlando-Kissimmee-Sanford, FL Metro Area","parcel_assessor","Orange County Property Appraiser","Property data discovery","candidate; spatial completeness unverified","Core city or named agency only; metro-wide coverage unverified","","","","","public search; bulk year/storeys grant unverified","unverified","unverified","unverified","YELLOW","Unverified dataset-specific licence","unverified","https://ocpafl.org/","https://ocpafl.org/","2026-10-07","primary catalogue/service discovered; dataset values not sampled","Public catalogue/metadata; bulk access unverified","Confirm exact release, extent, field missingness and commercial redistribution terms","Tax-lot and building identities differ; verify multi-building joins; ingest physical fields only, not owners/contact records",""
"Charlotte","US","21","Charlotte-Concord-Gastonia, NC-SC Metro Area","parcel_assessor","Mecklenburg County","Open mapping / property data","candidate; spatial completeness unverified","Core city or named agency only; metro-wide coverage unverified","","","","","property datasets candidate; physical year/storeys export unverified","unverified","unverified","unverified","YELLOW","Unverified dataset-specific licence","unverified","https://data.charlottenc.gov/","https://data.charlottenc.gov/","2026-10-07","primary catalogue/service discovered; dataset values not sampled","Public catalogue/metadata; bulk access unverified","Confirm exact release, extent, field missingness and commercial redistribution terms","Tax-lot and building identities differ; verify multi-building joins; ingest physical fields only, not owners/contact records",""
"Baltimore","US","22","Baltimore-Columbia-Towson, MD Metro Area","parcel_assessor","Maryland SDAT","Statewide Real Property Assessments","candidate; spatial completeness unverified","Core city or named agency only; metro-wide coverage unverified","","","","","real property assessment schema; exact age/storeys fields not inspected","unverified","unverified","unverified","YELLOW","Unverified dataset-specific licence","unverified","https://data.maryland.gov/dataset/Beta-Maryland-Statewide-Real-Property-Assessments-/ed4q-f8tm/about","https://data.maryland.gov/dataset/Beta-Maryland-Statewide-Real-Property-Assessments-/ed4q-f8tm/about","2026-10-07","primary catalogue/service discovered; dataset values not sampled","Public catalogue/metadata; bulk access unverified","Confirm exact release, extent, field missingness and commercial redistribution terms","Tax-lot and building identities differ; verify multi-building joins; ingest physical fields only, not owners/contact records",""
"St Louis","US","23","St. Louis, MO-IL Metro Area","parcel_assessor","City Assessor","Assessor parcel DBF","candidate; spatial completeness unverified","Core city or named agency only; metro-wide coverage unverified","","","","","parcel DBF; physical building attribute schema unverified","unverified","unverified","unverified","YELLOW","Unverified dataset-specific licence","unverified","https://dynamic.stlouis-mo.gov/opendata/downloads.cfm","https://dynamic.stlouis-mo.gov/opendata/downloads.cfm","2026-10-07","primary catalogue/service discovered; dataset values not sampled","Public catalogue/metadata; bulk access unverified","Confirm exact release, extent, field missingness and commercial redistribution terms","Tax-lot and building identities differ; verify multi-building joins; ingest physical fields only, not owners/contact records",""
"San Antonio","US","24","San Antonio-New Braunfels, TX Metro Area","parcel_assessor","BCAD","Appraisal district data","candidate; spatial completeness unverified","Core city or named agency only; metro-wide coverage unverified","","","","","physical property fields; bulk rights unverified","unverified","unverified","unverified","YELLOW","Unverified dataset-specific licence","unverified","https://bcad.org/","https://bcad.org/","2026-10-07","primary catalogue/service discovered; dataset values not sampled","Public catalogue/metadata; bulk access unverified","Confirm exact release, extent, field missingness and commercial redistribution terms","Tax-lot and building identities differ; verify multi-building joins; ingest physical fields only, not owners/contact records",""
"Austin","US","25","Austin-Round Rock-San Marcos, TX Metro Area","parcel_assessor","Travis Central Appraisal District","Property data / City Property Profile","candidate; spatial completeness unverified","Core city or named agency only; metro-wide coverage unverified","","","","","TCAD property route; year/storeys exact release unverified","unverified","unverified","unverified","YELLOW","Unverified dataset-specific licence","unverified","https://maps.austintexas.gov/GIS/Resources/Documents/PropertyProfileLayers.pdf","https://maps.austintexas.gov/GIS/Resources/Documents/PropertyProfileLayers.pdf","2026-10-07","primary catalogue/service discovered; dataset values not sampled","Public catalogue/metadata; bulk access unverified","Confirm exact release, extent, field missingness and commercial redistribution terms","Tax-lot and building identities differ; verify multi-building joins; ingest physical fields only, not owners/contact records",""
"Portland","US","26","Portland-Vancouver-Hillsboro, OR-WA Metro Area","parcel_assessor","Metro RLIS / county assessors","Regional tax lots / subscriber attributes","candidate; spatial completeness unverified","Core city or named agency only; metro-wide coverage unverified","","","","","open taxlot layers distinguished from subscriber building/account tables","unverified","unverified open year built","unverified open storeys","YELLOW","Unverified dataset-specific licence","unverified","https://www.oregonmetro.gov/resources/rlis-live","https://www.oregonmetro.gov/resources/rlis-live","2026-10-07","primary catalogue/service discovered; dataset values not sampled","Public catalogue/metadata; bulk access unverified","Confirm exact release, extent, field missingness and commercial redistribution terms","Tax-lot and building identities differ; verify multi-building joins; ingest physical fields only, not owners/contact records",""
"Sacramento","US","27","Sacramento-Roseville-Folsom, CA Metro Area","parcel_assessor","Sacramento County Assessor","Public assessor/GIS discovery","candidate; spatial completeness unverified","Core city or named agency only; metro-wide coverage unverified","","","","","parcel search/geometry; bulk physical fields and terms unverified","unverified","unverified","unverified","YELLOW","Unverified dataset-specific licence","unverified","https://assessor.saccounty.gov/","https://assessor.saccounty.gov/","2026-10-07","primary catalogue/service discovered; dataset values not sampled","Public catalogue/metadata; bulk access unverified","Confirm exact release, extent, field missingness and commercial redistribution terms","Tax-lot and building identities differ; verify multi-building joins; ingest physical fields only, not owners/contact records",""
"Pittsburgh","US","28","Pittsburgh, PA Metro Area","parcel_assessor","Allegheny County / WPRDC","Property Assessments","candidate; spatial completeness unverified","Core city or named agency only; metro-wide coverage unverified","","","","","assessment and residential building characteristics; exact field/age definition verify","unverified","unverified local field dictionary","unverified local field dictionary","YELLOW","Unverified dataset-specific licence","unverified","https://data.wprdc.org/en/dataset/property-assessments","https://data.wprdc.org/en/dataset/property-assessments","2026-10-07","primary catalogue/service discovered; dataset values not sampled","Public catalogue/metadata; bulk access unverified","Confirm exact release, extent, field missingness and commercial redistribution terms","Tax-lot and building identities differ; verify multi-building joins; ingest physical fields only, not owners/contact records",""
"Las Vegas","US","29","Las Vegas-Henderson-North Las Vegas, NV Metro Area","parcel_assessor","Clark County GIS","GIS data/products and warehouse","candidate; spatial completeness unverified","Core city or named agency only; metro-wide coverage unverified","","","","","warehouse subscriptions distinguished from free GIS layers; year/storeys source unverified","unverified","unverified","unverified","RED","Clark County GIS Warehouse subscription; company use only / no resale","verified scoped warehouse restriction; separate free layers not classified RED","https://www.clarkcountynv.gov/government/departments/geographic_info_systems/services/data-and-products","https://www.clarkcountynv.gov/government/departments/geographic_info_systems/services/data-and-products","2026-10-07","primary catalogue/service discovered; dataset values not sampled","Public catalogue/metadata; bulk access unverified","Confirm exact release, extent, field missingness and commercial redistribution terms","Warehouse advertised $7500 annual subscription; redistribution/resale not cleared; seek separate free parcel source/permission",""
"Cincinnati","US","30","Cincinnati, OH-KY-IN Metro Area","parcel_assessor","Hamilton County Auditor","Building Information Export","candidate; spatial completeness unverified","Core city or named agency only; metro-wide coverage unverified","","","","","public building export; exact year built/stories schema unverified","unverified","unverified","unverified","YELLOW","Unverified dataset-specific licence","unverified","https://hcauditor.org/downloads.asp","https://hcauditor.org/downloads.asp","2026-10-07","primary catalogue/service discovered; dataset values not sampled","Public catalogue/metadata; bulk access unverified","Confirm exact release, extent, field missingness and commercial redistribution terms","Tax-lot and building identities differ; verify multi-building joins; ingest physical fields only, not owners/contact records",""
"Greenville SC","US","","Greenville SC additional city; not top-30 selection","parcel_assessor","Greenville County","GIS/property discovery","candidate; spatial completeness unverified","Core city or named agency only; metro-wide coverage unverified","","","","","parcel/assessor route; exact year/storeys bulk fields unverified","unverified","unverified","unverified","YELLOW","Unverified dataset-specific licence","unverified","https://www.greenvillecounty.org/GIS/","https://www.greenvillecounty.org/GIS/","2026-10-07","primary catalogue/service discovered; dataset values not sampled","Public catalogue/metadata; bulk access unverified","Confirm exact release, extent, field missingness and commercial redistribution terms","Tax-lot and building identities differ; verify multi-building joins; ingest physical fields only, not owners/contact records",""
"New York","US","1","New York-Newark-Jersey City, NY-NJ Metro Area","street_trees","NewYork inventory/report provider","2015 Street Tree Census - Tree Data","candidate; spatial completeness unverified","NYC streets; not private yards or metro","","2015–2016","","","spc_latin;spc_common;status;tree_dbh (indexed dictionary;field API not verified)","unverified","unverified","unverified","GREEN","NYC Open Data policy","verified city policy; historical census is not current live inventory","https://cityofnewyork.github.io/opendatatsm/publicpolicies.html","https://data.cityofnewyork.us/Environment/2015-Street-Tree-Census-Tree-Data/uvpi-gqnh/about_data","2026-10-07","same-day earlier primary-source audit reused: catalogue opened but dynamic blank; aggregateAPI inaccessible","Socrata dataset/download/API","Confirm exact release, extent, field missingness and commercial redistribution terms","2007 historical table preview supports candidates only; direct2007PDF405. Modern live map differs from2015snapshot.",""
"Los Angeles","US","2","Los Angeles-Long Beach-Anaheim, CA Metro Area","street_trees","Los Angeles inventory/report provider","StreetsLA tree inventory","candidate; spatial completeness unverified","Street trees and parks; no private-yard census","","recent inventory; date unstated","","","tree species and physical assessment","unverified","unverified","unverified","YELLOW","City copyright; dataset license unverified","unverified","https://streets.lacity.gov/resources/tree-inventory","https://streets.lacity.gov/resources/tree-inventory","2026-10-07","same-day earlier primary-source audit reused: verified official page","Linked TreeKeeper viewer","Confirm exact release, extent, field missingness and commercial redistribution terms","Includes stumps and vacant planting sites; exclude before denominator",""
"Chicago","US","3","Chicago-Naperville-Elgin, IL-IN Metro Area","street_trees","Chicago inventory/report provider","Chicago’s urban forest 2019 / Urban FIA","candidate; spatial completeness unverified","City Chicago public/private all land; >=1in dbh; sample estimate","","2019 sample;2025 report","","","scientific/common names; size classes in report","unverified","unverified","unverified","YELLOW","unverified dataset terms","unverified","https://research.fs.usda.gov/treesearch/69755","https://research.fs.usda.gov/treesearch/69755","2026-10-07","same-day earlier primary-source audit reused: primary abstract/article verified; PDF too large","report PDF; article and Urban FIA data tools","Confirm exact release, extent, field missingness and commercial redistribution terms","2026 article: all-tree buckthorn41.5%;white mulberry13.1%;Siberianelm6.6%;boxelder5.5%;Norwaymaple5%. These are all-city trees not street+yard. >=5in dominant Norway/silvermaple/honeylocust.",""
"Dallas-Fort Worth","US","4","Dallas-Fort Worth-Arlington, TX Metro Area","street_trees","Dallas inventory/report provider","Dallas Urban Forest Master Plan","candidate; spatial completeness unverified","Dallas city urban forest planning; not CBSA","","2021 indicated search metadata","","","unverified direct PDF","unverified","unverified","unverified","YELLOW","unverified","unverified","https://dallascityhall.com/projects/forestry/dch%20documents/city%20of%20dallas%202021%20urban%20forest%20master%20plan.pdf","https://dallascityhall.com/projects/forestry/dch%20documents/city%20of%20dallas%202021%20urban%20forest%20master%20plan.pdf","2026-10-07","same-day earlier primary-source audit reused: discovered_not_directly_verified","official PDF discovered; direct open internal error","Confirm exact release, extent, field missingness and commercial redistribution terms","Species rows use explicitly weak Texas regional candidates",""
"Houston","US","5","Houston-Pasadena-The Woodlands, TX Metro Area","street_trees","Houston inventory/report provider","Houston's Urban Forest 2015","candidate; spatial completeness unverified","estimated33.3million live trees in City of Houston; public/private; not CBSA","","2015 assessment; published2017","","","species counts/estimates in full report; landing page five common species","unverified","unverified","unverified","YELLOW","no raw inventory license inspected","unverified","https://research.fs.usda.gov/treesearch/54109","https://research.fs.usda.gov/treesearch/54109","2026-10-07","same-day earlier primary-source audit reused: verified_abstract_only","official abstract; linked PDF direct open internal error","Confirm exact release, extent, field missingness and commercial redistribution terms","Most-common five supported; remaining five regional candidates",""
"Atlanta","US","6","Atlanta-Sandy Springs-Roswell, GA Metro Area","street_trees","Atlanta inventory/report provider","City of Atlanta Tree Reports and Data","candidate; spatial completeness unverified","city/private-property tree activity and canopy studies; downtown inventory linked","","multiple years; exact inventory update unverified","","","downtown inventory fields not inspected","unverified","unverified","unverified","YELLOW","unverified","unverified","https://www.atlantaga.gov/government/departments/city-planning/metrics-reporting/tree-reports-and-data","https://www.atlantaga.gov/government/departments/city-planning/metrics-reporting/tree-reports-and-data","2026-10-07","same-day earlier primary-source audit reused: discovered_not_directly_verified","public page discovered; direct open internal error","Confirm exact release, extent, field missingness and commercial redistribution terms","No bypass; no actual top10 assigned",""
"Washington DC","US","7","Washington-Arlington-Alexandria, DC-VA-MD-WV Metro Area","street_trees","DDOT/DCGIS","Urban Forestry Street Trees","candidate; spatial completeness unverified","Core city or named agency only; metro-wide coverage unverified","","Ongoing maintenance; record dates vary","","","Species / DBH / condition; exact current geometry schema check","unverified","unverified","unverified","YELLOW","Unverified dataset-specific licence","unverified","https://catalog.data.gov/dataset/urban-forestry-street-trees","https://catalog.data.gov/dataset/urban-forestry-street-trees","2026-10-07","primary catalogue/service discovered; dataset values not sampled","Public catalogue/metadata; bulk access unverified","Confirm exact release, extent, field missingness and commercial redistribution terms","Street/park inventories omit private yards; vacancies/stumps and historic records must be filtered",""
"Miami","US","8","Miami-Fort Lauderdale-West Palm Beach, FL Metro Area","street_trees","Miami inventory/report provider","Miami DDA Downtown Tree Inventory","candidate; spatial completeness unverified","11500 public-property trees within Miami DDA boundaries; not CBSA","","2019","","","species/size/condition described; downloadable raw schema not verified","unverified","unverified","unverified","YELLOW","not specified on inspected page","unverified","https://www.miamidda.com/Urban-Planning/Resilience/Downtown-Tree-Inventory","https://www.miamidda.com/Urban-Planning/Resilience/Downtown-Tree-Inventory","2026-10-07","same-day earlier primary-source audit reused: verified_overview_only","public overview; report/table/maps shared with city; no verified bulk endpoint","Confirm exact release, extent, field missingness and commercial redistribution terms","No inference of open license from public page",""
"Philadelphia","US","9","Philadelphia-Camden-Wilmington, PA-NJ-DE-MD Metro Area","street_trees","Philadelphia inventory/report provider","Philadelphia Tree Inventory","candidate; spatial completeness unverified","City municipal street/park inventory; catalogue says alltrees but privateyard coverage not established","","2025release;2021–2025snapshots","","","metadata linked; exact speciesfield names unverified","unverified","unverified","unverified","YELLOW","City of Philadelphia License; fullterms unverified","unverified","https://opendataphilly.org/datasets/philadelphia-tree-inventory/","https://opendataphilly.org/datasets/philadelphia-tree-inventory/","2026-10-07","same-day earlier primary-source audit reused: catalogueverified;APIformopened","CSV/SHP/GeoJSON/ArcGISAPI","Confirm exact release, extent, field missingness and commercial redistribution terms","Source reservesdatabase rights; donotinferpublicdomain. No frequencyaggregationverified.",""
"Phoenix","US","10","Phoenix-Mesa-Chandler, AZ Metro Area","street_trees","Phoenix inventory/report provider","Phoenix Urban Forest inventory summary","candidate; spatial completeness unverified","City parks and city street landscapes; excludes private yards","","unstated","","","common and scientific names in top-ten list","unverified","unverified","unverified","YELLOW","City all rights reserved; dataset terms unverified","unverified","https://web-prod.phoenix.gov/administration/departments/parks/about-us/phoenixs-urban-forest.html","https://web-prod.phoenix.gov/administration/departments/parks/about-us/phoenixs-urban-forest.html","2026-10-07","same-day earlier primary-source audit reused: verified summary; numeric percentages directly stated","Public HTML summary; inventory viewer linked by city conservation resources","Confirm exact release, extent, field missingness and commercial redistribution terms","Tie 3.1 percent; rank8/9 order follows source listing; not necessarily strict tie break",""
"Boston","US","11","Boston-Cambridge-Newton, MA-NH Metro Area","street_trees","Boston inventory/report provider","Boston street and park tree inventory","candidate; spatial completeness unverified","City public streets and inventoried parks; private yards absent","","2026 webpage; dailyupdates stated2024announcement","","","species confirmed inventorypurpose; exact fieldnames unverified","unverified","unverified","unverified","YELLOW","unverified","unverified","https://content.boston.gov/urban-forestry","https://content.boston.gov/urban-forestry","2026-10-07","same-day earlier primary-source audit reused: official availability verified; download/schema not retrieved","TreeKeeper publicmap;AnalyzeBostondownload","Confirm exact release, extent, field missingness and commercial redistribution terms","Recommended plantinglist not observedtop10; 2021neighborhoodsnapshot is not city/metro ranking.",""
"Riverside-San Bernardino","US","12","Riverside-San Bernardino-Ontario, CA Metro Area","street_trees","Riverside inventory/report provider","Urban Forestry Street Trees layer","candidate; spatial completeness unverified","Municipal public ROW; 127750 features in migration description","","migrated approximately May 2020; current date unknown","","","BotanicalName; CommonName; SpeciesID; TreeCount; TreeCondition","unverified","unverified","unverified","YELLOW","Copyright City of Riverside CA; dataset reuse license unstated","unverified","https://mapriverside.riversideca.gov/server/rest/services/Arboriculture/UrbanForestry/MapServer/1","https://mapriverside.riversideca.gov/server/rest/services/Arboriculture/UrbanForestry/MapServer/1","2026-10-07","same-day earlier primary-source audit reused: verified metadata","ArcGIS REST feature layer; JSON geoJSON PBF; statistics support","Confirm exact release, extent, field missingness and commercial redistribution terms","TreeCount may differ from record count; do not assume species proportions from row count",""
"San Francisco-Oakland","US","13","San Francisco-Oakland-Fremont, CA Metro Area","street_trees","San Francisco inventory/report provider","StreetTreeSF map","candidate; spatial completeness unverified","City public trees; municipal extent","","updated with maintenance; snapshot date unknown","","","species and pruning schedule","unverified","unverified","unverified","YELLOW","unverified","unverified","https://sfpublicworks.org/services/street-tree-map","https://sfpublicworks.org/services/street-tree-map","2026-10-07","same-day earlier primary-source audit reused: verified official page","Official street-tree map","Confirm exact release, extent, field missingness and commercial redistribution terms","2013 composition table used separately is limited neighborhood sample",""
"Detroit","US","14","Detroit-Warren-Dearborn, MI Metro Area","street_trees","Detroit inventory/report provider","Forestry Division tree inventory and mapping","candidate; spatial completeness unverified","CitypublicROW/parks/property;privateyardexcluded","","2026access; datadateunverified","","","unverified","unverified","unverified","unverified","YELLOW","unverified","unverified","https://detroitmi.gov/departments/general-services-department/forestry-division","https://detroitmi.gov/departments/general-services-department/forestry-division","2026-10-07","same-day earlier primary-source audit reused: inventoryexists; publicdatasetunverified","citydepartmentpage; publicdownloadnotverified","Confirm exact release, extent, field missingness and commercial redistribution terms","CSO2011plantedpalette used forcandidates; citywideandmetrofrequencyunknown.",""
"Seattle","US","15","Seattle-Tacoma-Bellevue, WA Metro Area","street_trees","Seattle inventory/report provider","Seattle Tree Inventory Map","candidate; spatial completeness unverified","approximately 40000 city-maintained trees of approximately 130000 street trees","","2007-2008 update plus continued planting updates","","","scientific/common name; tree ID; diameter; maintenance; inventory and last-check dates","unverified","unverified","unverified","YELLOW","unverified","unverified","https://seattle.gov/transportation/projects-and-programs/programs/trees-and-landscaping-program/seattle-tree-inventory-map","https://seattle.gov/transportation/projects-and-programs/programs/trees-and-landscaping-program/seattle-tree-inventory-map","2026-10-07","same-day earlier primary-source audit reused: search metadata only; direct access failed","Public map; direct research-tool fetch internal error","Confirm exact release, extent, field missingness and commercial redistribution terms","Do not interpret inventoried city subset as entire city tree population",""
"Minneapolis-St Paul","US","16","Minneapolis-St. Paul-Bloomington, MN-WI Metro Area","street_trees","Minneapolis inventory/report provider","MPRB boulevard and park tree management","candidate; spatial completeness unverified","nearly200000boulevardtrees;400000parktrees stated;privateyardsabsent","","2026access; inventorydateunverified","","","unverifiedpublicdownloadschema","unverified","unverified","unverified","YELLOW","unverified","unverified","https://www.minneapolisparks.org/park-care-improvements/trees/","https://www.minneapolisparks.org/park-care-improvements/trees/","2026-10-07","same-day earlier primary-source audit reused: scopeverified;top10notverified","officialmanagementpage;requestpublicdata ifneeded","Confirm exact release, extent, field missingness and commercial redistribution terms","Streetplantingcase studies support candidates. Emeraldashborerdiscovered2010;historicashcountsnotcurrentmix.",""
"Tampa","US","17","Tampa-St. Petersburg-Clearwater, FL Metro Area","street_trees","Tampa inventory/report provider","Glen Avenue Tree Inventory","candidate; spatial completeness unverified","trees near proposed Glen Avenue improvements; corridor sample only","","field 2021-12-15; report 2022-01-05","","","scientific/common name; DBH; condition; notes","unverified","unverified","unverified","RED","Glen Avenue consultant report: restricted proposal-purpose reuse; no open raw-inventory grant","same-day earlier audit verified restriction in report page 3","https://www.tampa.gov/sites/default/files/project-doc/2024-02/glen_avenue_tree_inventory_report.doc.pdf","https://www.tampa.gov/sites/default/files/project-doc/2024-02/glen_avenue_tree_inventory_report.doc.pdf","2026-10-07","same-day earlier primary-source audit reused: verified_report; restricted_reuse","PDF table/survey; no verified API","Confirm exact release, extent, field missingness and commercial redistribution terms","Corridor survey only; not citywide tree inventory; report data/recommendations restricted to proposal purpose; seek independent city inventory or permission",""
"San Diego","US","18","San Diego-Chula Vista-Carlsbad, CA Metro Area","street_trees","San Diego inventory/report provider","Street Trees layer","candidate; spatial completeness unverified","City Street Division maintenance records","","unverified","","","species attributes; inspect field details before extraction","unverified","unverified","unverified","YELLOW","unverified","unverified","https://webmaps.sandiego.gov/arcgis/rest/services/DSD/Environment/MapServer/20","https://webmaps.sandiego.gov/arcgis/rest/services/DSD/Environment/MapServer/20","2026-10-07","same-day earlier primary-source audit reused: verified metadata","ArcGIS REST layer","Confirm exact release, extent, field missingness and commercial redistribution terms","2024 contractor PDF inaccessible; not an authorized redistribution conclusion",""
"Denver","US","19","Denver-Aurora-Centennial, CO Metro Area","street_trees","Denver inventory/report provider","Tree Inventory Denver","candidate; spatial completeness unverified","Denver municipal inventory; not all CBSA private yards","","search metadata 374K rows; record dates variable","","","species_common; species_botanic; inventory_date; condition","unverified","unverified","unverified","YELLOW","Denver CC BY 3.0 general policy; mirrored item inheritance unverified","unverified","https://opendata-geospatialdenver.hub.arcgis.com/","https://data.colorado.gov/Natural-Resources/Tree-Inventory-Denver/wz8h-dap6","2026-10-07","same-day earlier primary-source audit reused: metadata discovered; direct catalog has minimal content","Public Socrata catalog; API endpoint not accessible via research tool","Confirm exact release, extent, field missingness and commercial redistribution terms","No license inferred from open portal",""
"Orlando","US","20","Orlando-Kissimmee-Sanford, FL Metro Area","street_trees","Orlando inventory/report provider","Orlando Municipal Forest Resource Analysis","candidate; spatial completeness unverified","68211 City of Orlando municipal public street trees; excludes private yards","","2007 inventory; 2009 report","","","species/common name; DBH classes; tree type; zone; counts","unverified","unverified","unverified","YELLOW","report copyright/reuse not inspected; raw municipal inventory license unknown","unverified","https://research.fs.usda.gov/download/treesearch/60591.pdf","https://research.fs.usda.gov/download/treesearch/60591.pdf","2026-10-07","same-day earlier primary-source audit reused: verified_historical_report","public PDF report; appendix count tables; no live inventory API verified","Confirm exact release, extent, field missingness and commercial redistribution terms","Report access is not evidence of city data open license",""
"Charlotte","US","21","Charlotte-Concord-Gastonia, NC-SC Metro Area","street_trees","Charlotte inventory/report provider","Charlotte Plant Tree Cityworks Work Orders","candidate; spatial completeness unverified","street tree planting work orders; not complete current inventory","","unverified","","","layer schema not yet inspected","unverified","unverified","unverified","YELLOW","no license displayed on service landing page","unverified","https://gis.charlottenc.gov/arcgis/rest/services/Cityworks/PlantTrees/MapServer","https://gis.charlottenc.gov/arcgis/rest/services/Cityworks/PlantTrees/MapServer","2026-10-07","same-day earlier primary-source audit reused: verified_service_metadata; species_schema_unverified","ArcGIS MapServer; JSON/geoJSON/PBF supported; maxRecordCount500","Confirm exact release, extent, field missingness and commercial redistribution terms","Do not mistake planned planting for complete existing-tree inventory",""
"Baltimore","US","22","Baltimore-Columbia-Towson, MD Metro Area","street_trees","Baltimore Forestry","TreeInventory_Public","candidate; spatial completeness unverified","Core city or named agency only; metro-wide coverage unverified","","2018 inventory baseline; current edits unverified","","","TREE_HT; DATA_ORIGIN; species/DBH fields require inspection","unverified","unverified","unverified","YELLOW","Unverified dataset-specific licence","unverified","https://gis.baltimorecity.gov/egis/rest/services/Foresty/TreeInventory_Public/MapServer/0","https://gis.baltimorecity.gov/egis/rest/services/Foresty/TreeInventory_Public/MapServer/0","2026-10-07","primary catalogue/service discovered; dataset values not sampled","Public catalogue/metadata; bulk access unverified","Confirm exact release, extent, field missingness and commercial redistribution terms","Street/park inventories omit private yards; vacancies/stumps and historic records must be filtered",""
"St Louis","US","23","St. Louis, MO-IL Metro Area","street_trees","StLouis inventory/report provider","City Trees (Planting Sites) WMS","candidate; spatial completeness unverified","CityTreesandForestParkTrees;privateyardsabsent","","unverified","","","unverified;WMSnotnecessarilyfeaturedownload","unverified","unverified","unverified","YELLOW","unverified","unverified","https://www.stlouis-mo.gov/data/datasets/distribution.cfm?id=209","https://www.stlouis-mo.gov/data/datasets/distribution.cfm?id=209","2026-10-07","same-day earlier primary-source audit reused: distributionverified","WMS;featureAPIpossiblebutunverified","Confirm exact release, extent, field missingness and commercial redistribution terms","Commonstreetplantinglist2016supports10candidates;plantingsitescanincludeemptypositions.",""
"San Antonio","US","24","San Antonio-New Braunfels, TX Metro Area","street_trees","SanAntonio inventory/report provider","Discover the Trees of San Antonio","candidate; spatial completeness unverified","city educational tree guide; no sampled population","","unverified","","","Latin name; height; blooming; leaf type","unverified","unverified","unverified","YELLOW","no bulk-data license verified","unverified","https://www.sa.gov/Directory/Initiatives/Urban-Forestry/Discover-the-Trees","https://www.sa.gov/Directory/Initiatives/Urban-Forestry/Discover-the-Trees","2026-10-07","same-day earlier primary-source audit reused: verified_guide_not_inventory","public web guide","Confirm exact release, extent, field missingness and commercial redistribution terms","Guide is candidate/botanical evidence; not species frequency",""
"Austin","US","25","Austin-Round Rock-San Marcos, TX Metro Area","street_trees","Austin inventory/report provider","Austin Urban Forest Youth Education","candidate; spatial completeness unverified","City of Austin urban forest; all city trees; not CBSA","","unverified","","","five most-common names on educational page","unverified","unverified","unverified","YELLOW","no raw inventory license inspected","unverified","https://www.austintexas.gov/climate/programs/urban-forest-youth-education","https://www.austintexas.gov/climate/programs/urban-forest-youth-education","2026-10-07","same-day earlier primary-source audit reused: verified_common_species_overview","public page; report links via community forest planning","Confirm exact release, extent, field missingness and commercial redistribution terms","Page says hackberry; USDA2014 says sugarberry; keep taxon-resolution caveat",""
"Portland","US","26","Portland-Vancouver-Hillsboro, OR-WA Metro Area","street_trees","Portland Urban Forestry","Street-tree inventory discovery","candidate; spatial completeness unverified","Core city or named agency only; metro-wide coverage unverified","","2010–2016 historical inventory candidate; current release unverified","","","Species/DBH/condition expected; schema unverified","unverified","unverified","unverified","YELLOW","Unverified dataset-specific licence","unverified","https://www.portland.gov/trees","https://www.portland.gov/trees","2026-10-07","primary catalogue/service discovered; dataset values not sampled","Public catalogue/metadata; bulk access unverified","Confirm exact release, extent, field missingness and commercial redistribution terms","Street/park inventories omit private yards; vacancies/stumps and historic records must be filtered",""
"Sacramento","US","27","Sacramento-Roseville-Folsom, CA Metro Area","street_trees","City Sacramento","Public tree/GIS discovery","candidate; spatial completeness unverified","Core city or named agency only; metro-wide coverage unverified","","unverified","","","unverified species point inventory","unverified","unverified","unverified","YELLOW","Unverified dataset-specific licence","unverified","https://www.cityofsacramento.gov/information-technology/gis/data","https://www.cityofsacramento.gov/information-technology/gis/data","2026-10-07","primary catalogue/service discovered; dataset values not sampled","Public catalogue/metadata; bulk access unverified","Confirm exact release, extent, field missingness and commercial redistribution terms","Street/park inventories omit private yards; vacancies/stumps and historic records must be filtered",""
"Pittsburgh","US","28","Pittsburgh, PA Metro Area","street_trees","Pittsburgh DPW / WPRDC","City Trees","candidate; spatial completeness unverified","Core city or named agency only; metro-wide coverage unverified","","Not updated since 2020 (catalogue warning)","","","Species / diameter / condition; exact dictionary not extracted","unverified","unverified","unverified","GREEN","Creative Commons Attribution (exact linked version check before release)","verified catalogue named CC Attribution; link version not pinned","https://data.wprdc.org/dataset/city-trees","https://data.wprdc.org/dataset/city-trees","2026-10-07","verified official catalogue; data rows not downloaded","Public catalogue/metadata; bulk access unverified","Confirm exact release, extent, field missingness and commercial redistribution terms","Street/park inventories omit private yards; vacancies/stumps and historic records must be filtered",""
"Las Vegas","US","29","Las Vegas-Henderson-North Las Vegas, NV Metro Area","street_trees","Las Vegas inventory/report provider","City Tree Inventory","candidate; spatial completeness unverified","City-managed trees; coverage not verified","","unverified","","","unverified viewer fields","unverified","unverified","unverified","YELLOW","unverified","unverified","https://lasvegasnv.treekeepersoftware.com/index.cfm?deviceWidth=1024","https://lasvegasnv.treekeepersoftware.com/index.cfm?deviceWidth=1024","2026-10-07","same-day earlier primary-source audit reused: official link verified; inventory inaccessible","Official sustainability page links TreeKeeper; direct request timeout","Confirm exact release, extent, field missingness and commercial redistribution terms","No actual top ten; UNR palms are suitability palette",""
"Cincinnati","US","30","Cincinnati, OH-KY-IN Metro Area","street_trees","Cincinnati Parks","Public Tree Inventory","candidate; spatial completeness unverified","Core city or named agency only; metro-wide coverage unverified","","2023 count report; current snapshot unverified","","","Public viewer; bulk species/DBH fields unverified","unverified","unverified","unverified","YELLOW","Unverified dataset-specific licence","unverified","https://www.cincinnati-oh.gov/cincyparks/natural-resources/urban-forestry/","https://www.cincinnati-oh.gov/cincyparks/natural-resources/urban-forestry/","2026-10-07","primary catalogue/service discovered; dataset values not sampled","Public catalogue/metadata; bulk access unverified","Confirm exact release, extent, field missingness and commercial redistribution terms","Street/park inventories omit private yards; vacancies/stumps and historic records must be filtered",""
"Greenville SC","US","","Greenville SC additional city; not top-30 selection","street_trees","City Greenville","Public GIS/tree inventory discovery","candidate; spatial completeness unverified","Core city or named agency only; metro-wide coverage unverified","","unverified","","","unverified public tree point export","unverified","unverified","unverified","YELLOW","Unverified dataset-specific licence","unverified","https://citygis.greenvillesc.gov/GISDataDownload/GISPublicDataGuide.pdf","https://citygis.greenvillesc.gov/GISDataDownload/GISPublicDataGuide.pdf","2026-10-07","primary catalogue/service discovered; dataset values not sampled","Public catalogue/metadata; bulk access unverified","Confirm exact release, extent, field missingness and commercial redistribution terms","Street/park inventories omit private yards; vacancies/stumps and historic records must be filtered",""
"New York","US","1","New York-Newark-Jersey City, NY-NJ Metro Area","transit_gtfs","MTA","Static GTFS / GTFS-RT agency resources","candidate; spatial completeness unverified","MTA service area only; other metro agencies require separate feeds/licences","","Service-change dependent; feed validity window not downloaded","Own-server hosting; staleness notices; modification restrictions; agency symbols separate","","Stops/routes/shapes/trips/stop_times in static GTFS if offered; realtime availability varies","unverified","unverified","unverified","YELLOW","Agency-specific custom terms or unverified grant","custom terms verified where noted; no universal GTFS licence","https://www.mta.info/developers/terms-and-conditions","https://www.mta.info/developers","2026-10-07","official agency/resource discovery; endpoint availability as noted","Public catalogue/metadata; bulk access unverified","Download selected static feed; validate service dates, shapes, mode coverage; archive exact terms and check app/API redistribution rights","Own-server hosting; staleness notices; modification restrictions; agency symbols separate; static schedules are not live vehicle locations",""
"Los Angeles","US","2","Los Angeles-Long Beach-Anaheim, CA Metro Area","transit_gtfs","LA Metro","Static GTFS / GTFS-RT agency resources","candidate; spatial completeness unverified","LA Metro service area only; other metro agencies require separate feeds/licences","","Service-change dependent; feed validity window not downloaded","Feed/licence landing requires current verification; no grant inferred from API access","","Stops/routes/shapes/trips/stop_times in static GTFS if offered; realtime availability varies","unverified","unverified","unverified","YELLOW","Agency-specific custom terms or unverified grant","custom terms verified where noted; no universal GTFS licence","https://developer.metro.net/","https://developer.metro.net/","2026-10-07","official agency/resource discovery; endpoint availability as noted","Public catalogue/metadata; bulk access unverified","Download selected static feed; validate service dates, shapes, mode coverage; archive exact terms and check app/API redistribution rights","Feed/licence landing requires current verification; no grant inferred from API access; static schedules are not live vehicle locations",""
"Chicago","US","3","Chicago-Naperville-Elgin, IL-IN Metro Area","transit_gtfs","CTA","Static GTFS / GTFS-RT agency resources","candidate; spatial completeness unverified","CTA service area only; other metro agencies require separate feeds/licences","","Service-change dependent; feed validity window not downloaded","Limited transit-rider/promotion purpose; standalone data resale not cleared","","Stops/routes/shapes/trips/stop_times in static GTFS if offered; realtime availability varies","unverified","unverified","unverified","YELLOW","Agency-specific custom terms or unverified grant","custom terms verified where noted; no universal GTFS licence","https://www.transitchicago.com/downloads/sch_data/developers_license_agreement.htm","https://www.transitchicago.com/developers/default.aspx","2026-10-07","official agency/resource discovery; endpoint availability as noted","Public catalogue/metadata; bulk access unverified","Download selected static feed; validate service dates, shapes, mode coverage; archive exact terms and check app/API redistribution rights","Limited transit-rider/promotion purpose; standalone data resale not cleared; static schedules are not live vehicle locations",""
"Dallas-Fort Worth","US","4","Dallas-Fort Worth-Arlington, TX Metro Area","transit_gtfs","DART","Static GTFS / GTFS-RT agency resources","candidate; spatial completeness unverified","DART service area only; other metro agencies require separate feeds/licences","","Service-change dependent; feed validity window not downloaded","Static bus/rail/TRE schedule download verified; redistribution licence unverified","","Stops/routes/shapes/trips/stop_times in static GTFS if offered; realtime availability varies","unverified","unverified","unverified","YELLOW","Agency-specific custom terms or unverified grant","custom terms verified where noted; no universal GTFS licence","https://www.dart.org/about/about-dart/fixed-route-schedule","https://www.dart.org/about/about-dart/fixed-route-schedule","2026-10-07","official agency/resource discovery; endpoint availability as noted","Public catalogue/metadata; bulk access unverified","Download selected static feed; validate service dates, shapes, mode coverage; archive exact terms and check app/API redistribution rights","Static bus/rail/TRE schedule download verified; redistribution licence unverified; static schedules are not live vehicle locations",""
"Houston","US","5","Houston-Pasadena-The Woodlands, TX Metro Area","transit_gtfs","METRO","Static GTFS / GTFS-RT agency resources","candidate; spatial completeness unverified","METRO service area only; other metro agencies require separate feeds/licences","","Service-change dependent; feed validity window not downloaded","Portal signup / feed-specific terms check","","Stops/routes/shapes/trips/stop_times in static GTFS if offered; realtime availability varies","unverified","unverified","unverified","YELLOW","Agency-specific custom terms or unverified grant","custom terms verified where noted; no universal GTFS licence","https://api-portal.ridemetro.org/","https://www.ridemetro.org/about/business-to-business/developer-portal","2026-10-07","official agency/resource discovery; endpoint availability as noted","Public catalogue/metadata; bulk access unverified","Download selected static feed; validate service dates, shapes, mode coverage; archive exact terms and check app/API redistribution rights","Portal signup / feed-specific terms check; static schedules are not live vehicle locations",""
"Atlanta","US","6","Atlanta-Sandy Springs-Roswell, GA Metro Area","transit_gtfs","MARTA","Static GTFS / GTFS-RT agency resources","candidate; spatial completeness unverified","MARTA service area only; other metro agencies require separate feeds/licences","","Service-change dependent; feed validity window not downloaded","Feed available; full licence grant unverified","","Stops/routes/shapes/trips/stop_times in static GTFS if offered; realtime availability varies","unverified","unverified","unverified","YELLOW","Agency-specific custom terms or unverified grant","custom terms verified where noted; no universal GTFS licence","https://itsmarta.com/app-developer-resources.aspx","https://itsmarta.com/app-developer-resources.aspx","2026-10-07","official agency/resource discovery; endpoint availability as noted","Public catalogue/metadata; bulk access unverified","Download selected static feed; validate service dates, shapes, mode coverage; archive exact terms and check app/API redistribution rights","Feed available; full licence grant unverified; static schedules are not live vehicle locations",""
"Washington DC","US","7","Washington-Arlington-Alexandria, DC-VA-MD-WV Metro Area","transit_gtfs","WMATA","Static GTFS / GTFS-RT agency resources","candidate; spatial completeness unverified","WMATA service area only; other metro agencies require separate feeds/licences","","Service-change dependent; feed validity window not downloaded","Custom revocable licence; future charges reserved; review purpose and rate limits","","Stops/routes/shapes/trips/stop_times in static GTFS if offered; realtime availability varies","unverified","unverified","unverified","YELLOW","Agency-specific custom terms or unverified grant","custom terms verified where noted; no universal GTFS licence","https://developer.wmata.com/license","https://www.wmata.com/about/developers.html","2026-10-07","official agency/resource discovery; endpoint availability as noted","Public catalogue/metadata; bulk access unverified","Download selected static feed; validate service dates, shapes, mode coverage; archive exact terms and check app/API redistribution rights","Custom revocable licence; future charges reserved; review purpose and rate limits; static schedules are not live vehicle locations",""
"Miami","US","8","Miami-Fort Lauderdale-West Palm Beach, FL Metro Area","transit_gtfs","Miami-Dade Transit","Static GTFS / GTFS-RT agency resources","candidate; spatial completeness unverified","Miami-Dade Transit service area only; other metro agencies require separate feeds/licences","","Service-change dependent; feed validity window not downloaded","Official operator discovery; current GTFS endpoint and redistribution licence unverified","","Stops/routes/shapes/trips/stop_times in static GTFS if offered; realtime availability varies","unverified","unverified","unverified","YELLOW","Agency-specific custom terms or unverified grant","custom terms verified where noted; no universal GTFS licence","https://www.miamidade.gov/global/transportation/open-data-feeds.page","https://www.miamidade.gov/global/transportation/open-data-feeds.page","2026-10-07","verified official static GTFS and realtime feed page; exact reuse licence unverified","Public catalogue/metadata; bulk access unverified","Download selected static feed; validate service dates, shapes, mode coverage; archive exact terms and check app/API redistribution rights","GTFS-RT bus/Metromover/Metrorail/Coral Gables Trolley via Swiftly; provider/account and redistribution terms separate; does not cover all South Florida operators",""
"Philadelphia","US","9","Philadelphia-Camden-Wilmington, PA-NJ-DE-MD Metro Area","transit_gtfs","SEPTA","Static GTFS / GTFS-RT agency resources","candidate; spatial completeness unverified","SEPTA service area only; other metro agencies require separate feeds/licences","","2026-10-06 13:34:25 GTFS update; agreement 2014-03-18","Current primary GTFS developer endpoint and terms unverified","","Stops/routes/shapes/trips/stop_times in static GTFS if offered; realtime availability varies","unverified","unverified","unverified","YELLOW","SEPTA Developer License Agreement","verified custom agreement page; full clause interpretation for WorldEngine required","https://www3.septa.org/developer/","https://www3.septa.org/developer/","2026-10-07","verified primary developer page; static ZIP not downloaded","Public catalogue/metadata; bulk access unverified","Download selected static feed; validate service dates, shapes, mode coverage; archive exact terms and check app/API redistribution rights","Conditional trip-planning data licence; do not assume general-purpose data resale permitted; full terms review before app use",""
"Phoenix","US","10","Phoenix-Mesa-Chandler, AZ Metro Area","transit_gtfs","Valley Metro","Static GTFS / GTFS-RT agency resources","candidate; spatial completeness unverified","Valley Metro service area only; other metro agencies require separate feeds/licences","","Service-change dependent; feed validity window not downloaded","Developer page retrieval failed in earlier same-day audit; endpoint/licence unverified","","Stops/routes/shapes/trips/stop_times in static GTFS if offered; realtime availability varies","unverified","unverified","unverified","YELLOW","Agency-specific custom terms or unverified grant","custom terms verified where noted; no universal GTFS licence","https://www.valleymetro.org/developer-resources","https://www.valleymetro.org/developer-resources","2026-10-07","official agency/resource discovery; endpoint availability as noted","Public catalogue/metadata; bulk access unverified","Download selected static feed; validate service dates, shapes, mode coverage; archive exact terms and check app/API redistribution rights","Developer page retrieval failed in earlier same-day audit; endpoint/licence unverified; static schedules are not live vehicle locations",""
"Boston","US","11","Boston-Cambridge-Newton, MA-NH Metro Area","transit_gtfs","MBTA / MassDOT","Static GTFS / GTFS-RT agency resources","candidate; spatial completeness unverified","MBTA / MassDOT service area only; other metro agencies require separate feeds/licences","","Service-change dependent; feed validity window not downloaded","MBTA website blocked by robots; MassDOT primary links verify availability; licence remains unverified","","Stops/routes/shapes/trips/stop_times in static GTFS if offered; realtime availability varies","unverified","unverified","unverified","YELLOW","Agency-specific custom terms or unverified grant","custom terms verified where noted; no universal GTFS licence","https://www.mass.gov/lists/mbta-and-transit-data-for-developers","https://www.mass.gov/lists/mbta-and-transit-data-for-developers","2026-10-07","official agency/resource discovery; endpoint availability as noted","Public catalogue/metadata; bulk access unverified","Download selected static feed; validate service dates, shapes, mode coverage; archive exact terms and check app/API redistribution rights","MBTA website blocked by robots; MassDOT primary links verify availability; licence remains unverified; static schedules are not live vehicle locations",""
"Riverside-San Bernardino","US","12","Riverside-San Bernardino-Ontario, CA Metro Area","transit_gtfs","RTA / Omnitrans","Static GTFS / GTFS-RT agency resources","candidate; spatial completeness unverified","RTA / Omnitrans service area only; other metro agencies require separate feeds/licences","","Service-change dependent; feed validity window not downloaded","Both agencies offer static feeds; custom terms not fully verified; one feed is not all Inland Empire","","Stops/routes/shapes/trips/stop_times in static GTFS if offered; realtime availability varies","unverified","unverified","unverified","YELLOW","Agency-specific custom terms or unverified grant","custom terms verified where noted; no universal GTFS licence","https://www.omnitrans.org/google/gis/gis-files-download.html","https://www.omnitrans.org/google/gis/gis-files-download.html","2026-10-07","official agency/resource discovery; endpoint availability as noted","Public catalogue/metadata; bulk access unverified","Download selected static feed; validate service dates, shapes, mode coverage; archive exact terms and check app/API redistribution rights","Both agencies offer static feeds; custom terms not fully verified; one feed is not all Inland Empire; static schedules are not live vehicle locations",""
"San Francisco-Oakland","US","13","San Francisco-Oakland-Fremont, CA Metro Area","transit_gtfs","SFMTA","Static GTFS / GTFS-RT agency resources","candidate; spatial completeness unverified","SFMTA service area only; other metro agencies require separate feeds/licences","","Service-change dependent; feed validity window not downloaded","Limited revocable licence; static Muni feed not BART/Caltrain/AC Transit","","Stops/routes/shapes/trips/stop_times in static GTFS if offered; realtime availability varies","unverified","unverified","unverified","YELLOW","Agency-specific custom terms or unverified grant","custom terms verified where noted; no universal GTFS licence","https://www.sfmta.com/reports/gtfs-transit-data","https://www.sfmta.com/reports/gtfs-transit-data","2026-10-07","official agency/resource discovery; endpoint availability as noted","Public catalogue/metadata; bulk access unverified","Download selected static feed; validate service dates, shapes, mode coverage; archive exact terms and check app/API redistribution rights","Limited revocable licence; static Muni feed not BART/Caltrain/AC Transit; static schedules are not live vehicle locations",""
"Detroit","US","14","Detroit-Warren-Dearborn, MI Metro Area","transit_gtfs","DDOT","Static GTFS / GTFS-RT agency resources","candidate; spatial completeness unverified","DDOT service area only; other metro agencies require separate feeds/licences","","Service-change dependent; feed validity window not downloaded","Current primary feed and licence unverified; aggregator is not agency licence","","Stops/routes/shapes/trips/stop_times in static GTFS if offered; realtime availability varies","unverified","unverified","unverified","YELLOW","Agency-specific custom terms or unverified grant","custom terms verified where noted; no universal GTFS licence","https://detroitmi.gov/departments/detroit-department-transportation","https://detroitmi.gov/departments/detroit-department-transportation","2026-10-07","official agency/resource discovery; endpoint availability as noted","Public catalogue/metadata; bulk access unverified","Download selected static feed; validate service dates, shapes, mode coverage; archive exact terms and check app/API redistribution rights","Current primary feed and licence unverified; aggregator is not agency licence; static schedules are not live vehicle locations",""
"Seattle","US","15","Seattle-Tacoma-Bellevue, WA Metro Area","transit_gtfs","King County Metro","Static GTFS / GTFS-RT agency resources","candidate; spatial completeness unverified","King County Metro service area only; other metro agencies require separate feeds/licences","","Service-change dependent; feed validity window not downloaded","Verified storage/derivative use to extent County owns rights; revocable; prominently display required permission legend","","Stops/routes/shapes/trips/stop_times in static GTFS if offered; realtime availability varies","unverified","unverified","unverified","YELLOW","Agency-specific custom terms or unverified grant","verified limited revocable licence and storage/derivative permission; YELLOW for revocation/third-party rights","https://kingcounty.gov/en/dept/metro/rider-tools/mobile-and-web-apps","https://kingcounty.gov/en/dept/metro/rider-tools/mobile-and-web-apps","2026-10-07","official agency/resource discovery; endpoint availability as noted","Public catalogue/metadata; bulk access unverified","Download selected static feed; validate service dates, shapes, mode coverage; archive exact terms and check app/API redistribution rights","Verified storage/derivative use to extent County owns rights; revocable; prominently display required permission legend; static schedules are not live vehicle locations",""
"Minneapolis-St Paul","US","16","Minneapolis-St. Paul-Bloomington, MN-WI Metro Area","transit_gtfs","Metro Transit","Static GTFS / GTFS-RT agency resources","candidate; spatial completeness unverified","Metro Transit service area only; other metro agencies require separate feeds/licences","","Service-change dependent; feed validity window not downloaded","Static bus/light rail feed verified; separate MVTA feed; licence unverified","","Stops/routes/shapes/trips/stop_times in static GTFS if offered; realtime availability varies","unverified","unverified","unverified","YELLOW","Agency-specific custom terms or unverified grant","custom terms verified where noted; no universal GTFS licence","https://svc.metrotransit.org/","https://svc.metrotransit.org/","2026-10-07","official agency/resource discovery; endpoint availability as noted","Public catalogue/metadata; bulk access unverified","Download selected static feed; validate service dates, shapes, mode coverage; archive exact terms and check app/API redistribution rights","Static bus/light rail feed verified; separate MVTA feed; licence unverified; static schedules are not live vehicle locations",""
"Tampa","US","17","Tampa-St. Petersburg-Clearwater, FL Metro Area","transit_gtfs","HART","Static GTFS / GTFS-RT agency resources","candidate; spatial completeness unverified","HART service area only; other metro agencies require separate feeds/licences","","Service-change dependent; feed validity window not downloaded","Operator page only; current GTFS feed/terms unverified","","Stops/routes/shapes/trips/stop_times in static GTFS if offered; realtime availability varies","unverified","unverified","unverified","YELLOW","Agency-specific custom terms or unverified grant","custom terms verified where noted; no universal GTFS licence","https://www.gohart.org/","https://www.gohart.org/","2026-10-07","official agency/resource discovery; endpoint availability as noted","Public catalogue/metadata; bulk access unverified","Download selected static feed; validate service dates, shapes, mode coverage; archive exact terms and check app/API redistribution rights","Operator page only; current GTFS feed/terms unverified; static schedules are not live vehicle locations",""
"San Diego","US","18","San Diego-Chula Vista-Carlsbad, CA Metro Area","transit_gtfs","MTS","Static GTFS / GTFS-RT agency resources","candidate; spatial completeness unverified","MTS service area only; other metro agencies require separate feeds/licences","","Service-change dependent; feed validity window not downloaded","Conditional revocable use/reproduce/redistribute; not all North County services","","Stops/routes/shapes/trips/stop_times in static GTFS if offered; realtime availability varies","unverified","unverified","unverified","YELLOW","Agency-specific custom terms or unverified grant","custom terms verified where noted; no universal GTFS licence","https://www.sdmts.com/business-center/app-developers/terms-and-conditions","https://www.sdmts.com/business-center/app-developers/terms-and-conditions","2026-10-07","official agency/resource discovery; endpoint availability as noted","Public catalogue/metadata; bulk access unverified","Download selected static feed; validate service dates, shapes, mode coverage; archive exact terms and check app/API redistribution rights","Conditional revocable use/reproduce/redistribute; not all North County services; static schedules are not live vehicle locations",""
"Denver","US","19","Denver-Aurora-Centennial, CO Metro Area","transit_gtfs","RTD","Static GTFS / GTFS-RT agency resources","candidate; spatial completeness unverified","RTD service area only; other metro agencies require separate feeds/licences","","Service-change dependent; feed validity window not downloaded","Static GTFS and realtime separate; custom terms must be retained","","Stops/routes/shapes/trips/stop_times in static GTFS if offered; realtime availability varies","unverified","unverified","unverified","YELLOW","Agency-specific custom terms or unverified grant","custom terms verified where noted; no universal GTFS licence","https://www.rtd-denver.com/open-records/open-spatial-information","https://www.rtd-denver.com/open-records/open-spatial-information/gtfs","2026-10-07","official agency/resource discovery; endpoint availability as noted","Public catalogue/metadata; bulk access unverified","Download selected static feed; validate service dates, shapes, mode coverage; archive exact terms and check app/API redistribution rights","Static GTFS and realtime separate; custom terms must be retained; static schedules are not live vehicle locations",""
"Orlando","US","20","Orlando-Kissimmee-Sanford, FL Metro Area","transit_gtfs","LYNX","Static GTFS / GTFS-RT agency resources","candidate; spatial completeness unverified","LYNX service area only; other metro agencies require separate feeds/licences","","Service-change dependent; feed validity window not downloaded","Download verified; as-is disclaimer is not itself a licence grant","","Stops/routes/shapes/trips/stop_times in static GTFS if offered; realtime availability varies","unverified","unverified","unverified","YELLOW","Agency-specific custom terms or unverified grant","custom terms verified where noted; no universal GTFS licence","https://www.golynx.com/maps-schedules/data-download.stml","https://www.golynx.com/maps-schedules/data-download.stml","2026-10-07","official agency/resource discovery; endpoint availability as noted","Public catalogue/metadata; bulk access unverified","Download selected static feed; validate service dates, shapes, mode coverage; archive exact terms and check app/API redistribution rights","Download verified; as-is disclaimer is not itself a licence grant; static schedules are not live vehicle locations",""
"Charlotte","US","21","Charlotte-Concord-Gastonia, NC-SC Metro Area","transit_gtfs","CATS","Static GTFS / GTFS-RT agency resources","candidate; spatial completeness unverified","CATS service area only; other metro agencies require separate feeds/licences","","Service-change dependent; feed validity window not downloaded","Bus-route GIS verified; current GTFS bulk feed and terms unverified","","Stops/routes/shapes/trips/stop_times in static GTFS if offered; realtime availability varies","unverified","unverified","unverified","YELLOW","Agency-specific custom terms or unverified grant","custom terms verified where noted; no universal GTFS licence","https://www.charlottenc.gov/CATS/Home","https://www.charlottenc.gov/CATS/Home","2026-10-07","official agency/resource discovery; endpoint availability as noted","Public catalogue/metadata; bulk access unverified","Download selected static feed; validate service dates, shapes, mode coverage; archive exact terms and check app/API redistribution rights","Bus-route GIS verified; current GTFS bulk feed and terms unverified; static schedules are not live vehicle locations",""
"Baltimore","US","22","Baltimore-Columbia-Towson, MD Metro Area","transit_gtfs","Maryland MTA","Static GTFS / GTFS-RT agency resources","candidate; spatial completeness unverified","Maryland MTA service area only; other metro agencies require separate feeds/licences","","Service-change dependent; feed validity window not downloaded","GTFS local bus/light rail described by official developer page; exact licence unverified","","Stops/routes/shapes/trips/stop_times in static GTFS if offered; realtime availability varies","unverified","unverified","unverified","YELLOW","Agency-specific custom terms or unverified grant","custom terms verified where noted; no universal GTFS licence","https://www.mta.maryland.gov/developer-resources","https://www.mta.maryland.gov/developer-resources","2026-10-07","official agency/resource discovery; endpoint availability as noted","Public catalogue/metadata; bulk access unverified","Download selected static feed; validate service dates, shapes, mode coverage; archive exact terms and check app/API redistribution rights","GTFS local bus/light rail described by official developer page; exact licence unverified; static schedules are not live vehicle locations",""
"St Louis","US","23","St. Louis, MO-IL Metro Area","transit_gtfs","Metro Transit / Bi-State","Static GTFS / GTFS-RT agency resources","candidate; spatial completeness unverified","Metro Transit / Bi-State service area only; other metro agencies require separate feeds/licences","","Service-change dependent; feed validity window not downloaded","Old developer route references do not establish current feed/terms; unverified","","Stops/routes/shapes/trips/stop_times in static GTFS if offered; realtime availability varies","unverified","unverified","unverified","YELLOW","Metro St Louis developer Terms of Use","verified custom terms page exists; detailed WorldEngine scope review required","https://www.metrostlouis.org/developer-resources/","https://www.metrostlouis.org/developer-resources/","2026-10-07","verified official GTFS developer page","Public catalogue/metadata; bulk access unverified","Download selected static feed; validate service dates, shapes, mode coverage; archive exact terms and check app/API redistribution rights","Downloading binds agency terms; transit-related purpose described; full redistribution scope not established for a general World State API",""
"San Antonio","US","24","San Antonio-New Braunfels, TX Metro Area","transit_gtfs","VIA","Static GTFS / GTFS-RT agency resources","candidate; spatial completeness unverified","VIA service area only; other metro agencies require separate feeds/licences","","Service-change dependent; feed validity window not downloaded","Official static feed and developer licence link; full terms require check","","Stops/routes/shapes/trips/stop_times in static GTFS if offered; realtime availability varies","unverified","unverified","unverified","YELLOW","Agency-specific custom terms or unverified grant","custom terms verified where noted; no universal GTFS licence","https://www.viainfo.net/developers-resources/","https://www.viainfo.net/developers-resources/","2026-10-07","official agency/resource discovery; endpoint availability as noted","Public catalogue/metadata; bulk access unverified","Download selected static feed; validate service dates, shapes, mode coverage; archive exact terms and check app/API redistribution rights","Official static feed and developer licence link; full terms require check; static schedules are not live vehicle locations",""
"Austin","US","25","Austin-Round Rock-San Marcos, TX Metro Area","transit_gtfs","CapMetro","Static GTFS / GTFS-RT agency resources","candidate; spatial completeness unverified","CapMetro service area only; other metro agencies require separate feeds/licences","","Service-change dependent; feed validity window not downloaded","GTFS and realtime via Texas portal; custom terms listed; scope check","","Stops/routes/shapes/trips/stop_times in static GTFS if offered; realtime availability varies","unverified","unverified","unverified","YELLOW","Agency-specific custom terms or unverified grant","custom terms verified where noted; no universal GTFS licence","https://www.capmetro.org/developertools","https://www.capmetro.org/developertools","2026-10-07","official agency/resource discovery; endpoint availability as noted","Public catalogue/metadata; bulk access unverified","Download selected static feed; validate service dates, shapes, mode coverage; archive exact terms and check app/API redistribution rights","GTFS and realtime via Texas portal; custom terms listed; scope check; static schedules are not live vehicle locations",""
"Portland","US","26","Portland-Vancouver-Hillsboro, OR-WA Metro Area","transit_gtfs","TriMet","Static GTFS / GTFS-RT agency resources","candidate; spatial completeness unverified","TriMet service area only; other metro agencies require separate feeds/licences","","Service-change dependent; feed validity window not downloaded","Static GTFS public; realtime requires AppID; developer terms govern","","Stops/routes/shapes/trips/stop_times in static GTFS if offered; realtime availability varies","unverified","unverified","unverified","YELLOW","Agency-specific custom terms or unverified grant","custom terms verified where noted; no universal GTFS licence","https://developer.trimet.org/terms_of_use.shtml","https://developer.trimet.org/GTFS.shtml","2026-10-07","official agency/resource discovery; endpoint availability as noted","Public catalogue/metadata; bulk access unverified","Download selected static feed; validate service dates, shapes, mode coverage; archive exact terms and check app/API redistribution rights","Static GTFS public; realtime requires AppID; developer terms govern; static schedules are not live vehicle locations",""
"Sacramento","US","27","Sacramento-Roseville-Folsom, CA Metro Area","transit_gtfs","SacRT","Static GTFS / GTFS-RT agency resources","candidate; spatial completeness unverified","SacRT service area only; other metro agencies require separate feeds/licences","","Service-change dependent; feed validity window not downloaded","GTFS/RT and nearby agency feeds listed; exact commercial grant unverified","","Stops/routes/shapes/trips/stop_times in static GTFS if offered; realtime availability varies","unverified","unverified","unverified","YELLOW","Agency-specific custom terms or unverified grant","custom terms verified where noted; no universal GTFS licence","https://www.sacrt.com/transit-data-portal/","https://www.sacrt.com/transit-data-portal/","2026-10-07","official agency/resource discovery; endpoint availability as noted","Public catalogue/metadata; bulk access unverified","Download selected static feed; validate service dates, shapes, mode coverage; archive exact terms and check app/API redistribution rights","GTFS/RT and nearby agency feeds listed; exact commercial grant unverified; static schedules are not live vehicle locations",""
"Pittsburgh","US","28","Pittsburgh, PA Metro Area","transit_gtfs","PRT","Static GTFS / GTFS-RT agency resources","candidate; spatial completeness unverified","PRT service area only; other metro agencies require separate feeds/licences","","Service-change dependent; feed validity window not downloaded","Static quarterly changes; latest directory October 2 2026; developer licence governs","","Stops/routes/shapes/trips/stop_times in static GTFS if offered; realtime availability varies","unverified","unverified","unverified","YELLOW","Agency-specific custom terms or unverified grant","custom terms verified where noted; no universal GTFS licence","https://rideprt.org/en/business-center/developer-resources/","https://rideprt.org/en/business-center/developer-resources/","2026-10-07","official agency/resource discovery; endpoint availability as noted","Public catalogue/metadata; bulk access unverified","Download selected static feed; validate service dates, shapes, mode coverage; archive exact terms and check app/API redistribution rights","Static quarterly changes; latest directory October 2 2026; developer licence governs; static schedules are not live vehicle locations",""
"Las Vegas","US","29","Las Vegas-Henderson-North Las Vegas, NV Metro Area","transit_gtfs","RTC Southern Nevada","Static GTFS / GTFS-RT agency resources","candidate; spatial completeness unverified","RTC Southern Nevada service area only; other metro agencies require separate feeds/licences","","Service-change dependent; feed validity window not downloaded","Free developer data stated; exact redistribution grant unverified","","Stops/routes/shapes/trips/stop_times in static GTFS if offered; realtime availability varies","unverified","unverified","unverified","YELLOW","Agency-specific custom terms or unverified grant","custom terms verified where noted; no universal GTFS licence","https://www.rtcsnv.com/ways-to-travel/transit-services/for-developers/","https://www.rtcsnv.com/ways-to-travel/transit-services/for-developers/","2026-10-07","official agency/resource discovery; endpoint availability as noted","Public catalogue/metadata; bulk access unverified","Download selected static feed; validate service dates, shapes, mode coverage; archive exact terms and check app/API redistribution rights","Free developer data stated; exact redistribution grant unverified; static schedules are not live vehicle locations",""
"Cincinnati","US","30","Cincinnati, OH-KY-IN Metro Area","transit_gtfs","SORTA / Metro","Static GTFS / GTFS-RT agency resources","candidate; spatial completeness unverified","SORTA / Metro service area only; other metro agencies require separate feeds/licences","","Service-change dependent; feed validity window not downloaded","Operator discovery only; current primary GTFS feed and licence unverified","","Stops/routes/shapes/trips/stop_times in static GTFS if offered; realtime availability varies","unverified","unverified","unverified","YELLOW","Agency-specific custom terms or unverified grant","custom terms verified where noted; no universal GTFS licence","https://www.go-metro.com/","https://www.go-metro.com/","2026-10-07","official agency/resource discovery; endpoint availability as noted","Public catalogue/metadata; bulk access unverified","Download selected static feed; validate service dates, shapes, mode coverage; archive exact terms and check app/API redistribution rights","Operator discovery only; current primary GTFS feed and licence unverified; static schedules are not live vehicle locations",""
"Greenville SC","US","","Greenville SC additional city; not top-30 selection","transit_gtfs","Greenlink","Static GTFS / GTFS-RT agency resources","candidate; spatial completeness unverified","Greenlink service area only; other metro agencies require separate feeds/licences","","Service-change dependent; feed validity window not downloaded","Official static and three GTFS-RT feed URLs verified; licence grant unverified","","Stops/routes/shapes/trips/stop_times in static GTFS if offered; realtime availability varies","unverified","unverified","unverified","YELLOW","Agency-specific custom terms or unverified grant","custom terms verified where noted; no universal GTFS licence","https://connections.greenvillesc.gov/1183/Trip-Planner","https://connections.greenvillesc.gov/1183/Trip-Planner","2026-10-07","official agency/resource discovery; endpoint availability as noted","Public catalogue/metadata; bulk access unverified","Download selected static feed; validate service dates, shapes, mode coverage; archive exact terms and check app/API redistribution rights","Official static and three GTFS-RT feed URLs verified; licence grant unverified; static schedules are not live vehicle locations",""
"Toronto","Canada","","Requested international city; metropolitan boundary not normalized","terrain_1m","University Toronto / Airborne Imaging","Toronto Lidar 2015","candidate; spatial completeness unverified","City survey; map extent not tested","2014-04-20 to 2014-05-06 and 2015-04-03 to 2015-04-25","","","1 m bare-earth/full-feature grids; LAS","1 m bare-earth/full-feature grids; LAS","unverified","unverified","unverified","RED","Not Open; Airborne Imaging copyright","verified catalogue explicitly Not Open","https://mdl.library.utoronto.ca/collections/geospatial-data/toronto-lidar-2015","https://mdl.library.utoronto.ca/collections/geospatial-data/toronto-lidar-2015","2026-10-07","primary source reviewed/discovered as noted; no local geometry product downloaded","Public catalogue/metadata; bulk access unverified","Confirm exact release, extent, field missingness and commercial redistribution terms","Historic licensed collection; not cleared for proprietary redistribution; look for separately open provincial tiles",""
"Toronto","Canada","","Requested international city; metropolitan boundary not normalized","lidar","University Toronto / Airborne Imaging","Toronto Lidar 2015 point-cloud availability","candidate; spatial completeness unverified","City survey; map extent not tested","2014-04-20 to 2014-05-06 and 2015-04-03 to 2015-04-25","","","Point cloud available where stated; local sampling not performed","1 m bare-earth/full-feature grids; LAS","unverified","unverified","unverified","RED","Not Open; Airborne Imaging copyright","verified catalogue explicitly Not Open","https://mdl.library.utoronto.ca/collections/geospatial-data/toronto-lidar-2015","https://mdl.library.utoronto.ca/collections/geospatial-data/toronto-lidar-2015","2026-10-07","same source evidence as terrain row; exact point-cloud release unverified unless explicitly stated","Public catalogue/metadata; bulk access unverified","Confirm exact release, extent, field missingness and commercial redistribution terms","Historic licensed collection; not cleared for proprietary redistribution; look for separately open provincial tiles; raster availability does not establish raw point-cloud access",""
"Toronto","Canada","","Requested international city; metropolitan boundary not normalized","city_buildings","Toronto","3D Massing footprint/height derivation","candidate; spatial completeness unverified","City of Toronto; not whole GTA","release-specific; exact survey unverified","","","","3D shapes; exact roof/height fields unverified","3D geometry/height described; completeness unmeasured","unverified","unverified","GREEN","Open Government Licence - Toronto","verified dataset OGL link","https://open.toronto.ca/open-data-licence/","https://open.toronto.ca/dataset/3d-massing/","2026-10-07","primary source reviewed/discovered as noted; no local geometry product downloaded","Public catalogue/metadata; bulk access unverified","Confirm exact release, extent, field missingness and commercial redistribution terms","3D massing is not a guarantee of uniform LOD2 roofs",""
"Toronto","Canada","","Requested international city; metropolitan boundary not normalized","street_trees","Toronto","Street Tree Data","candidate; spatial completeness unverified","Municipal street trees; private yards absent","unverified","","","","Species records confirmed by official Open Data treasure-hunt; exact coordinates/DBH schema unverified","unverified","unverified","unverified","GREEN","Open Government Licence - Toronto","verified current dataset OGL link","https://open.toronto.ca/open-data-licence/","https://open.toronto.ca/dataset/street-tree-data/","2026-10-07","official dataset page reviewed; full schema dynamic/not extracted","Public catalogue/metadata; bulk access unverified","Confirm exact release, extent, field missingness and commercial redistribution terms","Species existence verified by city Open Data article; exact DBH/coordinates field dictionary not extracted; current live completeness unmeasured",""
"Toronto","Canada","","Requested international city; metropolitan boundary not normalized","parcel_assessor","Toronto / Ontario","Parcel/assessor discovery","candidate; spatial completeness unverified","City/province; MPAC/Teranet terms separate","unverified","","","","Year built/storeys in apartment registration may cover subset; parcel-wide physical fields unverified","unverified","unverified","unverified","YELLOW","Unverified cadastral/assessment rights","unverified","https://open.toronto.ca/","https://open.toronto.ca/","2026-10-07","primary source reviewed/discovered as noted; no local geometry product downloaded","Public catalogue/metadata; bulk access unverified","Confirm exact release, extent, field missingness and commercial redistribution terms","Toronto open-data licence does not automatically open MPAC/Teranet property products",""
"Toronto","Canada","","Requested international city; metropolitan boundary not normalized","transit_gtfs","TTC / Toronto","Merged GTFS TTC Routes and Schedules","candidate; spatial completeness unverified","TTC only; GO and other GTA agencies separate","feed-specific; validity not downloaded","","","","Static GTFS routes/stops/trips/shapes","unverified","unverified","unverified","GREEN","Open Government Licence - Toronto","verified dataset licence","https://open.toronto.ca/open-data-licence/","https://open.toronto.ca/dataset/merged-gtfs-ttc-routes-and-schedules/","2026-10-07","primary source reviewed/discovered as noted; no local geometry product downloaded","Public catalogue/metadata; bulk access unverified","Confirm exact release, extent, field missingness and commercial redistribution terms","Static TTC GTFS does not grant every GTA realtime feed",""
"Vancouver","Canada","","Requested international city; metropolitan boundary not normalized","terrain_1m","Vancouver / UBC","Lidar 2022","candidate; spatial completeness unverified","134 km² city + UBC; 181 tiles; metro beyond this unverified","2022-09-07 and 2022-09-09","","","LAS point cloud; mean 49 points/m²; classifications; derived 1 m DEM not independently checked","LAS point cloud; mean 49 points/m²; classifications; derived 1 m DEM not independently checked","unverified","unverified","unverified","GREEN","Open Government Licence - Vancouver","verified dataset licence","https://vancouver.opendatasoft.com/pages/licence/","https://opendata.vancouver.ca/explore/dataset/lidar-2022/information/","2026-10-07","primary source reviewed/discovered as noted; no local geometry product downloaded","Public catalogue/metadata; bulk access unverified","Confirm exact release, extent, field missingness and commercial redistribution terms","Actual 1 m raster release/resolution and vertical datum require check; point spacing is not DEM grid size",""
"Vancouver","Canada","","Requested international city; metropolitan boundary not normalized","lidar","Vancouver / UBC","Lidar 2022 point-cloud availability","candidate; spatial completeness unverified","134 km² city + UBC; 181 tiles; metro beyond this unverified","2022-09-07 and 2022-09-09","","","Point cloud available where stated; local sampling not performed","LAS point cloud; mean 49 points/m²; classifications; derived 1 m DEM not independently checked","unverified","unverified","unverified","GREEN","Open Government Licence - Vancouver","verified dataset licence","https://opendata.vancouver.ca/explore/dataset/lidar-2022/information/","https://opendata.vancouver.ca/explore/dataset/lidar-2022/information/","2026-10-07","same source evidence as terrain row; exact point-cloud release unverified unless explicitly stated","Public catalogue/metadata; bulk access unverified","Confirm exact release, extent, field missingness and commercial redistribution terms","Actual 1 m raster release/resolution and vertical datum require check; point spacing is not DEM grid size; raster availability does not establish raw point-cloud access",""
"Vancouver","Canada","","Requested international city; metropolitan boundary not normalized","city_buildings","Vancouver","Building footprints 2009","candidate; spatial completeness unverified","City extent; not all Metro Vancouver","2009 lidar","","","","Generalized polygons; TOPELEV_M; BASEELEV_M; element height above grade in metres","verified height described as TOPELEV_M minus BASEELEV_M; actual values unmeasured","unverified","unverified","GREEN","Open Government Licence - Vancouver","verified indexed primary dataset licence","https://vancouver.opendatasoft.com/pages/licence/","https://opendata.vancouver.ca/explore/dataset/building-footprints-2009/","2026-10-07","primary catalogue indexed metadata verified; new asset view dynamic; no rows downloaded","Public catalogue/metadata; bulk access unverified","Confirm exact release, extent, field missingness and commercial redistribution terms","2009 geometry is old; new portal refresh is not a new survey; current lidar can support independently derived updates",""
"Vancouver","Canada","","Requested international city; metropolitan boundary not normalized","street_trees","Vancouver","Public trees","candidate; spatial completeness unverified","Public boulevard and park trees; private excluded","coordinates originate 2016 project; refresh weekdays, attributes may be years old","","","","Coordinates; species; related characteristics; exact DBH/schema not extracted","unverified","unverified","unverified","GREEN","Open Government Licence - Vancouver","verified indexed primary catalogue licence","https://vancouver.opendatasoft.com/pages/licence/","https://opendata.vancouver.ca/explore/dataset/public-trees/","2026-10-07","primary source reviewed/discovered as noted; no local geometry product downloaded","Public catalogue/metadata; bulk access unverified","Confirm exact release, extent, field missingness and commercial redistribution terms","New portal asset view hides metadata in text reader; missing coordinates excluded from map",""
"Vancouver","Canada","","Requested international city; metropolitan boundary not normalized","parcel_assessor","Vancouver","Property tax report","candidate; spatial completeness unverified","Municipal property tax report; parcel join unverified","annual/current release unverified","","","","Exact year_built/storeys fields unverified; assessment release not sampled","unverified","unverified","unverified","YELLOW","Vancouver general OGL; chosen report full metadata not retrieved","general licence verified; report metadata incomplete","https://opendata.vancouver.ca/explore/dataset/property-tax-report/information/","https://opendata.vancouver.ca/explore/dataset/property-tax-report/information/","2026-10-07","primary source reviewed/discovered as noted; no local geometry product downloaded","Public catalogue/metadata; bulk access unverified","Confirm exact release, extent, field missingness and commercial redistribution terms","Report link accessible but metadata dynamic; not proof of complete building ages",""
"Vancouver","Canada","","Requested international city; metropolitan boundary not normalized","transit_gtfs","TransLink","GTFS Static Data","candidate; spatial completeness unverified","TransLink service area","service-change dependent","","","","Static GTFS; realtime API has separate terms","unverified","unverified","unverified","YELLOW","Limited revocable custom GTFS licence","verified custom licence","https://www.translink.ca/about-us/doing-business-with-translink/app-developer-resources/gtfs/gtfs-data","https://www.translink.ca/about-us/doing-business-with-translink/app-developer-resources/gtfs/gtfs-data","2026-10-07","primary source reviewed/discovered as noted; no local geometry product downloaded","Public catalogue/metadata; bulk access unverified","Confirm exact release, extent, field missingness and commercial redistribution terms","API licence and static-feed licence differ; preserve conditions and check storage/derivation",""
"London","UK","","Requested international city; metropolitan boundary not normalized","terrain_1m","Environment Agency","National LIDAR Programme","candidate; spatial completeness unverified","England national programme; London block dates need index check","2017 to February 2023 phase-1 programme; LOCAL London acquisition unverified","","","1 m DTM / DSM and point cloud products","1 m DTM / DSM and point cloud products","unverified","unverified","unverified","GREEN","Open Government Licence","verified programme metadata","https://www.data.gov.uk/dataset/f0db0249-f17b-4036-9e65-309148c97ce4/national-lidar-programme","https://www.data.gov.uk/dataset/f0db0249-f17b-4036-9e65-309148c97ce4/national-lidar-programme","2026-10-07","primary source reviewed/discovered as noted; no local geometry product downloaded","Public catalogue/metadata; bulk access unverified","Confirm exact release, extent, field missingness and commercial redistribution terms","National programme dates are not the date of every London tile",""
"London","UK","","Requested international city; metropolitan boundary not normalized","lidar","Environment Agency","National LIDAR Programme point-cloud availability","candidate; spatial completeness unverified","England national programme; London block dates need index check","2017 to February 2023 phase-1 programme; LOCAL London acquisition unverified","","","Point cloud available where stated; local sampling not performed","1 m DTM / DSM and point cloud products","unverified","unverified","unverified","GREEN","Open Government Licence","verified programme metadata","https://www.data.gov.uk/dataset/f0db0249-f17b-4036-9e65-309148c97ce4/national-lidar-programme","https://www.data.gov.uk/dataset/f0db0249-f17b-4036-9e65-309148c97ce4/national-lidar-programme","2026-10-07","same source evidence as terrain row; exact point-cloud release unverified unless explicitly stated","Public catalogue/metadata; bulk access unverified","Confirm exact release, extent, field missingness and commercial redistribution terms","National programme dates are not the date of every London tile; raster availability does not establish raw point-cloud access",""
"London","UK","","Requested international city; metropolitan boundary not normalized","city_buildings","GLA / local GIS","Open footprint/height discovery","candidate; spatial completeness unverified","Greater London; exact permissive footprint-height pair unverified","unverified","","","","OS-derived base polygons may have separate rights; global alternatives listed","unverified","unverified","unverified","YELLOW","Dataset-specific; Ordnance Survey-derived rights require review","unverified","https://data.london.gov.uk/","https://data.london.gov.uk/","2026-10-07","primary source reviewed/discovered as noted; no local geometry product downloaded","Public catalogue/metadata; bulk access unverified","Confirm exact release, extent, field missingness and commercial redistribution terms","Do not distribute OS MasterMap-derived footprints under a generic GLA page licence",""
"London","UK","","Requested international city; metropolitan boundary not normalized","street_trees","GLA / GiGL / boroughs","London Public Realm Trees","candidate; spatial completeness unverified","About 1.14m public realm trees; 32 boroughs + City/TfL etc; some locations absent in 3 boroughs","Mixed source inventories; current publication local dates unverified","","","","Coordinates; species; climate suitability; size/age for some","unverified","unverified","unverified","YELLOW","Full dataset licence and borough/GiGL conditions require verification","unverified exact grant","https://data.london.gov.uk/dataset/london-public-realm-trees-2r45m","https://data.london.gov.uk/dataset/london-public-realm-trees-2r45m","2026-10-07","primary source reviewed/discovered as noted; no local geometry product downloaded","Public catalogue/metadata; bulk access unverified","Confirm exact release, extent, field missingness and commercial redistribution terms","Not whole urban forest; borough source licences/coordinate completeness matter",""
"London","UK","","Requested international city; metropolitan boundary not normalized","parcel_assessor","HM Land Registry","INSPIRE cadastral / property discovery","candidate; spatial completeness unverified","England/Wales title polygons; not building characteristics","unverified","","","","No verified open parcel-wide construction year/storeys source","unverified","unverified","unverified","YELLOW","Product-specific HMLR/OS rights; unverified","unverified","https://www.gov.uk/government/organisations/land-registry","https://www.gov.uk/government/organisations/land-registry","2026-10-07","primary source reviewed/discovered as noted; no local geometry product downloaded","Public catalogue/metadata; bulk access unverified","Confirm exact release, extent, field missingness and commercial redistribution terms","Title geometry is not assessor year built; London has no US-style unified open assessor table established here",""
"London","UK","","Requested international city; metropolitan boundary not normalized","transit_gtfs","TfL / Department for Transport","TfL Open Data / BODS","candidate; spatial completeness unverified","TfL network; rail/outside London separate","current product validity unverified","","","","TfL API/TransXChange plus BODS; direct complete GTFS not verified","unverified","unverified","unverified","YELLOW","TfL transport-data service licence; full current terms blocked","unverified; terms page returned 403","https://tfl.gov.uk/info-for/open-data-users/","https://tfl.gov.uk/info-for/open-data-users/","2026-10-07","primary source reviewed/discovered as noted; no local geometry product downloaded","Public catalogue/metadata; bulk access unverified","Confirm exact release, extent, field missingness and commercial redistribution terms","Do not relabel TfL Unified API as GTFS; no blocked-site bypass",""
"Amsterdam","Netherlands","","Requested international city; metropolitan boundary not normalized","terrain_1m","AHN","AHN4 national DEM (OpenTopography distribution)","candidate; spatial completeness unverified","Netherlands national lidar; Amsterdam tile-date selection unverified","National survey 2019-11-22 to 2022-03-25; local Amsterdam tile date unverified","2026-01-15 distributor release","Provider describes AHN4 mainly 2020–2022; full survey metadata starts late 2019; Amsterdam date must be read per tile","0.5 m lidar-derived raster; EPSG:28992 / vertical NAP EPSG:5709","0.5 m raster + point-cloud offerings; exact selected version verify","unverified","unverified","unverified","GREEN","CC0 1.0 (AHN4 DEM)","verified AHN4 DEM metadata","https://portal.opentopography.org/datasetMetadata?otCollectionID=OT.012026.28992.1","https://portal.opentopography.org/datasetMetadata?otCollectionID=OT.012026.28992.1","2026-10-07","verified distributor metadata for AHN4 DEM; no local raster downloaded","Public catalogue/metadata; bulk access unverified","Confirm exact release, extent, field missingness and commercial redistribution terms","AHN5 licence differs from AHN4; do not blanket-label all AHN CC0. Local tile and current version not validated",""
"Amsterdam","Netherlands","","Requested international city; metropolitan boundary not normalized","lidar","AHN","AHN point-cloud offering; chosen version not downloaded","candidate; spatial completeness unverified","Netherlands national lidar; Amsterdam tile-date selection unverified","National survey 2019-11-22 to 2022-03-25; local Amsterdam tile date unverified","2026-01-15 distributor release","Provider describes AHN4 mainly 2020–2022; full survey metadata starts late 2019; Amsterdam date must be read per tile","Lidar point cloud offering; local selected file not verified","0.5 m raster + point-cloud offerings; exact selected version verify","unverified","unverified","unverified","YELLOW","AHN4 CC0; AHN5 requires attribution per AHN technical report; chosen point release unverified","point-cloud release-specific licence unverified","https://portal.opentopography.org/datasetMetadata?otCollectionID=OT.012026.28992.1","https://portal.opentopography.org/datasetMetadata?otCollectionID=OT.012026.28992.1","2026-10-07","verified distributor metadata for AHN4 DEM; no local raster downloaded","Public catalogue/metadata; bulk access unverified","Confirm exact release, extent, field missingness and commercial redistribution terms","AHN5 licence differs from AHN4; do not blanket-label all AHN CC0. Local tile and current version not validated",""
"Amsterdam","Netherlands","","Requested international city; metropolitan boundary not normalized","city_buildings","Kadaster / PDOK","BAG Pand / 3DBAG","candidate; spatial completeness unverified","National BAG; Amsterdam extraction not done","API v2 January 2026; per-object dates","","","","Pand polygons; bouwjaar; status; ID; 3DBAG height/roofs separate","unverified","bouwjaar available; not sampled","unverified","YELLOW","BAG public/open API; exact CC0 metadata not pinned","unverified exact BAG grant; 3DBAG separately CC BY4 verified","https://api.pdok.nl/kadaster/bag/ogc/v2/","https://api.pdok.nl/kadaster/bag/ogc/v2/","2026-10-07","primary source reviewed/discovered as noted; no local geometry product downloaded","Public catalogue/metadata; bulk access unverified","Confirm exact release, extent, field missingness and commercial redistribution terms","Do not assume BAG includes storeys; construction year has registry semantics",""
"Amsterdam","Netherlands","","Requested international city; metropolitan boundary not normalized","street_trees","Gemeente Amsterdam","Bomen vector tiles","candidate; spatial completeness unverified","Municipal managed-tree layer; private trees unverified","unverified","","","","tree geometry; species/DBH fields unverified","unverified","unverified","unverified","YELLOW","Public API; exact dataset licence unnamed/unverified","unverified","https://api.data.amsterdam.nl/v1/mvt/bomen","https://api.data.amsterdam.nl/v1/mvt/bomen","2026-10-07","primary source reviewed/discovered as noted; no local geometry product downloaded","Public catalogue/metadata; bulk access unverified","Confirm exact release, extent, field missingness and commercial redistribution terms","Public access and openbaar label are not a complete reuse grant",""
"Amsterdam","Netherlands","","Requested international city; metropolitan boundary not normalized","parcel_assessor","Kadaster / Amsterdam","BAG construction year; cadastre separately","candidate; spatial completeness unverified","BAG buildings are not land parcels; BRK rights separate","record/document dates; source release unverified","","","","bouwjaar verified national BAG API; storeys unverified","unverified","bouwjaar available; not sampled","unverified","YELLOW","BAG/BRK product-specific licence","unverified exact grant","https://api.data.amsterdam.nl/v1/docs/datasets/bag.html","https://api.data.amsterdam.nl/v1/docs/datasets/bag.html","2026-10-07","primary source reviewed/discovered as noted; no local geometry product downloaded","Public catalogue/metadata; bulk access unverified","Confirm exact release, extent, field missingness and commercial redistribution terms","Building year can come from BAG; no need to ingest parcel ownership; storeys must remain unknown",""
"Amsterdam","Netherlands","","Requested international city; metropolitan boundary not normalized","transit_gtfs","NDOV Loket / operators","GTFS distribution","candidate; spatial completeness unverified","Netherlands operators; GVB/NS/local feed partition verify","directory current; feed validity not downloaded","","","","Static GTFS; other live feeds have separate access","unverified","unverified","unverified","YELLOW","NDOV/operator distribution licence unverified","unverified","https://data.ndovloket.nl/gtfs/","https://data.ndovloket.nl/gtfs/","2026-10-07","primary source reviewed/discovered as noted; no local geometry product downloaded","Public catalogue/metadata; bulk access unverified","Confirm exact release, extent, field missingness and commercial redistribution terms","Public directory is not proof that all operators permit resale or long-term archival",""
"Mexico City","Mexico","","Requested international city; metropolitan boundary not normalized","terrain_1m","INEGI","CEM / elevation / lidar models","candidate; spatial completeness unverified","Mexico national discovery; local CDMX tile acquisition unverified","local survey date unverified","","","Lidar 5 m DEM offering; 1 m city coverage NOT verified","Lidar 5 m DEM offering; 1 m city coverage NOT verified","unverified","unverified","unverified","YELLOW","INEGI terms need exact chosen-product verification","unverified","https://www.inegi.org.mx/app/geo2/elevacionesmex/index.jsp","https://www.inegi.org.mx/app/geo2/elevacionesmex/index.jsp","2026-10-07","primary source reviewed/discovered as noted; no local geometry product downloaded","Public catalogue/metadata; bulk access unverified","Confirm exact release, extent, field missingness and commercial redistribution terms","5 m data must not be labelled 1 m; CEM grid and lidar products differ",""
"Mexico City","Mexico","","Requested international city; metropolitan boundary not normalized","lidar","INEGI","CEM / elevation / lidar models point-cloud availability","candidate; spatial completeness unverified","Mexico national discovery; local CDMX tile acquisition unverified","local survey date unverified","","","Point cloud available where stated; local sampling not performed","Lidar 5 m DEM offering; 1 m city coverage NOT verified","unverified","unverified","unverified","YELLOW","INEGI terms need exact chosen-product verification","unverified","https://www.inegi.org.mx/app/geo2/elevacionesmex/index.jsp","https://www.inegi.org.mx/app/geo2/elevacionesmex/index.jsp","2026-10-07","same source evidence as terrain row; exact point-cloud release unverified unless explicitly stated","Public catalogue/metadata; bulk access unverified","Confirm exact release, extent, field missingness and commercial redistribution terms","5 m data must not be labelled 1 m; CEM grid and lidar products differ; raster availability does not establish raw point-cloud access",""
"Mexico City","Mexico","","Requested international city; metropolitan boundary not normalized","city_buildings","CDMX / INEGI","Building footprint/height discovery","candidate; spatial completeness unverified","City portal; exact actual building polygons and measured heights unverified","unverified","","","","Manzanas / cadastral lots are not necessarily buildings","unverified","unverified","unverified","YELLOW","Dataset-specific portal licence unverified","unverified","https://datos.cdmx.gob.mx/","https://datos.cdmx.gob.mx/","2026-10-07","primary source reviewed/discovered as noted; no local geometry product downloaded","Public catalogue/metadata; bulk access unverified","Confirm exact release, extent, field missingness and commercial redistribution terms","Do not convert city-block polygons into house footprints",""
"Mexico City","Mexico","","Requested international city; metropolitan boundary not normalized","street_trees","CDMX","Tree inventory discovery","candidate; spatial completeness unverified","Exact georeferenced citywide street-tree inventory unverified","unverified","","","","species/DBH/condition coordinates unverified","unverified","unverified","unverified","YELLOW","Dataset-specific licence unverified","unverified","https://datos.cdmx.gob.mx/","https://datos.cdmx.gob.mx/","2026-10-07","primary source reviewed/discovered as noted; no local geometry product downloaded","Public catalogue/metadata; bulk access unverified","Confirm exact release, extent, field missingness and commercial redistribution terms","Tree planting statistics are not a tree-location inventory",""
"Mexico City","Mexico","","Requested international city; metropolitan boundary not normalized","parcel_assessor","CDMX / Catastro","Cadastral/assessor discovery","candidate; spatial completeness unverified","City cadastral release/physical fields unverified","unverified","","","","Year built/storeys open bulk availability unverified","unverified","unverified","unverified","YELLOW","Dataset-specific cadastral licence unverified","unverified","https://datos.cdmx.gob.mx/","https://datos.cdmx.gob.mx/","2026-10-07","primary source reviewed/discovered as noted; no local geometry product downloaded","Public catalogue/metadata; bulk access unverified","Confirm exact release, extent, field missingness and commercial redistribution terms","Do not infer open personal/tax detail from public geographic portal",""
"Mexico City","Mexico","","Requested international city; metropolitan boundary not normalized","transit_gtfs","SEMOVI","GTFS estático Ciudad de México","candidate; spatial completeness unverified","Modes listed in selected CDMX feed; regional completeness unverified","2022-10-31 latest version described on inspected catalogue; current validity unknown","","","","Static GTFS","unverified","unverified","unverified","GREEN","CC BY 4.0","verified catalogue licence","https://datos.cdmx.gob.mx/dataset/gtfs","https://datos.cdmx.gob.mx/dataset/gtfs","2026-10-07","primary source reviewed/discovered as noted; no local geometry product downloaded","Public catalogue/metadata; bulk access unverified","Confirm exact release, extent, field missingness and commercial redistribution terms","Stale feed risk: portal update date does not make October 2022 schedules current",""
"Sydney","Australia","","Requested international city; metropolitan boundary not normalized","terrain_1m","NSW Spatial Services","Elevation and Depth / ELVIS","candidate; spatial completeness unverified","NSW project extents; Sydney core 1 m tiles not individually verified","unverified selected flight date","","","Lidar and DEM project products; 1 m availability/date unverified locally","Lidar and DEM project products; 1 m availability/date unverified locally","unverified","unverified","unverified","YELLOW","Per-project download licence unverified","unverified","https://www.spatial.nsw.gov.au/what_we_do/the_natural_environment/elevation_and_depth","https://www.spatial.nsw.gov.au/what_we_do/the_natural_environment/elevation_and_depth","2026-10-07","primary source reviewed/discovered as noted; no local geometry product downloaded","Public catalogue/metadata; bulk access unverified","Confirm exact release, extent, field missingness and commercial redistribution terms","Project specifications are not proof of complete city coverage",""
"Sydney","Australia","","Requested international city; metropolitan boundary not normalized","lidar","NSW Spatial Services","Elevation and Depth / ELVIS point-cloud availability","candidate; spatial completeness unverified","NSW project extents; Sydney core 1 m tiles not individually verified","unverified selected flight date","","","Point cloud available where stated; local sampling not performed","Lidar and DEM project products; 1 m availability/date unverified locally","unverified","unverified","unverified","YELLOW","Per-project download licence unverified","unverified","https://www.spatial.nsw.gov.au/what_we_do/the_natural_environment/elevation_and_depth","https://www.spatial.nsw.gov.au/what_we_do/the_natural_environment/elevation_and_depth","2026-10-07","same source evidence as terrain row; exact point-cloud release unverified unless explicitly stated","Public catalogue/metadata; bulk access unverified","Confirm exact release, extent, field missingness and commercial redistribution terms","Project specifications are not proof of complete city coverage; raster availability does not establish raw point-cloud access",""
"Sydney","Australia","","Requested international city; metropolitan boundary not normalized","city_buildings","NSW / City Sydney","Open building footprint/height discovery","candidate; spatial completeness unverified","City LGA vs Greater Sydney distinction; exact footprint-height product unverified","unverified","","","","Footprints/heights / Geoscape rights require separate review","unverified","unverified","unverified","YELLOW","Product-specific; Geoscape assets not presumed open","unverified","https://data.nsw.gov.au/","https://data.nsw.gov.au/","2026-10-07","primary source reviewed/discovered as noted; no local geometry product downloaded","Public catalogue/metadata; bulk access unverified","Confirm exact release, extent, field missingness and commercial redistribution terms","A public 3D scene is not permission to redistribute its meshes; SDCP 2012 building-height-in-storeys layer is a planning control, not measured existing building storeys, and catalogue says License Not Specified",""
"Sydney","Australia","","Requested international city; metropolitan boundary not normalized","street_trees","City Sydney","Explore trees / street tree programme","candidate; spatial completeness unverified","City Sydney LGA park and street trees only","2021 strategy; current inventory date unverified","","","","Public map; species/DBH bulk schema unverified","unverified","unverified","unverified","YELLOW","Bulk inventory licence unverified; old Data.NSW link now 404","unverified","https://www.cityofsydney.nsw.gov.au/strategies-action-plans/greening-sydney-strategy","https://www.cityofsydney.nsw.gov.au/strategies-action-plans/greening-sydney-strategy","2026-10-07","primary source reviewed/discovered as noted; no local geometry product downloaded","Public catalogue/metadata; bulk access unverified","Confirm exact release, extent, field missingness and commercial redistribution terms","Tree map existence verified; no current bulk export grant established",""
"Sydney","Australia","","Requested international city; metropolitan boundary not normalized","parcel_assessor","NSW Spatial Services","Cadastre / property discovery","candidate; spatial completeness unverified","NSW cadastre; construction year/storeys table not established","unverified","","","","Parcels differ from building physical attributes","unverified","unverified","unverified","YELLOW","NSW product-specific grant unverified","unverified","https://www.spatial.nsw.gov.au/","https://www.spatial.nsw.gov.au/","2026-10-07","primary source reviewed/discovered as noted; no local geometry product downloaded","Public catalogue/metadata; bulk access unverified","Confirm exact release, extent, field missingness and commercial redistribution terms","Open cadastre does not imply open comprehensive building ages",""
"Sydney","Australia","","Requested international city; metropolitan boundary not normalized","transit_gtfs","Transport for NSW","Timetables / GTFS","candidate; spatial completeness unverified","Sydney Trains/buses/ferries/light rail and NSW; per-feed scope verify","2025 specification; live selected feed service dates unverified","","","","Static GTFS; realtime-supporting subset has separate GTFS/RT endpoint bundles","unverified","unverified","unverified","YELLOW","Transport Open Data custom terms / chosen dataset grant unverified","availability verified; exact licence unverified","https://opendata.transport.nsw.gov.au/developers/documentation","https://opendata.transport.nsw.gov.au/developers/documentation","2026-10-07","primary source reviewed/discovered as noted; no local geometry product downloaded","Public catalogue/metadata; bulk access unverified","Confirm exact release, extent, field missingness and commercial redistribution terms","Registration may be required; exact account/redistribution and attribution terms check",""
"Tokyo","Japan","","Requested international city; metropolitan boundary not normalized","terrain_1m","GSI","Fundamental Geospatial Data DEM","candidate; spatial completeness unverified","Japan meshes; Tokyo 1 m local mesh coverage/date unverified","Local tile creation/acquisition dates unverified","","","1 m / 5 m / 10 m product families; bare-earth surface","1 m / 5 m / 10 m product families; bare-earth surface","unverified","unverified","unverified","YELLOW","Public Data License 1.0 plus Survey Act procedures as applicable","verified general terms; selected DEM permissions need check","https://web2.gsi.go.jp/ENGLISH/page_e30286.html","https://www.gsi.go.jp/kiban/faq.html","2026-10-07","primary source reviewed/discovered as noted; no local geometry product downloaded","Public catalogue/metadata; bulk access unverified","Confirm exact release, extent, field missingness and commercial redistribution terms","1 m product now exists nationally; do not infer every Tokyo mesh has it; reproduction/use procedures may apply",""
"Tokyo","Japan","","Requested international city; metropolitan boundary not normalized","lidar","GSI","Fundamental Geospatial Data DEM point-cloud availability","candidate; spatial completeness unverified","Japan meshes; Tokyo 1 m local mesh coverage/date unverified","Local tile creation/acquisition dates unverified","","","Point cloud available where stated; local sampling not performed","1 m / 5 m / 10 m product families; bare-earth surface","unverified","unverified","unverified","YELLOW","Public Data License 1.0 plus Survey Act procedures as applicable","verified general terms; selected DEM permissions need check","https://www.gsi.go.jp/kiban/faq.html","https://www.gsi.go.jp/kiban/faq.html","2026-10-07","same source evidence as terrain row; exact point-cloud release unverified unless explicitly stated","Public catalogue/metadata; bulk access unverified","Confirm exact release, extent, field missingness and commercial redistribution terms","1 m product now exists nationally; do not infer every Tokyo mesh has it; reproduction/use procedures may apply; raster availability does not establish raw point-cloud access",""
"Tokyo","Japan","","Requested international city; metropolitan boundary not normalized","city_buildings","MLIT PLATEAU / Tokyo wards","PLATEAU ward buildings","candidate; spatial completeness unverified","Per ward/year; 23-ward historical release not all latest geometry","Ward-year survey dates vary; Shinjuku 2023 example","","","","CityGML building geometry; roof LOD varies; year/storeys optional schema not all populated","3D geometry/height described; completeness unmeasured","unverified","unverified","YELLOW","PLATEAU dataset-specific licence / Site Policy","general commercial-open programme verified; actual ward licence not fetched","https://www.mlit.go.jp/plateau/faq/","https://www.mlit.go.jp/plateau/faq/","2026-10-07","primary source reviewed/discovered as noted; no local geometry product downloaded","Public catalogue/metadata; bulk access unverified","Confirm exact release, extent, field missingness and commercial redistribution terms","Dataset licences can differ: CC BY / ODC BY / ODbL / PDL; never apply one blanket licence",""
"Tokyo","Japan","","Requested international city; metropolitan boundary not normalized","street_trees","Tokyo / ward open data","Street-tree inventory discovery","candidate; spatial completeness unverified","Metropolitan and ward-managed networks separately; exact citywide export unverified","unverified","","","","Species/DBH/positions unverified","unverified","unverified","unverified","YELLOW","Dataset-specific Tokyo/ward licence unverified","unverified","https://catalog.data.metro.tokyo.lg.jp/","https://catalog.data.metro.tokyo.lg.jp/","2026-10-07","primary source reviewed/discovered as noted; no local geometry product downloaded","Public catalogue/metadata; bulk access unverified","Confirm exact release, extent, field missingness and commercial redistribution terms","PLATEAU vegetation schema is not proof of comprehensive species inventory",""
"Tokyo","Japan","","Requested international city; metropolitan boundary not normalized","parcel_assessor","Japan land registry / Tokyo","Cadastral and physical building attributes discovery","candidate; spatial completeness unverified","Ward/registry scopes; open year/storeys bulk not verified","unverified","","","","PLATEAU may carry optional building year/storeys; parcel ownership source separate","unverified","unverified","unverified","YELLOW","Product-specific licence unverified","unverified","https://catalog.data.metro.tokyo.lg.jp/","https://catalog.data.metro.tokyo.lg.jp/","2026-10-07","primary source reviewed/discovered as noted; no local geometry product downloaded","Public catalogue/metadata; bulk access unverified","Confirm exact release, extent, field missingness and commercial redistribution terms","Do not equate PLATEAU building facts with freely reusable land-registry assessor database",""
"Tokyo","Japan","","Requested international city; metropolitan boundary not normalized","transit_gtfs","ODPT / operators","Public Transportation Open Data Centre","candidate; spatial completeness unverified","Tokyo operators separately; datasets are not all GTFS","2021 licence separation announcement; current dataset terms require check","","","","JSON-LD APIs; selected GTFS/GTFS-RT feeds where provider offers","unverified","unverified","unverified","YELLOW","Operator-specific data licences; Toei announced CC BY4.0, not blanket ODPT","verified operator-specific approach","https://www.odpt.org/2021/06/01/news20210601_1/","https://www.odpt.org/en/about/","2026-10-07","primary source reviewed/discovered as noted; no local geometry product downloaded","Public catalogue/metadata; bulk access unverified","Confirm exact release, extent, field missingness and commercial redistribution terms","Key/account and licences differ per operator; confirm selected GTFS and attribution; no real liveries included",""
"New York","US","1","New York-Newark-Jersey City, NY-NJ Metro Area","osm_completeness","OpenStreetMap / Overpass","Central sample tag-presence signals","unmeasured","Central bbox ±0.02 degrees; not the metro and not ground-truth validation","","","","","building objects; height OR building:levels tag; natural=tree nodes; highway ways; sidewalk-tagged ways; footways","unverified","unverified","unverified","YELLOW","ODbL 1.0","verified licence","https://www.openstreetmap.org/copyright","https://www.openstreetmap.org/copyright","2026-10-07","unverified local completeness; stopped respectfully at rate limit","Public catalogue/metadata; bulk access unverified","Use a permitted local extract; sample city-centre/suburb/edge areas against independently licensed buildings; compute valid heights, missing roads/sidewalks, positional error and tree match rates","Tag presence is not height validity or completeness; ways/nodes/relations may duplicate components; no external truth denominator; source offers/share-alike obligations","{""status"":""unmeasured / failed"",""reason"":""HTTP Error 504: Gateway Timeout""}"
"Los Angeles","US","2","Los Angeles-Long Beach-Anaheim, CA Metro Area","osm_completeness","OpenStreetMap / Overpass","Central sample tag-presence signals","measured central tag density; geometric completeness unverified","Central bbox ±0.02 degrees; not the metro and not ground-truth validation","","2026-10-08T00:25:49.000Z","","","building objects; height OR building:levels tag; natural=tree nodes; highway ways; sidewalk-tagged ways; footways","unverified","unverified","unverified","YELLOW","ODbL 1.0","verified licence","https://www.openstreetmap.org/copyright","https://overpass-api.de/api/interpreter","2026-10-07","verified count-only sample; no truth denominator","Public catalogue/metadata; bulk access unverified","Use a permitted local extract; sample city-centre/suburb/edge areas against independently licensed buildings; compute valid heights, missing roads/sidewalks, positional error and tree match rates","Tag presence is not height validity or completeness; ways/nodes/relations may duplicate components; no external truth denominator; source offers/share-alike obligations","{""bbox_lon_lat"":[-118.264,34.032,-118.224,34.072],""osm_base"":""2026-10-08T00:25:49Z"",""building_objects"":7097,""height_or_levels_tagged_objects"":6770,""height_or_levels_share_pct"":95.39,""tree_nodes"":769,""highway_ways"":12237,""sidewalk_tagged_highway_ways"":64,""footway_ways"":6826,""query"":""[out:json][timeout:20];nwr[\""building\""](34.032,-118.264,34.072,-118.224)->.b;.b out count;(nwr.b[\""height\""];nwr.b[\""building:levels\""];)->.h;.h out count;node[\""natural\""=\""tree\""](34.032,-118.264,34.072,-118.224);out count;way[\""highway\""](34.032,-118.264,34.072,-118.224)->.r;.r out count;way.r[\""sidewalk\""];out count;way[\""highway\""=\""footway\""](34.032,-118.264,34.072,-118.224);out count;""}"
"Chicago","US","3","Chicago-Naperville-Elgin, IL-IN Metro Area","osm_completeness","OpenStreetMap / Overpass","Central sample tag-presence signals","measured central tag density; geometric completeness unverified","Central bbox ±0.02 degrees; not the metro and not ground-truth validation","","2026-10-08T00:25:49.000Z","","","building objects; height OR building:levels tag; natural=tree nodes; highway ways; sidewalk-tagged ways; footways","unverified","unverified","unverified","YELLOW","ODbL 1.0","verified licence","https://www.openstreetmap.org/copyright","https://overpass-api.de/api/interpreter","2026-10-07","verified count-only sample; no truth denominator","Public catalogue/metadata; bulk access unverified","Use a permitted local extract; sample city-centre/suburb/edge areas against independently licensed buildings; compute valid heights, missing roads/sidewalks, positional error and tree match rates","Tag presence is not height validity or completeness; ways/nodes/relations may duplicate components; no external truth denominator; source offers/share-alike obligations","{""bbox_lon_lat"":[-87.65,41.858,-87.61,41.898],""osm_base"":""2026-10-08T00:25:49Z"",""building_objects"":5076,""height_or_levels_tagged_objects"":2218,""height_or_levels_share_pct"":43.7,""tree_nodes"":12107,""highway_ways"":18863,""sidewalk_tagged_highway_ways"":919,""footway_ways"":10443,""query"":""[out:json][timeout:20];nwr[\""building\""](41.858,-87.65,41.898,-87.61)->.b;.b out count;(nwr.b[\""height\""];nwr.b[\""building:levels\""];)->.h;.h out count;node[\""natural\""=\""tree\""](41.858,-87.65,41.898,-87.61);out count;way[\""highway\""](41.858,-87.65,41.898,-87.61)->.r;.r out count;way.r[\""sidewalk\""];out count;way[\""highway\""=\""footway\""](41.858,-87.65,41.898,-87.61);out count;""}"
"Dallas-Fort Worth","US","4","Dallas-Fort Worth-Arlington, TX Metro Area","osm_completeness","OpenStreetMap / Overpass","Central sample tag-presence signals","measured central tag density; geometric completeness unverified","Central bbox ±0.02 degrees; not the metro and not ground-truth validation","","2026-10-08T00:25:49.000Z","","","building objects; height OR building:levels tag; natural=tree nodes; highway ways; sidewalk-tagged ways; footways","unverified","unverified","unverified","YELLOW","ODbL 1.0","verified licence","https://www.openstreetmap.org/copyright","https://overpass-api.de/api/interpreter","2026-10-07","verified count-only sample; no truth denominator","Public catalogue/metadata; bulk access unverified","Use a permitted local extract; sample city-centre/suburb/edge areas against independently licensed buildings; compute valid heights, missing roads/sidewalks, positional error and tree match rates","Tag presence is not height validity or completeness; ways/nodes/relations may duplicate components; no external truth denominator; source offers/share-alike obligations","{""bbox_lon_lat"":[-96.817,32.757,-96.777,32.797],""osm_base"":""2026-10-08T00:25:49Z"",""building_objects"":2868,""height_or_levels_tagged_objects"":567,""height_or_levels_share_pct"":19.77,""tree_nodes"":1012,""highway_ways"":13513,""sidewalk_tagged_highway_ways"":627,""footway_ways"":6962,""query"":""[out:json][timeout:20];nwr[\""building\""](32.757,-96.817,32.797,-96.777)->.b;.b out count;(nwr.b[\""height\""];nwr.b[\""building:levels\""];)->.h;.h out count;node[\""natural\""=\""tree\""](32.757,-96.817,32.797,-96.777);out count;way[\""highway\""](32.757,-96.817,32.797,-96.777)->.r;.r out count;way.r[\""sidewalk\""];out count;way[\""highway\""=\""footway\""](32.757,-96.817,32.797,-96.777);out count;""}"
"Houston","US","5","Houston-Pasadena-The Woodlands, TX Metro Area","osm_completeness","OpenStreetMap / Overpass","Central sample tag-presence signals","measured central tag density; geometric completeness unverified","Central bbox ±0.02 degrees; not the metro and not ground-truth validation","","2026-10-08T00:26:50.000Z","","","building objects; height OR building:levels tag; natural=tree nodes; highway ways; sidewalk-tagged ways; footways","unverified","unverified","unverified","YELLOW","ODbL 1.0","verified licence","https://www.openstreetmap.org/copyright","https://overpass-api.de/api/interpreter","2026-10-07","verified count-only sample; no truth denominator","Public catalogue/metadata; bulk access unverified","Use a permitted local extract; sample city-centre/suburb/edge areas against independently licensed buildings; compute valid heights, missing roads/sidewalks, positional error and tree match rates","Tag presence is not height validity or completeness; ways/nodes/relations may duplicate components; no external truth denominator; source offers/share-alike obligations","{""bbox_lon_lat"":[-95.39,29.74,-95.35,29.78],""osm_base"":""2026-10-08T00:26:50Z"",""building_objects"":8677,""height_or_levels_tagged_objects"":370,""height_or_levels_share_pct"":4.26,""tree_nodes"":1264,""highway_ways"":11827,""sidewalk_tagged_highway_ways"":57,""footway_ways"":5557,""query"":""[out:json][timeout:20];nwr[\""building\""](29.74,-95.39,29.78,-95.35)->.b;.b out count;(nwr.b[\""height\""];nwr.b[\""building:levels\""];)->.h;.h out count;node[\""natural\""=\""tree\""](29.74,-95.39,29.78,-95.35);out count;way[\""highway\""](29.74,-95.39,29.78,-95.35)->.r;.r out count;way.r[\""sidewalk\""];out count;way[\""highway\""=\""footway\""](29.74,-95.39,29.78,-95.35);out count;""}"
"Atlanta","US","6","Atlanta-Sandy Springs-Roswell, GA Metro Area","osm_completeness","OpenStreetMap / Overpass","Central sample tag-presence signals","measured central tag density; geometric completeness unverified","Central bbox ±0.02 degrees; not the metro and not ground-truth validation","","2026-10-08T00:26:50.000Z","","","building objects; height OR building:levels tag; natural=tree nodes; highway ways; sidewalk-tagged ways; footways","unverified","unverified","unverified","YELLOW","ODbL 1.0","verified licence","https://www.openstreetmap.org/copyright","https://overpass-api.de/api/interpreter","2026-10-07","verified count-only sample; no truth denominator","Public catalogue/metadata; bulk access unverified","Use a permitted local extract; sample city-centre/suburb/edge areas against independently licensed buildings; compute valid heights, missing roads/sidewalks, positional error and tree match rates","Tag presence is not height validity or completeness; ways/nodes/relations may duplicate components; no external truth denominator; source offers/share-alike obligations","{""bbox_lon_lat"":[-84.408,33.729,-84.368,33.769],""osm_base"":""2026-10-08T00:26:50Z"",""building_objects"":7186,""height_or_levels_tagged_objects"":704,""height_or_levels_share_pct"":9.8,""tree_nodes"":516,""highway_ways"":13634,""sidewalk_tagged_highway_ways"":17,""footway_ways"":7131,""query"":""[out:json][timeout:20];nwr[\""building\""](33.729,-84.408,33.769,-84.368)->.b;.b out count;(nwr.b[\""height\""];nwr.b[\""building:levels\""];)->.h;.h out count;node[\""natural\""=\""tree\""](33.729,-84.408,33.769,-84.368);out count;way[\""highway\""](33.729,-84.408,33.769,-84.368)->.r;.r out count;way.r[\""sidewalk\""];out count;way[\""highway\""=\""footway\""](33.729,-84.408,33.769,-84.368);out count;""}"
"Washington DC","US","7","Washington-Arlington-Alexandria, DC-VA-MD-WV Metro Area","osm_completeness","OpenStreetMap / Overpass","Central sample tag-presence signals","unmeasured","Central bbox ±0.02 degrees; not the metro and not ground-truth validation","","","","","building objects; height OR building:levels tag; natural=tree nodes; highway ways; sidewalk-tagged ways; footways","unverified","unverified","unverified","YELLOW","ODbL 1.0","verified licence","https://www.openstreetmap.org/copyright","https://www.openstreetmap.org/copyright","2026-10-07","unverified local completeness; stopped respectfully at rate limit","Public catalogue/metadata; bulk access unverified","Use a permitted local extract; sample city-centre/suburb/edge areas against independently licensed buildings; compute valid heights, missing roads/sidewalks, positional error and tree match rates","Tag presence is not height validity or completeness; ways/nodes/relations may duplicate components; no external truth denominator; source offers/share-alike obligations","{""status"":""unmeasured / failed"",""reason"":""HTTP Error 429: Too Many Requests""}"
"Miami","US","8","Miami-Fort Lauderdale-West Palm Beach, FL Metro Area","osm_completeness","OpenStreetMap / Overpass","Central sample tag-presence signals","unmeasured","Central bbox ±0.02 degrees; not the metro and not ground-truth validation","","","","","building objects; height OR building:levels tag; natural=tree nodes; highway ways; sidewalk-tagged ways; footways","unverified","unverified","unverified","YELLOW","ODbL 1.0","verified licence","https://www.openstreetmap.org/copyright","https://www.openstreetmap.org/copyright","2026-10-07","unverified local completeness; stopped respectfully at rate limit","Public catalogue/metadata; bulk access unverified","Use a permitted local extract; sample city-centre/suburb/edge areas against independently licensed buildings; compute valid heights, missing roads/sidewalks, positional error and tree match rates","Tag presence is not height validity or completeness; ways/nodes/relations may duplicate components; no external truth denominator; source offers/share-alike obligations","{""status"":""unmeasured / failed"",""reason"":""Not queried after Overpass returned HTTP 429; no retry or alternate-host bypass""}"
"Philadelphia","US","9","Philadelphia-Camden-Wilmington, PA-NJ-DE-MD Metro Area","osm_completeness","OpenStreetMap / Overpass","Central sample tag-presence signals","unmeasured","Central bbox ±0.02 degrees; not the metro and not ground-truth validation","","","","","building objects; height OR building:levels tag; natural=tree nodes; highway ways; sidewalk-tagged ways; footways","unverified","unverified","unverified","YELLOW","ODbL 1.0","verified licence","https://www.openstreetmap.org/copyright","https://www.openstreetmap.org/copyright","2026-10-07","unverified local completeness; stopped respectfully at rate limit","Public catalogue/metadata; bulk access unverified","Use a permitted local extract; sample city-centre/suburb/edge areas against independently licensed buildings; compute valid heights, missing roads/sidewalks, positional error and tree match rates","Tag presence is not height validity or completeness; ways/nodes/relations may duplicate components; no external truth denominator; source offers/share-alike obligations","{""status"":""unmeasured / failed"",""reason"":""Not queried after Overpass returned HTTP 429; no retry or alternate-host bypass""}"
"Phoenix","US","10","Phoenix-Mesa-Chandler, AZ Metro Area","osm_completeness","OpenStreetMap / Overpass","Central sample tag-presence signals","unmeasured","Central bbox ±0.02 degrees; not the metro and not ground-truth validation","","","","","building objects; height OR building:levels tag; natural=tree nodes; highway ways; sidewalk-tagged ways; footways","unverified","unverified","unverified","YELLOW","ODbL 1.0","verified licence","https://www.openstreetmap.org/copyright","https://www.openstreetmap.org/copyright","2026-10-07","unverified local completeness; stopped respectfully at rate limit","Public catalogue/metadata; bulk access unverified","Use a permitted local extract; sample city-centre/suburb/edge areas against independently licensed buildings; compute valid heights, missing roads/sidewalks, positional error and tree match rates","Tag presence is not height validity or completeness; ways/nodes/relations may duplicate components; no external truth denominator; source offers/share-alike obligations","{""status"":""unmeasured / failed"",""reason"":""Not queried after Overpass returned HTTP 429; no retry or alternate-host bypass""}"
"Boston","US","11","Boston-Cambridge-Newton, MA-NH Metro Area","osm_completeness","OpenStreetMap / Overpass","Central sample tag-presence signals","unmeasured","Central bbox ±0.02 degrees; not the metro and not ground-truth validation","","","","","building objects; height OR building:levels tag; natural=tree nodes; highway ways; sidewalk-tagged ways; footways","unverified","unverified","unverified","YELLOW","ODbL 1.0","verified licence","https://www.openstreetmap.org/copyright","https://www.openstreetmap.org/copyright","2026-10-07","unverified local completeness; stopped respectfully at rate limit","Public catalogue/metadata; bulk access unverified","Use a permitted local extract; sample city-centre/suburb/edge areas against independently licensed buildings; compute valid heights, missing roads/sidewalks, positional error and tree match rates","Tag presence is not height validity or completeness; ways/nodes/relations may duplicate components; no external truth denominator; source offers/share-alike obligations","{""status"":""unmeasured / failed"",""reason"":""Not queried after Overpass returned HTTP 429; no retry or alternate-host bypass""}"
"Riverside-San Bernardino","US","12","Riverside-San Bernardino-Ontario, CA Metro Area","osm_completeness","OpenStreetMap / Overpass","Central sample tag-presence signals","unmeasured","Central bbox ±0.02 degrees; not the metro and not ground-truth validation","","","","","building objects; height OR building:levels tag; natural=tree nodes; highway ways; sidewalk-tagged ways; footways","unverified","unverified","unverified","YELLOW","ODbL 1.0","verified licence","https://www.openstreetmap.org/copyright","https://www.openstreetmap.org/copyright","2026-10-07","unverified local completeness; stopped respectfully at rate limit","Public catalogue/metadata; bulk access unverified","Use a permitted local extract; sample city-centre/suburb/edge areas against independently licensed buildings; compute valid heights, missing roads/sidewalks, positional error and tree match rates","Tag presence is not height validity or completeness; ways/nodes/relations may duplicate components; no external truth denominator; source offers/share-alike obligations","{""status"":""unmeasured / failed"",""reason"":""Not queried after Overpass returned HTTP 429; no retry or alternate-host bypass""}"
"San Francisco-Oakland","US","13","San Francisco-Oakland-Fremont, CA Metro Area","osm_completeness","OpenStreetMap / Overpass","Central sample tag-presence signals","unmeasured","Central bbox ±0.02 degrees; not the metro and not ground-truth validation","","","","","building objects; height OR building:levels tag; natural=tree nodes; highway ways; sidewalk-tagged ways; footways","unverified","unverified","unverified","YELLOW","ODbL 1.0","verified licence","https://www.openstreetmap.org/copyright","https://www.openstreetmap.org/copyright","2026-10-07","unverified local completeness; stopped respectfully at rate limit","Public catalogue/metadata; bulk access unverified","Use a permitted local extract; sample city-centre/suburb/edge areas against independently licensed buildings; compute valid heights, missing roads/sidewalks, positional error and tree match rates","Tag presence is not height validity or completeness; ways/nodes/relations may duplicate components; no external truth denominator; source offers/share-alike obligations","{""status"":""unmeasured / failed"",""reason"":""Not queried after Overpass returned HTTP 429; no retry or alternate-host bypass""}"
"Detroit","US","14","Detroit-Warren-Dearborn, MI Metro Area","osm_completeness","OpenStreetMap / Overpass","Central sample tag-presence signals","unmeasured","Central bbox ±0.02 degrees; not the metro and not ground-truth validation","","","","","building objects; height OR building:levels tag; natural=tree nodes; highway ways; sidewalk-tagged ways; footways","unverified","unverified","unverified","YELLOW","ODbL 1.0","verified licence","https://www.openstreetmap.org/copyright","https://www.openstreetmap.org/copyright","2026-10-07","unverified local completeness; stopped respectfully at rate limit","Public catalogue/metadata; bulk access unverified","Use a permitted local extract; sample city-centre/suburb/edge areas against independently licensed buildings; compute valid heights, missing roads/sidewalks, positional error and tree match rates","Tag presence is not height validity or completeness; ways/nodes/relations may duplicate components; no external truth denominator; source offers/share-alike obligations","{""status"":""unmeasured / failed"",""reason"":""Not queried after Overpass returned HTTP 429; no retry or alternate-host bypass""}"
"Seattle","US","15","Seattle-Tacoma-Bellevue, WA Metro Area","osm_completeness","OpenStreetMap / Overpass","Central sample tag-presence signals","unmeasured","Central bbox ±0.02 degrees; not the metro and not ground-truth validation","","","","","building objects; height OR building:levels tag; natural=tree nodes; highway ways; sidewalk-tagged ways; footways","unverified","unverified","unverified","YELLOW","ODbL 1.0","verified licence","https://www.openstreetmap.org/copyright","https://www.openstreetmap.org/copyright","2026-10-07","unverified local completeness; stopped respectfully at rate limit","Public catalogue/metadata; bulk access unverified","Use a permitted local extract; sample city-centre/suburb/edge areas against independently licensed buildings; compute valid heights, missing roads/sidewalks, positional error and tree match rates","Tag presence is not height validity or completeness; ways/nodes/relations may duplicate components; no external truth denominator; source offers/share-alike obligations","{""status"":""unmeasured / failed"",""reason"":""Not queried after Overpass returned HTTP 429; no retry or alternate-host bypass""}"
"Minneapolis-St Paul","US","16","Minneapolis-St. Paul-Bloomington, MN-WI Metro Area","osm_completeness","OpenStreetMap / Overpass","Central sample tag-presence signals","unmeasured","Central bbox ±0.02 degrees; not the metro and not ground-truth validation","","","","","building objects; height OR building:levels tag; natural=tree nodes; highway ways; sidewalk-tagged ways; footways","unverified","unverified","unverified","YELLOW","ODbL 1.0","verified licence","https://www.openstreetmap.org/copyright","https://www.openstreetmap.org/copyright","2026-10-07","unverified local completeness; stopped respectfully at rate limit","Public catalogue/metadata; bulk access unverified","Use a permitted local extract; sample city-centre/suburb/edge areas against independently licensed buildings; compute valid heights, missing roads/sidewalks, positional error and tree match rates","Tag presence is not height validity or completeness; ways/nodes/relations may duplicate components; no external truth denominator; source offers/share-alike obligations","{""status"":""unmeasured / failed"",""reason"":""Not queried after Overpass returned HTTP 429; no retry or alternate-host bypass""}"
"Tampa","US","17","Tampa-St. Petersburg-Clearwater, FL Metro Area","osm_completeness","OpenStreetMap / Overpass","Central sample tag-presence signals","unmeasured","Central bbox ±0.02 degrees; not the metro and not ground-truth validation","","","","","building objects; height OR building:levels tag; natural=tree nodes; highway ways; sidewalk-tagged ways; footways","unverified","unverified","unverified","YELLOW","ODbL 1.0","verified licence","https://www.openstreetmap.org/copyright","https://www.openstreetmap.org/copyright","2026-10-07","unverified local completeness; stopped respectfully at rate limit","Public catalogue/metadata; bulk access unverified","Use a permitted local extract; sample city-centre/suburb/edge areas against independently licensed buildings; compute valid heights, missing roads/sidewalks, positional error and tree match rates","Tag presence is not height validity or completeness; ways/nodes/relations may duplicate components; no external truth denominator; source offers/share-alike obligations","{""status"":""unmeasured / failed"",""reason"":""Not queried after Overpass returned HTTP 429; no retry or alternate-host bypass""}"
"San Diego","US","18","San Diego-Chula Vista-Carlsbad, CA Metro Area","osm_completeness","OpenStreetMap / Overpass","Central sample tag-presence signals","unmeasured","Central bbox ±0.02 degrees; not the metro and not ground-truth validation","","","","","building objects; height OR building:levels tag; natural=tree nodes; highway ways; sidewalk-tagged ways; footways","unverified","unverified","unverified","YELLOW","ODbL 1.0","verified licence","https://www.openstreetmap.org/copyright","https://www.openstreetmap.org/copyright","2026-10-07","unverified local completeness; stopped respectfully at rate limit","Public catalogue/metadata; bulk access unverified","Use a permitted local extract; sample city-centre/suburb/edge areas against independently licensed buildings; compute valid heights, missing roads/sidewalks, positional error and tree match rates","Tag presence is not height validity or completeness; ways/nodes/relations may duplicate components; no external truth denominator; source offers/share-alike obligations","{""status"":""unmeasured / failed"",""reason"":""Not queried after Overpass returned HTTP 429; no retry or alternate-host bypass""}"
"Denver","US","19","Denver-Aurora-Centennial, CO Metro Area","osm_completeness","OpenStreetMap / Overpass","Central sample tag-presence signals","unmeasured","Central bbox ±0.02 degrees; not the metro and not ground-truth validation","","","","","building objects; height OR building:levels tag; natural=tree nodes; highway ways; sidewalk-tagged ways; footways","unverified","unverified","unverified","YELLOW","ODbL 1.0","verified licence","https://www.openstreetmap.org/copyright","https://www.openstreetmap.org/copyright","2026-10-07","unverified local completeness; stopped respectfully at rate limit","Public catalogue/metadata; bulk access unverified","Use a permitted local extract; sample city-centre/suburb/edge areas against independently licensed buildings; compute valid heights, missing roads/sidewalks, positional error and tree match rates","Tag presence is not height validity or completeness; ways/nodes/relations may duplicate components; no external truth denominator; source offers/share-alike obligations","{""status"":""unmeasured / failed"",""reason"":""Not queried after Overpass returned HTTP 429; no retry or alternate-host bypass""}"
"Orlando","US","20","Orlando-Kissimmee-Sanford, FL Metro Area","osm_completeness","OpenStreetMap / Overpass","Central sample tag-presence signals","unmeasured","Central bbox ±0.02 degrees; not the metro and not ground-truth validation","","","","","building objects; height OR building:levels tag; natural=tree nodes; highway ways; sidewalk-tagged ways; footways","unverified","unverified","unverified","YELLOW","ODbL 1.0","verified licence","https://www.openstreetmap.org/copyright","https://www.openstreetmap.org/copyright","2026-10-07","unverified local completeness; stopped respectfully at rate limit","Public catalogue/metadata; bulk access unverified","Use a permitted local extract; sample city-centre/suburb/edge areas against independently licensed buildings; compute valid heights, missing roads/sidewalks, positional error and tree match rates","Tag presence is not height validity or completeness; ways/nodes/relations may duplicate components; no external truth denominator; source offers/share-alike obligations","{""status"":""unmeasured / failed"",""reason"":""Not queried after Overpass returned HTTP 429; no retry or alternate-host bypass""}"
"Charlotte","US","21","Charlotte-Concord-Gastonia, NC-SC Metro Area","osm_completeness","OpenStreetMap / Overpass","Central sample tag-presence signals","unmeasured","Central bbox ±0.02 degrees; not the metro and not ground-truth validation","","","","","building objects; height OR building:levels tag; natural=tree nodes; highway ways; sidewalk-tagged ways; footways","unverified","unverified","unverified","YELLOW","ODbL 1.0","verified licence","https://www.openstreetmap.org/copyright","https://www.openstreetmap.org/copyright","2026-10-07","unverified local completeness; stopped respectfully at rate limit","Public catalogue/metadata; bulk access unverified","Use a permitted local extract; sample city-centre/suburb/edge areas against independently licensed buildings; compute valid heights, missing roads/sidewalks, positional error and tree match rates","Tag presence is not height validity or completeness; ways/nodes/relations may duplicate components; no external truth denominator; source offers/share-alike obligations","{""status"":""unmeasured / failed"",""reason"":""Not queried after Overpass returned HTTP 429; no retry or alternate-host bypass""}"
"Baltimore","US","22","Baltimore-Columbia-Towson, MD Metro Area","osm_completeness","OpenStreetMap / Overpass","Central sample tag-presence signals","unmeasured","Central bbox ±0.02 degrees; not the metro and not ground-truth validation","","","","","building objects; height OR building:levels tag; natural=tree nodes; highway ways; sidewalk-tagged ways; footways","unverified","unverified","unverified","YELLOW","ODbL 1.0","verified licence","https://www.openstreetmap.org/copyright","https://www.openstreetmap.org/copyright","2026-10-07","unverified local completeness; stopped respectfully at rate limit","Public catalogue/metadata; bulk access unverified","Use a permitted local extract; sample city-centre/suburb/edge areas against independently licensed buildings; compute valid heights, missing roads/sidewalks, positional error and tree match rates","Tag presence is not height validity or completeness; ways/nodes/relations may duplicate components; no external truth denominator; source offers/share-alike obligations","{""status"":""unmeasured / failed"",""reason"":""Not queried after Overpass returned HTTP 429; no retry or alternate-host bypass""}"
"St Louis","US","23","St. Louis, MO-IL Metro Area","osm_completeness","OpenStreetMap / Overpass","Central sample tag-presence signals","unmeasured","Central bbox ±0.02 degrees; not the metro and not ground-truth validation","","","","","building objects; height OR building:levels tag; natural=tree nodes; highway ways; sidewalk-tagged ways; footways","unverified","unverified","unverified","YELLOW","ODbL 1.0","verified licence","https://www.openstreetmap.org/copyright","https://www.openstreetmap.org/copyright","2026-10-07","unverified local completeness; stopped respectfully at rate limit","Public catalogue/metadata; bulk access unverified","Use a permitted local extract; sample city-centre/suburb/edge areas against independently licensed buildings; compute valid heights, missing roads/sidewalks, positional error and tree match rates","Tag presence is not height validity or completeness; ways/nodes/relations may duplicate components; no external truth denominator; source offers/share-alike obligations","{""status"":""unmeasured / failed"",""reason"":""Not queried after Overpass returned HTTP 429; no retry or alternate-host bypass""}"
"San Antonio","US","24","San Antonio-New Braunfels, TX Metro Area","osm_completeness","OpenStreetMap / Overpass","Central sample tag-presence signals","unmeasured","Central bbox ±0.02 degrees; not the metro and not ground-truth validation","","","","","building objects; height OR building:levels tag; natural=tree nodes; highway ways; sidewalk-tagged ways; footways","unverified","unverified","unverified","YELLOW","ODbL 1.0","verified licence","https://www.openstreetmap.org/copyright","https://www.openstreetmap.org/copyright","2026-10-07","unverified local completeness; stopped respectfully at rate limit","Public catalogue/metadata; bulk access unverified","Use a permitted local extract; sample city-centre/suburb/edge areas against independently licensed buildings; compute valid heights, missing roads/sidewalks, positional error and tree match rates","Tag presence is not height validity or completeness; ways/nodes/relations may duplicate components; no external truth denominator; source offers/share-alike obligations","{""status"":""unmeasured / failed"",""reason"":""Not queried after Overpass returned HTTP 429; no retry or alternate-host bypass""}"
"Austin","US","25","Austin-Round Rock-San Marcos, TX Metro Area","osm_completeness","OpenStreetMap / Overpass","Central sample tag-presence signals","unmeasured","Central bbox ±0.02 degrees; not the metro and not ground-truth validation","","","","","building objects; height OR building:levels tag; natural=tree nodes; highway ways; sidewalk-tagged ways; footways","unverified","unverified","unverified","YELLOW","ODbL 1.0","verified licence","https://www.openstreetmap.org/copyright","https://www.openstreetmap.org/copyright","2026-10-07","unverified local completeness; stopped respectfully at rate limit","Public catalogue/metadata; bulk access unverified","Use a permitted local extract; sample city-centre/suburb/edge areas against independently licensed buildings; compute valid heights, missing roads/sidewalks, positional error and tree match rates","Tag presence is not height validity or completeness; ways/nodes/relations may duplicate components; no external truth denominator; source offers/share-alike obligations","{""status"":""unmeasured / failed"",""reason"":""Not queried after Overpass returned HTTP 429; no retry or alternate-host bypass""}"
"Portland","US","26","Portland-Vancouver-Hillsboro, OR-WA Metro Area","osm_completeness","OpenStreetMap / Overpass","Central sample tag-presence signals","unmeasured","Central bbox ±0.02 degrees; not the metro and not ground-truth validation","","","","","building objects; height OR building:levels tag; natural=tree nodes; highway ways; sidewalk-tagged ways; footways","unverified","unverified","unverified","YELLOW","ODbL 1.0","verified licence","https://www.openstreetmap.org/copyright","https://www.openstreetmap.org/copyright","2026-10-07","unverified local completeness; stopped respectfully at rate limit","Public catalogue/metadata; bulk access unverified","Use a permitted local extract; sample city-centre/suburb/edge areas against independently licensed buildings; compute valid heights, missing roads/sidewalks, positional error and tree match rates","Tag presence is not height validity or completeness; ways/nodes/relations may duplicate components; no external truth denominator; source offers/share-alike obligations","{""status"":""unmeasured / failed"",""reason"":""Not queried after Overpass returned HTTP 429; no retry or alternate-host bypass""}"
"Sacramento","US","27","Sacramento-Roseville-Folsom, CA Metro Area","osm_completeness","OpenStreetMap / Overpass","Central sample tag-presence signals","unmeasured","Central bbox ±0.02 degrees; not the metro and not ground-truth validation","","","","","building objects; height OR building:levels tag; natural=tree nodes; highway ways; sidewalk-tagged ways; footways","unverified","unverified","unverified","YELLOW","ODbL 1.0","verified licence","https://www.openstreetmap.org/copyright","https://www.openstreetmap.org/copyright","2026-10-07","unverified local completeness; stopped respectfully at rate limit","Public catalogue/metadata; bulk access unverified","Use a permitted local extract; sample city-centre/suburb/edge areas against independently licensed buildings; compute valid heights, missing roads/sidewalks, positional error and tree match rates","Tag presence is not height validity or completeness; ways/nodes/relations may duplicate components; no external truth denominator; source offers/share-alike obligations","{""status"":""unmeasured / failed"",""reason"":""Not queried after Overpass returned HTTP 429; no retry or alternate-host bypass""}"
"Pittsburgh","US","28","Pittsburgh, PA Metro Area","osm_completeness","OpenStreetMap / Overpass","Central sample tag-presence signals","unmeasured","Central bbox ±0.02 degrees; not the metro and not ground-truth validation","","","","","building objects; height OR building:levels tag; natural=tree nodes; highway ways; sidewalk-tagged ways; footways","unverified","unverified","unverified","YELLOW","ODbL 1.0","verified licence","https://www.openstreetmap.org/copyright","https://www.openstreetmap.org/copyright","2026-10-07","unverified local completeness; stopped respectfully at rate limit","Public catalogue/metadata; bulk access unverified","Use a permitted local extract; sample city-centre/suburb/edge areas against independently licensed buildings; compute valid heights, missing roads/sidewalks, positional error and tree match rates","Tag presence is not height validity or completeness; ways/nodes/relations may duplicate components; no external truth denominator; source offers/share-alike obligations","{""status"":""unmeasured / failed"",""reason"":""Not queried after Overpass returned HTTP 429; no retry or alternate-host bypass""}"
"Las Vegas","US","29","Las Vegas-Henderson-North Las Vegas, NV Metro Area","osm_completeness","OpenStreetMap / Overpass","Central sample tag-presence signals","unmeasured","Central bbox ±0.02 degrees; not the metro and not ground-truth validation","","","","","building objects; height OR building:levels tag; natural=tree nodes; highway ways; sidewalk-tagged ways; footways","unverified","unverified","unverified","YELLOW","ODbL 1.0","verified licence","https://www.openstreetmap.org/copyright","https://www.openstreetmap.org/copyright","2026-10-07","unverified local completeness; stopped respectfully at rate limit","Public catalogue/metadata; bulk access unverified","Use a permitted local extract; sample city-centre/suburb/edge areas against independently licensed buildings; compute valid heights, missing roads/sidewalks, positional error and tree match rates","Tag presence is not height validity or completeness; ways/nodes/relations may duplicate components; no external truth denominator; source offers/share-alike obligations","{""status"":""unmeasured / failed"",""reason"":""Not queried after Overpass returned HTTP 429; no retry or alternate-host bypass""}"
"Cincinnati","US","30","Cincinnati, OH-KY-IN Metro Area","osm_completeness","OpenStreetMap / Overpass","Central sample tag-presence signals","unmeasured","Central bbox ±0.02 degrees; not the metro and not ground-truth validation","","","","","building objects; height OR building:levels tag; natural=tree nodes; highway ways; sidewalk-tagged ways; footways","unverified","unverified","unverified","YELLOW","ODbL 1.0","verified licence","https://www.openstreetmap.org/copyright","https://www.openstreetmap.org/copyright","2026-10-07","unverified local completeness; stopped respectfully at rate limit","Public catalogue/metadata; bulk access unverified","Use a permitted local extract; sample city-centre/suburb/edge areas against independently licensed buildings; compute valid heights, missing roads/sidewalks, positional error and tree match rates","Tag presence is not height validity or completeness; ways/nodes/relations may duplicate components; no external truth denominator; source offers/share-alike obligations","{""status"":""unmeasured / failed"",""reason"":""Not queried after Overpass returned HTTP 429; no retry or alternate-host bypass""}"
"Greenville SC","US","","Greenville SC additional city; not top-30 selection","osm_completeness","OpenStreetMap / Overpass","Central sample tag-presence signals","unmeasured","Central bbox ±0.02 degrees; not the metro and not ground-truth validation","","","","","building objects; height OR building:levels tag; natural=tree nodes; highway ways; sidewalk-tagged ways; footways","unverified","unverified","unverified","YELLOW","ODbL 1.0","verified licence","https://www.openstreetmap.org/copyright","https://www.openstreetmap.org/copyright","2026-10-07","unverified local completeness; stopped respectfully at rate limit","Public catalogue/metadata; bulk access unverified","Use a permitted local extract; sample city-centre/suburb/edge areas against independently licensed buildings; compute valid heights, missing roads/sidewalks, positional error and tree match rates","Tag presence is not height validity or completeness; ways/nodes/relations may duplicate components; no external truth denominator; source offers/share-alike obligations","{""status"":""unmeasured / failed"",""reason"":""Not queried after Overpass returned HTTP 429; no retry or alternate-host bypass""}"
"Toronto","Canada","","Requested international city; metropolitan boundary not normalized","osm_completeness","OpenStreetMap / Overpass","Central sample tag-presence signals","unmeasured","Central bbox ±0.02 degrees; not the metro and not ground-truth validation","","","","","building objects; height OR building:levels tag; natural=tree nodes; highway ways; sidewalk-tagged ways; footways","unverified","unverified","unverified","YELLOW","ODbL 1.0","verified licence","https://www.openstreetmap.org/copyright","https://www.openstreetmap.org/copyright","2026-10-07","unverified local completeness; stopped respectfully at rate limit","Public catalogue/metadata; bulk access unverified","Use a permitted local extract; sample city-centre/suburb/edge areas against independently licensed buildings; compute valid heights, missing roads/sidewalks, positional error and tree match rates","Tag presence is not height validity or completeness; ways/nodes/relations may duplicate components; no external truth denominator; source offers/share-alike obligations","{""status"":""unmeasured / failed"",""reason"":""Not queried after Overpass returned HTTP 429; no retry or alternate-host bypass""}"
"Vancouver","Canada","","Requested international city; metropolitan boundary not normalized","osm_completeness","OpenStreetMap / Overpass","Central sample tag-presence signals","unmeasured","Central bbox ±0.02 degrees; not the metro and not ground-truth validation","","","","","building objects; height OR building:levels tag; natural=tree nodes; highway ways; sidewalk-tagged ways; footways","unverified","unverified","unverified","YELLOW","ODbL 1.0","verified licence","https://www.openstreetmap.org/copyright","https://www.openstreetmap.org/copyright","2026-10-07","unverified local completeness; stopped respectfully at rate limit","Public catalogue/metadata; bulk access unverified","Use a permitted local extract; sample city-centre/suburb/edge areas against independently licensed buildings; compute valid heights, missing roads/sidewalks, positional error and tree match rates","Tag presence is not height validity or completeness; ways/nodes/relations may duplicate components; no external truth denominator; source offers/share-alike obligations","{""status"":""unmeasured / failed"",""reason"":""Not queried after Overpass returned HTTP 429; no retry or alternate-host bypass""}"
"London","UK","","Requested international city; metropolitan boundary not normalized","osm_completeness","OpenStreetMap / Overpass","Central sample tag-presence signals","unmeasured","Central bbox ±0.02 degrees; not the metro and not ground-truth validation","","","","","building objects; height OR building:levels tag; natural=tree nodes; highway ways; sidewalk-tagged ways; footways","unverified","unverified","unverified","YELLOW","ODbL 1.0","verified licence","https://www.openstreetmap.org/copyright","https://www.openstreetmap.org/copyright","2026-10-07","unverified local completeness; stopped respectfully at rate limit","Public catalogue/metadata; bulk access unverified","Use a permitted local extract; sample city-centre/suburb/edge areas against independently licensed buildings; compute valid heights, missing roads/sidewalks, positional error and tree match rates","Tag presence is not height validity or completeness; ways/nodes/relations may duplicate components; no external truth denominator; source offers/share-alike obligations","{""status"":""unmeasured / failed"",""reason"":""Not queried after Overpass returned HTTP 429; no retry or alternate-host bypass""}"
"Amsterdam","Netherlands","","Requested international city; metropolitan boundary not normalized","osm_completeness","OpenStreetMap / Overpass","Central sample tag-presence signals","unmeasured","Central bbox ±0.02 degrees; not the metro and not ground-truth validation","","","","","building objects; height OR building:levels tag; natural=tree nodes; highway ways; sidewalk-tagged ways; footways","unverified","unverified","unverified","YELLOW","ODbL 1.0","verified licence","https://www.openstreetmap.org/copyright","https://www.openstreetmap.org/copyright","2026-10-07","unverified local completeness; stopped respectfully at rate limit","Public catalogue/metadata; bulk access unverified","Use a permitted local extract; sample city-centre/suburb/edge areas against independently licensed buildings; compute valid heights, missing roads/sidewalks, positional error and tree match rates","Tag presence is not height validity or completeness; ways/nodes/relations may duplicate components; no external truth denominator; source offers/share-alike obligations","{""status"":""unmeasured / failed"",""reason"":""Not queried after Overpass returned HTTP 429; no retry or alternate-host bypass""}"
"Mexico City","Mexico","","Requested international city; metropolitan boundary not normalized","osm_completeness","OpenStreetMap / Overpass","Central sample tag-presence signals","unmeasured","Central bbox ±0.02 degrees; not the metro and not ground-truth validation","","","","","building objects; height OR building:levels tag; natural=tree nodes; highway ways; sidewalk-tagged ways; footways","unverified","unverified","unverified","YELLOW","ODbL 1.0","verified licence","https://www.openstreetmap.org/copyright","https://www.openstreetmap.org/copyright","2026-10-07","unverified local completeness; stopped respectfully at rate limit","Public catalogue/metadata; bulk access unverified","Use a permitted local extract; sample city-centre/suburb/edge areas against independently licensed buildings; compute valid heights, missing roads/sidewalks, positional error and tree match rates","Tag presence is not height validity or completeness; ways/nodes/relations may duplicate components; no external truth denominator; source offers/share-alike obligations","{""status"":""unmeasured / failed"",""reason"":""Not queried after Overpass returned HTTP 429; no retry or alternate-host bypass""}"
"Sydney","Australia","","Requested international city; metropolitan boundary not normalized","osm_completeness","OpenStreetMap / Overpass","Central sample tag-presence signals","unmeasured","Central bbox ±0.02 degrees; not the metro and not ground-truth validation","","","","","building objects; height OR building:levels tag; natural=tree nodes; highway ways; sidewalk-tagged ways; footways","unverified","unverified","unverified","YELLOW","ODbL 1.0","verified licence","https://www.openstreetmap.org/copyright","https://www.openstreetmap.org/copyright","2026-10-07","unverified local completeness; stopped respectfully at rate limit","Public catalogue/metadata; bulk access unverified","Use a permitted local extract; sample city-centre/suburb/edge areas against independently licensed buildings; compute valid heights, missing roads/sidewalks, positional error and tree match rates","Tag presence is not height validity or completeness; ways/nodes/relations may duplicate components; no external truth denominator; source offers/share-alike obligations","{""status"":""unmeasured / failed"",""reason"":""Not queried after Overpass returned HTTP 429; no retry or alternate-host bypass""}"
"Tokyo","Japan","","Requested international city; metropolitan boundary not normalized","osm_completeness","OpenStreetMap / Overpass","Central sample tag-presence signals","unmeasured","Central bbox ±0.02 degrees; not the metro and not ground-truth validation","","","","","building objects; height OR building:levels tag; natural=tree nodes; highway ways; sidewalk-tagged ways; footways","unverified","unverified","unverified","YELLOW","ODbL 1.0","verified licence","https://www.openstreetmap.org/copyright","https://www.openstreetmap.org/copyright","2026-10-07","unverified local completeness; stopped respectfully at rate limit","Public catalogue/metadata; bulk access unverified","Use a permitted local extract; sample city-centre/suburb/edge areas against independently licensed buildings; compute valid heights, missing roads/sidewalks, positional error and tree match rates","Tag presence is not height validity or completeness; ways/nodes/relations may duplicate components; no external truth denominator; source offers/share-alike obligations","{""status"":""unmeasured / failed"",""reason"":""Not queried after Overpass returned HTTP 429; no retry or alternate-host bypass""}"
"Phoenix","US","10","Phoenix-Mesa-Chandler, AZ Metro Area","city_buildings","Phoenix GIS","Separate commercial GIS DVD licence (restricted source route)","candidate; spatial completeness unverified","Core city or named agency only; metro-wide coverage unverified","","2024-05-10 request packet","","","GIS package route; exact building contents unverified","unverified","unverified","unverified","RED","City Data Licensing Agreement; redistribution requires prior written consent","same-day earlier official licence review: section 2 restriction","https://www.phoenix.gov/streetssite/documents/eas_pdf_gis_request_packet.pdf","https://www.phoenix.gov/streetssite/documents/eas_pdf_gis_request_packet.pdf","2026-10-07","scoped licence clause verified in same-day metro-onboarding source audit","Public catalogue/metadata; bulk access unverified","Confirm exact release, extent, field missingness and commercial redistribution terms","$275 per commercial-use DVD in packet; distribution/assignment/licensing barred without consent; does not automatically govern separate public REST layers",""
