metro,cbsa,rank,scientific_name,common_name,share_pct,share_basis,population_scope,source_year,street_yard_scope,evidence_status,notes,source_urls,species_key,taxon_resolution,record_role
Chicago,16980,,Acer platanoides,Norway maple,,unverified; no combined street+yard denominator,historic street-tree report plus city forest canopy,1994 report; 2019 sample,historic street-tree report plus city forest canopy,candidate_historic_scope_proxy,Historical street list; source groups green/white ash and lindens. Separate species are candidates; current combined street+yard rank unknown. Emerald ash borer makes historic ash prevalence obsolete.,https://www.csu.edu/cerc/documents/ChicagosUrbanForestEcosystem-ResultsoftheChicagoUrbanForestClimateProject.pdf;https://research.fs.usda.gov/nrs/articles/chicagos-urban-forest,acer_platanoides,species,core_ten_inventory_or_candidate
Chicago,16980,,Acer saccharinum,Silver maple,,unverified; no combined street+yard denominator,historic street-tree report plus city forest canopy,1994 report; 2019 sample,historic street-tree report plus city forest canopy,candidate_historic_scope_proxy,Historical street list; source groups green/white ash and lindens. Separate species are candidates; current combined street+yard rank unknown. Emerald ash borer makes historic ash prevalence obsolete.,https://www.csu.edu/cerc/documents/ChicagosUrbanForestEcosystem-ResultsoftheChicagoUrbanForestClimateProject.pdf;https://research.fs.usda.gov/nrs/articles/chicagos-urban-forest,acer_saccharinum,species,core_ten_inventory_or_candidate
Chicago,16980,,Gleditsia triacanthos,Honeylocust,,unverified; no combined street+yard denominator,historic street-tree report plus city forest canopy,1994 report; 2019 sample,historic street-tree report plus city forest canopy,candidate_historic_scope_proxy,Historical street list; source groups green/white ash and lindens. Separate species are candidates; current combined street+yard rank unknown. Emerald ash borer makes historic ash prevalence obsolete.,https://www.csu.edu/cerc/documents/ChicagosUrbanForestEcosystem-ResultsoftheChicagoUrbanForestClimateProject.pdf;https://research.fs.usda.gov/nrs/articles/chicagos-urban-forest,gleditsia_triacanthos,species,core_ten_inventory_or_candidate
Chicago,16980,,Fraxinus pennsylvanica,Green ash,,unverified; no combined street+yard denominator,historic street-tree report plus city forest canopy,1994 report; 2019 sample,historic street-tree report plus city forest canopy,candidate_historic_scope_proxy,Historical street list; source groups green/white ash and lindens. Separate species are candidates; current combined street+yard rank unknown. Emerald ash borer makes historic ash prevalence obsolete.,https://www.csu.edu/cerc/documents/ChicagosUrbanForestEcosystem-ResultsoftheChicagoUrbanForestClimateProject.pdf;https://research.fs.usda.gov/nrs/articles/chicagos-urban-forest,fraxinus_pennsylvanica,species,core_ten_inventory_or_candidate
Chicago,16980,,Fraxinus americana,White ash,,unverified; no combined street+yard denominator,historic street-tree report plus city forest canopy,1994 report; 2019 sample,historic street-tree report plus city forest canopy,candidate_historic_scope_proxy,Historical street list; source groups green/white ash and lindens. Separate species are candidates; current combined street+yard rank unknown. Emerald ash borer makes historic ash prevalence obsolete.,https://www.csu.edu/cerc/documents/ChicagosUrbanForestEcosystem-ResultsoftheChicagoUrbanForestClimateProject.pdf;https://research.fs.usda.gov/nrs/articles/chicagos-urban-forest,fraxinus_americana,species,core_ten_inventory_or_candidate
Chicago,16980,,Tilia cordata,Littleleaf linden,,unverified; no combined street+yard denominator,historic street-tree report plus city forest canopy,1994 report; 2019 sample,historic street-tree report plus city forest canopy,candidate_historic_scope_proxy,Historical street list; source groups green/white ash and lindens. Separate species are candidates; current combined street+yard rank unknown. Emerald ash borer makes historic ash prevalence obsolete.,https://www.csu.edu/cerc/documents/ChicagosUrbanForestEcosystem-ResultsoftheChicagoUrbanForestClimateProject.pdf;https://research.fs.usda.gov/nrs/articles/chicagos-urban-forest,tilia_cordata,species,core_ten_inventory_or_candidate
Chicago,16980,,Tilia americana,American linden,,unverified; no combined street+yard denominator,historic street-tree report plus city forest canopy,1994 report; 2019 sample,historic street-tree report plus city forest canopy,candidate_historic_scope_proxy,Historical street list; source groups green/white ash and lindens. Separate species are candidates; current combined street+yard rank unknown. Emerald ash borer makes historic ash prevalence obsolete.,https://www.csu.edu/cerc/documents/ChicagosUrbanForestEcosystem-ResultsoftheChicagoUrbanForestClimateProject.pdf;https://research.fs.usda.gov/nrs/articles/chicagos-urban-forest,tilia_americana,species,core_ten_inventory_or_candidate
Chicago,16980,,Ulmus americana,American elm,,unverified; no combined street+yard denominator,historic street-tree report plus city forest canopy,1994 report; 2019 sample,historic street-tree report plus city forest canopy,candidate_historic_scope_proxy,Historical street list; source groups green/white ash and lindens. Separate species are candidates; current combined street+yard rank unknown. Emerald ash borer makes historic ash prevalence obsolete.,https://www.csu.edu/cerc/documents/ChicagosUrbanForestEcosystem-ResultsoftheChicagoUrbanForestClimateProject.pdf;https://research.fs.usda.gov/nrs/articles/chicagos-urban-forest,ulmus_americana,species,core_ten_inventory_or_candidate
Chicago,16980,,Ulmus pumila,Siberian elm,,unverified; no combined street+yard denominator,historic street-tree report plus city forest canopy,1994 report; 2019 sample,historic street-tree report plus city forest canopy,candidate_historic_scope_proxy,Historical street list; source groups green/white ash and lindens. Separate species are candidates; current combined street+yard rank unknown. Emerald ash borer makes historic ash prevalence obsolete.,https://www.csu.edu/cerc/documents/ChicagosUrbanForestEcosystem-ResultsoftheChicagoUrbanForestClimateProject.pdf;https://research.fs.usda.gov/nrs/articles/chicagos-urban-forest,ulmus_pumila,species,core_ten_inventory_or_candidate
Chicago,16980,,Acer saccharum,Sugar maple,,unverified; no combined street+yard denominator,historic street-tree report plus city forest canopy,1994 report; 2019 sample,historic street-tree report plus city forest canopy,candidate_historic_scope_proxy,Historical street list; source groups green/white ash and lindens. Separate species are candidates; current combined street+yard rank unknown. Emerald ash borer makes historic ash prevalence obsolete.,https://www.csu.edu/cerc/documents/ChicagosUrbanForestEcosystem-ResultsoftheChicagoUrbanForestClimateProject.pdf;https://research.fs.usda.gov/nrs/articles/chicagos-urban-forest,acer_saccharum,species,core_ten_inventory_or_candidate
Denver,19740,,Ulmus americana,American elm,,unverified; no numeric abundance assigned,regional extension planting palette; ranking unknown,,street/yard candidate; not quantified,candidate; rank unknown,City/source coverage cannot establish CBSA-wide top ten,https://extension.colostate.edu/resource/selecting-large-deciduous-trees/,ulmus_americana,species,core_ten_inventory_or_candidate
Denver,19740,,Celtis occidentalis,Common hackberry,,unverified; no numeric abundance assigned,regional extension planting palette; ranking unknown,,street/yard candidate; not quantified,candidate; rank unknown,City/source coverage cannot establish CBSA-wide top ten,https://extension.colostate.edu/resource/selecting-large-deciduous-trees/,celtis_occidentalis,species,core_ten_inventory_or_candidate
Denver,19740,,Catalpa speciosa,Northern catalpa,,unverified; no numeric abundance assigned,regional extension planting palette; ranking unknown,,street/yard candidate; not quantified,candidate; rank unknown,City/source coverage cannot establish CBSA-wide top ten,https://extension.colostate.edu/resource/selecting-large-deciduous-trees/,catalpa_speciosa,species,core_ten_inventory_or_candidate
Denver,19740,,Quercus macrocarpa,Bur oak,,unverified; no numeric abundance assigned,regional extension planting palette; ranking unknown,,street/yard candidate; not quantified,candidate; rank unknown,City/source coverage cannot establish CBSA-wide top ten,https://extension.colostate.edu/resource/selecting-large-deciduous-trees/,quercus_macrocarpa,species,core_ten_inventory_or_candidate
Denver,19740,,Quercus rubra,Northern red oak,,unverified; no numeric abundance assigned,regional extension planting palette; ranking unknown,,street/yard candidate; not quantified,candidate; rank unknown,City/source coverage cannot establish CBSA-wide top ten,https://extension.colostate.edu/resource/selecting-large-deciduous-trees/,quercus_rubra,species,core_ten_inventory_or_candidate
Denver,19740,,Tilia cordata,Littleleaf linden,,unverified; no numeric abundance assigned,regional extension planting palette; ranking unknown,,street/yard candidate; not quantified,candidate; rank unknown,City/source coverage cannot establish CBSA-wide top ten,https://extension.colostate.edu/resource/selecting-large-deciduous-trees/,tilia_cordata,species,core_ten_inventory_or_candidate
Denver,19740,,Acer platanoides,Norway maple,,unverified; no numeric abundance assigned,regional extension planting palette; ranking unknown,,street/yard candidate; not quantified,candidate; rank unknown,City/source coverage cannot establish CBSA-wide top ten,https://extension.colostate.edu/resource/selecting-large-deciduous-trees/,acer_platanoides,species,core_ten_inventory_or_candidate
Denver,19740,,Quercus robur,English oak,,unverified; no numeric abundance assigned,regional extension planting palette; ranking unknown,,street/yard candidate; not quantified,candidate; rank unknown,City/source coverage cannot establish CBSA-wide top ten,https://extension.colostate.edu/resource/selecting-large-deciduous-trees/,quercus_robur,species,core_ten_inventory_or_candidate
Denver,19740,,Styphnolobium japonicum,Japanese pagoda tree,,unverified; no numeric abundance assigned,regional extension planting palette; ranking unknown,,street/yard candidate; not quantified,candidate; rank unknown,City/source coverage cannot establish CBSA-wide top ten,https://extension.colostate.edu/resource/selecting-large-deciduous-trees/,styphnolobium_japonicum,species,core_ten_inventory_or_candidate
Denver,19740,,Quercus muehlenbergii,Chinkapin oak,,unverified; no numeric abundance assigned,regional extension planting palette; ranking unknown,,street/yard candidate; not quantified,candidate; rank unknown,City/source coverage cannot establish CBSA-wide top ten,https://extension.colostate.edu/resource/selecting-large-deciduous-trees/,quercus_muehlenbergii,species,core_ten_inventory_or_candidate
Miami,33100,,Quercus virginiana,Southern live oak,,not measured,county planting list + South Florida extension; frequency unknown,,candidate street/yard palette; abundance unverified,candidate_recommended_not_ranked,Candidate order is editorial; not abundance rank,https://www.miamidade.gov/publicworks/library/planting_on_ROW/Street%20Tree%20Master%20Plan%20FINAL.pdf;https://ask.ifas.ufl.edu/publication/EH157,quercus_virginiana,species,core_ten_inventory_or_candidate
Miami,33100,,Roystonea regia,Royal palm,,not measured,county planting list + South Florida extension; frequency unknown,,candidate street/yard palette; abundance unverified,candidate_recommended_not_ranked,Candidate order is editorial; not abundance rank,https://www.miamidade.gov/publicworks/library/planting_on_ROW/Street%20Tree%20Master%20Plan%20FINAL.pdf;https://ask.ifas.ufl.edu/publication/EH157,roystonea_regia,species,core_ten_inventory_or_candidate
Miami,33100,,Sabal palmetto,Cabbage palm,,not measured,county planting list + South Florida extension; frequency unknown,,candidate street/yard palette; abundance unverified,candidate_recommended_not_ranked,Candidate order is editorial; not abundance rank,https://www.miamidade.gov/publicworks/library/planting_on_ROW/Street%20Tree%20Master%20Plan%20FINAL.pdf;https://ask.ifas.ufl.edu/publication/EH157,sabal_palmetto,species,core_ten_inventory_or_candidate
Miami,33100,,Bursera simaruba,Gumbo limbo,,not measured,county planting list + South Florida extension; frequency unknown,,candidate street/yard palette; abundance unverified,candidate_recommended_not_ranked,Candidate order is editorial; not abundance rank,https://www.miamidade.gov/publicworks/library/planting_on_ROW/Street%20Tree%20Master%20Plan%20FINAL.pdf;https://ask.ifas.ufl.edu/publication/EH157,bursera_simaruba,species,core_ten_inventory_or_candidate
Miami,33100,,Swietenia mahagoni,West Indian mahogany,,not measured,county planting list + South Florida extension; frequency unknown,,candidate street/yard palette; abundance unverified,candidate_recommended_not_ranked,Candidate order is editorial; not abundance rank,https://www.miamidade.gov/publicworks/library/planting_on_ROW/Street%20Tree%20Master%20Plan%20FINAL.pdf;https://ask.ifas.ufl.edu/publication/EH157,swietenia_mahagoni,species,core_ten_inventory_or_candidate
Miami,33100,,Conocarpus erectus,Buttonwood,,not measured,county planting list + South Florida extension; frequency unknown,,candidate street/yard palette; abundance unverified,candidate_recommended_not_ranked,Candidate order is editorial; not abundance rank,https://www.miamidade.gov/publicworks/library/planting_on_ROW/Street%20Tree%20Master%20Plan%20FINAL.pdf;https://ask.ifas.ufl.edu/publication/EH157,conocarpus_erectus,species,core_ten_inventory_or_candidate
Miami,33100,,Coccoloba uvifera,Sea grape,,not measured,county planting list + South Florida extension; frequency unknown,,candidate street/yard palette; abundance unverified,candidate_recommended_not_ranked,Candidate order is editorial; not abundance rank,https://www.miamidade.gov/publicworks/library/planting_on_ROW/Street%20Tree%20Master%20Plan%20FINAL.pdf;https://ask.ifas.ufl.edu/publication/EH157,coccoloba_uvifera,species,core_ten_inventory_or_candidate
Miami,33100,,Coccoloba diversifolia,Pigeon plum,,not measured,county planting list + South Florida extension; frequency unknown,,candidate street/yard palette; abundance unverified,candidate_recommended_not_ranked,Candidate order is editorial; not abundance rank,https://www.miamidade.gov/publicworks/library/planting_on_ROW/Street%20Tree%20Master%20Plan%20FINAL.pdf;https://ask.ifas.ufl.edu/publication/EH157,coccoloba_diversifolia,species,core_ten_inventory_or_candidate
Miami,33100,,Cordia sebestena,Geiger tree,,not measured,county planting list + South Florida extension; frequency unknown,,candidate street/yard palette; abundance unverified,candidate_recommended_not_ranked,Candidate order is editorial; not abundance rank,https://www.miamidade.gov/publicworks/library/planting_on_ROW/Street%20Tree%20Master%20Plan%20FINAL.pdf;https://ask.ifas.ufl.edu/publication/EH157,cordia_sebestena,species,core_ten_inventory_or_candidate
Miami,33100,,Delonix regia,Royal poinciana,,not measured,county planting list + South Florida extension; frequency unknown,,candidate street/yard palette; abundance unverified,candidate_recommended_not_ranked,Candidate order is editorial; not abundance rank,https://www.miamidade.gov/publicworks/library/planting_on_ROW/Street%20Tree%20Master%20Plan%20FINAL.pdf;https://ask.ifas.ufl.edu/publication/EH157,delonix_regia,species,core_ten_inventory_or_candidate
NewYork,35620,,Platanus × acerifolia,London planetree,,unverified; no combined street+yard denominator,NYC street trees; metro yards excluded,2007,NYC street trees; metro yards excluded,candidate_search_preview_unverified,Report Table 1 indexed preview; direct PDF returned405. Candidate order follows historical table but rank and shares intentionally blank pending verification.,https://www.nycgovparks.org/sub_your_park/trees_greenstreets/images/NYC_STRATUM_report_2007.pdf,platanus_x_acerifolia,hybrid,core_ten_inventory_or_candidate
NewYork,35620,,Acer platanoides,Norway maple,,unverified; no combined street+yard denominator,NYC street trees; metro yards excluded,2007,NYC street trees; metro yards excluded,candidate_search_preview_unverified,Report Table 1 indexed preview; direct PDF returned405. Candidate order follows historical table but rank and shares intentionally blank pending verification.,https://www.nycgovparks.org/sub_your_park/trees_greenstreets/images/NYC_STRATUM_report_2007.pdf,acer_platanoides,species,core_ten_inventory_or_candidate
NewYork,35620,,Gleditsia triacanthos,Honeylocust,,unverified; no combined street+yard denominator,NYC street trees; metro yards excluded,2007,NYC street trees; metro yards excluded,candidate_search_preview_unverified,Report Table 1 indexed preview; direct PDF returned405. Candidate order follows historical table but rank and shares intentionally blank pending verification.,https://www.nycgovparks.org/sub_your_park/trees_greenstreets/images/NYC_STRATUM_report_2007.pdf,gleditsia_triacanthos,species,core_ten_inventory_or_candidate
NewYork,35620,,Quercus palustris,Pin oak,,unverified; no combined street+yard denominator,NYC street trees; metro yards excluded,2007,NYC street trees; metro yards excluded,candidate_search_preview_unverified,Report Table 1 indexed preview; direct PDF returned405. Candidate order follows historical table but rank and shares intentionally blank pending verification.,https://www.nycgovparks.org/sub_your_park/trees_greenstreets/images/NYC_STRATUM_report_2007.pdf,quercus_palustris,species,core_ten_inventory_or_candidate
NewYork,35620,,Fraxinus pennsylvanica,Green ash,,unverified; no combined street+yard denominator,NYC street trees; metro yards excluded,2007,NYC street trees; metro yards excluded,candidate_search_preview_unverified,Report Table 1 indexed preview; direct PDF returned405. Candidate order follows historical table but rank and shares intentionally blank pending verification.,https://www.nycgovparks.org/sub_your_park/trees_greenstreets/images/NYC_STRATUM_report_2007.pdf,fraxinus_pennsylvanica,species,core_ten_inventory_or_candidate
NewYork,35620,,Acer saccharinum,Silver maple,,unverified; no combined street+yard denominator,NYC street trees; metro yards excluded,2007,NYC street trees; metro yards excluded,candidate_search_preview_unverified,Report Table 1 indexed preview; direct PDF returned405. Candidate order follows historical table but rank and shares intentionally blank pending verification.,https://www.nycgovparks.org/sub_your_park/trees_greenstreets/images/NYC_STRATUM_report_2007.pdf,acer_saccharinum,species,core_ten_inventory_or_candidate
NewYork,35620,,Ginkgo biloba,Ginkgo,,unverified; no combined street+yard denominator,NYC street trees; metro yards excluded,2007,NYC street trees; metro yards excluded,candidate_search_preview_unverified,Report Table 1 indexed preview; direct PDF returned405. Candidate order follows historical table but rank and shares intentionally blank pending verification.,https://www.nycgovparks.org/sub_your_park/trees_greenstreets/images/NYC_STRATUM_report_2007.pdf,ginkgo_biloba,species,core_ten_inventory_or_candidate
NewYork,35620,,Zelkova serrata,Japanese zelkova,,unverified; no combined street+yard denominator,NYC street trees; metro yards excluded,2007,NYC street trees; metro yards excluded,candidate_search_preview_unverified,Report Table 1 indexed preview; direct PDF returned405. Candidate order follows historical table but rank and shares intentionally blank pending verification.,https://www.nycgovparks.org/sub_your_park/trees_greenstreets/images/NYC_STRATUM_report_2007.pdf,zelkova_serrata,species,core_ten_inventory_or_candidate
NewYork,35620,,Quercus rubra,Northern red oak,,unverified; no combined street+yard denominator,NYC street trees; metro yards excluded,2007,NYC street trees; metro yards excluded,candidate_search_preview_unverified,Report Table 1 indexed preview; direct PDF returned405. Candidate order follows historical table but rank and shares intentionally blank pending verification.,https://www.nycgovparks.org/sub_your_park/trees_greenstreets/images/NYC_STRATUM_report_2007.pdf,quercus_rubra,species,core_ten_inventory_or_candidate
NewYork,35620,,Liquidambar styraciflua,Sweetgum,,unverified; no combined street+yard denominator,NYC street trees; metro yards excluded,2007,NYC street trees; metro yards excluded,candidate_search_preview_unverified,Report Table 1 indexed preview; direct PDF returned405. Candidate order follows historical table but rank and shares intentionally blank pending verification.,https://www.nycgovparks.org/sub_your_park/trees_greenstreets/images/NYC_STRATUM_report_2007.pdf,liquidambar_styraciflua,species,core_ten_inventory_or_candidate
Los Angeles,31080,,Washingtonia robusta,Mexican fan palm,,unverified; no numeric abundance assigned,pooled 37-neighborhood southern California survey; city ranking unknown,2010-2011,street/yard candidate; not quantified,candidate; rank unknown,City/source coverage cannot establish CBSA-wide top ten,https://www.frontiersin.org/journals/ecology-and-evolution/articles/10.3389/fevo.2015.00073/full,washingtonia_robusta,species,core_ten_inventory_or_candidate
Los Angeles,31080,,Syagrus romanzoffiana,Queen palm,,unverified; no numeric abundance assigned,pooled 37-neighborhood southern California survey; city ranking unknown,2010-2011,street/yard candidate; not quantified,candidate; rank unknown,City/source coverage cannot establish CBSA-wide top ten,https://www.frontiersin.org/journals/ecology-and-evolution/articles/10.3389/fevo.2015.00073/full,syagrus_romanzoffiana,species,core_ten_inventory_or_candidate
Los Angeles,31080,,Cupressus sempervirens,Italian cypress,,unverified; no numeric abundance assigned,pooled 37-neighborhood southern California survey; city ranking unknown,2010-2011,street/yard candidate; not quantified,candidate; rank unknown,City/source coverage cannot establish CBSA-wide top ten,https://www.frontiersin.org/journals/ecology-and-evolution/articles/10.3389/fevo.2015.00073/full,cupressus_sempervirens,species,core_ten_inventory_or_candidate
Los Angeles,31080,,Liquidambar styraciflua,American sweetgum,,unverified; no numeric abundance assigned,pooled 37-neighborhood southern California survey; city ranking unknown,2010-2011,street/yard candidate; not quantified,candidate; rank unknown,City/source coverage cannot establish CBSA-wide top ten,https://www.frontiersin.org/journals/ecology-and-evolution/articles/10.3389/fevo.2015.00073/full,liquidambar_styraciflua,species,core_ten_inventory_or_candidate
Los Angeles,31080,,Platanus × acerifolia,London plane,,unverified; no numeric abundance assigned,pooled 37-neighborhood southern California survey; city ranking unknown,2010-2011,street/yard candidate; not quantified,candidate; rank unknown,City/source coverage cannot establish CBSA-wide top ten,https://www.frontiersin.org/journals/ecology-and-evolution/articles/10.3389/fevo.2015.00073/full,platanus_x_acerifolia,hybrid,core_ten_inventory_or_candidate
Los Angeles,31080,,Magnolia grandiflora,Southern magnolia,,unverified; no numeric abundance assigned,pooled 37-neighborhood southern California survey; city ranking unknown,2010-2011,street/yard candidate; not quantified,candidate; rank unknown,City/source coverage cannot establish CBSA-wide top ten,https://www.frontiersin.org/journals/ecology-and-evolution/articles/10.3389/fevo.2015.00073/full,magnolia_grandiflora,species,core_ten_inventory_or_candidate
Los Angeles,31080,,Quercus ilex,Holly oak,,unverified; no numeric abundance assigned,pooled 37-neighborhood southern California survey; city ranking unknown,2010-2011,street/yard candidate; not quantified,candidate; rank unknown,City/source coverage cannot establish CBSA-wide top ten,https://www.frontiersin.org/journals/ecology-and-evolution/articles/10.3389/fevo.2015.00073/full,quercus_ilex,species,core_ten_inventory_or_candidate
Los Angeles,31080,,Koelreuteria bipinnata,Chinese flame tree,,unverified; no numeric abundance assigned,pooled 37-neighborhood southern California survey; city ranking unknown,2010-2011,street/yard candidate; not quantified,candidate; rank unknown,City/source coverage cannot establish CBSA-wide top ten,https://www.frontiersin.org/journals/ecology-and-evolution/articles/10.3389/fevo.2015.00073/full,koelreuteria_bipinnata,species,core_ten_inventory_or_candidate
Los Angeles,31080,,Pinus canariensis,Canary Island pine,,unverified; no numeric abundance assigned,pooled 37-neighborhood southern California survey; city ranking unknown,2010-2011,street/yard candidate; not quantified,candidate; rank unknown,City/source coverage cannot establish CBSA-wide top ten,https://www.frontiersin.org/journals/ecology-and-evolution/articles/10.3389/fevo.2015.00073/full,pinus_canariensis,species,core_ten_inventory_or_candidate
Los Angeles,31080,,Schinus molle,California pepper tree,,unverified; no numeric abundance assigned,pooled 37-neighborhood southern California survey; city ranking unknown,2010-2011,street/yard candidate; not quantified,candidate; rank unknown,City/source coverage cannot establish CBSA-wide top ten,https://www.frontiersin.org/journals/ecology-and-evolution/articles/10.3389/fevo.2015.00073/full,schinus_molle,species,core_ten_inventory_or_candidate
Dallas,19100,,Ulmus crassifolia,Cedar elm,,not measured,Texas regional species proxy; Dallas master plan inaccessible; abundance unverified,,candidate street/yard palette; abundance unverified,candidate_regional_proxy_not_ranked,Candidate order is editorial; not abundance rank,https://www.austintexas.gov/sites/default/files/files/Development_Services/forestry/Tree_Species_Information_English.pdf,ulmus_crassifolia,species,core_ten_inventory_or_candidate
Dallas,19100,,Quercus virginiana,Southern live oak,,not measured,Texas regional species proxy; Dallas master plan inaccessible; abundance unverified,,candidate street/yard palette; abundance unverified,candidate_regional_proxy_not_ranked,Candidate order is editorial; not abundance rank,https://www.austintexas.gov/sites/default/files/files/Development_Services/forestry/Tree_Species_Information_English.pdf,quercus_virginiana,species,core_ten_inventory_or_candidate
Dallas,19100,,Lagerstroemia indica,Crape myrtle,,not measured,Texas regional species proxy; Dallas master plan inaccessible; abundance unverified,,candidate street/yard palette; abundance unverified,candidate_regional_proxy_not_ranked,Candidate order is editorial; not abundance rank,https://www.austintexas.gov/sites/default/files/files/Development_Services/forestry/Tree_Species_Information_English.pdf,lagerstroemia_indica,species,core_ten_inventory_or_candidate
Dallas,19100,,Carya illinoinensis,Pecan,,not measured,Texas regional species proxy; Dallas master plan inaccessible; abundance unverified,,candidate street/yard palette; abundance unverified,candidate_regional_proxy_not_ranked,Candidate order is editorial; not abundance rank,https://www.austintexas.gov/sites/default/files/files/Development_Services/forestry/Tree_Species_Information_English.pdf,carya_illinoinensis,species,core_ten_inventory_or_candidate
Dallas,19100,,Juniperus virginiana,Eastern redcedar,,not measured,Texas regional species proxy; Dallas master plan inaccessible; abundance unverified,,candidate street/yard palette; abundance unverified,candidate_regional_proxy_not_ranked,Candidate order is editorial; not abundance rank,https://www.austintexas.gov/sites/default/files/files/Development_Services/forestry/Tree_Species_Information_English.pdf,juniperus_virginiana,species,core_ten_inventory_or_candidate
Dallas,19100,,Quercus shumardii,Shumard oak,,not measured,Texas regional species proxy; Dallas master plan inaccessible; abundance unverified,,candidate street/yard palette; abundance unverified,candidate_regional_proxy_not_ranked,Candidate order is editorial; not abundance rank,https://www.austintexas.gov/sites/default/files/files/Development_Services/forestry/Tree_Species_Information_English.pdf,quercus_shumardii,species,core_ten_inventory_or_candidate
Dallas,19100,,Acer rubrum,Red maple,,not measured,Texas regional species proxy; Dallas master plan inaccessible; abundance unverified,,candidate street/yard palette; abundance unverified,candidate_regional_proxy_not_ranked,Candidate order is editorial; not abundance rank,https://www.austintexas.gov/sites/default/files/files/Development_Services/forestry/Tree_Species_Information_English.pdf,acer_rubrum,species,core_ten_inventory_or_candidate
Dallas,19100,,Quercus macrocarpa,Bur oak,,not measured,Texas regional species proxy; Dallas master plan inaccessible; abundance unverified,,candidate street/yard palette; abundance unverified,candidate_regional_proxy_not_ranked,Candidate order is editorial; not abundance rank,https://www.austintexas.gov/sites/default/files/files/Development_Services/forestry/Tree_Species_Information_English.pdf,quercus_macrocarpa,species,core_ten_inventory_or_candidate
Dallas,19100,,Celtis laevigata,Sugarberry,,not measured,Texas regional species proxy; Dallas master plan inaccessible; abundance unverified,,candidate street/yard palette; abundance unverified,candidate_regional_proxy_not_ranked,Candidate order is editorial; not abundance rank,https://www.austintexas.gov/sites/default/files/files/Development_Services/forestry/Tree_Species_Information_English.pdf,celtis_laevigata,species,core_ten_inventory_or_candidate
Dallas,19100,,Platanus occidentalis,American sycamore,,not measured,Texas regional species proxy; Dallas master plan inaccessible; abundance unverified,,candidate street/yard palette; abundance unverified,candidate_regional_proxy_not_ranked,Candidate order is editorial; not abundance rank,https://www.austintexas.gov/sites/default/files/files/Development_Services/forestry/Tree_Species_Information_English.pdf,platanus_occidentalis,species,core_ten_inventory_or_candidate
Houston,26420,,Ilex vomitoria,Yaupon,,not measured,Houston city urban forest report top five + regional landscape candidates; not metro yard ranks,,candidate street/yard palette; abundance unverified,mixed_verified_common_and_candidates,Candidate order is editorial; not abundance rank; named among city report five most common; rank/share unverified,https://research.fs.usda.gov/treesearch/54109;https://www.austintexas.gov/sites/default/files/files/Development_Services/forestry/Tree_Species_Information_English.pdf,ilex_vomitoria,species,core_ten_inventory_or_candidate
Houston,26420,,Triadica sebifera,Chinese tallowtree,,not measured,Houston city urban forest report top five + regional landscape candidates; not metro yard ranks,,candidate street/yard palette; abundance unverified,mixed_verified_common_and_candidates,Candidate order is editorial; not abundance rank; named among city report five most common; rank/share unverified,https://research.fs.usda.gov/treesearch/54109;https://www.austintexas.gov/sites/default/files/files/Development_Services/forestry/Tree_Species_Information_English.pdf,triadica_sebifera,species,core_ten_inventory_or_candidate
Houston,26420,,Ligustrum sinense,Chinese privet,,not measured,Houston city urban forest report top five + regional landscape candidates; not metro yard ranks,,candidate street/yard palette; abundance unverified,mixed_verified_common_and_candidates,Candidate order is editorial; not abundance rank; named among city report five most common; rank/share unverified,https://research.fs.usda.gov/treesearch/54109;https://www.austintexas.gov/sites/default/files/files/Development_Services/forestry/Tree_Species_Information_English.pdf,ligustrum_sinense,species,core_ten_inventory_or_candidate
Houston,26420,,Ligustrum japonicum,Japanese privet,,not measured,Houston city urban forest report top five + regional landscape candidates; not metro yard ranks,,candidate street/yard palette; abundance unverified,mixed_verified_common_and_candidates,Candidate order is editorial; not abundance rank; named among city report five most common; rank/share unverified,https://research.fs.usda.gov/treesearch/54109;https://www.austintexas.gov/sites/default/files/files/Development_Services/forestry/Tree_Species_Information_English.pdf,ligustrum_japonicum,species,core_ten_inventory_or_candidate
Houston,26420,,Celtis laevigata,Sugarberry,,not measured,Houston city urban forest report top five + regional landscape candidates; not metro yard ranks,,candidate street/yard palette; abundance unverified,mixed_verified_common_and_candidates,Candidate order is editorial; not abundance rank; named among city report five most common; rank/share unverified,https://research.fs.usda.gov/treesearch/54109;https://www.austintexas.gov/sites/default/files/files/Development_Services/forestry/Tree_Species_Information_English.pdf,celtis_laevigata,species,core_ten_inventory_or_candidate
Houston,26420,,Quercus virginiana,Southern live oak,,not measured,Houston city urban forest report top five + regional landscape candidates; not metro yard ranks,,candidate street/yard palette; abundance unverified,mixed_verified_common_and_candidates,Candidate order is editorial; not abundance rank,https://research.fs.usda.gov/treesearch/54109;https://www.austintexas.gov/sites/default/files/files/Development_Services/forestry/Tree_Species_Information_English.pdf,quercus_virginiana,species,core_ten_inventory_or_candidate
Houston,26420,,Lagerstroemia indica,Crape myrtle,,not measured,Houston city urban forest report top five + regional landscape candidates; not metro yard ranks,,candidate street/yard palette; abundance unverified,mixed_verified_common_and_candidates,Candidate order is editorial; not abundance rank,https://research.fs.usda.gov/treesearch/54109;https://www.austintexas.gov/sites/default/files/files/Development_Services/forestry/Tree_Species_Information_English.pdf,lagerstroemia_indica,species,core_ten_inventory_or_candidate
Houston,26420,,Magnolia grandiflora,Southern magnolia,,not measured,Houston city urban forest report top five + regional landscape candidates; not metro yard ranks,,candidate street/yard palette; abundance unverified,mixed_verified_common_and_candidates,Candidate order is editorial; not abundance rank,https://research.fs.usda.gov/treesearch/54109;https://www.austintexas.gov/sites/default/files/files/Development_Services/forestry/Tree_Species_Information_English.pdf,magnolia_grandiflora,species,core_ten_inventory_or_candidate
Houston,26420,,Pinus taeda,Loblolly pine,,not measured,Houston city urban forest report top five + regional landscape candidates; not metro yard ranks,,candidate street/yard palette; abundance unverified,mixed_verified_common_and_candidates,Candidate order is editorial; not abundance rank,https://research.fs.usda.gov/treesearch/54109;https://www.austintexas.gov/sites/default/files/files/Development_Services/forestry/Tree_Species_Information_English.pdf,pinus_taeda,species,core_ten_inventory_or_candidate
Houston,26420,,Platanus occidentalis,American sycamore,,not measured,Houston city urban forest report top five + regional landscape candidates; not metro yard ranks,,candidate street/yard palette; abundance unverified,mixed_verified_common_and_candidates,Candidate order is editorial; not abundance rank,https://research.fs.usda.gov/treesearch/54109;https://www.austintexas.gov/sites/default/files/files/Development_Services/forestry/Tree_Species_Information_English.pdf,platanus_occidentalis,species,core_ten_inventory_or_candidate
Atlanta,12060,,Quercus alba,White oak,,not measured,Georgia extension landscape candidates; Atlanta abundance unverified,,candidate street/yard palette; abundance unverified,candidate_regional_proxy_not_ranked,Candidate order is editorial; not abundance rank,https://fieldreport.caes.uga.edu/publications/B987/native-plants-for-georgia-part-i-trees-shrubs-and-woody-vines/,quercus_alba,species,core_ten_inventory_or_candidate
Atlanta,12060,,Quercus rubra,Northern red oak,,not measured,Georgia extension landscape candidates; Atlanta abundance unverified,,candidate street/yard palette; abundance unverified,candidate_regional_proxy_not_ranked,Candidate order is editorial; not abundance rank,https://fieldreport.caes.uga.edu/publications/B987/native-plants-for-georgia-part-i-trees-shrubs-and-woody-vines/,quercus_rubra,species,core_ten_inventory_or_candidate
Atlanta,12060,,Quercus falcata,Southern red oak,,not measured,Georgia extension landscape candidates; Atlanta abundance unverified,,candidate street/yard palette; abundance unverified,candidate_regional_proxy_not_ranked,Candidate order is editorial; not abundance rank,https://fieldreport.caes.uga.edu/publications/B987/native-plants-for-georgia-part-i-trees-shrubs-and-woody-vines/,quercus_falcata,species,core_ten_inventory_or_candidate
Atlanta,12060,,Quercus phellos,Willow oak,,not measured,Georgia extension landscape candidates; Atlanta abundance unverified,,candidate street/yard palette; abundance unverified,candidate_regional_proxy_not_ranked,Candidate order is editorial; not abundance rank,https://fieldreport.caes.uga.edu/publications/B987/native-plants-for-georgia-part-i-trees-shrubs-and-woody-vines/,quercus_phellos,species,core_ten_inventory_or_candidate
Atlanta,12060,,Liquidambar styraciflua,Sweetgum,,not measured,Georgia extension landscape candidates; Atlanta abundance unverified,,candidate street/yard palette; abundance unverified,candidate_regional_proxy_not_ranked,Candidate order is editorial; not abundance rank,https://fieldreport.caes.uga.edu/publications/B987/native-plants-for-georgia-part-i-trees-shrubs-and-woody-vines/,liquidambar_styraciflua,species,core_ten_inventory_or_candidate
Atlanta,12060,,Liriodendron tulipifera,Tulip poplar,,not measured,Georgia extension landscape candidates; Atlanta abundance unverified,,candidate street/yard palette; abundance unverified,candidate_regional_proxy_not_ranked,Candidate order is editorial; not abundance rank,https://fieldreport.caes.uga.edu/publications/B987/native-plants-for-georgia-part-i-trees-shrubs-and-woody-vines/,liriodendron_tulipifera,species,core_ten_inventory_or_candidate
Atlanta,12060,,Pinus taeda,Loblolly pine,,not measured,Georgia extension landscape candidates; Atlanta abundance unverified,,candidate street/yard palette; abundance unverified,candidate_regional_proxy_not_ranked,Candidate order is editorial; not abundance rank,https://fieldreport.caes.uga.edu/publications/B987/native-plants-for-georgia-part-i-trees-shrubs-and-woody-vines/,pinus_taeda,species,core_ten_inventory_or_candidate
Atlanta,12060,,Magnolia grandiflora,Southern magnolia,,not measured,Georgia extension landscape candidates; Atlanta abundance unverified,,candidate street/yard palette; abundance unverified,candidate_regional_proxy_not_ranked,Candidate order is editorial; not abundance rank,https://fieldreport.caes.uga.edu/publications/B987/native-plants-for-georgia-part-i-trees-shrubs-and-woody-vines/,magnolia_grandiflora,species,core_ten_inventory_or_candidate
Atlanta,12060,,Acer rubrum,Red maple,,not measured,Georgia extension landscape candidates; Atlanta abundance unverified,,candidate street/yard palette; abundance unverified,candidate_regional_proxy_not_ranked,Candidate order is editorial; not abundance rank,https://fieldreport.caes.uga.edu/publications/B987/native-plants-for-georgia-part-i-trees-shrubs-and-woody-vines/,acer_rubrum,species,core_ten_inventory_or_candidate
Atlanta,12060,,Platanus occidentalis,American sycamore,,not measured,Georgia extension landscape candidates; Atlanta abundance unverified,,candidate street/yard palette; abundance unverified,candidate_regional_proxy_not_ranked,Candidate order is editorial; not abundance rank,https://fieldreport.caes.uga.edu/publications/B987/native-plants-for-georgia-part-i-trees-shrubs-and-woody-vines/,platanus_occidentalis,species,core_ten_inventory_or_candidate
WashingtonDC,47900,,Quercus palustris,Pin oak,,unverified; no combined street+yard denominator,Downtown DC street plan; not metro inventory,2000 plan revision,Downtown DC street plan; not metro inventory,candidate_historic_planting_plan,Actual specified corridor taxa; plan is not current inventory or abundance. Ginkgo botanical typo in source corrected using common name and other entries.,https://ddot.dc.gov/sites/default/files/dc/sites/ddot/publication/attachments/regulation.pdf,quercus_palustris,species,core_ten_inventory_or_candidate
WashingtonDC,47900,,Acer saccharum,Sugar maple,,unverified; no combined street+yard denominator,Downtown DC street plan; not metro inventory,2000 plan revision,Downtown DC street plan; not metro inventory,candidate_historic_planting_plan,Actual specified corridor taxa; plan is not current inventory or abundance. Ginkgo botanical typo in source corrected using common name and other entries.,https://ddot.dc.gov/sites/default/files/dc/sites/ddot/publication/attachments/regulation.pdf,acer_saccharum,species,core_ten_inventory_or_candidate
WashingtonDC,47900,,Tilia cordata,Littleleaf linden,,unverified; no combined street+yard denominator,Downtown DC street plan; not metro inventory,2000 plan revision,Downtown DC street plan; not metro inventory,candidate_historic_planting_plan,Actual specified corridor taxa; plan is not current inventory or abundance. Ginkgo botanical typo in source corrected using common name and other entries.,https://ddot.dc.gov/sites/default/files/dc/sites/ddot/publication/attachments/regulation.pdf,tilia_cordata,species,core_ten_inventory_or_candidate
WashingtonDC,47900,,Quercus rubra,Northern red oak,,unverified; no combined street+yard denominator,Downtown DC street plan; not metro inventory,2000 plan revision,Downtown DC street plan; not metro inventory,candidate_historic_planting_plan,Actual specified corridor taxa; plan is not current inventory or abundance. Ginkgo botanical typo in source corrected using common name and other entries.,https://ddot.dc.gov/sites/default/files/dc/sites/ddot/publication/attachments/regulation.pdf,quercus_rubra,species,core_ten_inventory_or_candidate
WashingtonDC,47900,,Ginkgo biloba,Ginkgo,,unverified; no combined street+yard denominator,Downtown DC street plan; not metro inventory,2000 plan revision,Downtown DC street plan; not metro inventory,candidate_historic_planting_plan,Actual specified corridor taxa; plan is not current inventory or abundance. Ginkgo botanical typo in source corrected using common name and other entries.,https://ddot.dc.gov/sites/default/files/dc/sites/ddot/publication/attachments/regulation.pdf,ginkgo_biloba,species,core_ten_inventory_or_candidate
WashingtonDC,47900,,Ulmus parvifolia,Lacebark elm,,unverified; no combined street+yard denominator,Downtown DC street plan; not metro inventory,2000 plan revision,Downtown DC street plan; not metro inventory,candidate_historic_planting_plan,Actual specified corridor taxa; plan is not current inventory or abundance. Ginkgo botanical typo in source corrected using common name and other entries.,https://ddot.dc.gov/sites/default/files/dc/sites/ddot/publication/attachments/regulation.pdf,ulmus_parvifolia,species,core_ten_inventory_or_candidate
WashingtonDC,47900,,Koelreuteria paniculata,Goldenraintree,,unverified; no combined street+yard denominator,Downtown DC street plan; not metro inventory,2000 plan revision,Downtown DC street plan; not metro inventory,candidate_historic_planting_plan,Actual specified corridor taxa; plan is not current inventory or abundance. Ginkgo botanical typo in source corrected using common name and other entries.,https://ddot.dc.gov/sites/default/files/dc/sites/ddot/publication/attachments/regulation.pdf,koelreuteria_paniculata,species,core_ten_inventory_or_candidate
WashingtonDC,47900,,Acer rubrum,Red maple,,unverified; no combined street+yard denominator,Downtown DC street plan; not metro inventory,2000 plan revision,Downtown DC street plan; not metro inventory,candidate_historic_planting_plan,Actual specified corridor taxa; plan is not current inventory or abundance. Ginkgo botanical typo in source corrected using common name and other entries.,https://ddot.dc.gov/sites/default/files/dc/sites/ddot/publication/attachments/regulation.pdf,acer_rubrum,species,core_ten_inventory_or_candidate
WashingtonDC,47900,,Platanus × acerifolia,London planetree,,unverified; no combined street+yard denominator,Downtown DC street plan; not metro inventory,2000 plan revision,Downtown DC street plan; not metro inventory,candidate_historic_planting_plan,Actual specified corridor taxa; plan is not current inventory or abundance. Ginkgo botanical typo in source corrected using common name and other entries.,https://ddot.dc.gov/sites/default/files/dc/sites/ddot/publication/attachments/regulation.pdf,platanus_x_acerifolia,hybrid,core_ten_inventory_or_candidate
WashingtonDC,47900,,Quercus phellos,Willow oak,,unverified; no combined street+yard denominator,Downtown DC street plan; not metro inventory,2000 plan revision,Downtown DC street plan; not metro inventory,candidate_historic_planting_plan,Actual specified corridor taxa; plan is not current inventory or abundance. Ginkgo botanical typo in source corrected using common name and other entries.,https://ddot.dc.gov/sites/default/files/dc/sites/ddot/publication/attachments/regulation.pdf,quercus_phellos,species,core_ten_inventory_or_candidate
Philadelphia,37980,,Platanus × acerifolia,London planetree,,unverified; no combined street+yard denominator,Whole-city public/private forest proxy; not street+yard mix,2012 sample; 2016 report,Whole-city public/private forest proxy; not street+yard mix,candidate_search_preview_unverified,City forest canopy/abundance candidates from indexed report abstract and figure9; report landing timed out. London plane included in sycamore aggregate; no species-specific share.,https://research.fs.usda.gov/treesearch/53315,platanus_x_acerifolia,hybrid,core_ten_inventory_or_candidate
Philadelphia,37980,,Quercus rubra,Northern red oak,,unverified; no combined street+yard denominator,Whole-city public/private forest proxy; not street+yard mix,2012 sample; 2016 report,Whole-city public/private forest proxy; not street+yard mix,candidate_search_preview_unverified,City forest canopy/abundance candidates from indexed report abstract and figure9; report landing timed out. London plane included in sycamore aggregate; no species-specific share.,https://research.fs.usda.gov/treesearch/53315,quercus_rubra,species,core_ten_inventory_or_candidate
Philadelphia,37980,,Juglans nigra,Black walnut,,unverified; no combined street+yard denominator,Whole-city public/private forest proxy; not street+yard mix,2012 sample; 2016 report,Whole-city public/private forest proxy; not street+yard mix,candidate_search_preview_unverified,City forest canopy/abundance candidates from indexed report abstract and figure9; report landing timed out. London plane included in sycamore aggregate; no species-specific share.,https://research.fs.usda.gov/treesearch/53315,juglans_nigra,species,core_ten_inventory_or_candidate
Philadelphia,37980,,Acer rubrum,Red maple,,unverified; no combined street+yard denominator,Whole-city public/private forest proxy; not street+yard mix,2012 sample; 2016 report,Whole-city public/private forest proxy; not street+yard mix,candidate_search_preview_unverified,City forest canopy/abundance candidates from indexed report abstract and figure9; report landing timed out. London plane included in sycamore aggregate; no species-specific share.,https://research.fs.usda.gov/treesearch/53315,acer_rubrum,species,core_ten_inventory_or_candidate
Philadelphia,37980,,Acer platanoides,Norway maple,,unverified; no combined street+yard denominator,Whole-city public/private forest proxy; not street+yard mix,2012 sample; 2016 report,Whole-city public/private forest proxy; not street+yard mix,candidate_search_preview_unverified,City forest canopy/abundance candidates from indexed report abstract and figure9; report landing timed out. London plane included in sycamore aggregate; no species-specific share.,https://research.fs.usda.gov/treesearch/53315,acer_platanoides,species,core_ten_inventory_or_candidate
Philadelphia,37980,,Prunus serotina,Black cherry,,unverified; no combined street+yard denominator,Whole-city public/private forest proxy; not street+yard mix,2012 sample; 2016 report,Whole-city public/private forest proxy; not street+yard mix,candidate_search_preview_unverified,City forest canopy/abundance candidates from indexed report abstract and figure9; report landing timed out. London plane included in sycamore aggregate; no species-specific share.,https://research.fs.usda.gov/treesearch/53315,prunus_serotina,species,core_ten_inventory_or_candidate
Philadelphia,37980,,Ailanthus altissima,Tree-of-heaven,,unverified; no combined street+yard denominator,Whole-city public/private forest proxy; not street+yard mix,2012 sample; 2016 report,Whole-city public/private forest proxy; not street+yard mix,candidate_search_preview_unverified,City forest canopy/abundance candidates from indexed report abstract and figure9; report landing timed out. London plane included in sycamore aggregate; no species-specific share.,https://research.fs.usda.gov/treesearch/53315,ailanthus_altissima,species,core_ten_inventory_or_candidate
Philadelphia,37980,,Acer negundo,Boxelder,,unverified; no combined street+yard denominator,Whole-city public/private forest proxy; not street+yard mix,2012 sample; 2016 report,Whole-city public/private forest proxy; not street+yard mix,candidate_search_preview_unverified,City forest canopy/abundance candidates from indexed report abstract and figure9; report landing timed out. London plane included in sycamore aggregate; no species-specific share.,https://research.fs.usda.gov/treesearch/53315,acer_negundo,species,core_ten_inventory_or_candidate
Philadelphia,37980,,Morus alba,White mulberry,,unverified; no combined street+yard denominator,Whole-city public/private forest proxy; not street+yard mix,2012 sample; 2016 report,Whole-city public/private forest proxy; not street+yard mix,candidate_search_preview_unverified,City forest canopy/abundance candidates from indexed report abstract and figure9; report landing timed out. London plane included in sycamore aggregate; no species-specific share.,https://research.fs.usda.gov/treesearch/53315,morus_alba,species,core_ten_inventory_or_candidate
Philadelphia,37980,,Quercus alba,White oak,,unverified; no combined street+yard denominator,Whole-city public/private forest proxy; not street+yard mix,2012 sample; 2016 report,Whole-city public/private forest proxy; not street+yard mix,candidate_search_preview_unverified,City forest canopy/abundance candidates from indexed report abstract and figure9; report landing timed out. London plane included in sycamore aggregate; no species-specific share.,https://research.fs.usda.gov/treesearch/53315,quercus_alba,species,core_ten_inventory_or_candidate
Phoenix,38060,1,Prosopis velutina,Velvet mesquite,8.8,City parks and street landscapes only; denominator tree count and date unstated,City parks and street landscapes only; denominator tree count and date unstated,unstated,street and public parks; private yards excluded,verified limited geography,City/source coverage cannot establish CBSA-wide top ten,https://web-prod.phoenix.gov/administration/departments/parks/about-us/phoenixs-urban-forest.html,prosopis_velutina,species,core_ten_inventory_or_candidate
Phoenix,38060,2,Parkinsonia florida,Blue palo verde,6.8,City parks and street landscapes only; denominator tree count and date unstated,City parks and street landscapes only; denominator tree count and date unstated,unstated,street and public parks; private yards excluded,verified limited geography,City/source coverage cannot establish CBSA-wide top ten,https://web-prod.phoenix.gov/administration/departments/parks/about-us/phoenixs-urban-forest.html,parkinsonia_florida,species,core_ten_inventory_or_candidate
Phoenix,38060,3,Pinus halepensis,Aleppo pine,5.8,City parks and street landscapes only; denominator tree count and date unstated,City parks and street landscapes only; denominator tree count and date unstated,unstated,street and public parks; private yards excluded,verified limited geography,City/source coverage cannot establish CBSA-wide top ten,https://web-prod.phoenix.gov/administration/departments/parks/about-us/phoenixs-urban-forest.html,pinus_halepensis,species,core_ten_inventory_or_candidate
Phoenix,38060,4,Parkinsonia praecox,Palo brea,5.3,City parks and street landscapes only; denominator tree count and date unstated,City parks and street landscapes only; denominator tree count and date unstated,unstated,street and public parks; private yards excluded,verified limited geography,City/source coverage cannot establish CBSA-wide top ten,https://web-prod.phoenix.gov/administration/departments/parks/about-us/phoenixs-urban-forest.html,parkinsonia_praecox,species,core_ten_inventory_or_candidate
Phoenix,38060,5,Ulmus parvifolia,Chinese elm,4.3,City parks and street landscapes only; denominator tree count and date unstated,City parks and street landscapes only; denominator tree count and date unstated,unstated,street and public parks; private yards excluded,verified limited geography,City/source coverage cannot establish CBSA-wide top ten,https://web-prod.phoenix.gov/administration/departments/parks/about-us/phoenixs-urban-forest.html,ulmus_parvifolia,species,core_ten_inventory_or_candidate
Phoenix,38060,6,Dalbergia sissoo,Indian rosewood,4.1,City parks and street landscapes only; denominator tree count and date unstated,City parks and street landscapes only; denominator tree count and date unstated,unstated,street and public parks; private yards excluded,verified limited geography,City/source coverage cannot establish CBSA-wide top ten,https://web-prod.phoenix.gov/administration/departments/parks/about-us/phoenixs-urban-forest.html,dalbergia_sissoo,species,core_ten_inventory_or_candidate
Phoenix,38060,7,Washingtonia filifera,California fan palm,3.8,City parks and street landscapes only; denominator tree count and date unstated,City parks and street landscapes only; denominator tree count and date unstated,unstated,street and public parks; private yards excluded,verified limited geography,City/source coverage cannot establish CBSA-wide top ten,https://web-prod.phoenix.gov/administration/departments/parks/about-us/phoenixs-urban-forest.html,washingtonia_filifera,species,core_ten_inventory_or_candidate
Phoenix,38060,8,Acacia stenophylla,Shoestring acacia,3.1,City parks and street landscapes only; denominator tree count and date unstated,City parks and street landscapes only; denominator tree count and date unstated,unstated,street and public parks; private yards excluded,verified limited geography,City/source coverage cannot establish CBSA-wide top ten,https://web-prod.phoenix.gov/administration/departments/parks/about-us/phoenixs-urban-forest.html,acacia_stenophylla,species,core_ten_inventory_or_candidate
Phoenix,38060,9,Washingtonia robusta,Mexican fan palm,3.1,City parks and street landscapes only; denominator tree count and date unstated,City parks and street landscapes only; denominator tree count and date unstated,unstated,street and public parks; private yards excluded,verified limited geography,City/source coverage cannot establish CBSA-wide top ten,https://web-prod.phoenix.gov/administration/departments/parks/about-us/phoenixs-urban-forest.html,washingtonia_robusta,species,core_ten_inventory_or_candidate
Phoenix,38060,10,Fraxinus velutina,Arizona ash,3,City parks and street landscapes only; denominator tree count and date unstated,City parks and street landscapes only; denominator tree count and date unstated,unstated,street and public parks; private yards excluded,verified limited geography,City/source coverage cannot establish CBSA-wide top ten,https://web-prod.phoenix.gov/administration/departments/parks/about-us/phoenixs-urban-forest.html,fraxinus_velutina,species,core_ten_inventory_or_candidate
Phoenix,38060,,Carnegiea gigantea,Saguaro,,No urban prevalence verified,Sonoran regional reference; NOT city tree census,2024 page update,regional desert context,verified regional botany; city share unverified,"Supplemental cactus, not abundance rank. NPS flowering is Tucson-area; Phoenix timing unverified. Never generalize to Mojave/LasVegas.",https://www.nps.gov/sagu/learn/nature/saguaro.htm;https://www.nps.gov/sagu/learn/nature/saguaro-growth.htm,carnegiea_gigantea,species,supplemental_desert_plant
Boston,14460,,Acer rubrum,Red maple,,unverified; no combined street+yard denominator,City approved street planting palette; metro yards unknown,2026 webpage,City approved street planting palette; metro yards unknown,candidate_planting_list,Ten selected approved species; recommended planting list does not measure abundance. Cultivars collapsed to species.,https://content.boston.gov/urban-forestry,acer_rubrum,species,core_ten_inventory_or_candidate
Boston,14460,,Carpinus betulus,European hornbeam,,unverified; no combined street+yard denominator,City approved street planting palette; metro yards unknown,2026 webpage,City approved street planting palette; metro yards unknown,candidate_planting_list,Ten selected approved species; recommended planting list does not measure abundance. Cultivars collapsed to species.,https://content.boston.gov/urban-forestry,carpinus_betulus,species,core_ten_inventory_or_candidate
Boston,14460,,Celtis occidentalis,Hackberry,,unverified; no combined street+yard denominator,City approved street planting palette; metro yards unknown,2026 webpage,City approved street planting palette; metro yards unknown,candidate_planting_list,Ten selected approved species; recommended planting list does not measure abundance. Cultivars collapsed to species.,https://content.boston.gov/urban-forestry,celtis_occidentalis,species,core_ten_inventory_or_candidate
Boston,14460,,Ginkgo biloba,Ginkgo,,unverified; no combined street+yard denominator,City approved street planting palette; metro yards unknown,2026 webpage,City approved street planting palette; metro yards unknown,candidate_planting_list,Ten selected approved species; recommended planting list does not measure abundance. Cultivars collapsed to species.,https://content.boston.gov/urban-forestry,ginkgo_biloba,species,core_ten_inventory_or_candidate
Boston,14460,,Gleditsia triacanthos,Honeylocust,,unverified; no combined street+yard denominator,City approved street planting palette; metro yards unknown,2026 webpage,City approved street planting palette; metro yards unknown,candidate_planting_list,Ten selected approved species; recommended planting list does not measure abundance. Cultivars collapsed to species.,https://content.boston.gov/urban-forestry,gleditsia_triacanthos,species,core_ten_inventory_or_candidate
Boston,14460,,Gymnocladus dioicus,Kentucky coffeetree,,unverified; no combined street+yard denominator,City approved street planting palette; metro yards unknown,2026 webpage,City approved street planting palette; metro yards unknown,candidate_planting_list,Ten selected approved species; recommended planting list does not measure abundance. Cultivars collapsed to species.,https://content.boston.gov/urban-forestry,gymnocladus_dioicus,species,core_ten_inventory_or_candidate
Boston,14460,,Koelreuteria paniculata,Goldenraintree,,unverified; no combined street+yard denominator,City approved street planting palette; metro yards unknown,2026 webpage,City approved street planting palette; metro yards unknown,candidate_planting_list,Ten selected approved species; recommended planting list does not measure abundance. Cultivars collapsed to species.,https://content.boston.gov/urban-forestry,koelreuteria_paniculata,species,core_ten_inventory_or_candidate
Boston,14460,,Liriodendron tulipifera,Tuliptree,,unverified; no combined street+yard denominator,City approved street planting palette; metro yards unknown,2026 webpage,City approved street planting palette; metro yards unknown,candidate_planting_list,Ten selected approved species; recommended planting list does not measure abundance. Cultivars collapsed to species.,https://content.boston.gov/urban-forestry,liriodendron_tulipifera,species,core_ten_inventory_or_candidate
Boston,14460,,Liquidambar styraciflua,Sweetgum,,unverified; no combined street+yard denominator,City approved street planting palette; metro yards unknown,2026 webpage,City approved street planting palette; metro yards unknown,candidate_planting_list,Ten selected approved species; recommended planting list does not measure abundance. Cultivars collapsed to species.,https://content.boston.gov/urban-forestry,liquidambar_styraciflua,species,core_ten_inventory_or_candidate
Boston,14460,,Nyssa sylvatica,Black tupelo,,unverified; no combined street+yard denominator,City approved street planting palette; metro yards unknown,2026 webpage,City approved street planting palette; metro yards unknown,candidate_planting_list,Ten selected approved species; recommended planting list does not measure abundance. Cultivars collapsed to species.,https://content.boston.gov/urban-forestry,nyssa_sylvatica,species,core_ten_inventory_or_candidate
Riverside,40140,,Washingtonia robusta,Mexican fan palm,,unverified; no numeric abundance assigned,pooled southern California survey includes Riverside County; metro ranking unknown,2010-2011,street/yard candidate; not quantified,candidate; rank unknown,City/source coverage cannot establish CBSA-wide top ten,https://www.frontiersin.org/journals/ecology-and-evolution/articles/10.3389/fevo.2015.00073/full,washingtonia_robusta,species,core_ten_inventory_or_candidate
Riverside,40140,,Syagrus romanzoffiana,Queen palm,,unverified; no numeric abundance assigned,pooled southern California survey includes Riverside County; metro ranking unknown,2010-2011,street/yard candidate; not quantified,candidate; rank unknown,City/source coverage cannot establish CBSA-wide top ten,https://www.frontiersin.org/journals/ecology-and-evolution/articles/10.3389/fevo.2015.00073/full,syagrus_romanzoffiana,species,core_ten_inventory_or_candidate
Riverside,40140,,Cupressus sempervirens,Italian cypress,,unverified; no numeric abundance assigned,pooled southern California survey includes Riverside County; metro ranking unknown,2010-2011,street/yard candidate; not quantified,candidate; rank unknown,City/source coverage cannot establish CBSA-wide top ten,https://www.frontiersin.org/journals/ecology-and-evolution/articles/10.3389/fevo.2015.00073/full,cupressus_sempervirens,species,core_ten_inventory_or_candidate
Riverside,40140,,Liquidambar styraciflua,American sweetgum,,unverified; no numeric abundance assigned,pooled southern California survey includes Riverside County; metro ranking unknown,2010-2011,street/yard candidate; not quantified,candidate; rank unknown,City/source coverage cannot establish CBSA-wide top ten,https://www.frontiersin.org/journals/ecology-and-evolution/articles/10.3389/fevo.2015.00073/full,liquidambar_styraciflua,species,core_ten_inventory_or_candidate
Riverside,40140,,Platanus × acerifolia,London plane,,unverified; no numeric abundance assigned,pooled southern California survey includes Riverside County; metro ranking unknown,2010-2011,street/yard candidate; not quantified,candidate; rank unknown,City/source coverage cannot establish CBSA-wide top ten,https://www.frontiersin.org/journals/ecology-and-evolution/articles/10.3389/fevo.2015.00073/full,platanus_x_acerifolia,hybrid,core_ten_inventory_or_candidate
Riverside,40140,,Ulmus parvifolia,Chinese elm,,unverified; no numeric abundance assigned,pooled southern California survey includes Riverside County; metro ranking unknown,2010-2011,street/yard candidate; not quantified,candidate; rank unknown,City/source coverage cannot establish CBSA-wide top ten,https://www.frontiersin.org/journals/ecology-and-evolution/articles/10.3389/fevo.2015.00073/full,ulmus_parvifolia,species,core_ten_inventory_or_candidate
Riverside,40140,,Cupaniopsis anacardioides,Carrotwood,,unverified; no numeric abundance assigned,pooled southern California survey includes Riverside County; metro ranking unknown,2010-2011,street/yard candidate; not quantified,candidate; rank unknown,City/source coverage cannot establish CBSA-wide top ten,https://www.frontiersin.org/journals/ecology-and-evolution/articles/10.3389/fevo.2015.00073/full,cupaniopsis_anacardioides,species,core_ten_inventory_or_candidate
Riverside,40140,,Cinnamomum camphora,Camphor tree,,unverified; no numeric abundance assigned,pooled southern California survey includes Riverside County; metro ranking unknown,2010-2011,street/yard candidate; not quantified,candidate; rank unknown,City/source coverage cannot establish CBSA-wide top ten,https://www.frontiersin.org/journals/ecology-and-evolution/articles/10.3389/fevo.2015.00073/full,cinnamomum_camphora,species,core_ten_inventory_or_candidate
Riverside,40140,,Schinus molle,California pepper tree,,unverified; no numeric abundance assigned,pooled southern California survey includes Riverside County; metro ranking unknown,2010-2011,street/yard candidate; not quantified,candidate; rank unknown,City/source coverage cannot establish CBSA-wide top ten,https://www.frontiersin.org/journals/ecology-and-evolution/articles/10.3389/fevo.2015.00073/full,schinus_molle,species,core_ten_inventory_or_candidate
Riverside,40140,,Pinus canariensis,Canary Island pine,,unverified; no numeric abundance assigned,pooled southern California survey includes Riverside County; metro ranking unknown,2010-2011,street/yard candidate; not quantified,candidate; rank unknown,City/source coverage cannot establish CBSA-wide top ten,https://www.frontiersin.org/journals/ecology-and-evolution/articles/10.3389/fevo.2015.00073/full,pinus_canariensis,species,core_ten_inventory_or_candidate
San Francisco,41860,1,Metrosideros excelsa,New Zealand Christmas tree,7.91,2012 four-neighborhood and commercial-corridor inventory; N=24858; not metro,2012 four-neighborhood and commercial-corridor inventory; N=24858; not metro,2012 (report 2013),street and public parks; private yards excluded,verified limited geography,City/source coverage cannot establish CBSA-wide top ten,https://default.sfplanning.org/plans-and-programs/planning-for-the-city/urban-forest-plan/UrbanForestPlan_StreetTreeCensus_FullReport_apr2013.pdf,metrosideros_excelsa,species,core_ten_inventory_or_candidate
San Francisco,41860,2,Platanus × acerifolia,London plane,7.06,2012 four-neighborhood and commercial-corridor inventory; N=24858; not metro,2012 four-neighborhood and commercial-corridor inventory; N=24858; not metro,2012 (report 2013),street and public parks; private yards excluded,verified limited geography,City/source coverage cannot establish CBSA-wide top ten,https://default.sfplanning.org/plans-and-programs/planning-for-the-city/urban-forest-plan/UrbanForestPlan_StreetTreeCensus_FullReport_apr2013.pdf,platanus_x_acerifolia,hybrid,core_ten_inventory_or_candidate
San Francisco,41860,3,Ficus microcarpa,Indian laurel fig,6.68,2012 four-neighborhood and commercial-corridor inventory; N=24858; not metro,2012 four-neighborhood and commercial-corridor inventory; N=24858; not metro,2012 (report 2013),street and public parks; private yards excluded,verified limited geography,Report uses Ficus retusa ssp. nitida; normalized name,https://default.sfplanning.org/plans-and-programs/planning-for-the-city/urban-forest-plan/UrbanForestPlan_StreetTreeCensus_FullReport_apr2013.pdf,ficus_microcarpa,species,core_ten_inventory_or_candidate
San Francisco,41860,4,Lophostemon confertus,Brisbane box,5.9,2012 four-neighborhood and commercial-corridor inventory; N=24858; not metro,2012 four-neighborhood and commercial-corridor inventory; N=24858; not metro,2012 (report 2013),street and public parks; private yards excluded,verified limited geography,City/source coverage cannot establish CBSA-wide top ten,https://default.sfplanning.org/plans-and-programs/planning-for-the-city/urban-forest-plan/UrbanForestPlan_StreetTreeCensus_FullReport_apr2013.pdf,lophostemon_confertus,species,core_ten_inventory_or_candidate
San Francisco,41860,5,Tristaniopsis laurina,Water gum,5.33,2012 four-neighborhood and commercial-corridor inventory; N=24858; not metro,2012 four-neighborhood and commercial-corridor inventory; N=24858; not metro,2012 (report 2013),street and public parks; private yards excluded,verified limited geography,City/source coverage cannot establish CBSA-wide top ten,https://default.sfplanning.org/plans-and-programs/planning-for-the-city/urban-forest-plan/UrbanForestPlan_StreetTreeCensus_FullReport_apr2013.pdf,tristaniopsis_laurina,species,core_ten_inventory_or_candidate
San Francisco,41860,6,Pittosporum undulatum,Victorian box,5.27,2012 four-neighborhood and commercial-corridor inventory; N=24858; not metro,2012 four-neighborhood and commercial-corridor inventory; N=24858; not metro,2012 (report 2013),street and public parks; private yards excluded,verified limited geography,City/source coverage cannot establish CBSA-wide top ten,https://default.sfplanning.org/plans-and-programs/planning-for-the-city/urban-forest-plan/UrbanForestPlan_StreetTreeCensus_FullReport_apr2013.pdf,pittosporum_undulatum,species,core_ten_inventory_or_candidate
San Francisco,41860,7,Prunus serrulata,Japanese flowering cherry,4.09,2012 four-neighborhood and commercial-corridor inventory; N=24858; not metro,2012 four-neighborhood and commercial-corridor inventory; N=24858; not metro,2012 (report 2013),street and public parks; private yards excluded,verified limited geography,City/source coverage cannot establish CBSA-wide top ten,https://default.sfplanning.org/plans-and-programs/planning-for-the-city/urban-forest-plan/UrbanForestPlan_StreetTreeCensus_FullReport_apr2013.pdf,prunus_serrulata,species,core_ten_inventory_or_candidate
San Francisco,41860,8,Magnolia grandiflora,Southern magnolia,3.29,2012 four-neighborhood and commercial-corridor inventory; N=24858; not metro,2012 four-neighborhood and commercial-corridor inventory; N=24858; not metro,2012 (report 2013),street and public parks; private yards excluded,verified limited geography,City/source coverage cannot establish CBSA-wide top ten,https://default.sfplanning.org/plans-and-programs/planning-for-the-city/urban-forest-plan/UrbanForestPlan_StreetTreeCensus_FullReport_apr2013.pdf,magnolia_grandiflora,species,core_ten_inventory_or_candidate
San Francisco,41860,9,Acacia melanoxylon,Blackwood acacia,2.92,2012 four-neighborhood and commercial-corridor inventory; N=24858; not metro,2012 four-neighborhood and commercial-corridor inventory; N=24858; not metro,2012 (report 2013),street and public parks; private yards excluded,verified limited geography,City/source coverage cannot establish CBSA-wide top ten,https://default.sfplanning.org/plans-and-programs/planning-for-the-city/urban-forest-plan/UrbanForestPlan_StreetTreeCensus_FullReport_apr2013.pdf,acacia_melanoxylon,species,core_ten_inventory_or_candidate
San Francisco,41860,10,Arbutus × Marina,Marina strawberry tree,2.85,2012 four-neighborhood and commercial-corridor inventory; N=24858; not metro,2012 four-neighborhood and commercial-corridor inventory; N=24858; not metro,2012 (report 2013),street and public parks; private yards excluded,verified limited geography,City/source coverage cannot establish CBSA-wide top ten,https://default.sfplanning.org/plans-and-programs/planning-for-the-city/urban-forest-plan/UrbanForestPlan_StreetTreeCensus_FullReport_apr2013.pdf,arbutus_x_marina,horticultural_hybrid_or_cultivar,core_ten_inventory_or_candidate
Detroit,19820,,Acer rubrum,Red maple,,unverified; no combined street+yard denominator,CSO-area street and stormwater-park planted trees,2011,CSO-area street and stormwater-park planted trees,candidate_local_planting_report,Documented planted taxa; ten selected from eleven named types. Winter King hawthorn mapped to Crataegus viridis; current prevalence unknown.,https://detroitmi.gov/sites/detroitmi.localhost/files/2018-05/gi_progress2011.pdf,acer_rubrum,species,core_ten_inventory_or_candidate
Detroit,19820,,Quercus bicolor,Swamp white oak,,unverified; no combined street+yard denominator,CSO-area street and stormwater-park planted trees,2011,CSO-area street and stormwater-park planted trees,candidate_local_planting_report,Documented planted taxa; ten selected from eleven named types. Winter King hawthorn mapped to Crataegus viridis; current prevalence unknown.,https://detroitmi.gov/sites/detroitmi.localhost/files/2018-05/gi_progress2011.pdf,quercus_bicolor,species,core_ten_inventory_or_candidate
Detroit,19820,,Platanus × acerifolia,London planetree,,unverified; no combined street+yard denominator,CSO-area street and stormwater-park planted trees,2011,CSO-area street and stormwater-park planted trees,candidate_local_planting_report,Documented planted taxa; ten selected from eleven named types. Winter King hawthorn mapped to Crataegus viridis; current prevalence unknown.,https://detroitmi.gov/sites/detroitmi.localhost/files/2018-05/gi_progress2011.pdf,platanus_x_acerifolia,hybrid,core_ten_inventory_or_candidate
Detroit,19820,,Ulmus americana,American elm,,unverified; no combined street+yard denominator,CSO-area street and stormwater-park planted trees,2011,CSO-area street and stormwater-park planted trees,candidate_local_planting_report,Documented planted taxa; ten selected from eleven named types. Winter King hawthorn mapped to Crataegus viridis; current prevalence unknown.,https://detroitmi.gov/sites/detroitmi.localhost/files/2018-05/gi_progress2011.pdf,ulmus_americana,species,core_ten_inventory_or_candidate
Detroit,19820,,Celtis occidentalis,Hackberry,,unverified; no combined street+yard denominator,CSO-area street and stormwater-park planted trees,2011,CSO-area street and stormwater-park planted trees,candidate_local_planting_report,Documented planted taxa; ten selected from eleven named types. Winter King hawthorn mapped to Crataegus viridis; current prevalence unknown.,https://detroitmi.gov/sites/detroitmi.localhost/files/2018-05/gi_progress2011.pdf,celtis_occidentalis,species,core_ten_inventory_or_candidate
Detroit,19820,,Quercus rubra,Northern red oak,,unverified; no combined street+yard denominator,CSO-area street and stormwater-park planted trees,2011,CSO-area street and stormwater-park planted trees,candidate_local_planting_report,Documented planted taxa; ten selected from eleven named types. Winter King hawthorn mapped to Crataegus viridis; current prevalence unknown.,https://detroitmi.gov/sites/detroitmi.localhost/files/2018-05/gi_progress2011.pdf,quercus_rubra,species,core_ten_inventory_or_candidate
Detroit,19820,,Betula nigra,River birch,,unverified; no combined street+yard denominator,CSO-area street and stormwater-park planted trees,2011,CSO-area street and stormwater-park planted trees,candidate_local_planting_report,Documented planted taxa; ten selected from eleven named types. Winter King hawthorn mapped to Crataegus viridis; current prevalence unknown.,https://detroitmi.gov/sites/detroitmi.localhost/files/2018-05/gi_progress2011.pdf,betula_nigra,species,core_ten_inventory_or_candidate
Detroit,19820,,Liquidambar styraciflua,Sweetgum,,unverified; no combined street+yard denominator,CSO-area street and stormwater-park planted trees,2011,CSO-area street and stormwater-park planted trees,candidate_local_planting_report,Documented planted taxa; ten selected from eleven named types. Winter King hawthorn mapped to Crataegus viridis; current prevalence unknown.,https://detroitmi.gov/sites/detroitmi.localhost/files/2018-05/gi_progress2011.pdf,liquidambar_styraciflua,species,core_ten_inventory_or_candidate
Detroit,19820,,Gymnocladus dioicus,Kentucky coffeetree,,unverified; no combined street+yard denominator,CSO-area street and stormwater-park planted trees,2011,CSO-area street and stormwater-park planted trees,candidate_local_planting_report,Documented planted taxa; ten selected from eleven named types. Winter King hawthorn mapped to Crataegus viridis; current prevalence unknown.,https://detroitmi.gov/sites/detroitmi.localhost/files/2018-05/gi_progress2011.pdf,gymnocladus_dioicus,species,core_ten_inventory_or_candidate
Detroit,19820,,Crataegus viridis,Green hawthorn,,unverified; no combined street+yard denominator,CSO-area street and stormwater-park planted trees,2011,CSO-area street and stormwater-park planted trees,candidate_local_planting_report,Documented planted taxa; ten selected from eleven named types. Winter King hawthorn mapped to Crataegus viridis; current prevalence unknown.,https://detroitmi.gov/sites/detroitmi.localhost/files/2018-05/gi_progress2011.pdf,crataegus_viridis,species,core_ten_inventory_or_candidate
Seattle,42660,,Pseudotsuga menziesii,Douglas fir,,unverified; no numeric abundance assigned,yard-program offered species; actual city abundance ranking unverified,2014-2024,yard planting programme,candidate; search evidence only; direct source inaccessible,City/source coverage cannot establish CBSA-wide top ten,https://seattle.gov/trees/past-plantings,pseudotsuga_menziesii,species,core_ten_inventory_or_candidate
Seattle,42660,,Thuja plicata,Western red cedar,,unverified; no numeric abundance assigned,yard-program offered species; actual city abundance ranking unverified,2014-2024,yard planting programme,candidate; search evidence only; direct source inaccessible,City/source coverage cannot establish CBSA-wide top ten,https://seattle.gov/trees/past-plantings,thuja_plicata,species,core_ten_inventory_or_candidate
Seattle,42660,,Abies grandis,Grand fir,,unverified; no numeric abundance assigned,yard-program offered species; actual city abundance ranking unverified,2014-2024,yard planting programme,candidate; search evidence only; direct source inaccessible,City/source coverage cannot establish CBSA-wide top ten,https://seattle.gov/trees/past-plantings,abies_grandis,species,core_ten_inventory_or_candidate
Seattle,42660,,Calocedrus decurrens,Incense cedar,,unverified; no numeric abundance assigned,yard-program offered species; actual city abundance ranking unverified,2014-2024,yard planting programme,candidate; search evidence only; direct source inaccessible,City/source coverage cannot establish CBSA-wide top ten,https://seattle.gov/trees/past-plantings,calocedrus_decurrens,species,core_ten_inventory_or_candidate
Seattle,42660,,Tsuga heterophylla,Western hemlock,,unverified; no numeric abundance assigned,yard-program offered species; actual city abundance ranking unverified,2014-2024,yard planting programme,candidate; search evidence only; direct source inaccessible,City/source coverage cannot establish CBSA-wide top ten,https://seattle.gov/trees/past-plantings,tsuga_heterophylla,species,core_ten_inventory_or_candidate
Seattle,42660,,Pinus contorta var. contorta,Shore pine,,unverified; no numeric abundance assigned,yard-program offered species; actual city abundance ranking unverified,2014-2024,yard planting programme,candidate; search evidence only; direct source inaccessible,City/source coverage cannot establish CBSA-wide top ten,https://seattle.gov/trees/past-plantings,pinus_contorta_var_contorta,infraspecific,core_ten_inventory_or_candidate
Seattle,42660,,Pinus ponderosa,Ponderosa pine,,unverified; no numeric abundance assigned,yard-program offered species; actual city abundance ranking unverified,2014-2024,yard planting programme,candidate; search evidence only; direct source inaccessible,City/source coverage cannot establish CBSA-wide top ten,https://seattle.gov/trees/past-plantings,pinus_ponderosa,species,core_ten_inventory_or_candidate
Seattle,42660,,Taxodium distichum,Bald cypress,,unverified; no numeric abundance assigned,yard-program offered species; actual city abundance ranking unverified,2014-2024,yard planting programme,candidate; search evidence only; direct source inaccessible,City/source coverage cannot establish CBSA-wide top ten,https://seattle.gov/trees/past-plantings,taxodium_distichum,species,core_ten_inventory_or_candidate
Seattle,42660,,Picea abies,Norway spruce,,unverified; no numeric abundance assigned,yard-program offered species; actual city abundance ranking unverified,2014-2024,yard planting programme,candidate; search evidence only; direct source inaccessible,City/source coverage cannot establish CBSA-wide top ten,https://seattle.gov/trees/past-plantings,picea_abies,species,core_ten_inventory_or_candidate
Seattle,42660,,Sequoia sempervirens,Coast redwood,,unverified; no numeric abundance assigned,yard-program offered species; actual city abundance ranking unverified,2014-2024,yard planting programme,candidate; search evidence only; direct source inaccessible,City/source coverage cannot establish CBSA-wide top ten,https://seattle.gov/trees/past-plantings,sequoia_sempervirens,species,core_ten_inventory_or_candidate
Minneapolis,33460,,Acer rubrum,Red maple,,unverified; no combined street+yard denominator,MARQ2/Green Line local street plantings; metro yards unknown,2009/2013,MARQ2/Green Line local street plantings; metro yards unknown,candidate_local_planting_report,Ten documented planted taxa; no abundance ranking. Source inconsistently labels Greenspire linden as T.americana; candidate T.americana uses explicit Boulevard/Redmond entries.,https://stormwater.pca.state.mn.us/case_studies_for_tree_trenches_and_tree_boxes,acer_rubrum,species,core_ten_inventory_or_candidate
Minneapolis,33460,,Acer × freemanii,Freeman maple,,unverified; no combined street+yard denominator,MARQ2/Green Line local street plantings; metro yards unknown,2009/2013,MARQ2/Green Line local street plantings; metro yards unknown,candidate_local_planting_report,Ten documented planted taxa; no abundance ranking. Source inconsistently labels Greenspire linden as T.americana; candidate T.americana uses explicit Boulevard/Redmond entries.,https://stormwater.pca.state.mn.us/case_studies_for_tree_trenches_and_tree_boxes,acer_x_freemanii,hybrid,core_ten_inventory_or_candidate
Minneapolis,33460,,Acer negundo,Boxelder,,unverified; no combined street+yard denominator,MARQ2/Green Line local street plantings; metro yards unknown,2009/2013,MARQ2/Green Line local street plantings; metro yards unknown,candidate_local_planting_report,Ten documented planted taxa; no abundance ranking. Source inconsistently labels Greenspire linden as T.americana; candidate T.americana uses explicit Boulevard/Redmond entries.,https://stormwater.pca.state.mn.us/case_studies_for_tree_trenches_and_tree_boxes,acer_negundo,species,core_ten_inventory_or_candidate
Minneapolis,33460,,Gleditsia triacanthos,Honeylocust,,unverified; no combined street+yard denominator,MARQ2/Green Line local street plantings; metro yards unknown,2009/2013,MARQ2/Green Line local street plantings; metro yards unknown,candidate_local_planting_report,Ten documented planted taxa; no abundance ranking. Source inconsistently labels Greenspire linden as T.americana; candidate T.americana uses explicit Boulevard/Redmond entries.,https://stormwater.pca.state.mn.us/case_studies_for_tree_trenches_and_tree_boxes,gleditsia_triacanthos,species,core_ten_inventory_or_candidate
Minneapolis,33460,,Ginkgo biloba,Ginkgo,,unverified; no combined street+yard denominator,MARQ2/Green Line local street plantings; metro yards unknown,2009/2013,MARQ2/Green Line local street plantings; metro yards unknown,candidate_local_planting_report,Ten documented planted taxa; no abundance ranking. Source inconsistently labels Greenspire linden as T.americana; candidate T.americana uses explicit Boulevard/Redmond entries.,https://stormwater.pca.state.mn.us/case_studies_for_tree_trenches_and_tree_boxes,ginkgo_biloba,species,core_ten_inventory_or_candidate
Minneapolis,33460,,Gymnocladus dioicus,Kentucky coffeetree,,unverified; no combined street+yard denominator,MARQ2/Green Line local street plantings; metro yards unknown,2009/2013,MARQ2/Green Line local street plantings; metro yards unknown,candidate_local_planting_report,Ten documented planted taxa; no abundance ranking. Source inconsistently labels Greenspire linden as T.americana; candidate T.americana uses explicit Boulevard/Redmond entries.,https://stormwater.pca.state.mn.us/case_studies_for_tree_trenches_and_tree_boxes,gymnocladus_dioicus,species,core_ten_inventory_or_candidate
Minneapolis,33460,,Quercus bicolor,Swamp white oak,,unverified; no combined street+yard denominator,MARQ2/Green Line local street plantings; metro yards unknown,2009/2013,MARQ2/Green Line local street plantings; metro yards unknown,candidate_local_planting_report,Ten documented planted taxa; no abundance ranking. Source inconsistently labels Greenspire linden as T.americana; candidate T.americana uses explicit Boulevard/Redmond entries.,https://stormwater.pca.state.mn.us/case_studies_for_tree_trenches_and_tree_boxes,quercus_bicolor,species,core_ten_inventory_or_candidate
Minneapolis,33460,,Syringa reticulata,Japanese tree lilac,,unverified; no combined street+yard denominator,MARQ2/Green Line local street plantings; metro yards unknown,2009/2013,MARQ2/Green Line local street plantings; metro yards unknown,candidate_local_planting_report,Ten documented planted taxa; no abundance ranking. Source inconsistently labels Greenspire linden as T.americana; candidate T.americana uses explicit Boulevard/Redmond entries.,https://stormwater.pca.state.mn.us/case_studies_for_tree_trenches_and_tree_boxes,syringa_reticulata,species,core_ten_inventory_or_candidate
Minneapolis,33460,,Tilia americana,American linden,,unverified; no combined street+yard denominator,MARQ2/Green Line local street plantings; metro yards unknown,2009/2013,MARQ2/Green Line local street plantings; metro yards unknown,candidate_local_planting_report,Ten documented planted taxa; no abundance ranking. Source inconsistently labels Greenspire linden as T.americana; candidate T.americana uses explicit Boulevard/Redmond entries.,https://stormwater.pca.state.mn.us/case_studies_for_tree_trenches_and_tree_boxes,tilia_americana,species,core_ten_inventory_or_candidate
Minneapolis,33460,,Ulmus americana,American elm,,unverified; no combined street+yard denominator,MARQ2/Green Line local street plantings; metro yards unknown,2009/2013,MARQ2/Green Line local street plantings; metro yards unknown,candidate_local_planting_report,Ten documented planted taxa; no abundance ranking. Source inconsistently labels Greenspire linden as T.americana; candidate T.americana uses explicit Boulevard/Redmond entries.,https://stormwater.pca.state.mn.us/case_studies_for_tree_trenches_and_tree_boxes,ulmus_americana,species,core_ten_inventory_or_candidate
Tampa,45300,,Quercus virginiana,Southern live oak,,not measured,Glen Avenue corridor inventory; not city or metro abundance,2021,candidate street/yard palette; abundance unverified,candidate_corridor_presence_not_ranked,Candidate order is editorial; not abundance rank,https://www.tampa.gov/sites/default/files/project-doc/2024-02/glen_avenue_tree_inventory_report.doc.pdf,quercus_virginiana,species,core_ten_inventory_or_candidate
Tampa,45300,,Sabal palmetto,Cabbage palm,,not measured,Glen Avenue corridor inventory; not city or metro abundance,2021,candidate street/yard palette; abundance unverified,candidate_corridor_presence_not_ranked,Candidate order is editorial; not abundance rank,https://www.tampa.gov/sites/default/files/project-doc/2024-02/glen_avenue_tree_inventory_report.doc.pdf,sabal_palmetto,species,core_ten_inventory_or_candidate
Tampa,45300,,Quercus laurifolia,Laurel oak,,not measured,Glen Avenue corridor inventory; not city or metro abundance,2021,candidate street/yard palette; abundance unverified,candidate_corridor_presence_not_ranked,Candidate order is editorial; not abundance rank,https://www.tampa.gov/sites/default/files/project-doc/2024-02/glen_avenue_tree_inventory_report.doc.pdf,quercus_laurifolia,species,core_ten_inventory_or_candidate
Tampa,45300,,Syagrus romanzoffiana,Queen palm,,not measured,Glen Avenue corridor inventory; not city or metro abundance,2021,candidate street/yard palette; abundance unverified,candidate_corridor_presence_not_ranked,Candidate order is editorial; not abundance rank,https://www.tampa.gov/sites/default/files/project-doc/2024-02/glen_avenue_tree_inventory_report.doc.pdf,syagrus_romanzoffiana,species,core_ten_inventory_or_candidate
Tampa,45300,,Prunus caroliniana,Carolina cherry laurel,,not measured,Glen Avenue corridor inventory; not city or metro abundance,2021,candidate street/yard palette; abundance unverified,candidate_corridor_presence_not_ranked,Candidate order is editorial; not abundance rank,https://www.tampa.gov/sites/default/files/project-doc/2024-02/glen_avenue_tree_inventory_report.doc.pdf,prunus_caroliniana,species,core_ten_inventory_or_candidate
Tampa,45300,,Koelreuteria paniculata,Golden rain tree,,not measured,Glen Avenue corridor inventory; not city or metro abundance,2021,candidate street/yard palette; abundance unverified,candidate_corridor_presence_not_ranked,Candidate order is editorial; not abundance rank,https://www.tampa.gov/sites/default/files/project-doc/2024-02/glen_avenue_tree_inventory_report.doc.pdf,koelreuteria_paniculata,species,core_ten_inventory_or_candidate
Tampa,45300,,Bauhinia × blakeana,Hong Kong orchid tree,,not measured,Glen Avenue corridor inventory; not city or metro abundance,2021,candidate street/yard palette; abundance unverified,candidate_corridor_presence_not_ranked,Candidate order is editorial; not abundance rank,https://www.tampa.gov/sites/default/files/project-doc/2024-02/glen_avenue_tree_inventory_report.doc.pdf,bauhinia_x_blakeana,hybrid,core_ten_inventory_or_candidate
Tampa,45300,,Pinus palustris,Longleaf pine,,not measured,Glen Avenue corridor inventory; not city or metro abundance,2021,candidate street/yard palette; abundance unverified,candidate_corridor_presence_not_ranked,Candidate order is editorial; not abundance rank,https://www.tampa.gov/sites/default/files/project-doc/2024-02/glen_avenue_tree_inventory_report.doc.pdf,pinus_palustris,species,core_ten_inventory_or_candidate
Tampa,45300,,Quercus nigra,Water oak,,not measured,Glen Avenue corridor inventory; not city or metro abundance,2021,candidate street/yard palette; abundance unverified,candidate_corridor_presence_not_ranked,Candidate order is editorial; not abundance rank,https://www.tampa.gov/sites/default/files/project-doc/2024-02/glen_avenue_tree_inventory_report.doc.pdf,quercus_nigra,species,core_ten_inventory_or_candidate
Tampa,45300,,Schefflera actinophylla,Umbrella tree,,not measured,Glen Avenue corridor inventory; not city or metro abundance,2021,candidate street/yard palette; abundance unverified,candidate_corridor_presence_not_ranked,Candidate order is editorial; not abundance rank,https://www.tampa.gov/sites/default/files/project-doc/2024-02/glen_avenue_tree_inventory_report.doc.pdf,schefflera_actinophylla,species,core_ten_inventory_or_candidate
San Diego,41740,,Cupaniopsis anacardioides,Carrotwood,,unverified; no numeric abundance assigned,contractor city report search excerpt only; direct PDF inaccessible; rank unverified,,street/yard candidate; not quantified,candidate; search evidence only; direct source inaccessible,City/source coverage cannot establish CBSA-wide top ten,https://www.sandiego.gov/sites/default/files/2024-01/cw-2241135.pdf,cupaniopsis_anacardioides,species,core_ten_inventory_or_candidate
San Diego,41740,,Fraxinus velutina,Arizona ash,,unverified; no numeric abundance assigned,contractor city report search excerpt only; direct PDF inaccessible; rank unverified,,street/yard candidate; not quantified,candidate; search evidence only; direct source inaccessible,City/source coverage cannot establish CBSA-wide top ten,https://www.sandiego.gov/sites/default/files/2024-01/cw-2241135.pdf,fraxinus_velutina,species,core_ten_inventory_or_candidate
San Diego,41740,,Pinus canariensis,Canary Island pine,,unverified; no numeric abundance assigned,contractor city report search excerpt only; direct PDF inaccessible; rank unverified,,street/yard candidate; not quantified,candidate; search evidence only; direct source inaccessible,City/source coverage cannot establish CBSA-wide top ten,https://www.sandiego.gov/sites/default/files/2024-01/cw-2241135.pdf,pinus_canariensis,species,core_ten_inventory_or_candidate
San Diego,41740,,Grevillea robusta,Silk oak,,unverified; no numeric abundance assigned,contractor city report search excerpt only; direct PDF inaccessible; rank unverified,,street/yard candidate; not quantified,candidate; search evidence only; direct source inaccessible,City/source coverage cannot establish CBSA-wide top ten,https://www.sandiego.gov/sites/default/files/2024-01/cw-2241135.pdf,grevillea_robusta,species,core_ten_inventory_or_candidate
San Diego,41740,,Pistacia chinensis,Chinese pistache,,unverified; no numeric abundance assigned,contractor city report search excerpt only; direct PDF inaccessible; rank unverified,,street/yard candidate; not quantified,candidate; search evidence only; direct source inaccessible,City/source coverage cannot establish CBSA-wide top ten,https://www.sandiego.gov/sites/default/files/2024-01/cw-2241135.pdf,pistacia_chinensis,species,core_ten_inventory_or_candidate
San Diego,41740,,Liriodendron tulipifera,Tulip tree,,unverified; no numeric abundance assigned,contractor city report search excerpt only; direct PDF inaccessible; rank unverified,,street/yard candidate; not quantified,candidate; search evidence only; direct source inaccessible,City/source coverage cannot establish CBSA-wide top ten,https://www.sandiego.gov/sites/default/files/2024-01/cw-2241135.pdf,liriodendron_tulipifera,species,core_ten_inventory_or_candidate
San Diego,41740,,Washingtonia robusta,Mexican fan palm,,unverified; no numeric abundance assigned,contractor city report search excerpt only; direct PDF inaccessible; rank unverified,,street/yard candidate; not quantified,candidate; search evidence only; direct source inaccessible,City/source coverage cannot establish CBSA-wide top ten,https://www.sandiego.gov/sites/default/files/2024-01/cw-2241135.pdf,washingtonia_robusta,species,core_ten_inventory_or_candidate
San Diego,41740,,Jacaranda mimosifolia,Jacaranda,,unverified; no numeric abundance assigned,contractor city report search excerpt only; direct PDF inaccessible; rank unverified,,street/yard candidate; not quantified,candidate; search evidence only; direct source inaccessible,City/source coverage cannot establish CBSA-wide top ten,https://www.sandiego.gov/sites/default/files/2024-01/cw-2241135.pdf,jacaranda_mimosifolia,species,core_ten_inventory_or_candidate
San Diego,41740,,Koelreuteria bipinnata,Chinese flame tree,,unverified; no numeric abundance assigned,contractor city report search excerpt only; direct PDF inaccessible; rank unverified,,street/yard candidate; not quantified,candidate; search evidence only; direct source inaccessible,City/source coverage cannot establish CBSA-wide top ten,https://www.sandiego.gov/sites/default/files/2024-01/cw-2241135.pdf,koelreuteria_bipinnata,species,core_ten_inventory_or_candidate
San Diego,41740,,Syagrus romanzoffiana,Queen palm,,unverified; no numeric abundance assigned,contractor city report search excerpt only; direct PDF inaccessible; rank unverified,,street/yard candidate; not quantified,candidate; search evidence only; direct source inaccessible,City/source coverage cannot establish CBSA-wide top ten,https://www.sandiego.gov/sites/default/files/2024-01/cw-2241135.pdf,syagrus_romanzoffiana,species,core_ten_inventory_or_candidate
Orlando,36740,1,Quercus virginiana,Southern live oak,25.1,percent of 68211 municipal street trees,2007 City of Orlando municipal public street trees; excludes private yards,2007,street_only; yard_unverified,verified_historical_street_inventory,Historical city-only ranks; Holly stays genus-level; not a current metro top 10,https://research.fs.usda.gov/download/treesearch/60591.pdf,quercus_virginiana,species,core_ten_inventory_or_candidate
Orlando,36740,2,Lagerstroemia indica,Crape myrtle,22,percent of 68211 municipal street trees,2007 City of Orlando municipal public street trees; excludes private yards,2007,street_only; yard_unverified,verified_historical_street_inventory,Historical city-only ranks; Holly stays genus-level; not a current metro top 10,https://research.fs.usda.gov/download/treesearch/60591.pdf,lagerstroemia_indica,species,core_ten_inventory_or_candidate
Orlando,36740,3,Quercus laurifolia,Laurel oak,15.6,percent of 68211 municipal street trees,2007 City of Orlando municipal public street trees; excludes private yards,2007,street_only; yard_unverified,verified_historical_street_inventory,Historical city-only ranks; Holly stays genus-level; not a current metro top 10,https://research.fs.usda.gov/download/treesearch/60591.pdf,quercus_laurifolia,species,core_ten_inventory_or_candidate
Orlando,36740,4,Sabal palmetto,Cabbage palm,4.2,percent of 68211 municipal street trees,2007 City of Orlando municipal public street trees; excludes private yards,2007,street_only; yard_unverified,verified_historical_street_inventory,Historical city-only ranks; Holly stays genus-level; not a current metro top 10,https://research.fs.usda.gov/download/treesearch/60591.pdf,sabal_palmetto,species,core_ten_inventory_or_candidate
Orlando,36740,5,Ulmus parvifolia,Chinese elm,3.8,percent of 68211 municipal street trees,2007 City of Orlando municipal public street trees; excludes private yards,2007,street_only; yard_unverified,verified_historical_street_inventory,Historical city-only ranks; Holly stays genus-level; not a current metro top 10,https://research.fs.usda.gov/download/treesearch/60591.pdf,ulmus_parvifolia,species,core_ten_inventory_or_candidate
Orlando,36740,6,Magnolia grandiflora,Southern magnolia,2.9,percent of 68211 municipal street trees,2007 City of Orlando municipal public street trees; excludes private yards,2007,street_only; yard_unverified,verified_historical_street_inventory,Historical city-only ranks; Holly stays genus-level; not a current metro top 10,https://research.fs.usda.gov/download/treesearch/60591.pdf,magnolia_grandiflora,species,core_ten_inventory_or_candidate
Orlando,36740,7,Acer rubrum,Red maple,2.7,percent of 68211 municipal street trees,2007 City of Orlando municipal public street trees; excludes private yards,2007,street_only; yard_unverified,verified_historical_street_inventory,Historical city-only ranks; Holly stays genus-level; not a current metro top 10,https://research.fs.usda.gov/download/treesearch/60591.pdf,acer_rubrum,species,core_ten_inventory_or_candidate
Orlando,36740,8,Ilex spp.,Holly (unresolved genus),2.5,percent of 68211 municipal street trees,2007 City of Orlando municipal public street trees; excludes private yards,2007,street_only; yard_unverified,verified_historical_street_inventory,Historical city-only ranks; Holly stays genus-level; not a current metro top 10,https://research.fs.usda.gov/download/treesearch/60591.pdf,ilex_spp,genus_unresolved,core_ten_inventory_or_candidate
Orlando,36740,9,Quercus shumardii,Shumard oak,2.1,percent of 68211 municipal street trees,2007 City of Orlando municipal public street trees; excludes private yards,2007,street_only; yard_unverified,verified_historical_street_inventory,Historical city-only ranks; Holly stays genus-level; not a current metro top 10,https://research.fs.usda.gov/download/treesearch/60591.pdf,quercus_shumardii,species,core_ten_inventory_or_candidate
Orlando,36740,10,Washingtonia robusta,Mexican fan palm,2,percent of 68211 municipal street trees,2007 City of Orlando municipal public street trees; excludes private yards,2007,street_only; yard_unverified,verified_historical_street_inventory,Historical city-only ranks; Holly stays genus-level; not a current metro top 10,https://research.fs.usda.gov/download/treesearch/60591.pdf,washingtonia_robusta,species,core_ten_inventory_or_candidate
Charlotte,16740,,Quercus alba,White oak,,not measured,Charlotte native/heritage species list; frequency unknown,,candidate street/yard palette; abundance unverified,candidate_local_list_not_ranked,Candidate order is editorial; not abundance rank,https://www.charlottenc.gov/files/sharedassets/city/v/1/growth-and-development/getting-started/documents/ctm-1.0-initial-version.pdf,quercus_alba,species,core_ten_inventory_or_candidate
Charlotte,16740,,Quercus rubra,Northern red oak,,not measured,Charlotte native/heritage species list; frequency unknown,,candidate street/yard palette; abundance unverified,candidate_local_list_not_ranked,Candidate order is editorial; not abundance rank,https://www.charlottenc.gov/files/sharedassets/city/v/1/growth-and-development/getting-started/documents/ctm-1.0-initial-version.pdf,quercus_rubra,species,core_ten_inventory_or_candidate
Charlotte,16740,,Quercus falcata,Southern red oak,,not measured,Charlotte native/heritage species list; frequency unknown,,candidate street/yard palette; abundance unverified,candidate_local_list_not_ranked,Candidate order is editorial; not abundance rank,https://www.charlottenc.gov/files/sharedassets/city/v/1/growth-and-development/getting-started/documents/ctm-1.0-initial-version.pdf,quercus_falcata,species,core_ten_inventory_or_candidate
Charlotte,16740,,Quercus phellos,Willow oak,,not measured,Charlotte native/heritage species list; frequency unknown,,candidate street/yard palette; abundance unverified,candidate_local_list_not_ranked,Candidate order is editorial; not abundance rank,https://www.charlottenc.gov/files/sharedassets/city/v/1/growth-and-development/getting-started/documents/ctm-1.0-initial-version.pdf,quercus_phellos,species,core_ten_inventory_or_candidate
Charlotte,16740,,Liquidambar styraciflua,Sweetgum,,not measured,Charlotte native/heritage species list; frequency unknown,,candidate street/yard palette; abundance unverified,candidate_local_list_not_ranked,Candidate order is editorial; not abundance rank,https://www.charlottenc.gov/files/sharedassets/city/v/1/growth-and-development/getting-started/documents/ctm-1.0-initial-version.pdf,liquidambar_styraciflua,species,core_ten_inventory_or_candidate
Charlotte,16740,,Liriodendron tulipifera,Tulip poplar,,not measured,Charlotte native/heritage species list; frequency unknown,,candidate street/yard palette; abundance unverified,candidate_local_list_not_ranked,Candidate order is editorial; not abundance rank,https://www.charlottenc.gov/files/sharedassets/city/v/1/growth-and-development/getting-started/documents/ctm-1.0-initial-version.pdf,liriodendron_tulipifera,species,core_ten_inventory_or_candidate
Charlotte,16740,,Pinus taeda,Loblolly pine,,not measured,Charlotte native/heritage species list; frequency unknown,,candidate street/yard palette; abundance unverified,candidate_local_list_not_ranked,Candidate order is editorial; not abundance rank,https://www.charlottenc.gov/files/sharedassets/city/v/1/growth-and-development/getting-started/documents/ctm-1.0-initial-version.pdf,pinus_taeda,species,core_ten_inventory_or_candidate
Charlotte,16740,,Magnolia grandiflora,Southern magnolia,,not measured,Charlotte native/heritage species list; frequency unknown,,candidate street/yard palette; abundance unverified,candidate_local_list_not_ranked,Candidate order is editorial; not abundance rank,https://www.charlottenc.gov/files/sharedassets/city/v/1/growth-and-development/getting-started/documents/ctm-1.0-initial-version.pdf,magnolia_grandiflora,species,core_ten_inventory_or_candidate
Charlotte,16740,,Acer rubrum,Red maple,,not measured,Charlotte native/heritage species list; frequency unknown,,candidate street/yard palette; abundance unverified,candidate_local_list_not_ranked,Candidate order is editorial; not abundance rank,https://www.charlottenc.gov/files/sharedassets/city/v/1/growth-and-development/getting-started/documents/ctm-1.0-initial-version.pdf,acer_rubrum,species,core_ten_inventory_or_candidate
Charlotte,16740,,Platanus occidentalis,American sycamore,,not measured,Charlotte native/heritage species list; frequency unknown,,candidate street/yard palette; abundance unverified,candidate_local_list_not_ranked,Candidate order is editorial; not abundance rank,https://www.charlottenc.gov/files/sharedassets/city/v/1/growth-and-development/getting-started/documents/ctm-1.0-initial-version.pdf,platanus_occidentalis,species,core_ten_inventory_or_candidate
Baltimore,12580,,Fraxinus pennsylvanica,Green ash,,unverified; no combined street+yard denominator,City and regional forest/riparian proxy; yards partly included,2023 webpage,City and regional forest/riparian proxy; yards partly included,candidate_forest_scope_proxy,Regional ecology describes forest patches/vacant/residential and riparian taxa. No street+yard or metro ranking derived.,https://research.fs.usda.gov/nrs/forestsandranges/locations/baltimore,fraxinus_pennsylvanica,species,core_ten_inventory_or_candidate
Baltimore,12580,,Ulmus americana,American elm,,unverified; no combined street+yard denominator,City and regional forest/riparian proxy; yards partly included,2023 webpage,City and regional forest/riparian proxy; yards partly included,candidate_forest_scope_proxy,Regional ecology describes forest patches/vacant/residential and riparian taxa. No street+yard or metro ranking derived.,https://research.fs.usda.gov/nrs/forestsandranges/locations/baltimore,ulmus_americana,species,core_ten_inventory_or_candidate
Baltimore,12580,,Fagus grandifolia,American beech,,unverified; no combined street+yard denominator,City and regional forest/riparian proxy; yards partly included,2023 webpage,City and regional forest/riparian proxy; yards partly included,candidate_forest_scope_proxy,Regional ecology describes forest patches/vacant/residential and riparian taxa. No street+yard or metro ranking derived.,https://research.fs.usda.gov/nrs/forestsandranges/locations/baltimore,fagus_grandifolia,species,core_ten_inventory_or_candidate
Baltimore,12580,,Prunus serotina,Black cherry,,unverified; no combined street+yard denominator,City and regional forest/riparian proxy; yards partly included,2023 webpage,City and regional forest/riparian proxy; yards partly included,candidate_forest_scope_proxy,Regional ecology describes forest patches/vacant/residential and riparian taxa. No street+yard or metro ranking derived.,https://research.fs.usda.gov/nrs/forestsandranges/locations/baltimore,prunus_serotina,species,core_ten_inventory_or_candidate
Baltimore,12580,,Robinia pseudoacacia,Black locust,,unverified; no combined street+yard denominator,City and regional forest/riparian proxy; yards partly included,2023 webpage,City and regional forest/riparian proxy; yards partly included,candidate_forest_scope_proxy,Regional ecology describes forest patches/vacant/residential and riparian taxa. No street+yard or metro ranking derived.,https://research.fs.usda.gov/nrs/forestsandranges/locations/baltimore,robinia_pseudoacacia,species,core_ten_inventory_or_candidate
Baltimore,12580,,Ailanthus altissima,Tree-of-heaven,,unverified; no combined street+yard denominator,City and regional forest/riparian proxy; yards partly included,2023 webpage,City and regional forest/riparian proxy; yards partly included,candidate_forest_scope_proxy,Regional ecology describes forest patches/vacant/residential and riparian taxa. No street+yard or metro ranking derived.,https://research.fs.usda.gov/nrs/forestsandranges/locations/baltimore,ailanthus_altissima,species,core_ten_inventory_or_candidate
Baltimore,12580,,Quercus montana,Chestnut oak,,unverified; no combined street+yard denominator,City and regional forest/riparian proxy; yards partly included,2023 webpage,City and regional forest/riparian proxy; yards partly included,candidate_forest_scope_proxy,Regional ecology describes forest patches/vacant/residential and riparian taxa. No street+yard or metro ranking derived.,https://research.fs.usda.gov/nrs/forestsandranges/locations/baltimore,quercus_montana,species,core_ten_inventory_or_candidate
Baltimore,12580,,Liriodendron tulipifera,Tuliptree,,unverified; no combined street+yard denominator,City and regional forest/riparian proxy; yards partly included,2023 webpage,City and regional forest/riparian proxy; yards partly included,candidate_forest_scope_proxy,Regional ecology describes forest patches/vacant/residential and riparian taxa. No street+yard or metro ranking derived.,https://research.fs.usda.gov/nrs/forestsandranges/locations/baltimore,liriodendron_tulipifera,species,core_ten_inventory_or_candidate
Baltimore,12580,,Acer saccharinum,Silver maple,,unverified; no combined street+yard denominator,City and regional forest/riparian proxy; yards partly included,2023 webpage,City and regional forest/riparian proxy; yards partly included,candidate_forest_scope_proxy,Regional ecology describes forest patches/vacant/residential and riparian taxa. No street+yard or metro ranking derived.,https://research.fs.usda.gov/nrs/forestsandranges/locations/baltimore,acer_saccharinum,species,core_ten_inventory_or_candidate
Baltimore,12580,,Acer negundo,Boxelder,,unverified; no combined street+yard denominator,City and regional forest/riparian proxy; yards partly included,2023 webpage,City and regional forest/riparian proxy; yards partly included,candidate_forest_scope_proxy,Regional ecology describes forest patches/vacant/residential and riparian taxa. No street+yard or metro ranking derived.,https://research.fs.usda.gov/nrs/forestsandranges/locations/baltimore,acer_negundo,species,core_ten_inventory_or_candidate
StLouis,41180,,Nyssa sylvatica,Black tupelo,,unverified; no combined street+yard denominator,City Forestry common planted street palette; metro yards unknown,2016,City Forestry common planted street palette; metro yards unknown,candidate_common_planting_list,Ten selected documented common planted taxa; source says not exhaustive. No frequency ranking.,https://www.stlouis-mo.gov/government/departments/parks/forestry/documents/upload/Street-Tree-Information1.pdf,nyssa_sylvatica,species,core_ten_inventory_or_candidate
StLouis,41180,,Betula nigra,River birch,,unverified; no combined street+yard denominator,City Forestry common planted street palette; metro yards unknown,2016,City Forestry common planted street palette; metro yards unknown,candidate_common_planting_list,Ten selected documented common planted taxa; source says not exhaustive. No frequency ranking.,https://www.stlouis-mo.gov/government/departments/parks/forestry/documents/upload/Street-Tree-Information1.pdf,betula_nigra,species,core_ten_inventory_or_candidate
StLouis,41180,,Ginkgo biloba,Ginkgo,,unverified; no combined street+yard denominator,City Forestry common planted street palette; metro yards unknown,2016,City Forestry common planted street palette; metro yards unknown,candidate_common_planting_list,Ten selected documented common planted taxa; source says not exhaustive. No frequency ranking.,https://www.stlouis-mo.gov/government/departments/parks/forestry/documents/upload/Street-Tree-Information1.pdf,ginkgo_biloba,species,core_ten_inventory_or_candidate
StLouis,41180,,Celtis occidentalis,Hackberry,,unverified; no combined street+yard denominator,City Forestry common planted street palette; metro yards unknown,2016,City Forestry common planted street palette; metro yards unknown,candidate_common_planting_list,Ten selected documented common planted taxa; source says not exhaustive. No frequency ranking.,https://www.stlouis-mo.gov/government/departments/parks/forestry/documents/upload/Street-Tree-Information1.pdf,celtis_occidentalis,species,core_ten_inventory_or_candidate
StLouis,41180,,Koelreuteria paniculata,Goldenraintree,,unverified; no combined street+yard denominator,City Forestry common planted street palette; metro yards unknown,2016,City Forestry common planted street palette; metro yards unknown,candidate_common_planting_list,Ten selected documented common planted taxa; source says not exhaustive. No frequency ranking.,https://www.stlouis-mo.gov/government/departments/parks/forestry/documents/upload/Street-Tree-Information1.pdf,koelreuteria_paniculata,species,core_ten_inventory_or_candidate
StLouis,41180,,Gymnocladus dioicus,Kentucky coffeetree,,unverified; no combined street+yard denominator,City Forestry common planted street palette; metro yards unknown,2016,City Forestry common planted street palette; metro yards unknown,candidate_common_planting_list,Ten selected documented common planted taxa; source says not exhaustive. No frequency ranking.,https://www.stlouis-mo.gov/government/departments/parks/forestry/documents/upload/Street-Tree-Information1.pdf,gymnocladus_dioicus,species,core_ten_inventory_or_candidate
StLouis,41180,,Tilia americana,American linden,,unverified; no combined street+yard denominator,City Forestry common planted street palette; metro yards unknown,2016,City Forestry common planted street palette; metro yards unknown,candidate_common_planting_list,Ten selected documented common planted taxa; source says not exhaustive. No frequency ranking.,https://www.stlouis-mo.gov/government/departments/parks/forestry/documents/upload/Street-Tree-Information1.pdf,tilia_americana,species,core_ten_inventory_or_candidate
StLouis,41180,,Tilia cordata,Littleleaf linden,,unverified; no combined street+yard denominator,City Forestry common planted street palette; metro yards unknown,2016,City Forestry common planted street palette; metro yards unknown,candidate_common_planting_list,Ten selected documented common planted taxa; source says not exhaustive. No frequency ranking.,https://www.stlouis-mo.gov/government/departments/parks/forestry/documents/upload/Street-Tree-Information1.pdf,tilia_cordata,species,core_ten_inventory_or_candidate
StLouis,41180,,Gleditsia triacanthos,Honeylocust,,unverified; no combined street+yard denominator,City Forestry common planted street palette; metro yards unknown,2016,City Forestry common planted street palette; metro yards unknown,candidate_common_planting_list,Ten selected documented common planted taxa; source says not exhaustive. No frequency ranking.,https://www.stlouis-mo.gov/government/departments/parks/forestry/documents/upload/Street-Tree-Information1.pdf,gleditsia_triacanthos,species,core_ten_inventory_or_candidate
StLouis,41180,,Platanus × acerifolia,London planetree,,unverified; no combined street+yard denominator,City Forestry common planted street palette; metro yards unknown,2016,City Forestry common planted street palette; metro yards unknown,candidate_common_planting_list,Ten selected documented common planted taxa; source says not exhaustive. No frequency ranking.,https://www.stlouis-mo.gov/government/departments/parks/forestry/documents/upload/Street-Tree-Information1.pdf,platanus_x_acerifolia,hybrid,core_ten_inventory_or_candidate
SanAntonio,41700,,Ulmus crassifolia,Cedar elm,,not measured,City tree guide; frequency unknown,,candidate street/yard palette; abundance unverified,candidate_local_guide_not_ranked,Candidate order is editorial; not abundance rank,https://www.sa.gov/Directory/Initiatives/Urban-Forestry/Discover-the-Trees,ulmus_crassifolia,species,core_ten_inventory_or_candidate
SanAntonio,41700,,Quercus macrocarpa,Bur oak,,not measured,City tree guide; frequency unknown,,candidate street/yard palette; abundance unverified,candidate_local_guide_not_ranked,Candidate order is editorial; not abundance rank,https://www.sa.gov/Directory/Initiatives/Urban-Forestry/Discover-the-Trees,quercus_macrocarpa,species,core_ten_inventory_or_candidate
SanAntonio,41700,,Quercus muehlenbergii,Chinkapin oak,,not measured,City tree guide; frequency unknown,,candidate street/yard palette; abundance unverified,candidate_local_guide_not_ranked,Candidate order is editorial; not abundance rank,https://www.sa.gov/Directory/Initiatives/Urban-Forestry/Discover-the-Trees,quercus_muehlenbergii,species,core_ten_inventory_or_candidate
SanAntonio,41700,,Chilopsis linearis,Desert willow,,not measured,City tree guide; frequency unknown,,candidate street/yard palette; abundance unverified,candidate_local_guide_not_ranked,Candidate order is editorial; not abundance rank,https://www.sa.gov/Directory/Initiatives/Urban-Forestry/Discover-the-Trees,chilopsis_linearis,species,core_ten_inventory_or_candidate
SanAntonio,41700,,Quercus laceyi,Lacey oak,,not measured,City tree guide; frequency unknown,,candidate street/yard palette; abundance unverified,candidate_local_guide_not_ranked,Candidate order is editorial; not abundance rank,https://www.sa.gov/Directory/Initiatives/Urban-Forestry/Discover-the-Trees,quercus_laceyi,species,core_ten_inventory_or_candidate
SanAntonio,41700,,Prunus mexicana,Mexican plum,,not measured,City tree guide; frequency unknown,,candidate street/yard palette; abundance unverified,candidate_local_guide_not_ranked,Candidate order is editorial; not abundance rank,https://www.sa.gov/Directory/Initiatives/Urban-Forestry/Discover-the-Trees,prunus_mexicana,species,core_ten_inventory_or_candidate
SanAntonio,41700,,Neltuma glandulosa,Honey mesquite,,not measured,City tree guide; frequency unknown,,candidate street/yard palette; abundance unverified,candidate_local_guide_not_ranked,Candidate order is editorial; not abundance rank,https://www.sa.gov/Directory/Initiatives/Urban-Forestry/Discover-the-Trees,neltuma_glandulosa,species,core_ten_inventory_or_candidate
SanAntonio,41700,,Lagerstroemia indica,Crape myrtle,,not measured,City tree guide; frequency unknown,,candidate street/yard palette; abundance unverified,candidate_local_guide_not_ranked,Candidate order is editorial; not abundance rank,https://www.sa.gov/Directory/Initiatives/Urban-Forestry/Discover-the-Trees,lagerstroemia_indica,species,core_ten_inventory_or_candidate
SanAntonio,41700,,Platanus occidentalis,American sycamore,,not measured,City tree guide; frequency unknown,,candidate street/yard palette; abundance unverified,candidate_local_guide_not_ranked,Candidate order is editorial; not abundance rank,https://www.sa.gov/Directory/Initiatives/Urban-Forestry/Discover-the-Trees,platanus_occidentalis,species,core_ten_inventory_or_candidate
SanAntonio,41700,,Carya illinoinensis,Pecan,,not measured,City tree guide; frequency unknown,,candidate street/yard palette; abundance unverified,candidate_local_guide_not_ranked,Candidate order is editorial; not abundance rank,https://www.sa.gov/Directory/Initiatives/Urban-Forestry/Discover-the-Trees,carya_illinoinensis,species,core_ten_inventory_or_candidate
Austin,12420,,Juniperus ashei,Ashe juniper,,not measured,City urban forest common species + city botanical list; not metro yard ranks,,candidate street/yard palette; abundance unverified,mixed_verified_common_and_candidates,Candidate order is editorial; not abundance rank; named among city report five most common; rank/share unverified,https://www.austintexas.gov/climate/programs/urban-forest-youth-education;https://www.austintexas.gov/sites/default/files/files/Development_Services/forestry/Tree_Species_Information_English.pdf,juniperus_ashei,species,core_ten_inventory_or_candidate
Austin,12420,,Ulmus crassifolia,Cedar elm,,not measured,City urban forest common species + city botanical list; not metro yard ranks,,candidate street/yard palette; abundance unverified,mixed_verified_common_and_candidates,Candidate order is editorial; not abundance rank; named among city report five most common; rank/share unverified,https://www.austintexas.gov/climate/programs/urban-forest-youth-education;https://www.austintexas.gov/sites/default/files/files/Development_Services/forestry/Tree_Species_Information_English.pdf,ulmus_crassifolia,species,core_ten_inventory_or_candidate
Austin,12420,,Quercus virginiana,Southern live oak,,not measured,City urban forest common species + city botanical list; not metro yard ranks,,candidate street/yard palette; abundance unverified,mixed_verified_common_and_candidates,Candidate order is editorial; not abundance rank; named among city report five most common; rank/share unverified,https://www.austintexas.gov/climate/programs/urban-forest-youth-education;https://www.austintexas.gov/sites/default/files/files/Development_Services/forestry/Tree_Species_Information_English.pdf,quercus_virginiana,species,core_ten_inventory_or_candidate
Austin,12420,,Celtis laevigata,Sugarberry,,not measured,City urban forest common species + city botanical list; not metro yard ranks,,candidate street/yard palette; abundance unverified,candidate_taxon_resolution_unverified,Candidate order is editorial; not abundance rank; city page says hackberry without botanical resolution; sugarberry candidate only,https://www.austintexas.gov/climate/programs/urban-forest-youth-education;https://www.austintexas.gov/sites/default/files/files/Development_Services/forestry/Tree_Species_Information_English.pdf,celtis_laevigata,species,core_ten_inventory_or_candidate
Austin,12420,,Diospyros texana,Texas persimmon,,not measured,City urban forest common species + city botanical list; not metro yard ranks,,candidate street/yard palette; abundance unverified,mixed_verified_common_and_candidates,Candidate order is editorial; not abundance rank; named among city report five most common; rank/share unverified,https://www.austintexas.gov/climate/programs/urban-forest-youth-education;https://www.austintexas.gov/sites/default/files/files/Development_Services/forestry/Tree_Species_Information_English.pdf,diospyros_texana,species,core_ten_inventory_or_candidate
Austin,12420,,Carya illinoinensis,Pecan,,not measured,City urban forest common species + city botanical list; not metro yard ranks,,candidate street/yard palette; abundance unverified,mixed_verified_common_and_candidates,Candidate order is editorial; not abundance rank,https://www.austintexas.gov/climate/programs/urban-forest-youth-education;https://www.austintexas.gov/sites/default/files/files/Development_Services/forestry/Tree_Species_Information_English.pdf,carya_illinoinensis,species,core_ten_inventory_or_candidate
Austin,12420,,Juniperus virginiana,Eastern redcedar,,not measured,City urban forest common species + city botanical list; not metro yard ranks,,candidate street/yard palette; abundance unverified,mixed_verified_common_and_candidates,Candidate order is editorial; not abundance rank,https://www.austintexas.gov/climate/programs/urban-forest-youth-education;https://www.austintexas.gov/sites/default/files/files/Development_Services/forestry/Tree_Species_Information_English.pdf,juniperus_virginiana,species,core_ten_inventory_or_candidate
Austin,12420,,Neltuma glandulosa,Honey mesquite,,not measured,City urban forest common species + city botanical list; not metro yard ranks,,candidate street/yard palette; abundance unverified,mixed_verified_common_and_candidates,Candidate order is editorial; not abundance rank,https://www.austintexas.gov/climate/programs/urban-forest-youth-education;https://www.austintexas.gov/sites/default/files/files/Development_Services/forestry/Tree_Species_Information_English.pdf,neltuma_glandulosa,species,core_ten_inventory_or_candidate
Austin,12420,,Prunus mexicana,Mexican plum,,not measured,City urban forest common species + city botanical list; not metro yard ranks,,candidate street/yard palette; abundance unverified,mixed_verified_common_and_candidates,Candidate order is editorial; not abundance rank,https://www.austintexas.gov/climate/programs/urban-forest-youth-education;https://www.austintexas.gov/sites/default/files/files/Development_Services/forestry/Tree_Species_Information_English.pdf,prunus_mexicana,species,core_ten_inventory_or_candidate
Austin,12420,,Quercus stellata,Post oak,,not measured,City urban forest common species + city botanical list; not metro yard ranks,,candidate street/yard palette; abundance unverified,mixed_verified_common_and_candidates,Candidate order is editorial; not abundance rank,https://www.austintexas.gov/climate/programs/urban-forest-youth-education;https://www.austintexas.gov/sites/default/files/files/Development_Services/forestry/Tree_Species_Information_English.pdf,quercus_stellata,species,core_ten_inventory_or_candidate
Las Vegas,29820,,Washingtonia robusta,Mexican fan palm,,unverified; no numeric abundance assigned,supplementary desert landscape palette; actual abundance ranking unknown,2010,street/yard candidate; not quantified,candidate; rank unknown,Supplementary; suitable-palm palette not abundance census,https://naes.agnt.unr.edu/PMS/Pubs/2010-3409.pdf,washingtonia_robusta,species,core_ten_inventory_or_candidate
Las Vegas,29820,,Washingtonia filifera,California fan palm,,unverified; no numeric abundance assigned,supplementary desert landscape palette; actual abundance ranking unknown,2010,street/yard candidate; not quantified,candidate; rank unknown,Supplementary; suitable-palm palette not abundance census,https://naes.agnt.unr.edu/PMS/Pubs/2010-3409.pdf,washingtonia_filifera,species,core_ten_inventory_or_candidate
Las Vegas,29820,,Phoenix dactylifera,Date palm,,unverified; no numeric abundance assigned,supplementary desert landscape palette; actual abundance ranking unknown,2010,street/yard candidate; not quantified,candidate; rank unknown,Supplementary; suitable-palm palette not abundance census,https://naes.agnt.unr.edu/PMS/Pubs/2010-3409.pdf,phoenix_dactylifera,species,core_ten_inventory_or_candidate
Las Vegas,29820,,Phoenix canariensis,Canary Island date palm,,unverified; no numeric abundance assigned,supplementary desert landscape palette; actual abundance ranking unknown,2010,street/yard candidate; not quantified,candidate; rank unknown,Supplementary; suitable-palm palette not abundance census,https://naes.agnt.unr.edu/PMS/Pubs/2010-3409.pdf,phoenix_canariensis,species,core_ten_inventory_or_candidate
Las Vegas,29820,,Trachycarpus fortunei,Windmill palm,,unverified; no numeric abundance assigned,supplementary desert landscape palette; actual abundance ranking unknown,2010,street/yard candidate; not quantified,candidate; rank unknown,Supplementary; suitable-palm palette not abundance census,https://naes.agnt.unr.edu/PMS/Pubs/2010-3409.pdf,trachycarpus_fortunei,species,core_ten_inventory_or_candidate
Las Vegas,29820,,Chamaerops humilis,Mediterranean fan palm,,unverified; no numeric abundance assigned,supplementary desert landscape palette; actual abundance ranking unknown,2010,street/yard candidate; not quantified,candidate; rank unknown,Supplementary; suitable-palm palette not abundance census,https://naes.agnt.unr.edu/PMS/Pubs/2010-3409.pdf,chamaerops_humilis,species,core_ten_inventory_or_candidate
Las Vegas,29820,,Brahea armata,Mexican blue palm,,unverified; no numeric abundance assigned,supplementary desert landscape palette; actual abundance ranking unknown,2010,street/yard candidate; not quantified,candidate; rank unknown,Supplementary; suitable-palm palette not abundance census,https://naes.agnt.unr.edu/PMS/Pubs/2010-3409.pdf,brahea_armata,species,core_ten_inventory_or_candidate
Las Vegas,29820,,Sabal minor,Dwarf palmetto,,unverified; no numeric abundance assigned,supplementary desert landscape palette; actual abundance ranking unknown,2010,street/yard candidate; not quantified,candidate; rank unknown,Supplementary; suitable-palm palette not abundance census,https://naes.agnt.unr.edu/PMS/Pubs/2010-3409.pdf,sabal_minor,species,core_ten_inventory_or_candidate
Las Vegas,29820,,Nannorrhops ritchiana,Mazari palm,,unverified; no numeric abundance assigned,supplementary desert landscape palette; actual abundance ranking unknown,2010,street/yard candidate; not quantified,candidate; rank unknown,Supplementary; suitable-palm palette not abundance census,https://naes.agnt.unr.edu/PMS/Pubs/2010-3409.pdf,nannorrhops_ritchiana,species,core_ten_inventory_or_candidate
Las Vegas,29820,,Parkinsonia florida,Blue palo verde,,unverified; no numeric abundance assigned,supplementary desert landscape palette; actual abundance ranking unknown,2010,street/yard candidate; not quantified,candidate; rank unknown,Supplementary; suitable-palm palette not abundance census,https://naes.agnt.unr.edu/PMS/Pubs/2010-3409.pdf,parkinsonia_florida,species,core_ten_inventory_or_candidate
Las Vegas,29820,,Agave americana,Century plant,,No share verified,Southern Nevada Water Authority landscape guide,undated; accessed2026-10-07,yard suitability; not prevalence,verified local guide; share unverified,"Supplemental succulent, not abundance rank. Long flowering interval, not annually blooming tree.",https://www.snwa.com/landscapes/plants/?id=14665,agave_americana,species,supplemental_desert_plant
