frame_ms,gpu_ms
4.300,
133.426,
50.090,
18.200,
15.153,
19.330,
15.464,
16.715,
16.718,
17.320,
16.209,
16.718,1.575
16.466,1.806
16.685,1.674
17.252,1.802
16.138,1.751
16.690,1.693
17.240,1.709
16.093,1.788
16.801,1.769
16.758,1.750
16.431,1.728
17.207,1.607
16.118,1.619
17.158,1.669
20.359,1.683
29.234,1.689
17.228,1.769
20.281,1.678
29.253,1.729
24.188,2.331
40.958,1.755
18.444,1.788
33.200,1.725
48.440,1.913
26.779,2.303
39.934,2.468
50.037,1.888
22.540,1.712
44.202,1.784
22.560,1.725
29.223,1.674
29.104,1.799
35.876,2.131
18.467,1.634
20.743,1.718
29.203,1.798
20.778,1.609
29.256,1.694
17.145,1.567
20.406,1.706
29.115,1.814
17.270,1.549
20.416,1.612
29.036,1.702
16.768,1.639
16.618,1.645
20.819,1.617
29.354,1.682
17.234,1.769
16.079,1.620
20.823,1.650
29.267,1.614
16.528,1.718
16.749,1.614
20.768,1.583
29.249,1.679
16.647,1.670
16.723,1.611
18.900,1.602
18.332,1.653
29.501,1.568
16.553,1.695
16.855,1.623
20.733,1.621
29.188,1.699
16.673,1.724
16.740,1.591
16.952,1.651
20.515,1.644
29.200,1.543
16.647,1.696
16.770,1.628
20.783,1.650
29.219,1.687
16.708,1.677
16.721,1.600
20.771,1.656
29.172,1.612
16.710,1.669
16.690,1.666
20.770,1.600
29.246,1.664
17.339,1.669
15.908,1.624
20.918,1.641
29.433,1.742
17.148,1.568
16.643,1.608
20.160,1.712
29.274,1.718
17.203,1.549
20.424,1.683
29.029,1.703
17.375,1.637
20.285,1.558
29.262,1.687
17.137,1.669
16.816,1.648
28.374,1.721
20.931,1.687
16.533,1.583
20.840,1.717
29.322,1.676
17.201,1.511
20.357,1.670
29.133,1.656
19.262,1.565
18.466,1.619
28.979,1.625
17.498,1.543
20.220,1.637
29.241,1.702
17.111,1.562
20.362,1.636
28.991,1.612
17.380,1.539
16.524,1.597
28.614,1.689
20.960,1.648
16.670,1.650
20.732,1.727
29.315,1.667
17.177,1.616
20.306,1.639
29.252,1.633
17.215,1.518
20.377,1.574
29.073,1.674
17.374,1.543
16.562,1.595
28.606,1.706
21.455,1.647
16.219,1.605
20.649,1.598
29.188,1.665
17.296,1.536
16.622,1.591
28.627,1.729
35.893,1.632
16.728,1.632
18.896,1.616
20.440,1.681
28.996,1.660
16.742,1.581
16.742,1.612
20.684,1.594
29.316,1.765
17.258,1.600
16.601,1.595
20.176,1.668
29.359,1.681
17.198,1.506
22.456,1.624
26.948,1.783
16.808,1.731
16.695,1.609
20.789,1.610
29.229,1.692
17.260,1.681
16.291,1.595
20.572,1.685
29.251,1.715
17.237,1.532
20.353,1.662
29.080,1.709
16.739,1.637
16.709,1.617
20.721,1.738
29.279,1.705
17.260,1.502
20.398,1.545
29.021,1.634
17.360,1.710
16.620,1.590
20.146,1.651
29.289,1.735
17.261,1.541
20.442,1.608
29.074,1.723
16.733,1.655
16.563,1.630
20.789,1.722
29.284,1.722
17.183,1.585
20.459,1.602
29.015,1.783
17.332,1.505
20.471,1.608
29.088,1.704
17.171,1.635
16.595,1.616
28.624,1.736
35.832,1.601
16.710,1.601
18.943,1.549
20.211,1.612
29.261,1.687
17.270,1.553
17.681,1.615
19.118,1.741
29.339,1.654
17.277,1.534
20.395,1.697
29.069,1.685
16.680,1.710
17.408,1.594
20.004,1.669
29.303,1.652
17.286,1.549
16.051,1.596
20.742,1.687
29.341,1.616
17.252,1.505
16.537,1.626
28.708,1.712
35.813,1.593
16.726,1.593
18.864,1.557
20.328,1.605
29.196,1.706
16.694,1.711
16.711,1.577
20.772,1.550
29.298,1.650
17.204,1.691
16.010,1.586
20.940,1.566
29.182,1.678
16.630,1.770
16.780,1.543
20.768,1.564
29.213,1.786
17.192,1.655
16.287,1.617
20.764,1.639
29.233,1.672
17.268,1.658
16.032,1.625
20.733,1.704
29.472,1.621
17.111,1.542
20.380,1.540
28.988,1.644
16.811,1.648
16.662,1.596
22.483,1.696
27.515,1.663
17.224,1.561
20.445,1.560
29.038,1.659
17.439,1.516
20.198,1.607
29.047,1.678
17.497,1.554
16.449,1.540
28.576,1.690
20.942,1.590
16.662,1.630
20.718,1.605
29.373,1.718
17.121,1.607
20.343,1.588
29.248,1.730
17.212,1.595
20.384,1.554
29.067,1.671
17.404,1.540
20.263,1.584
29.208,1.688
16.540,1.637
16.732,1.580
20.685,1.622
29.348,1.702
17.110,1.606
20.419,1.610
29.276,1.739
16.502,1.556
16.606,1.579
29.303,1.706
20.914,1.607
16.667,1.638
20.714,1.707
29.296,1.690
17.204,1.507
20.464,1.603
28.979,1.631
16.755,1.586
17.284,1.599
20.095,1.623
29.268,1.693
17.230,1.546
22.415,1.525
27.077,1.676
16.762,1.629
17.389,1.579
19.940,1.727
29.301,1.644
17.215,1.554
20.478,1.572
29.035,1.698
16.741,1.640
17.275,1.548
20.167,1.704
29.223,1.624
17.225,1.590
20.437,1.641
29.075,1.623
17.395,1.590
20.248,1.625
29.044,1.628
16.645,1.663
17.172,1.544
20.300,1.626
29.344,1.653
17.179,1.520
20.446,1.588
29.147,1.690
17.328,1.568
20.306,1.572
29.035,1.672
16.626,1.528
21.009,1.602
28.958,1.578
17.357,1.594
20.472,1.593
29.143,1.739
17.398,1.551
16.435,1.635
28.606,1.671
20.704,1.691
48.466,1.716
16.702,1.716
50.101,1.692
16.614,1.692
35.067,1.683
18.706,1.683
31.293,1.532
16.600,1.532
48.432,1.502
16.693,1.502
35.124,1.520
16.545,1.520
33.427,1.483
16.567,1.483
33.452,1.494
16.643,1.494
33.411,1.491
16.617,1.491
33.431,1.487
16.587,1.487
16.808,1.572
16.599,1.510
17.270,1.513
16.591,1.504
16.669,1.541
16.025,1.561
16.604,1.568
21.082,1.489
29.247,1.546
16.734,1.664
16.628,1.515
17.091,1.547
20.396,1.503
29.076,1.587
16.823,1.654
16.637,1.585
17.024,1.520
20.548,1.548
29.406,1.622
16.554,1.735
16.610,1.574
20.728,1.602
29.231,1.640
16.648,1.690
16.698,1.626
20.826,1.790
29.432,1.682
16.446,1.550
20.917,1.663
29.176,1.709
16.463,1.545
29.510,1.727
35.726,1.673
16.769,1.641
34.892,1.610
16.735,1.703
21.013,1.606
29.015,1.685
17.239,1.520
28.703,1.734
35.784,1.543
16.706,1.543
22.515,1.612
29.169,1.709
17.266,1.550
20.421,1.586
29.033,1.617
17.251,1.549
20.334,1.645
29.133,1.718
17.285,1.522
20.420,1.547
28.890,1.775
17.377,1.616
20.315,1.672
29.211,1.651
17.189,1.582
20.328,1.685
29.381,1.662
17.088,1.629
20.206,1.611
29.389,1.662
17.088,1.621
28.586,1.752
35.823,1.595
16.723,1.595
18.701,1.695
24.746,1.739
24.967,1.541
17.093,1.595
20.434,1.710
29.131,1.584
17.256,1.597
20.377,1.681
29.181,1.624
19.967,1.657
17.593,1.719
29.078,1.638
17.292,1.617
20.128,1.692
29.368,1.592
17.225,1.571
20.207,1.703
29.291,1.626
17.148,1.605
28.731,1.776
35.748,1.582
16.692,1.582
18.976,1.525
20.187,1.701
29.332,1.589
17.138,1.597
20.419,1.649
29.126,1.605
17.206,1.609
20.437,1.586
29.044,1.610
17.314,1.549
20.312,1.580
29.163,1.583
16.652,1.573
20.995,1.581
29.015,1.691
16.652,1.613
16.645,1.616
29.269,1.621
35.775,1.655
16.823,1.655
22.354,1.653
29.276,1.664
16.715,1.755
20.974,1.607
29.052,1.695
16.720,1.572
17.266,1.618
28.528,1.601
35.814,1.577
16.725,1.577
18.910,1.505
21.721,1.807
27.992,1.578
17.049,1.553
20.398,1.647
29.148,1.622
17.519,1.599
19.909,1.598
29.196,1.530
16.651,1.629
17.203,1.525
28.689,1.611
35.828,1.575
16.762,1.575
22.391,1.651
29.366,1.582
17.138,1.736
20.422,1.597
29.135,1.797
17.575,1.543
19.771,1.637
29.325,1.786
16.632,1.604
29.189,1.722
35.838,1.513
16.677,1.513
22.491,1.686
29.230,1.701
17.165,1.535
20.617,1.576
29.107,1.739
16.998,1.619
28.850,1.641
35.696,1.525
16.708,1.638
22.499,1.685
29.210,1.777
17.278,1.528
20.386,1.635
29.077,1.678
17.061,1.607
28.868,1.639
35.754,1.590
16.703,1.590
24.385,1.648
27.310,1.653
17.348,1.579
20.349,1.616
29.062,1.702
17.408,1.621
20.280,1.516
29.066,1.664
16.672,1.572
17.126,1.611
28.810,1.712
20.752,1.594
17.507,1.612
28.300,1.728
20.998,1.598
17.172,1.522
28.548,1.710
20.845,1.504
17.401,1.610
28.462,1.740
35.948,1.608
16.637,1.608
18.776,1.551
24.797,1.751
24.943,1.597
16.496,1.606
20.961,1.691
29.134,1.532
17.146,1.540
20.572,1.687
29.060,1.628
17.347,1.631
20.295,1.688
29.009,1.641
17.254,1.551
20.295,1.670
29.220,1.670
17.202,1.564
20.297,1.796
29.239,1.657
16.936,1.607
29.009,1.665
35.689,1.672
16.718,1.672
24.661,1.702
27.076,1.634
16.729,1.639
17.225,1.600
28.666,1.625
20.743,1.635
20.984,1.610
29.157,1.774
17.183,1.522
20.327,1.647
29.117,1.622
17.165,1.616
28.693,1.797
35.836,1.623
16.791,1.623
22.499,1.676
29.192,1.719
16.579,1.713
16.812,1.570
29.089,1.697
20.792,1.613
17.276,1.607
28.598,1.729
35.894,1.604
16.712,1.604
18.769,1.526
24.687,1.729
24.935,1.591
17.585,1.583
20.076,1.701
29.303,1.648
17.124,1.574
20.327,1.634
28.999,1.535
17.389,1.561
20.308,1.585
29.241,1.715
17.085,1.551
20.385,1.592
29.062,1.616
17.441,1.530
20.236,1.609
29.025,1.687
17.264,1.574
22.215,1.640
27.265,1.619
17.178,1.617
28.731,1.723
35.774,1.612
16.763,1.612
18.684,1.567
24.721,1.700
24.974,1.574
16.418,1.585
29.467,1.608
35.767,1.661
16.696,1.661
18.707,1.664
24.788,1.606
39.885,1.667
16.746,1.667
18.900,1.607
24.511,1.750
25.008,1.534
17.256,1.566
20.337,1.591
29.047,1.621
17.520,1.529
20.217,1.580
29.027,1.562
16.682,1.627
17.348,1.577
28.469,1.715
20.908,1.598
16.695,1.567
29.120,1.732
35.836,1.588
16.714,1.588
18.875,1.530
20.217,1.660
29.355,1.648
17.195,1.591
20.248,1.647
29.288,1.575
17.271,1.632
20.306,1.699
29.082,1.584
18.969,1.581
18.518,1.789
29.251,1.520
17.265,1.523
28.708,1.703
35.707,1.611
16.694,1.611
18.740,1.581
24.800,1.709
25.045,1.637
16.466,1.557
29.198,1.695
35.853,1.548
16.697,1.548
18.710,1.573
24.687,1.651
25.046,1.588
17.148,1.615
20.315,1.709
29.223,1.617
17.294,1.549
20.287,1.603
29.138,1.602
17.260,1.538
20.462,1.658
29.008,1.585
17.289,1.511
20.418,1.580
29.125,1.617
17.184,1.646
20.351,1.622
29.054,1.660
17.244,1.596
20.224,1.650
29.340,1.631
17.148,1.595
20.335,1.800
29.141,1.587
17.247,1.623
20.261,1.755
29.283,1.607
17.042,1.570
28.779,1.603
35.819,1.634
16.678,1.634
22.538,1.678
29.231,1.664
17.411,1.617
15.973,1.590
29.208,1.586
20.768,1.558
17.271,1.629
28.621,1.676
20.803,1.570
16.634,1.588
29.253,1.658
20.838,1.579
17.173,1.561
28.683,1.577
35.846,1.694
16.708,1.694
22.537,1.680
29.242,1.680
16.754,1.784
20.873,1.624
29.015,1.653
16.785,1.599
16.625,1.597
29.167,1.700
20.839,1.618
17.190,1.593
20.279,1.724
29.329,1.631
17.186,1.600
20.221,1.671
29.247,1.600
17.318,1.571
20.278,1.671
29.140,1.522
17.197,1.590
20.100,1.651
29.393,1.599
17.066,1.535
28.777,1.706
35.854,1.580
16.723,1.580
22.492,1.676
29.225,1.637
19.386,1.628
18.247,1.611
29.301,1.699
17.097,1.546
20.335,1.618
29.214,1.670
17.210,1.532
20.318,1.591
29.049,1.628
17.523,1.535
20.138,1.607
29.149,1.627
17.148,1.530
20.452,1.649
29.053,1.555
17.357,1.501
20.212,1.650
29.202,1.585
17.184,1.604
20.279,1.720
29.129,1.687
16.581,1.607
29.305,1.588
21.450,1.601
20.315,1.547
29.165,1.666
16.713,1.517
20.979,1.585
29.107,1.671
17.159,1.634
20.162,1.716
29.506,1.595
16.860,1.593
28.936,1.597
35.677,1.575
16.799,1.575
22.392,1.706
29.209,1.731
16.663,1.655
17.270,1.586
28.612,1.679
35.857,1.611
16.727,1.611
18.879,1.556
21.403,1.689
28.246,1.603
17.182,1.570
20.360,1.623
29.045,1.622
16.640,1.581
21.072,1.580
29.181,1.596
17.133,1.535
20.336,1.556
29.072,1.616
16.732,1.603
20.867,1.617
29.149,1.638
17.217,1.619
20.435,1.566
29.006,1.690
17.298,1.538
20.393,1.569
29.046,1.705
17.254,1.586
20.320,1.683
29.348,1.654
16.904,1.565
28.906,1.611
21.300,1.636
20.429,1.584
29.324,1.655
17.119,1.579
20.085,1.687
29.175,1.720
16.709,1.614
21.016,1.596
29.022,1.640
16.658,1.657
16.633,1.561
29.205,1.721
20.945,1.658
16.701,1.605
20.784,1.702
29.490,1.730
16.795,1.500
20.559,1.757
29.064,1.697
17.220,1.592
22.464,1.691
27.048,1.705
17.195,1.617
28.642,1.759
35.838,1.658
16.797,1.658
18.857,1.498
24.632,1.693
24.903,1.664
16.621,1.601
20.736,1.741
44.316,1.610
16.706,1.610
35.004,1.528
16.700,1.732
48.356,1.726
16.733,1.726
34.809,1.637
16.823,1.637
16.743,1.618
20.772,1.582
30.430,1.665
17.047,1.658
33.578,1.607
16.630,1.607
46.649,1.583
16.676,1.583
35.107,1.541
16.565,1.541
33.319,1.506
16.676,1.506
33.469,1.562
16.527,1.562
16.865,1.544
16.607,1.591
17.221,1.590
16.411,1.588
20.500,1.592
29.161,1.657
16.796,1.657
16.704,1.577
17.302,1.592
18.594,1.569
18.212,1.580
29.115,1.601
16.850,1.762
16.702,1.613
17.044,1.572
20.410,1.604
29.250,1.555
16.623,1.636
16.746,1.593
20.794,1.599
29.218,1.731
16.667,1.649
16.624,1.639
20.756,1.704
29.388,1.634
17.177,1.518
20.400,1.636
29.095,1.659
17.312,1.542
20.326,1.718
29.118,1.726
17.327,1.545
20.199,1.583
29.169,1.688
17.142,1.588
28.748,1.639
35.743,1.649
16.792,1.687
22.521,1.752
29.134,1.686
17.247,1.562
20.460,1.602
29.083,1.668
17.337,1.609
20.075,1.686
29.210,1.776
17.039,1.602
28.861,1.647
35.795,1.616
16.730,1.616
22.491,1.704
29.196,1.708
17.487,1.665
16.417,1.615
31.133,1.740
19.741,1.591
31.955,1.745
16.688,1.745
16.625,1.647
20.863,1.733
29.338,1.592
17.194,1.517
16.182,1.630
29.084,1.752
20.792,1.665
16.993,1.580
20.554,1.663
29.345,1.692
17.198,1.676
15.955,1.649
20.853,1.714
29.529,1.648
17.072,1.571
20.430,1.587
28.965,1.613
16.721,1.681
17.254,1.616
20.045,1.717
29.431,1.669
17.225,1.513
20.419,1.685
29.289,1.668
17.144,1.633
15.994,1.660
20.803,1.727
29.257,1.690
17.199,1.536
20.444,1.659
28.997,1.672
17.469,1.560
20.022,1.634
29.268,1.776
17.222,1.565
20.451,1.655
29.250,1.697
17.048,1.509
20.344,1.637
29.134,1.696
17.223,1.586
20.393,1.649
44.074,1.601
16.730,1.601
18.809,1.644
28.638,1.725
20.838,1.579
17.474,1.595
28.430,1.742
20.832,1.674
16.791,1.648
20.731,1.730
29.316,1.619
16.656,1.666
20.801,1.645
29.289,1.646
17.191,1.539
20.371,1.612
29.069,1.658
17.258,1.524
20.438,1.590
29.078,1.694
17.202,1.524
20.430,1.635
29.181,1.681
16.545,1.583
17.317,1.638
28.699,1.679
20.719,1.664
16.475,1.686
29.355,1.724
20.824,1.651
16.692,1.590
29.131,1.698
35.910,1.590
16.714,1.590
18.873,1.543
20.212,1.713
29.336,1.627
17.212,1.659
20.465,1.577
29.014,1.642
17.361,1.636
15.852,1.579
20.874,1.705
29.294,1.642
17.212,1.663
22.208,1.678
27.337,1.655
17.439,1.628
20.224,1.615
29.048,1.659
16.686,1.573
16.614,1.622
29.171,1.715
20.903,1.603
16.749,1.647
20.725,1.669
29.293,1.727
17.158,1.634
20.554,1.645
28.954,1.667
17.512,1.515
20.198,1.669
29.202,1.691
17.036,1.576
20.397,1.652
29.133,1.648
17.225,1.572
20.437,1.612
28.979,1.717
17.245,1.619
16.689,1.632
28.765,1.697
20.736,1.599
17.254,1.647
28.626,1.710
35.813,1.593
16.766,1.593
18.869,1.539
20.204,1.662
29.257,1.627
17.301,1.547
20.388,1.657
29.212,1.699
16.607,1.687
16.591,1.636
20.772,1.705
29.399,1.629
17.097,1.636
20.468,1.586
29.042,1.707
18.481,1.569
14.743,1.656
29.319,1.676
20.858,1.606
16.573,1.541
20.848,1.695
29.366,1.617
17.113,1.649
20.394,1.648
29.112,1.643
17.405,1.536
20.289,1.588
29.066,1.743
16.720,1.558
17.226,1.638
28.532,1.749
20.882,1.590
16.751,1.603
20.660,1.688
29.356,1.656
17.160,1.593
20.346,1.679
29.168,1.672
17.270,1.678
20.171,1.698
29.324,1.694
17.323,1.633
20.274,1.692
29.106,1.718
17.182,1.649
20.411,1.703
29.119,1.665
17.272,1.611
20.250,1.683
29.404,1.654
16.931,1.625
20.372,1.778
29.199,1.600
17.205,1.599
28.733,1.715
35.734,1.633
16.702,1.633
18.870,1.506
20.238,1.714
29.358,1.624
18.750,1.569
18.754,1.675
29.178,1.626
17.292,1.509
20.397,1.628
29.016,1.679
16.724,1.648
16.668,1.616
20.713,1.676
29.374,1.604
17.162,1.503
20.426,1.579
29.039,1.714
17.381,1.657
16.740,1.651
19.954,1.680
29.343,1.631
17.180,1.596
20.497,1.636
29.037,1.698
16.728,1.525
20.930,1.662
29.080,1.751
17.451,1.610
16.583,1.607
28.518,1.775
20.926,1.690
17.429,1.596
19.876,1.737
29.454,1.667
17.084,1.509
20.489,1.646
29.053,1.724
17.326,1.599
16.497,1.632
28.696,1.713
20.799,1.617
18.279,1.646
27.535,1.714
20.921,1.602
16.726,1.620
29.147,1.738
20.773,1.707
16.826,1.610
20.780,1.753
29.232,1.632
18.404,1.565
19.019,1.714
29.264,1.649
17.305,1.587
20.251,1.654
29.198,1.692
17.428,1.537
20.240,1.610
29.171,1.702
17.336,1.544
20.157,1.637
29.080,1.682
17.238,1.613
15.979,1.641
29.299,1.708
20.806,1.587
16.805,1.597
20.679,1.647
29.331,1.703
17.164,1.622
20.466,1.639
29.052,1.644
16.735,1.511
17.246,1.590
28.576,1.640
21.662,1.593
16.714,1.655
19.970,1.710
29.201,1.705
17.203,1.579
20.471,1.510
29.076,1.639
17.548,1.547
20.093,1.642
29.104,1.683
16.655,1.582
16.785,1.641
29.033,1.684
35.853,1.608
16.794,1.608
18.960,1.579
20.190,1.585
29.308,1.659
17.296,1.617
16.464,1.635
20.220,1.703
44.252,1.611
16.757,1.611
18.900,1.639
20.255,1.691
29.206,1.612
17.236,1.656
16.169,1.623
20.813,1.660
29.206,1.624
17.274,1.625
16.113,1.583
20.753,1.692
29.218,1.628
16.712,1.688
16.727,1.657
20.719,1.703
29.295,1.744
17.183,1.576
16.681,1.629
20.183,1.680
29.294,1.609
17.275,1.525
20.449,1.644
29.002,1.696
16.703,1.615
17.378,1.582
20.117,1.720
29.357,1.701
17.047,1.650
20.507,1.603
29.034,1.780
16.669,1.520
20.949,1.588
29.088,1.745
17.365,1.579
16.564,1.650
28.564,1.747
35.850,1.648
16.735,1.648
22.304,1.707
29.471,1.626
16.688,1.607
16.684,1.605
20.742,1.659
29.246,1.659
17.233,1.677
18.366,1.615
18.584,1.586
29.253,1.711
16.615,1.682
16.778,1.632
20.746,1.620
29.283,1.782
16.604,1.695
16.585,1.630
20.838,1.692
29.342,1.691
17.205,1.526
16.617,1.604
20.277,1.753
29.270,1.678
17.285,1.527
20.336,1.633
29.134,1.701
16.653,1.731
17.360,1.641
20.067,1.654
29.323,1.774
17.187,1.540
16.585,1.654
20.244,1.698
29.487,1.689
17.157,1.577
20.443,1.670
28.948,1.647
17.479,1.582
15.843,1.643
20.834,1.718
29.213,1.703
17.304,1.522
20.476,1.669
28.959,1.699
16.811,1.598
16.528,1.596
20.771,1.729
29.287,1.701
17.274,1.626
20.404,1.667
29.051,1.656
17.363,1.566
15.960,1.665
20.817,1.733
29.302,1.642
19.817,1.499
17.649,1.639
29.216,1.703
16.711,1.629
16.684,1.650
20.724,1.770
29.285,1.702
17.293,1.526
16.156,1.625
29.054,1.738
20.789,1.555
17.475,1.640
20.113,1.646
29.274,1.610
16.695,1.599
16.629,1.629
20.733,1.680
29.274,1.655
17.480,1.532
15.861,1.598
20.762,1.734
29.354,1.760
17.278,1.506
16.533,1.629
28.716,1.776
20.915,1.654
16.702,1.683
20.799,1.613
29.137,1.706
17.362,1.601
16.024,1.625
20.725,1.663
29.357,1.711
17.201,1.568
16.615,1.641
20.233,1.686
29.289,1.714
17.227,1.500
20.347,1.616
29.101,1.661
16.771,1.681
16.688,1.613
20.681,1.696
29.443,1.724
17.142,1.555
16.077,1.614
20.702,1.680
29.281,1.665
19.039,1.544
18.646,1.635
29.160,1.654
17.362,1.682
16.437,1.602
20.266,1.752
29.316,1.674
17.218,1.503
16.621,1.648
28.630,1.684
35.835,1.574
16.709,1.574
18.956,1.589
20.262,1.612
29.164,1.745
17.299,1.658
16.142,1.707
20.798,1.684
29.237,1.716
16.663,1.663
16.694,1.623
20.782,1.658
29.192,1.600
16.748,1.774
16.720,1.666
20.844,1.691
29.203,1.726
17.262,1.694
16.060,1.631
20.764,1.646
29.253,1.686
16.625,1.673
16.735,1.670
20.857,1.597
29.141,1.743
17.191,1.620
16.363,1.591
20.641,1.683
29.196,1.688
17.357,1.683
16.029,1.630
20.812,1.661
29.390,1.718
17.268,1.632
15.976,1.625
20.672,1.754
29.314,1.767
19.121,1.540
14.744,1.612
20.227,1.655
29.467,1.657
17.059,1.522
20.431,1.605
29.046,1.681
16.746,1.603
16.669,1.627
20.653,1.686
29.345,1.720
17.286,1.518
20.371,1.629
29.257,1.709
16.532,1.657
17.239,1.623
20.055,1.704
29.372,1.729
17.230,1.513
20.461,1.622
28.998,1.740
16.628,1.665
17.366,1.603
20.222,1.702
29.439,1.757
17.079,1.611
16.633,1.649
20.232,1.734
29.177,1.704
17.352,1.499
20.367,1.623
29.216,1.686
16.538,1.642
17.385,1.627
20.064,1.680
29.281,1.638
17.342,1.532
16.035,1.619
20.742,1.656
29.270,1.693
17.215,1.578
16.251,1.692
20.616,1.659
29.278,1.697
17.290,1.551
16.018,1.616
20.811,1.744
29.321,1.708
18.949,1.521
14.335,1.667
20.806,1.746
29.307,1.693
17.212,1.500
20.421,1.629
29.043,1.643
16.665,1.632
16.674,1.691
20.860,1.719
29.304,1.675
17.159,1.552
16.139,1.653
20.738,1.622
29.227,1.717
17.514,1.645
15.862,1.582
20.778,1.734
29.356,1.659
17.340,1.577
20.133,1.611
29.140,1.713
17.199,1.740
16.957,1.652
19.993,1.738
29.415,1.760
17.144,1.541
20.428,1.628
29.037,1.765
17.390,1.580
15.864,1.669
29.190,1.704
20.997,1.737
16.672,1.677
20.725,1.648
29.288,1.761
17.225,1.546
20.386,1.578
29.072,1.680
17.373,1.561
15.933,1.652
29.245,1.720
35.824,1.610
16.701,1.610
19.112,1.551
20.058,1.643
29.271,1.643
19.015,1.542
14.337,1.662
20.726,1.708
29.307,1.644
17.246,1.536
16.611,1.624
20.205,1.672
29.376,1.627
17.177,1.535
16.683,1.630
20.146,1.699
29.304,1.656
17.319,1.509
16.406,1.628
20.388,1.716
29.355,1.639
17.214,1.573
16.574,1.683
20.308,1.747
29.417,1.651
17.190,1.508
20.281,1.613
29.238,1.660
16.684,1.788
17.174,1.744
20.115,1.764
29.299,1.751
17.312,1.548
16.587,1.615
20.181,1.742
29.311,1.651
17.220,1.556
16.743,1.610
20.142,1.732
29.307,1.656
17.233,1.513
16.665,1.613
28.564,1.754
20.867,1.578
16.809,1.636
20.727,1.645
29.252,1.674
17.466,1.569
16.424,1.583
20.166,1.716
29.356,1.696
17.235,1.509
20.447,1.619
43.964,1.597
16.820,1.597
18.841,1.638
20.273,1.643
29.260,1.698
16.669,1.731
16.618,1.621
20.826,1.684
29.221,1.654
17.231,1.732
16.290,1.585
20.669,1.660
29.236,1.658
17.281,1.699
16.110,1.626
20.763,1.630
29.272,1.631
17.329,1.697
16.077,1.686
20.633,1.651
29.425,1.685
17.243,1.706
16.828,1.599
20.049,1.637
29.244,1.726
17.322,1.672
16.056,1.655
20.693,1.645
29.300,1.698
17.287,1.515
20.100,1.654
29.344,1.698
16.549,1.594
17.093,1.655
28.781,1.748
20.865,1.679
16.582,1.642
29.392,1.687
20.733,1.665
21.013,1.659
29.050,1.688
17.262,1.555
20.424,1.646
29.080,1.669
17.324,1.610
20.309,1.621
44.026,1.584
16.813,1.584
18.739,1.603
28.689,1.767
20.886,1.616
17.249,1.681
20.252,1.641
29.229,1.678
17.232,1.550
16.544,1.674
28.701,1.786
20.868,1.652
16.756,1.600
20.766,1.607
29.469,1.723
17.170,1.668
16.015,1.646
20.772,1.610
29.244,1.633
17.134,1.600
16.857,1.583
20.233,1.637
29.231,1.653
17.263,1.611
16.045,1.654
20.741,1.739
29.364,1.707
17.184,1.588
16.758,1.656
20.219,1.755
29.244,1.599
17.116,1.690
20.441,1.623
29.034,1.681
16.738,1.627
16.641,1.579
20.753,1.706
29.228,1.761
17.319,1.511
16.521,1.609
28.678,1.726
35.886,1.583
16.728,1.583
18.931,1.565
20.256,1.572
29.256,1.684
19.267,1.679
13.977,1.562
20.827,1.658
29.335,1.589
17.312,1.602
16.656,1.570
20.135,1.652
29.214,1.595
16.744,1.526
16.721,1.693
20.661,1.742
29.269,1.561
17.256,1.579
20.413,1.549
29.109,1.682
16.713,1.657
16.771,1.575
29.019,1.741
35.844,1.615
16.703,1.615
19.047,1.620
20.216,1.676
29.325,1.683
16.528,1.614
17.280,1.563
20.114,1.810
29.509,1.588
17.104,1.511
20.313,1.571
29.097,1.709
16.740,1.620
17.241,1.645
20.081,1.673
29.314,1.637
17.192,1.549
20.428,1.600
29.084,1.746
17.277,1.615
20.406,1.703
29.040,1.710
17.434,1.528
20.198,1.649
29.040,1.583
17.284,1.577
20.179,1.713
29.207,1.602
20.935,1.620
44.206,1.605
16.730,1.605
18.682,1.662
28.840,1.611
20.838,1.575
20.898,1.813
29.171,1.673
16.896,1.597
29.036,1.624
35.708,1.575
16.736,1.675
22.530,1.597
29.144,1.596
20.930,1.602
29.177,1.572
20.715,1.579
44.340,1.580
16.634,1.717
26.812,1.644
39.899,1.585
18.460,1.650
16.743,1.581
20.691,1.488
29.187,1.534
16.697,1.637
16.714,1.640
16.945,1.640
20.479,1.622
29.251,1.521
16.663,1.657
16.721,1.647
17.051,1.605
20.416,1.649
29.225,1.609
16.711,1.660
16.675,1.600
20.840,1.573
29.119,1.686
17.364,1.687
16.048,1.626
20.828,1.605
29.191,1.635
17.386,1.640
16.035,1.647
23.142,1.706
26.810,1.568
17.402,1.521
16.442,1.667
28.691,1.755
35.865,1.630
16.718,1.630
18.746,1.594
24.686,1.706
24.991,1.639
17.171,1.629
20.309,1.704
29.184,1.663
17.312,1.537
20.265,1.704
29.427,1.645
16.888,1.566
20.556,1.597
29.101,1.663
17.272,1.677
15.824,1.699
29.300,1.705
20.994,1.691
17.167,1.627
28.590,1.760
21.379,1.669
16.252,1.595
29.113,1.779
35.842,1.615
16.774,1.615
18.883,1.570
20.142,1.651
29.406,1.659
17.093,1.511
20.510,1.634
29.058,1.692
17.406,1.641
16.570,1.666
20.111,1.717
29.213,1.682
17.269,1.553
20.461,1.589
29.097,1.725
17.246,1.609
15.993,1.636
22.268,1.766
27.834,1.698
17.217,1.655
20.445,1.691
29.014,1.727
17.432,1.535
16.041,1.593
29.077,1.733
20.806,1.509
16.780,1.606
20.739,1.696
29.355,1.593
17.136,1.526
20.462,1.644
29.048,1.744
17.371,1.556
16.213,1.595
28.936,1.722
20.855,1.712
16.644,1.677
29.160,1.794
35.920,1.590
16.706,1.590
18.859,1.516
20.241,1.719
29.376,1.637
17.190,1.529
20.414,1.619
29.035,1.739
16.738,1.614
16.569,1.763
20.830,1.690
29.391,1.661
17.108,1.520
20.451,1.619
29.054,1.675
16.715,1.646
17.396,1.634
19.994,1.679
29.339,1.666
17.180,1.645
20.389,1.667
29.100,1.775
17.278,1.519
20.366,1.608
29.052,1.785
18.559,1.644
14.763,1.577
29.171,1.738
20.843,1.617
16.759,1.639
20.698,1.729
29.418,1.679
17.090,1.574
20.392,1.644
29.153,1.647
17.263,1.551
20.351,1.598
29.079,1.673
17.443,1.593
16.405,1.651
28.667,1.660
35.881,1.674
16.700,1.674
18.934,1.667
20.148,1.722
29.529,1.738
17.062,1.530
20.370,1.652
29.088,1.713
16.766,1.663
16.678,1.597
20.661,1.789
29.382,1.570
17.154,1.518
20.419,1.666
29.093,1.769
16.697,1.675
16.688,1.687
20.746,1.578
29.232,1.660
17.233,1.563
16.527,1.630
28.719,1.773
35.865,1.602
16.724,1.602
19.009,1.550
20.156,1.682
29.429,1.684
17.107,1.595
16.050,1.610
20.748,1.733
44.347,1.664
16.667,1.664
18.852,1.633
20.248,1.681
29.313,1.687
17.387,1.617
16.630,1.639
20.123,1.602
29.226,1.716
16.703,1.665
16.701,1.665
20.723,1.641
29.275,1.642
17.376,1.615
16.028,1.624
20.756,1.660
29.478,1.708
17.229,1.646
16.623,1.606
20.045,1.821
29.299,1.726
17.193,1.561
20.420,1.634
29.058,1.661
16.694,1.707
16.721,1.663
29.256,1.862
20.648,1.505
16.846,1.612
20.697,1.715
29.422,1.722
17.101,1.497
20.394,1.582
29.094,1.686
17.273,1.559
16.172,1.613
29.005,1.759
20.879,1.663
17.402,1.612
20.032,1.708
29.297,1.652
17.167,1.505
20.399,1.700
29.172,1.698
17.241,1.598
20.390,1.644
44.057,1.649
16.724,1.649
18.889,1.590
28.633,1.709
20.854,1.520
16.748,1.697
20.755,1.689
29.193,1.585
16.630,1.656
16.820,1.617
20.801,1.654
29.393,1.727
17.060,1.565
16.045,1.645
20.759,1.663
29.235,1.646
17.352,1.520
20.435,1.724
29.031,1.692
16.689,1.775
16.722,1.633
20.694,1.615
29.554,1.704
17.005,1.508
20.338,1.594
29.083,1.700
17.481,1.646
16.470,1.691
20.160,1.748
29.285,1.650
17.218,1.489
20.454,1.657
29.291,1.696
17.226,1.560
20.218,1.664
29.062,1.720
17.444,1.575
16.469,1.585
28.597,1.758
20.952,1.651
16.640,1.584
20.680,1.696
29.336,1.679
17.217,1.604
20.419,1.632
29.222,1.625
19.060,1.593
18.260,1.560
29.340,1.714
17.184,1.540
20.375,1.627
29.268,1.691
17.161,1.523
20.253,1.588
29.059,1.722
17.455,1.558
20.284,1.688
29.035,1.699
16.715,1.535
20.933,1.656
29.011,1.753
17.409,1.570
20.362,1.630
28.973,1.700
17.446,1.635
20.291,1.610
29.212,1.699
16.582,1.609
17.064,1.602
28.700,1.729
20.873,1.539
16.771,1.631
20.707,1.604
29.264,1.694
17.213,1.506
20.423,1.655
29.031,1.743
16.676,1.555
17.329,1.603
28.494,1.756
20.873,1.498
16.749,1.637
20.743,1.710
29.303,1.710
17.221,1.548
20.409,1.634
29.038,1.703
16.675,1.639
17.429,1.627
20.018,1.727
29.422,1.627
17.245,1.487
22.476,1.596
26.802,1.712
16.792,1.633
16.826,1.604
20.525,1.672
29.554,1.613
17.055,1.502
20.360,1.622
29.151,1.784
17.332,1.583
15.833,1.638
20.835,1.739
29.342,1.663
17.228,1.594
20.368,1.610
29.288,1.580
17.109,1.691
20.484,1.764
28.940,1.732
16.610,1.647
17.351,1.657
20.119,1.811
29.325,1.666
17.176,1.496
20.442,1.648
29.156,1.759
17.277,1.555
20.324,1.626
29.311,1.708
17.227,1.494
20.094,1.658
29.088,1.692
17.510,1.515
20.207,1.587
29.033,1.699
17.420,1.635
16.546,1.601
28.658,1.712
20.716,1.632
16.824,1.627
20.695,1.698
29.316,1.732
17.160,1.494
20.474,1.583
29.010,1.720
17.401,1.576
18.001,1.586
27.163,1.749
35.826,1.686
16.720,1.686
19.059,1.587
20.090,1.760
29.269,1.641
17.376,1.548
15.986,1.673
20.740,1.757
29.308,1.626
17.204,1.566
16.618,1.735
20.211,1.750
29.333,1.573
17.245,1.543
20.469,1.706
29.204,1.645
16.509,1.790
17.255,1.637
20.142,1.724
29.342,1.661
17.142,1.526
20.543,1.630
28.994,1.750
16.680,1.658
16.830,1.600
20.661,1.661
29.251,1.655
17.249,1.542
20.385,1.669
29.028,1.658
17.351,1.574
16.089,1.648
20.713,1.776
29.314,1.647
17.106,1.672
20.488,1.663
29.051,1.660
17.265,1.529
20.410,1.635
29.125,1.706
17.230,1.556
16.574,1.634
28.623,1.764
20.962,1.597
16.712,1.593
22.568,1.712
27.437,1.679
17.281,1.507
20.189,1.631
29.156,1.747
17.387,1.564
20.352,1.633
29.019,1.687
17.451,1.715
16.438,1.651
28.627,1.752
20.939,1.499
16.660,1.654
20.682,1.636
29.477,1.594
17.082,1.750
20.388,1.653
29.070,1.729
17.299,1.683
20.371,1.687
29.018,1.657
17.261,1.669
20.458,1.650
29.256,1.751
17.198,1.492
20.362,1.655
29.000,1.756
17.404,1.530
20.218,1.631
29.042,1.679
16.739,1.573
17.237,1.691
28.490,1.729
20.972,1.627
16.644,1.606
20.742,1.683
29.340,1.704
17.217,1.673
20.308,1.652
29.138,1.742
17.313,1.653
20.409,1.639
29.046,1.684
17.347,1.595
16.545,1.648
28.694,1.821
35.786,1.626
16.736,1.626
18.945,1.645
20.143,1.669
29.351,1.655
17.209,1.649
16.113,1.599
20.697,1.685
29.332,1.682
17.278,1.553
16.504,1.618
28.715,1.743
35.820,1.703
16.731,1.703
19.004,1.695
20.148,1.665
29.365,1.652
16.519,1.710
16.800,1.623
20.757,1.643
29.200,1.624
17.284,1.626
16.145,1.637
20.681,1.692
29.338,1.594
17.422,1.622
15.944,1.653
20.708,1.689
29.452,1.636
17.038,1.562
16.763,1.626
20.025,1.739
29.463,1.689
17.189,1.520
20.426,1.583
29.010,1.638
16.711,1.564
17.489,1.680
19.866,1.693
29.374,1.664
17.195,1.618
20.335,1.730
29.145,1.684
17.263,1.639
20.417,1.671
29.064,1.696
19.192,1.549
18.492,1.597
29.064,1.740
17.509,1.531
16.309,1.593
28.716,1.596
20.838,1.701
20.948,1.629
29.067,1.703
17.256,1.565
16.076,1.510
29.311,1.752
35.771,1.679
16.699,1.679
18.806,1.651
20.339,1.725
29.267,1.669
17.089,1.601
20.475,1.779
29.189,1.613
17.196,1.616
20.310,1.593
29.172,1.710
16.671,1.551
16.478,1.651
29.373,1.609
20.846,1.649
16.660,1.604
29.153,1.717
35.889,1.561
16.700,1.561
18.886,1.538
20.163,1.721
29.376,1.667
17.289,1.566
20.369,1.655
29.085,1.765
16.747,1.641
16.638,1.673
20.668,1.650
29.309,1.706
17.241,1.496
20.365,1.645
29.109,1.712
16.672,1.606
18.400,1.607
27.417,1.724
35.867,1.697
16.713,1.697
18.916,1.533
20.257,1.626
29.440,1.639
17.099,1.619
16.106,1.531
20.679,1.710
29.316,1.674
17.249,1.530
16.663,1.604
28.707,1.697
20.758,1.615
16.725,1.553
20.802,1.678
29.310,1.744
17.346,1.640
15.950,1.587
20.758,1.662
29.298,1.643
17.199,1.496
20.393,1.674
29.069,1.691
17.503,1.589
16.446,1.629
28.635,1.761
35.786,1.590
16.704,1.590
18.942,1.531
20.226,1.650
29.279,1.623
17.226,1.525
20.425,1.599
29.033,1.653
16.742,1.662
17.521,1.586
19.710,1.737
29.378,1.683
17.234,1.562
20.483,1.630
29.017,1.710
16.764,1.568
20.938,1.644
29.080,1.556
19.631,1.584
17.798,1.659
29.221,1.689
17.344,1.583
16.694,1.630
28.573,1.689
20.731,1.643
17.118,1.604
28.846,1.700
20.771,1.692
16.639,1.639
29.315,1.727
20.941,1.619
16.459,1.734
29.250,1.672
20.852,1.598
16.659,1.636
29.174,1.697
20.909,1.634
16.602,1.599
29.265,1.684
20.805,1.719
20.983,1.623
29.221,1.653
17.333,1.580
20.290,1.637
29.061,1.668
17.327,1.562
20.313,1.688
29.038,1.659
17.444,1.517
20.217,1.630
29.095,1.749
17.437,1.531
20.192,1.651
29.190,1.659
17.183,1.521
20.321,1.601
29.273,1.684
17.131,1.570
16.025,1.591
29.151,1.722
20.893,1.588
16.563,1.660
29.355,1.706
20.812,1.640
19.033,1.647
26.755,1.747
20.889,1.630
17.358,1.718
28.521,1.755
20.881,1.582
16.679,1.676
20.717,1.723
29.212,1.601
17.131,1.504
20.561,1.758
29.218,1.712
17.126,1.616
20.401,1.755
29.090,1.620
17.216,1.582
20.460,1.591
29.116,1.597
17.203,1.517
20.410,1.593
29.280,1.579
16.981,1.552
20.310,1.647
29.350,1.749
16.591,1.572
20.988,1.680
29.038,1.673
17.258,1.572
15.927,1.621
29.319,1.728
35.798,1.621
16.699,1.621
18.935,1.533
20.211,1.677
29.283,1.635
17.251,1.553
20.374,1.684
29.050,1.750
17.352,1.620
15.902,1.684
29.289,1.737
20.866,1.509
16.749,1.602
20.750,1.764
29.232,1.663
19.122,1.505
18.515,1.592
29.393,1.730
16.352,1.613
17.316,1.634
28.559,1.774
20.841,1.637
16.749,1.587
20.738,1.699
29.429,1.705
16.925,1.518
20.651,1.608
29.079,1.747
17.290,1.631
20.281,1.692
29.061,1.695
17.427,1.584
15.828,1.633
29.248,1.725
20.825,1.731
16.573,1.606
29.323,1.683
20.780,1.660
21.073,1.609
29.008,1.721
17.559,1.543
20.218,1.611
29.095,1.721
17.180,1.512
20.370,1.667
29.106,1.673
17.215,1.625
20.351,1.707
29.130,1.655
17.350,1.626
20.150,1.634
29.169,1.610
17.286,1.685
20.347,1.677
29.112,1.631
17.246,1.507
20.384,1.634
29.077,1.667
17.265,1.635
20.219,1.670
29.342,1.618
18.910,1.686
18.603,1.657
29.113,1.646
17.231,1.642
20.394,1.649
29.086,1.673
17.246,1.597
20.351,1.739
29.074,1.683
17.175,1.690
20.337,1.642
29.274,1.707
17.243,1.705
20.320,1.794
29.116,1.669
17.271,1.629
20.431,1.598
29.115,1.603
17.404,1.529
20.194,1.606
29.039,1.650
17.340,1.520
20.308,1.692
29.196,1.670
17.356,1.539
20.211,1.633
29.137,1.632
17.285,1.582
20.136,1.673
29.185,1.634
17.299,1.526
20.365,1.604
29.067,1.648
17.184,1.595
20.378,1.656
29.195,1.596
17.222,1.663
20.319,1.727
29.158,1.670
17.142,1.685
28.711,1.715
35.816,1.597
16.722,1.597
18.736,1.508
24.695,1.667
39.986,1.638
16.702,1.638
18.780,1.580
20.309,1.676
29.305,1.690
17.229,1.629
20.354,1.623
29.069,1.597
17.432,1.608
20.387,1.753
29.002,1.682
16.521,1.698
17.328,1.651
28.599,1.825
35.837,1.612
16.735,1.612
18.877,1.532
20.184,1.761
29.593,1.662
16.944,1.523
20.432,1.653
29.094,1.712
17.346,1.570
20.271,1.605
29.100,1.652
16.717,1.543
20.979,1.624
28.932,1.653
17.400,1.565
16.479,1.634
28.766,1.712
20.810,1.608
20.954,1.645
29.076,1.715
17.318,1.520
20.389,1.626
29.045,1.604
17.204,1.621
20.394,1.590
29.160,1.635
17.185,1.578
20.283,1.700
29.241,1.643
17.007,1.613
28.905,1.676
35.724,1.668
16.772,1.704
34.955,1.635
16.772,1.733
20.978,1.647
28.994,1.624
16.726,1.628
17.454,1.559
28.219,1.664
35.960,1.704
16.734,1.704
22.556,1.748
29.146,1.671
17.352,1.658
15.869,1.605
29.345,1.625
35.822,1.601
16.705,1.601
22.546,1.617
29.222,1.612
17.220,1.616
20.398,1.587
29.058,1.622
17.388,1.569
20.333,1.551
29.016,1.598
17.265,1.597
20.117,1.688
29.524,1.602
16.807,1.594
28.887,1.671
35.767,1.670
16.723,1.702
22.511,1.695
29.414,1.609
17.074,1.619
20.181,1.768
29.260,1.605
20.802,1.587
29.269,1.585
17.139,1.582
28.771,1.615
35.778,1.622
16.695,1.622
34.963,1.596
16.710,1.655
21.025,1.659
29.019,1.592
17.144,1.643
28.741,1.667
35.809,1.680
16.731,1.766
22.533,1.647
29.200,1.594
17.175,1.668
28.649,1.654
35.877,1.591
16.723,1.697
22.447,1.622
29.222,1.600
16.541,1.596
29.389,1.592
35.749,1.619
16.718,1.614
22.564,1.577
29.179,1.689
20.873,1.677
29.197,1.646
16.946,1.608
28.957,1.674
35.719,1.593
16.724,1.561
22.553,1.607
29.212,1.702
20.815,1.612
29.248,1.654
20.695,1.624
44.294,1.585
16.744,1.546
26.692,1.632
39.899,1.590
16.727,1.632
30.829,1.661
35.850,1.552
16.755,1.643
22.285,1.635
29.536,1.658
24.808,1.702
40.105,1.569
18.949,1.596
24.510,1.632
39.942,1.597
18.951,1.602
28.631,1.662
35.780,1.567
22.543,1.573
29.236,1.594
29.253,1.614
35.752,1.663
22.398,1.587
33.623,1.568
29.113,1.570
29.242,1.587
35.736,1.697
22.563,1.582
29.168,1.627
29.196,1.668
35.809,1.609
22.621,1.594
29.133,1.581
29.218,1.578
35.818,1.571
22.570,1.592
29.168,1.591
29.236,1.552
35.781,1.629
20.393,1.597
14.894,1.606
16.496,1.574
17.223,1.586
16.631,1.603
15.920,1.585
20.984,1.672
29.200,1.724
16.794,1.724
16.965,1.588
16.922,1.658
16.656,1.681
16.421,1.654
20.508,1.664
29.253,1.706
16.675,1.781
16.727,1.605
17.040,1.672
20.449,1.602
29.362,1.703
17.140,1.753
16.253,1.656
16.483,1.661
20.771,1.589
29.245,1.592
16.623,1.734
16.798,1.635
16.879,1.581
20.528,1.654
29.366,1.700
17.214,1.711
16.069,1.627
20.745,1.700
29.359,1.594
16.593,1.751
16.685,1.657
20.769,1.621
29.344,1.622
16.522,1.724
16.713,1.638
20.830,1.708
29.274,1.735
17.159,1.768
16.294,1.556
20.576,1.586
29.397,1.648
16.650,1.735
16.798,1.596
20.635,1.610
29.206,1.677
19.229,1.780
14.209,1.532
20.741,1.622
29.305,1.763
16.623,1.744
16.716,1.627
20.703,1.610
29.399,1.596
16.583,1.801
17.204,1.618
20.369,1.627
29.202,1.625
17.231,1.698
16.140,1.573
20.738,1.578
29.214,1.639
16.637,1.710
17.414,1.588
20.144,1.581
29.250,1.681
16.671,1.729
16.606,1.657
20.923,1.614
29.169,1.693
16.701,1.713
16.703,1.592
16.960,1.655
20.483,1.648
29.282,1.578
16.668,1.725
16.668,1.610
16.924,1.624
20.563,1.689
29.270,1.600
16.629,1.697
16.763,1.585
20.734,1.677
29.427,1.738
17.126,1.758
16.272,1.601
20.611,1.621
29.111,1.617
16.768,1.717
16.722,1.553
17.082,1.609
20.366,1.651
29.222,1.596
16.697,1.672
16.695,1.594
18.855,1.625
18.556,1.601
29.266,1.618
16.704,1.714
16.690,1.627
16.975,1.634
20.453,1.674
29.425,1.588
16.589,1.765
16.659,1.646
20.884,1.653
29.100,1.723
16.606,1.733
16.846,1.592
20.650,1.566
29.235,1.668
16.756,1.745
16.707,1.554
16.987,1.586
20.435,1.664
29.436,1.684
17.103,1.706
16.160,1.619
20.721,1.669
29.175,1.689
16.692,1.727
16.779,1.584
16.887,1.620
20.455,1.732
29.385,1.784
17.301,1.719
16.035,1.646
20.777,1.606
29.290,1.778
16.680,1.741
16.699,1.546
20.812,1.701
29.372,1.600
16.519,1.735
16.588,1.605
20.791,1.724
29.345,1.651
17.030,1.756
16.189,1.640
20.897,1.694
29.265,1.595
16.544,1.779
16.663,1.596
20.884,1.614
44.296,1.584
16.638,1.584
18.928,1.573
16.704,1.538
20.225,1.673
29.332,1.670
16.553,1.817
16.776,1.653
16.946,1.641
20.423,1.725
29.251,1.747
17.240,1.710
16.184,1.607
20.780,1.615
29.238,1.629
16.656,1.731
16.794,1.618
20.729,1.594
29.200,1.681
16.693,1.748
16.650,1.606
20.837,1.720
29.354,1.610
16.549,1.732
17.337,1.592
20.177,1.614
29.204,1.660
16.748,1.731
16.714,1.629
20.734,1.627
29.233,1.618
17.211,1.738
16.291,1.589
20.649,1.750
29.328,1.705
16.567,1.741
17.383,1.600
20.135,1.715
29.191,1.662
16.696,1.732
16.710,1.583
20.765,1.639
29.311,1.737
16.590,1.707
16.626,1.601
20.873,1.738
29.233,1.793
16.682,1.732
18.489,1.675
19.072,1.626
29.066,1.668
16.733,1.718
16.699,1.620
17.006,1.588
20.576,1.726
29.214,1.697
16.692,1.808
16.815,1.640
16.853,1.597
20.353,1.726
29.328,1.809
16.692,1.678
16.621,1.572
17.085,1.612
20.422,1.623
29.242,1.609
16.672,1.708
16.725,1.607
16.950,1.599
20.496,1.655
29.290,1.582
16.674,1.812
16.865,1.663
16.904,1.610
20.316,1.631
29.441,1.605
16.471,1.739
16.769,1.736
17.050,1.603
20.322,1.714
29.325,1.579
16.645,1.741
16.702,1.609
16.926,1.607
20.593,1.663
29.256,1.656
16.592,1.768
17.127,1.569
20.366,1.658
29.229,1.706
16.665,1.677
16.732,1.749
20.798,1.765
29.313,1.676
16.480,1.727
16.725,1.749
20.886,1.677
29.350,1.654
19.124,1.668
14.015,1.625
20.878,1.740
29.348,1.734
16.495,1.718
16.872,1.732
16.916,1.654
20.399,1.677
29.298,1.699
16.660,1.738
16.618,1.629
20.878,1.615
29.215,1.705
16.580,1.715
16.814,1.606
17.095,1.742
20.338,1.622
29.300,1.682
16.543,1.779
16.801,1.576
16.940,1.715
20.444,1.835
29.354,1.713
16.681,1.766
16.670,1.715
20.728,1.716
29.351,1.684
16.592,1.695
16.801,1.654
20.776,1.574
29.068,1.688
16.699,1.753
16.798,1.712
16.905,1.746
20.495,1.729
29.301,1.658
16.608,1.753
16.736,1.598
17.039,1.737
20.383,1.806
29.203,1.671
16.687,1.738
16.707,1.759
17.103,1.736
20.379,1.831
29.345,1.668
16.610,1.724
16.725,1.602
16.945,1.660
20.433,1.789
44.282,1.692
16.712,1.692
18.401,1.760
17.108,1.751
20.341,1.657
29.439,1.716
16.472,1.867
16.656,1.708
16.938,1.638
20.571,1.610
29.295,1.633
17.206,1.856
16.746,1.586
16.222,1.645
20.624,1.619
29.235,1.681
16.542,1.681
20.856,1.673
29.241,1.664
16.804,1.750
16.636,1.714
17.033,1.642
20.468,1.714
29.304,1.720
16.589,1.729
16.704,1.724
16.977,1.668
20.483,1.636
29.275,1.586
16.594,1.745
16.685,1.702
16.947,1.628
20.532,1.714
29.228,1.799
17.413,1.687
16.604,1.612
20.127,1.611
29.332,1.616
16.630,1.711
16.688,1.678
20.787,1.718
29.286,1.718
16.706,1.723
16.626,1.738
20.761,1.634
29.284,1.691
16.665,1.761
16.568,1.688
20.947,1.668
44.181,1.672
16.807,1.672
19.088,1.681
15.687,1.699
21.037,1.637
29.172,1.773
16.593,1.745
16.802,1.605
17.194,1.746
16.512,1.613
20.387,1.622
29.332,1.605
17.170,1.720
16.139,1.562
17.178,1.736
20.295,1.596
29.358,1.769
17.079,1.735
16.188,1.593
17.213,1.731
16.401,1.603
20.527,1.701
29.407,1.640
16.493,1.696
16.763,1.703
16.864,1.637
20.576,1.620
29.394,1.643
16.563,1.750
16.664,1.609
20.776,1.631
29.109,1.714
16.784,1.769
16.649,1.616
17.235,1.690
20.218,1.678
29.461,1.679
16.512,1.698
16.700,1.642
16.965,1.595
20.418,1.657
29.509,1.779
16.458,1.672
16.713,1.663
16.911,1.613
20.493,1.705
29.424,1.601
16.531,1.718
16.707,1.730
17.133,1.623
22.145,1.669
27.406,1.654
16.753,1.804
16.563,1.640
20.959,1.679
29.401,1.717
16.420,1.774
17.342,1.610
20.155,1.685
29.190,1.620
16.721,1.698
16.721,1.660
16.946,1.668
20.469,1.647
29.471,1.709
17.180,1.695
15.905,1.624
20.892,1.611
29.253,1.630
16.640,1.729
16.668,1.650
20.803,1.665
29.252,1.641
17.301,1.711
16.103,1.592
17.069,1.664
20.350,1.713
29.332,1.722
17.262,1.723
16.053,1.549
16.947,1.670
20.394,1.714
29.512,1.724
16.437,1.705
16.752,1.587
20.856,1.587
29.191,1.629
16.662,1.730
17.290,1.601
20.205,1.662
29.293,1.758
16.642,1.738
16.667,1.584
17.022,1.708
20.349,1.815
29.357,1.600
16.642,1.724
16.726,1.611
20.812,1.671
44.177,1.697
16.698,1.697
19.116,1.670
16.350,1.608
20.461,1.646
29.257,1.633
16.617,1.825
16.672,1.525
17.199,1.669
16.464,1.589
20.477,1.671
44.200,1.627
16.694,1.627
18.438,1.542
16.665,1.612
17.174,1.584
15.958,1.647
20.982,1.555
29.109,1.783
16.787,1.783
16.673,1.597
17.369,1.657
16.580,1.628
16.614,1.647
20.334,1.674
29.129,1.739
16.817,1.733
33.380,1.604
16.616,1.604
33.357,1.632
16.583,1.632
33.342,1.696
16.721,1.696
33.424,1.621
16.592,1.621
16.896,1.573
16.616,1.571
17.214,1.679
16.484,1.685
16.530,1.600
20.477,1.564
29.231,1.711
16.767,1.711
33.330,1.626
16.622,1.626
33.472,1.608
16.595,1.608
48.434,1.591
16.628,1.591
35.219,1.615
16.496,1.615
16.784,1.492
16.658,1.586
16.721,1.530
17.045,1.585
16.618,1.606
16.814,1.585
16.656,1.616
16.637,1.586
16.711,1.592
15.954,1.589
16.697,1.590
21.054,1.672
29.195,1.621
16.542,1.621
17.009,1.684
17.046,1.595
16.701,1.583
15.859,1.587
20.988,1.597
29.407,1.772
16.598,1.693
16.689,1.578
17.159,1.657
20.245,1.640
29.315,1.766
16.690,1.726
16.716,1.591
16.932,1.628
20.423,1.651
29.484,1.691
16.476,1.722
16.711,1.592
20.748,1.602
44.218,1.644
16.707,1.644
18.403,1.590
20.942,1.571
44.023,1.643
16.679,1.643
18.914,1.638
16.591,1.639
20.318,1.642
29.323,1.607
18.383,1.792
46.599,1.596
16.765,1.596
18.994,1.676
16.512,1.581
16.451,1.594
20.491,1.604
29.215,1.789
16.716,1.789
16.835,1.530
17.118,1.604
16.652,1.595
16.340,1.668
20.457,1.668
29.212,1.661
16.828,1.717
16.719,1.526
16.655,1.681
17.130,1.580
20.318,1.688
29.219,1.703
16.616,1.700
16.815,1.570
17.214,1.671
20.232,1.667
29.227,1.682
16.701,1.703
16.708,1.630
17.174,1.600
20.305,1.682
29.259,1.606
16.634,1.704
16.697,1.668
16.963,1.598
20.552,1.690
29.270,1.614
16.484,1.726
17.601,1.695
19.985,1.614
29.314,1.733
16.493,1.739
16.923,1.635
20.729,1.598
29.227,1.611
16.520,1.719
16.880,1.580
20.691,1.679
29.242,1.741
17.302,1.716
16.071,1.646
20.807,1.647
44.188,1.740
16.725,1.740
50.002,1.707
16.672,1.707
18.998,1.615
15.841,1.591
21.017,1.638
29.263,1.612
16.680,1.712
16.778,1.540
17.276,1.665
20.139,1.602
29.181,1.701
16.712,1.692
16.925,1.600
17.003,1.587
16.365,1.575
20.502,1.592
29.291,1.596
16.653,1.712
33.326,1.623
16.718,1.623
17.351,1.668
16.574,1.649
15.880,1.619
21.087,1.655
29.251,1.759
16.648,1.638
16.712,1.506
17.262,1.678
15.836,1.591
20.985,1.606
29.434,1.609
16.439,1.700
16.776,1.625
17.009,1.630
20.512,1.611
29.175,1.618
16.543,1.662
16.817,1.680
17.129,1.596
20.359,1.626
29.314,1.618
16.650,1.676
16.640,1.684
16.940,1.648
20.464,1.617
29.525,1.607
18.464,1.812
14.707,1.679
20.887,1.637
29.207,1.666
16.549,1.719
16.701,1.593
20.823,1.609
29.271,1.729
16.657,1.758
16.683,1.673
20.721,1.697
29.322,1.591
16.587,1.744
16.677,1.687
20.884,1.619
29.229,1.599
16.569,1.719
16.822,1.653
20.841,1.694
29.105,1.657
16.659,1.741
16.802,1.616
20.801,1.625
29.178,1.603
16.638,1.726
16.740,1.606
20.903,1.604
29.180,1.723
16.663,1.701
16.683,1.653
20.817,1.711
29.151,1.728
16.603,1.752
16.937,1.675
20.698,1.661
29.222,1.580
16.581,1.729
16.802,1.651
20.739,1.612
29.423,1.593
16.505,1.706
16.711,1.608
20.811,1.579
29.254,1.602
16.565,1.659
16.747,1.674
20.784,1.712
29.402,1.593
18.400,1.787
14.828,1.683
20.944,1.635
29.034,1.727
16.762,1.816
16.571,1.608
16.548,1.590
20.957,1.716
29.294,1.607
16.656,1.719
33.373,1.626
16.649,1.626
17.353,1.641
20.230,1.684
44.123,1.700
16.698,1.700
18.951,1.645
16.697,1.634
15.861,1.631
21.068,1.574
29.208,1.758
16.668,1.661
16.654,1.594
17.207,1.664
20.273,1.615
30.645,1.743
16.839,1.743
31.751,1.637
16.723,1.637
16.762,1.504
17.120,1.601
15.919,1.605
21.061,1.695
29.266,1.785
16.575,1.707
17.026,1.613
16.995,1.603
16.231,1.680
20.715,1.562
29.230,1.625
16.583,1.685
16.713,1.606
17.191,1.593
20.330,1.557
29.141,1.735
16.747,1.745
33.505,1.611
17.269,1.611
18.473,1.663
14.337,1.633
20.614,1.698
29.403,1.626
16.572,1.689
16.593,1.583
17.188,1.657
20.272,1.730
29.370,1.600
16.632,1.695
16.690,1.609
16.947,1.603
20.465,1.584
29.244,1.667
16.755,1.694
16.665,1.617
20.807,1.615
29.391,1.690
16.414,1.744
16.748,1.648
20.867,1.697
29.191,1.604
16.685,1.753
16.672,1.624
20.753,1.638
29.229,1.787
16.809,1.699
16.724,1.544
20.794,1.578
29.064,1.792
17.371,1.768
16.148,1.688
20.694,1.620
29.508,1.759
16.428,1.775
16.603,1.636
20.914,1.626
29.342,1.782
16.563,1.727
16.701,1.577
16.465,1.614
20.948,1.638
29.497,1.662
16.436,1.731
16.883,1.672
20.655,1.646
29.092,1.637
16.831,1.808
16.678,1.676
17.065,1.677
23.046,1.654
26.434,1.714
16.802,1.721
33.345,1.621
16.697,1.621
16.732,1.635
17.135,1.611
20.322,1.623
29.374,1.798
17.089,1.798
16.201,1.641
17.121,1.585
16.502,1.653
20.467,1.582
44.193,1.700
16.690,1.700
18.500,1.554
16.602,1.524
16.592,1.614
17.266,1.682
20.277,1.626
29.156,1.795
16.559,1.795
16.876,1.694
16.675,1.617
17.112,1.641
16.483,1.648
20.589,1.595
29.202,1.686
16.681,1.727
16.716,1.652
17.228,1.627
16.359,1.666
20.501,1.638
29.192,1.678
17.319,1.724
16.158,1.649
16.572,1.568
17.064,1.634
20.476,1.617
29.205,1.715
16.758,1.820
17.398,1.566
16.445,1.688
20.336,1.597
29.197,1.692
16.642,1.732
17.092,1.640
16.710,1.611
20.419,1.628
44.182,1.684
16.752,1.684
35.135,1.614
16.562,1.614
17.289,1.568
16.338,1.581
20.525,1.627
29.094,1.699
16.862,1.702
16.826,1.569
17.135,1.621
16.273,1.602
20.553,1.615
29.188,1.601
16.694,1.740
16.948,1.532
17.009,1.730
16.307,1.600
20.619,1.603
29.147,1.648
16.752,1.759
33.295,1.610
16.851,1.610
16.612,1.518
16.474,1.588
17.395,1.674
15.914,1.605
21.102,1.597
29.225,1.792
16.552,1.792
16.769,1.535
17.282,1.603
16.425,1.685
16.234,1.540
20.860,1.614
29.296,1.850
16.535,1.850
17.015,1.532
16.979,1.593
16.100,1.600
17.173,1.673
20.346,1.605
29.279,1.746
16.650,1.885
16.634,1.594
16.703,1.599
16.616,1.616
20.996,1.684
29.150,1.752
16.587,1.806
18.408,1.538
15.580,1.665
15.870,1.563
21.037,1.679
29.289,1.712
17.108,1.749
16.120,1.558
17.269,1.608
20.309,1.633
44.208,1.661
16.784,1.661
34.902,1.583
16.623,1.583
48.453,1.637
16.693,1.637
35.119,1.487
16.549,1.487
16.825,1.600
16.623,1.518
17.228,1.584
16.697,1.536
16.737,1.536
16.605,1.554
16.137,1.581
17.234,1.595
16.097,1.566
17.340,1.582
16.059,1.621
16.598,1.572
17.203,1.556
16.792,1.617
16.647,1.548
16.553,1.672
16.757,1.637
16.442,1.611
16.657,1.617
20.518,1.614
29.311,1.677
16.585,1.861
16.761,1.551
17.206,1.591
15.946,1.600
20.936,1.601
29.264,1.710
16.642,1.733
33.424,1.596
16.790,1.596
17.197,1.608
16.476,1.672
16.499,1.597
22.244,1.614
27.534,1.745
16.693,1.710
16.543,1.573
17.342,1.613
20.317,1.607
29.248,1.642
16.608,1.787
16.701,1.571
17.048,1.623
20.437,1.683
29.210,1.653
16.598,1.739
16.808,1.603
17.179,1.634
20.250,1.609
44.279,1.664
16.649,1.664
19.080,1.577
16.032,1.582
16.961,1.697
20.586,1.656
29.283,1.787
17.182,1.787
16.695,1.514
16.531,1.571
15.975,1.615
21.003,1.645
44.230,1.736
16.650,1.736
18.357,1.512
16.689,1.534
17.294,1.546
16.605,1.625
16.630,1.614
16.619,1.575
16.038,1.618
16.597,1.580
21.065,1.587
29.171,1.742
16.809,1.742
16.694,1.523
17.305,1.592
16.533,1.613
16.529,1.607
20.430,1.600
29.245,1.761
16.746,1.761
16.666,1.630
17.237,1.614
17.911,1.644
18.921,1.601
29.228,1.621
16.689,1.783
33.323,1.621
16.731,1.621
17.358,1.694
16.398,1.643
16.514,1.593
20.563,1.643
29.288,1.670
16.571,1.839
16.772,1.538
16.663,1.613
17.136,1.615
20.298,1.626
29.376,1.591
16.575,1.773
16.698,1.557
17.251,1.591
15.823,1.614
21.075,1.546
29.239,1.793
16.659,1.768
33.392,1.584
16.675,1.584
17.337,1.727
16.504,1.631
16.458,1.656
20.496,1.616
29.294,1.663
16.681,1.663
16.697,1.662
17.148,1.678
16.768,1.580
15.886,1.591
21.027,1.619
29.215,1.718
16.678,1.734
16.671,1.549
16.778,1.569
16.467,1.708
20.902,1.609
29.304,1.754
16.632,1.754
17.004,1.548
16.372,1.644
17.271,1.640
20.213,1.611
44.288,1.675
16.677,1.675
35.050,1.545
16.504,1.545
33.542,1.543
16.604,1.543
33.389,1.705
16.545,1.705
33.476,1.539
16.683,1.539
33.328,1.590
16.676,1.590
33.394,1.554
16.678,1.554
48.293,1.589
16.698,1.589
35.148,1.597
16.550,1.597
33.444,1.560
16.658,1.560
33.335,1.602
16.548,1.602
33.588,1.620
16.694,1.620
16.455,1.689
16.984,1.633
17.170,1.678
15.934,1.618
16.804,1.679
17.324,1.679
15.825,1.687
17.355,1.746
16.849,1.746
16.108,1.678
16.505,1.671
17.442,1.736
15.975,1.700
16.816,1.655
16.496,1.641
17.334,1.656
15.927,1.632
17.262,1.644
17.180,1.748
16.000,1.697
16.604,1.758
17.168,1.796
15.970,1.804
17.295,1.756
16.070,1.673
19.204,1.617
14.138,1.556
16.757,1.574
17.158,1.624
15.940,1.678
21.017,1.602
44.253,1.648
16.669,1.648
49.981,1.593
16.709,1.593
18.985,1.588
20.273,1.581
29.131,1.770
16.717,1.749
33.394,1.613
16.575,1.613
16.772,1.557
16.926,1.589
20.550,1.622
29.271,1.694
18.290,1.730
31.729,1.650
16.580,1.650
17.459,1.562
15.800,1.599
20.992,1.584
29.256,1.673
16.521,1.732
33.457,1.599
16.730,1.599
17.313,1.636
16.277,1.604
20.596,1.689
44.201,1.744
16.683,1.744
18.417,1.595
17.243,1.622
16.640,1.581
16.597,1.646
16.554,1.622
16.003,1.587
21.196,1.632
29.211,1.774
17.147,1.774
16.178,1.620
17.209,1.611
16.654,1.612
18.958,1.672
13.622,1.566
16.732,1.597
20.977,1.674
29.142,1.812
16.849,1.812
16.691,1.560
17.222,1.563
16.492,1.623
16.607,1.594
20.413,1.582
29.340,1.657
16.607,1.756
16.872,1.619
17.153,1.568
16.442,1.595
20.350,1.611
29.480,1.748
16.447,1.706
16.733,1.575
16.980,1.556
20.459,1.583
29.340,1.709
16.588,1.749
16.681,1.658
17.142,1.588
20.317,1.616
29.318,1.722
16.668,1.714
16.711,1.584
16.466,1.658
20.934,1.611
44.223,1.658
16.772,1.658
18.249,1.647
17.283,1.587
15.928,1.624
21.110,1.663
29.171,1.758
16.699,1.746
17.194,1.607
16.578,1.599
20.350,1.577
29.219,1.897
16.736,1.897
16.708,1.672
17.110,1.676
20.317,1.670
29.117,1.667
16.698,1.823
19.050,1.518
14.287,1.613
17.113,1.595
20.409,1.648
29.266,1.703
16.584,1.710
16.745,1.524
17.353,1.588
16.424,1.627
20.415,1.580
29.414,1.683
16.341,1.710
16.880,1.558
16.706,1.599
20.748,1.651
29.139,1.751
16.777,1.821
16.692,1.561
17.205,1.603
16.249,1.608
20.684,1.618
29.371,1.700
16.556,1.735
16.683,1.576
17.234,1.620
20.188,1.619
29.326,1.657
16.660,1.794
33.406,1.652
16.692,1.652
16.669,1.662
17.004,1.635
16.558,1.622
20.528,1.588
29.182,1.692
16.640,1.759
16.779,1.564
17.264,1.642
16.336,1.609
20.548,1.609
29.115,1.719
16.842,1.733
16.803,1.569
16.544,1.664
20.846,1.606
44.122,1.820
16.760,1.820
35.161,1.546
16.460,1.546
18.513,1.649
15.406,1.615
16.727,1.611
15.997,1.607
20.946,1.574
29.161,1.713
16.764,1.713
16.709,1.519
16.679,1.521
17.183,1.609
16.128,1.600
17.122,1.588
16.120,1.606
20.971,1.596
29.223,1.690
16.570,1.690
16.798,1.532
16.685,1.599
16.955,1.617
20.472,1.603
29.267,1.577
16.663,1.810
16.710,1.552
17.355,1.682
15.833,1.627
20.918,1.642
29.451,1.677
16.487,1.750
16.985,1.602
16.992,1.566
20.247,1.601
29.315,1.745
16.552,1.752
16.721,1.673
16.884,1.614
20.555,1.689
29.230,1.612
16.679,1.748
16.629,1.649
17.073,1.593
20.439,1.792
29.382,1.605
16.567,1.747
16.761,1.666
16.347,1.616
21.145,1.645
29.338,1.695
16.627,1.843
16.590,1.615
17.042,1.587
20.395,1.571
29.349,1.681
18.907,1.771
14.355,1.545
16.995,1.581
20.402,1.636
29.320,1.781
16.668,1.777
16.624,1.600
20.837,1.568
44.193,1.718
16.784,1.718
35.022,1.636
16.599,1.636
17.424,1.651
16.314,1.587
20.493,1.606
29.346,1.757
16.506,1.835
16.780,1.538
17.183,1.591
15.939,1.652
21.027,1.628
29.242,1.797
16.584,1.797
16.766,1.602
17.231,1.590
16.469,1.619
20.465,1.614
29.419,1.867
16.527,1.867
16.674,1.665
17.172,1.632
15.920,1.614
20.973,1.579
29.304,1.710
16.597,1.753
16.653,1.622
17.331,1.682
20.268,1.584
29.186,1.742
16.702,1.772
16.633,1.541
17.152,1.612
20.489,1.595
29.143,1.681
16.752,1.872
16.602,1.667
17.206,1.569
20.289,1.640
29.216,1.636
18.800,1.713
14.519,1.562
17.225,1.624
20.297,1.618
29.205,1.650
16.687,1.729
16.666,1.524
17.227,1.592
20.277,1.586
29.441,1.765
16.440,1.733
16.742,1.603
17.197,1.597
20.206,1.624
29.317,1.654
16.597,1.718
16.727,1.590
16.720,1.632
20.810,1.607
29.207,1.607
16.696,1.739
16.695,1.603
17.055,1.626
20.378,1.601
29.265,1.746
17.227,1.752
16.741,1.587
16.589,1.633
20.351,1.612
29.208,1.609
16.642,1.701
16.578,1.635
20.918,1.618
29.148,1.742
16.716,1.695
16.783,1.654
16.930,1.577
20.466,1.641
29.169,1.589
16.747,1.738
16.701,1.673
17.045,1.612
20.379,1.694
44.225,1.721
16.714,1.721
18.522,1.727
17.042,1.652
20.307,1.591
29.242,1.681
18.125,1.705
15.139,1.533
16.748,1.654
20.817,1.643
29.226,1.695
16.716,1.732
16.701,1.534
17.161,1.616
15.842,1.587
21.128,1.610
29.089,1.707
16.866,1.772
16.668,1.513
17.061,1.615
16.254,1.598
20.765,1.613
29.333,1.708
17.248,1.747
16.058,1.527
17.232,1.574
15.879,1.618
21.054,1.632
29.256,1.574
16.585,1.711
16.752,1.674
17.208,1.610
20.251,1.611
29.265,1.797
16.678,1.757
17.429,1.570
16.503,1.604
20.233,1.596
29.185,1.630
16.715,1.731
16.721,1.700
17.188,1.611
20.303,1.573
29.248,1.686
16.610,1.726
33.235,1.661
16.799,1.661
16.637,1.547
17.313,1.600
15.885,1.656
21.137,1.691
29.260,1.649
16.529,1.829
16.639,1.659
17.289,1.583
20.266,1.727
29.349,1.646
18.462,1.816
14.690,1.519
17.297,1.591
15.875,1.623
21.139,1.618
29.162,1.721
16.590,1.807
16.797,1.704
17.071,1.621
20.368,1.676
29.412,1.687
16.536,1.793
16.670,1.529
17.255,1.617
16.375,1.576
20.566,1.589
29.214,1.729
16.656,1.722
16.713,1.617
17.211,1.655
20.257,1.579
29.095,1.645
16.800,1.744
33.364,1.620
16.735,1.620
16.678,1.533
17.045,1.579
16.074,1.597
21.057,1.605
29.280,1.653
16.462,1.866
16.846,1.577
17.192,1.599
15.858,1.603
21.061,1.587
29.250,1.683
16.653,1.800
16.707,1.612
17.149,1.609
15.911,1.620
21.043,1.594
29.259,1.742
16.752,1.762
16.682,1.660
17.199,1.681
20.275,1.724
29.171,1.658
16.705,1.754
16.753,1.650
17.025,1.591
20.377,1.684
44.211,1.750
16.679,1.750
18.437,1.598
17.146,1.589
16.016,1.633
20.970,1.611
29.102,1.743
16.708,1.743
16.798,1.529
16.608,1.611
17.064,1.652
16.093,1.635
21.034,1.681
29.327,1.700
16.634,1.743
16.697,1.574
17.177,1.670
15.811,1.631
21.129,1.604
29.222,1.780
16.632,1.729
16.777,1.553
17.157,1.618
15.911,1.618
21.009,1.602
29.284,1.687
16.626,1.708
16.925,1.679
17.047,1.610
20.281,1.558
29.185,1.762
16.687,1.739
16.709,1.530
17.129,1.654
20.346,1.619
29.335,1.729
16.599,1.772
16.681,1.606
16.937,1.591
20.489,1.606
29.192,1.599
16.779,1.723
48.260,1.670
16.702,1.670
18.343,1.629
16.743,1.528
17.156,1.625
16.088,1.653
20.900,1.613
44.224,1.821
16.700,1.821
18.446,1.557
17.236,1.553
16.732,1.520
16.718,1.529
16.513,1.554
16.566,1.603
16.085,1.584
16.672,1.574
16.572,1.639
21.120,1.615
29.313,1.697
16.585,1.697
16.664,1.605
16.850,1.653
17.025,1.613
15.866,1.628
21.047,1.647
29.475,1.687
16.474,1.807
16.689,1.513
17.185,1.643
15.953,1.658
20.928,1.585
29.322,1.721
16.646,1.705
16.708,1.512
17.270,1.615
16.428,1.612
20.474,1.694
29.290,1.604
16.544,1.704
16.755,1.594
17.233,1.593
20.219,1.633
29.284,1.602
16.662,1.697
16.676,1.660
17.135,1.599
20.339,1.587
29.423,1.578
16.618,1.714
16.636,1.689
20.806,1.628
29.179,1.664
16.666,1.754
16.906,1.591
16.930,1.616
20.312,1.604
29.339,1.663
18.830,1.714
14.464,1.584
16.914,1.570
20.447,1.623
29.296,1.611
16.742,1.782
48.283,1.612
16.693,1.612
18.428,1.647
16.677,1.530
16.494,1.597
20.990,1.608
29.208,1.775
16.698,1.775
16.686,1.515
16.666,1.588
17.130,1.567
15.935,1.633
21.096,1.610
29.241,1.649
16.602,1.774
16.746,1.602
17.220,1.580
15.911,1.601
21.097,1.627
29.187,1.621
16.679,1.822
16.744,1.554
17.206,1.665
15.807,1.598
21.112,1.608
29.178,1.678
16.605,1.719
16.736,1.657
17.173,1.610
16.620,1.585
20.387,1.616
29.381,1.783
16.507,1.719
16.792,1.608
17.049,1.671
20.457,1.668
29.112,1.743
16.684,1.789
16.744,1.699
16.626,1.645
20.853,1.622
29.223,1.699
16.574,1.758
16.800,1.611
18.843,1.599
18.583,1.583
29.285,1.674
16.648,1.743
16.707,1.648
17.102,1.597
20.371,1.610
29.174,1.773
16.735,1.709
16.703,1.533
17.108,1.584
20.349,1.622
29.130,1.766
16.731,1.708
33.443,1.638
16.677,1.638
16.685,1.519
17.254,1.657
20.128,1.615
29.276,1.694
16.589,1.732
16.850,1.517
17.160,1.679
20.286,1.613
29.091,1.702
16.797,1.767
16.763,1.529
17.129,1.568
16.470,1.599
20.447,1.608
29.384,1.664
16.558,1.702
16.628,1.524
17.292,1.629
20.244,1.590
29.198,1.685
16.635,1.729
16.764,1.606
17.042,1.636
20.359,1.601
29.427,1.754
16.630,1.859
16.637,1.653
16.658,1.617
17.241,1.605
16.481,1.574
20.464,1.552
29.232,1.632
16.596,1.751
16.820,1.652
18.870,1.620
18.522,1.663
29.295,1.645
16.641,1.760
16.716,1.599
17.144,1.614
20.332,1.641
29.189,1.696
16.693,1.721
16.732,1.591
17.095,1.627
20.338,1.650
29.415,1.621
16.512,1.720
16.688,1.730
16.960,1.612
20.466,1.771
29.302,1.589
16.660,1.700
16.639,1.558
16.600,1.636
20.956,1.625
29.339,1.621
16.580,1.713
16.673,1.578
17.002,1.605
20.447,1.598
29.309,1.680
16.572,1.736
16.737,1.684
17.160,1.636
20.302,1.598
29.290,1.717
16.708,1.686
16.651,1.605
17.080,1.668
20.394,1.626
29.209,1.608
16.692,1.694
17.339,1.620
15.917,1.696
20.970,1.617
29.108,1.658
16.698,1.722
16.753,1.545
17.165,1.586
20.292,1.638
29.355,1.657
16.466,1.704
16.784,1.576
18.986,1.611
18.288,1.610
29.436,1.616
16.579,1.739
16.778,1.564
17.070,1.626
20.324,1.615
29.297,1.608
16.615,1.741
16.779,1.527
16.503,1.595
20.990,1.568
29.114,1.663
16.726,1.722
16.929,1.579
16.936,1.588
20.321,1.575
29.298,1.608
16.552,1.720
17.469,1.589
16.533,1.618
20.178,1.634
29.323,1.713
16.549,1.673
16.815,1.588
17.176,1.681
20.263,1.672
29.296,1.684
16.692,1.720
16.705,1.565
16.478,1.580
20.919,1.594
29.220,1.747
16.621,1.739
16.787,1.640
17.106,1.575
20.329,1.592
29.437,1.629
16.351,1.714
16.913,1.582
17.070,1.637
20.411,1.694
29.175,1.751
16.665,1.731
16.727,1.610
17.048,1.612
20.383,1.609
29.267,1.745
16.546,1.687
16.844,1.558
17.784,1.611
19.663,1.619
29.249,1.695
17.214,1.726
16.095,1.537
17.097,1.596
20.406,1.613
29.252,1.729
16.649,1.702
16.662,1.587
17.359,1.622
20.240,1.596
29.287,1.762
16.472,1.755
16.640,1.585
17.101,1.592
20.447,1.620
29.421,1.706
16.568,1.696
16.585,1.569
16.584,1.624
20.934,1.737
29.368,1.670
16.403,1.692
16.858,1.609
17.004,1.594
20.442,1.606
29.425,1.704
16.449,1.714
16.820,1.639
16.875,1.639
20.502,1.620
29.291,1.779
16.641,1.744
16.696,1.646
17.057,1.593
20.433,1.580
29.331,1.739
16.609,1.714
16.791,1.595
16.408,1.669
21.013,1.644
29.150,1.711
16.737,1.737
16.660,1.635
16.974,1.580
20.493,1.593
29.252,1.621
16.627,1.698
16.720,1.668
18.740,1.591
18.732,1.588
29.380,1.609
16.525,1.693
16.708,1.584
17.184,1.685
20.270,1.661
29.407,1.609
16.410,1.692
16.801,1.616
16.503,1.617
20.929,1.719
29.287,1.739
16.684,1.753
16.656,1.603
17.158,1.570
20.355,1.661
29.224,1.722
16.647,1.730
16.729,1.593
17.102,1.562
20.335,1.569
29.439,1.743
16.424,1.697
16.779,1.610
17.078,1.614
20.427,1.596
29.355,1.684
16.534,1.683
16.729,1.648
16.464,1.588
20.936,1.599
29.244,1.675
16.600,1.700
16.779,1.592
17.199,1.608
16.399,1.573
20.514,1.661
29.259,1.626
16.750,1.768
16.678,1.652
17.035,1.661
20.491,1.697
29.153,1.707
16.635,1.729
33.387,1.560
16.608,1.560
16.802,1.574
17.131,1.581
16.019,1.647
22.840,1.691
27.454,1.592
16.580,1.784
16.922,1.512
16.470,1.582
17.000,1.614
16.072,1.643
21.084,1.651
29.305,1.661
17.167,1.756
16.677,1.575
16.693,1.617
16.411,1.601
20.524,1.692
29.208,1.728
16.708,1.673
16.687,1.523
17.268,1.582
20.151,1.604
29.238,1.697
16.667,1.718
16.719,1.536
17.173,1.572
20.271,1.596
29.374,1.594
16.538,1.689
16.717,1.648
17.012,1.618
20.450,1.713
29.461,1.665
16.382,1.725
16.653,1.625
17.079,1.597
20.447,1.661
29.399,1.588
16.607,1.740
16.737,1.570
20.656,1.617
29.347,1.741
16.669,1.781
16.704,1.674
20.876,1.709
29.069,1.659
16.694,1.797
33.344,1.602
16.618,1.602
16.830,1.519
17.053,1.644
20.386,1.566
29.112,1.699
18.840,1.728
31.333,1.710
17.217,1.710
16.075,1.538
17.127,1.600
16.760,1.583
15.934,1.567
21.077,1.669
29.097,1.743
16.818,1.759
16.682,1.574
17.249,1.730
16.459,1.586
16.040,1.630
21.034,1.605
29.213,1.735
16.737,1.737
16.795,1.517
17.099,1.610
15.997,1.597
20.968,1.589
29.297,1.614
16.685,1.760
16.501,1.533
17.402,1.581
15.899,1.615
21.006,1.592
29.232,1.691
16.713,1.772
16.674,1.552
16.502,1.714
17.088,1.629
20.533,1.536
29.238,1.609
16.656,1.691
16.720,1.544
17.241,1.658
20.181,1.588
29.360,1.753
16.643,1.767
17.389,1.658
16.246,1.676
20.504,1.634
29.237,1.633
16.543,1.712
16.738,1.592
17.057,1.591
20.450,1.608
29.301,1.662
16.526,1.718
17.449,1.686
22.016,1.607
27.344,1.772
16.667,1.713
33.434,1.604
16.555,1.604
17.377,1.580
15.814,1.539
21.075,1.599
29.251,1.751
16.602,1.734
33.432,1.549
16.651,1.549
17.303,1.506
16.564,1.682
16.445,1.661
20.530,1.594
29.216,1.793
16.671,1.708
33.378,1.601
16.696,1.601
16.727,1.544
17.191,1.660
16.575,1.659
15.953,1.600
16.675,1.577
21.108,1.610
29.292,1.836
16.540,1.836
16.827,1.528
17.242,1.590
16.509,1.531
16.487,1.623
20.490,1.604
29.053,1.715
16.857,1.715
33.454,1.640
17.413,1.640
16.533,1.612
16.533,1.600
16.534,1.570
16.716,1.623
15.973,1.616
21.054,1.596
29.204,1.685
16.762,1.761
16.694,1.561
17.249,1.663
16.535,1.569
16.730,1.619
20.302,1.619
44.214,1.702
16.658,1.702
35.059,1.585
16.679,1.585
16.802,1.524
17.178,1.615
16.468,1.564
16.671,1.590
20.449,1.660
29.300,1.692
16.512,1.749
16.836,1.560
17.134,1.660
16.497,1.629
20.474,1.672
29.179,1.675
16.646,1.706
16.811,1.624
17.104,1.603
20.317,1.605
29.456,1.712
16.356,1.687
16.842,1.566
17.036,1.625
20.343,1.636
29.348,1.625
16.659,1.739
16.741,1.594
16.897,1.620
20.320,1.662
29.619,1.594
16.490,1.734
16.671,1.578
20.830,1.610
29.122,1.753
16.737,1.726
16.979,1.587
16.730,1.687
20.466,1.739
29.246,1.692
16.704,1.766
16.868,1.617
16.811,1.648
20.389,1.695
29.354,1.608
16.640,1.739
16.688,1.583
20.800,1.593
29.160,1.688
18.546,1.706
14.907,1.622
16.948,1.615
20.427,1.637
29.290,1.668
16.777,1.775
16.659,1.554
16.999,1.671
20.459,1.622
29.213,1.673
17.414,1.705
16.653,1.641
16.337,1.613
20.437,1.608
29.323,1.611
16.570,1.765
16.715,1.591
16.507,1.619
21.001,1.631
29.119,1.710
16.750,1.752
16.721,1.543
17.160,1.592
20.304,1.647
29.314,1.694
16.594,1.744
16.678,1.607
17.169,1.577
20.380,1.601
29.378,1.650
16.378,1.705
16.797,1.564
17.048,1.582
20.370,1.604
29.168,1.743
16.783,1.711
16.808,1.526
17.111,1.665
20.373,1.671
29.143,1.707
16.680,1.767
16.700,1.606
17.237,1.568
20.140,1.576
29.278,1.670
16.651,1.746
33.344,1.617
16.696,1.617
33.304,1.631
18.954,1.679
14.476,1.631
16.870,1.613
17.023,1.631
16.023,1.668
20.976,1.615
29.133,1.610
16.706,1.759
16.729,1.683
17.212,1.608
20.302,1.580
29.185,1.700
16.674,1.709
16.655,1.546
17.183,1.553
20.345,1.586
29.182,1.685
16.725,1.708
16.726,1.516
17.049,1.582
20.467,1.605
29.101,1.614
16.738,1.706
16.726,1.649
17.040,1.607
20.357,1.635
29.325,1.647
16.634,1.717
16.774,1.647
20.772,1.601
29.280,1.730
16.568,1.738
16.725,1.613
20.756,1.700
29.216,1.681
16.654,1.752
16.895,1.585
20.773,1.637
29.189,1.807
16.676,1.772
16.658,1.626
20.819,1.626
29.132,1.674
16.695,1.692
16.748,1.587
20.792,1.688
29.267,1.711
16.589,1.711
16.913,1.583
16.269,1.597
23.271,1.668
26.985,1.686
16.530,1.781
16.847,1.629
16.886,1.634
20.421,1.686
29.406,1.727
17.273,1.797
15.966,1.586
20.891,1.619
29.221,1.692
16.677,1.743
16.720,1.537
16.966,1.586
20.427,1.642
29.294,1.730
16.651,1.773
16.737,1.543
16.971,1.668
20.367,1.753
29.292,1.719
17.514,1.681
15.952,1.694
20.745,1.574
29.241,1.578
17.349,1.752
15.994,1.612
20.874,1.595
29.251,1.637
16.579,1.752
16.778,1.663
20.762,1.590
29.207,1.667
16.635,1.725
17.698,1.648
19.952,1.696
29.140,1.685
16.686,1.798
33.363,1.594
17.399,1.594
16.717,1.648
16.253,1.539
20.406,1.584
29.333,1.706
16.631,1.715
16.687,1.614
16.499,1.590
20.974,1.567
29.185,1.606
18.517,1.728
15.531,1.659
16.397,1.613
20.491,1.617
29.230,1.740
16.565,1.695
16.965,1.676
16.366,1.576
20.903,1.621
29.264,1.689
16.661,1.710
16.701,1.650
17.001,1.617
20.419,1.629
29.243,1.616
16.678,1.745
16.754,1.539
16.491,1.613
20.949,1.622
29.254,1.655
16.620,1.705
16.749,1.620
16.952,1.590
20.450,1.687
29.442,1.608
16.634,1.727
16.625,1.601
20.798,1.685
29.407,1.678
16.487,1.741
16.695,1.643
16.917,1.593
20.320,1.645
29.413,1.674
16.619,1.727
17.773,1.632
15.982,1.694
20.471,1.676
29.288,1.689
16.651,1.781
16.715,1.643
20.794,1.596
29.370,1.680
16.479,1.693
16.751,1.641
20.803,1.597
29.165,1.746
16.717,1.677
33.435,1.618
18.620,1.618
15.337,1.563
16.238,1.594
20.568,1.578
29.232,1.632
16.705,1.698
16.834,1.599
16.347,1.587
21.006,1.647
29.301,1.730
17.260,1.799
16.076,1.566
16.883,1.596
20.516,1.603
29.222,1.606
16.694,1.700
16.894,1.644
16.885,1.579
20.392,1.614
29.197,1.631
16.753,1.689
16.691,1.512
16.948,1.600
20.505,1.599
29.319,1.587
16.591,1.733
16.710,1.583
17.069,1.695
20.282,1.681
29.378,1.697
16.584,1.787
16.694,1.650
20.886,1.679
29.109,1.682
16.727,1.747
17.594,1.559
19.956,1.640
29.253,1.775
16.555,1.749
16.705,1.655
20.868,1.577
29.235,1.631
16.667,1.757
16.710,1.580
16.916,1.597
20.468,1.647
29.318,1.675
17.264,1.801
16.112,1.581
16.934,1.584
22.154,1.633
27.559,1.682
16.653,1.731
16.767,1.667
20.788,1.601
29.355,1.785
16.439,1.736
16.807,1.587
20.822,1.611
29.193,1.598
16.597,1.707
16.826,1.520
17.059,1.597
20.366,1.600
29.240,1.600
16.675,1.759
16.702,1.525
17.053,1.588
20.351,1.686
29.326,1.700
16.524,1.728
16.831,1.584
17.078,1.615
20.321,1.677
29.359,1.717
16.532,1.762
16.812,1.591
17.123,1.598
20.292,1.641
29.459,1.694
16.501,1.717
16.604,1.590
16.595,1.578
20.824,1.706
29.617,1.597
17.215,1.797
16.644,1.670
16.336,1.688
20.313,1.675
29.289,1.673
17.336,1.726
15.978,1.559
20.882,1.680
29.345,1.681
16.581,1.705
16.681,1.667
20.786,1.565
29.234,1.689
16.671,1.722
18.464,1.582
14.709,1.656
20.916,1.635
29.336,1.760
16.506,1.725
16.773,1.585
16.523,1.612
20.930,1.687
29.366,1.801
17.287,1.748
16.055,1.619
20.800,1.629
29.174,1.707
16.710,1.753
16.745,1.649
16.904,1.663
20.475,1.638
29.234,1.590
16.709,1.752
16.712,1.587
17.015,1.561
20.373,1.572
29.373,1.667
16.610,1.760
16.719,1.578
16.906,1.612
20.490,1.642
29.365,1.672
16.615,1.758
16.667,1.659
20.817,1.614
29.221,1.672
16.673,1.774
17.586,1.654
19.991,1.618
29.318,1.773
16.501,1.845
16.612,1.601
17.099,1.610
20.481,1.596
29.181,1.643
17.401,1.789
16.613,1.572
20.213,1.613
29.316,1.698
16.506,1.728
16.757,1.619
20.866,1.630
29.203,1.701
18.177,1.717
15.065,1.649
20.955,1.631
29.227,1.686
16.472,1.727
16.846,1.553
20.810,1.646
29.419,1.658
17.050,1.754
16.075,1.628
20.803,1.652
29.255,1.575
17.372,1.718
16.032,1.697
20.740,1.612
29.421,1.679
17.063,1.744
16.820,1.662
20.133,1.642
29.241,1.695
17.259,1.716
16.247,1.659
20.651,1.594
29.226,1.712
16.608,1.769
16.754,1.598
20.823,1.601
29.281,1.688
16.524,1.731
16.902,1.605
20.710,1.602
29.200,1.582
16.660,1.701
17.570,1.633
19.932,1.672
29.459,1.797
16.490,1.864
16.644,1.709
20.866,1.635
29.155,1.678
16.683,1.705
16.725,1.579
17.023,1.618
20.399,1.662
29.453,1.660
16.549,1.739
16.661,1.582
17.062,1.593
20.386,1.601
44.192,1.662
16.691,1.662
18.435,1.590
17.191,1.641
15.911,1.629
21.010,1.644
29.424,1.809
16.487,1.809
16.628,1.723
17.190,1.599
16.042,1.680
21.020,1.582
29.218,1.782
16.658,1.683
16.731,1.508
17.259,1.610
15.866,1.612
20.997,1.619
29.321,1.652
17.168,1.722
16.114,1.581
17.137,1.623
20.361,1.577
29.334,1.757
16.590,1.724
16.682,1.507
17.233,1.604
20.272,1.607
29.243,1.614
16.642,1.724
16.659,1.599
17.182,1.605
20.270,1.588
29.401,1.663
16.652,1.795
16.648,1.684
16.948,1.689
20.511,1.694
29.208,1.587
16.632,1.727
16.656,1.558
16.899,1.603
20.587,1.665
29.271,1.606
16.608,1.724
33.441,1.606
16.707,1.606
17.292,1.653
15.798,1.611
20.946,1.621
44.301,1.693
16.697,1.693
18.462,1.513
17.169,1.578
15.825,1.583
21.147,1.573
29.149,1.738
16.706,1.707
33.311,1.686
16.762,1.686
16.663,1.601
17.145,1.650
15.939,1.585
21.005,1.619
29.470,1.685
16.326,1.827
16.875,1.632
17.287,1.623
15.870,1.679
20.994,1.621
29.443,1.735
16.427,1.735
16.682,1.607
17.226,1.577
15.948,1.644
21.004,1.610
29.143,1.709
16.820,1.695
16.912,1.517
17.046,1.630
15.819,1.597
20.959,1.609
29.444,1.726
16.623,1.797
16.669,1.690
17.106,1.639
20.352,1.566
29.187,1.670
16.697,1.729
16.708,1.745
16.993,1.613
20.452,1.642
29.157,1.598
16.673,1.708
16.748,1.599
17.091,1.600
20.344,1.607
29.306,1.586
16.677,1.730
16.692,1.657
22.504,1.669
27.541,1.688
16.652,1.696
16.675,1.593
16.895,1.606
20.352,1.674
29.424,1.619
16.760,1.703
16.653,1.649
17.161,1.618
20.323,1.624
29.241,1.632
16.742,1.703
16.565,1.658
17.030,1.657
20.423,1.691
29.481,1.695
16.549,1.699
16.649,1.655
20.786,1.618
29.421,1.763
16.493,1.729
16.736,1.556
17.024,1.593
20.419,1.604
29.238,1.627
16.713,1.821
16.724,1.516
17.059,1.589
20.306,1.633
29.233,1.606
16.790,1.767
16.787,1.604
16.959,1.616
20.397,1.690
29.214,1.637
16.636,1.717
16.730,1.563
17.020,1.674
20.445,1.608
29.215,1.636
16.581,1.676
16.826,1.688
17.193,1.683
20.219,1.688
29.404,1.703
16.578,1.694
16.663,1.675
17.072,1.689
20.371,1.608
44.229,1.724
16.701,1.724
18.494,1.580
17.160,1.567
16.432,1.632
16.850,1.585
15.871,1.595
21.052,1.614
29.215,1.666
16.687,1.837
16.787,1.535
17.172,1.592
15.975,1.656
20.924,1.627
29.271,1.603
16.572,1.755
16.912,1.706
16.709,1.582
16.800,1.582
20.504,1.558
29.253,1.702
16.669,1.784
16.722,1.563
17.275,1.607
16.495,1.594
20.311,1.570
29.301,1.731
16.579,1.733
16.788,1.661
17.087,1.570
20.361,1.620
29.367,1.676
16.578,1.740
17.435,1.598
16.512,1.696
20.214,1.656
29.253,1.730
16.616,1.696
16.730,1.572
17.060,1.556
20.419,1.615
29.206,1.683
16.648,1.717
16.687,1.645
17.007,1.612
20.461,1.699
29.274,1.606
16.646,1.704
16.698,1.654
17.181,1.650
20.310,1.615
44.226,1.670
16.721,1.670
18.378,1.512
17.382,1.696
16.367,1.586
20.375,1.585
29.347,1.700
16.596,1.796
16.652,1.539
16.883,1.627
17.006,1.576
20.278,1.657
29.268,1.653
16.662,1.787
16.702,1.615
17.196,1.586
16.548,1.605
20.391,1.594
29.293,1.747
16.599,1.766
16.731,1.520
17.141,1.574
15.949,1.673
21.010,1.648
29.266,1.809
16.569,1.750
16.833,1.523
17.390,1.649
16.291,1.664
20.395,1.592
44.198,1.692
16.724,1.692
18.516,1.740
17.058,1.631
16.538,1.589
20.446,1.610
29.392,1.678
16.606,1.829
16.638,1.609
17.172,1.593
16.454,1.622
16.171,1.615
20.980,1.614
29.255,1.729
16.681,1.723
16.651,1.526
16.709,1.653
16.470,1.602
20.970,1.609
29.242,1.652
18.443,1.708
15.616,1.552
16.509,1.620
15.867,1.588
21.218,1.632
29.293,1.779
17.185,1.740
16.044,1.561
17.120,1.609
20.387,1.595
29.162,1.652
16.622,1.742
16.804,1.515
17.164,1.600
20.236,1.618
29.315,1.695
16.669,1.720
16.670,1.639
16.563,1.599
20.884,1.632
29.253,1.642
16.614,1.739
16.796,1.634
17.109,1.589
20.387,1.595
29.334,1.757
16.449,1.767
16.733,1.622
17.248,1.593
20.268,1.588
29.327,1.692
16.665,1.772
16.696,1.667
16.925,1.668
20.421,1.647
29.304,1.704
16.659,1.706
16.697,1.602
17.182,1.599
20.277,1.657
29.239,1.635
16.645,1.790
16.721,1.522
17.152,1.598
20.300,1.586
29.236,1.701
16.694,1.725
16.712,1.638
17.222,1.605
16.441,1.630
20.429,1.619
44.234,1.711
16.706,1.711
18.415,1.630
17.202,1.533
16.642,1.652
15.849,1.664
21.044,1.640
29.545,1.728
17.025,1.728
16.147,1.520
16.623,1.653
17.088,1.624
16.063,1.574
20.976,1.612
29.277,1.771
16.683,1.721
16.633,1.503
17.464,1.664
16.409,1.580
20.419,1.630
29.221,1.637
16.612,1.688
16.871,1.668
16.972,1.582
20.321,1.601
29.329,1.660
16.538,1.766
16.766,1.595
17.159,1.661
20.396,1.676
29.346,1.690
16.407,1.801
16.729,1.595
17.019,1.643
20.448,1.680
29.271,1.599
16.671,1.728
16.671,1.589
17.067,1.607
20.402,1.617
29.427,1.594
16.506,1.738
16.693,1.581
16.449,1.642
20.939,1.597
29.514,1.817
16.449,1.753
16.755,1.559
17.034,1.586
20.369,1.714
44.227,1.658
16.806,1.658
18.936,1.566
16.553,1.575
16.400,1.664
20.531,1.634
29.221,1.635
16.681,1.687
16.712,1.541
17.189,1.569
15.950,1.553
21.018,1.618
29.204,1.759
16.619,1.705
17.006,1.628
16.988,1.681
15.860,1.730
21.066,1.586
29.389,1.762
16.554,1.710
16.733,1.525
17.168,1.559
16.440,1.565
20.431,1.608
29.429,1.675
16.399,1.768
16.833,1.513
17.017,1.602
16.728,1.572
20.508,1.678
29.245,1.660
16.558,1.857
16.714,1.610
17.018,1.612
20.434,1.702
29.356,1.675
16.576,1.739
16.697,1.627
17.162,1.601
20.302,1.595
29.223,1.686
16.681,1.700
16.703,1.586
17.156,1.672
20.356,1.586
29.138,1.635
16.728,1.832
16.714,1.585
17.159,1.652
16.509,1.566
20.396,1.621
44.269,1.683
16.704,1.683
19.059,1.614
16.488,1.652
15.928,1.648
21.078,1.599
29.131,1.706
17.346,1.706
16.124,1.539
16.577,1.675
17.277,1.628
16.390,1.689
20.581,1.665
29.375,1.680
16.534,1.876
16.559,1.517
17.315,1.614
15.959,1.605
16.627,1.581
21.080,1.588
29.359,1.784
17.114,1.698
16.144,1.610
17.079,1.590
20.321,1.700
29.263,1.632
16.686,1.861
17.024,1.558
16.614,1.644
16.760,1.607
20.555,1.699
29.119,1.719
16.594,1.694
16.748,1.519
16.680,1.643
20.899,1.620
29.147,1.714
16.692,1.724
16.702,1.726
17.138,1.645
20.325,1.620
29.241,1.662
16.668,1.743
16.737,1.593
17.069,1.670
20.436,1.593
29.086,1.658
16.730,1.724
33.466,1.633
16.602,1.633
18.542,1.558
15.133,1.622
16.582,1.679
20.597,1.604
29.368,1.806
16.533,1.722
16.701,1.623
17.171,1.607
20.283,1.602
29.256,1.617
16.671,1.882
16.711,1.615
17.153,1.626
15.978,1.632
21.005,1.562
29.151,1.675
16.756,1.707
16.725,1.574
17.166,1.664
16.428,1.609
20.522,1.580
29.381,1.704
16.512,1.731
17.532,1.546
16.378,1.579
16.370,1.673
20.545,1.667
29.332,1.599
16.677,1.757
17.460,1.589
16.411,1.618
20.310,1.623
29.180,1.787
16.748,1.719
16.614,1.643
17.073,1.608
20.399,1.622
29.344,1.615
16.561,1.732
16.722,1.591
16.987,1.628
20.482,1.580
29.216,1.607
16.674,1.749
16.713,1.584
17.009,1.618
20.396,1.794
29.302,1.678
16.654,1.715
16.712,1.614
16.931,1.670
22.522,1.708
27.279,1.574
16.685,1.743
16.685,1.574
17.026,1.669
20.400,1.598
29.251,1.576
16.667,1.713
16.705,1.582
17.187,1.562
20.307,1.632
29.243,1.637
16.486,1.741
16.906,1.649
16.991,1.627
20.445,1.672
29.385,1.577
16.461,1.737
16.760,1.628
17.067,1.621
20.497,1.647
29.145,1.692
16.670,1.718
16.826,1.723
17.148,1.606
20.186,1.598
29.267,1.674
16.764,1.792
16.892,1.665
16.965,1.636
20.177,1.568
29.032,1.681
16.870,1.754
16.729,1.577
16.648,1.555
17.004,1.643
20.485,1.675
29.203,1.636
16.692,1.735
16.741,1.581
16.632,1.586
17.030,1.704
20.428,1.639
29.149,1.682
16.781,1.700
16.733,1.529
16.530,1.575
17.212,1.626
20.376,1.595
29.150,1.658
18.530,1.778
15.121,1.545
16.988,1.628
16.488,1.589
20.429,1.611
29.321,1.625
16.644,1.733
16.728,1.613
17.076,1.600
20.364,1.628
29.396,1.679
16.455,1.730
16.717,1.624
20.701,1.646
29.325,1.695
16.629,1.716
16.720,1.596
17.073,1.620
20.403,1.700
29.325,1.765
16.663,1.724
16.689,1.616
20.793,1.632
29.261,1.614
16.616,1.709
16.655,1.595
20.909,1.614
29.262,1.696
17.483,1.859
15.889,1.623
20.733,1.602
29.254,1.658
16.592,1.728
16.769,1.643
20.788,1.586
29.213,1.606
16.683,1.758
16.714,1.598
20.744,1.641
29.283,1.587
17.222,1.750
16.140,1.638
20.751,1.663
29.437,1.670
16.473,1.728
16.721,1.633
20.818,1.637
29.225,1.631
16.591,1.702
48.415,1.679
16.713,1.679
18.433,1.597
16.927,1.648
20.492,1.595
29.237,1.767
16.652,1.690
16.730,1.600
17.178,1.638
16.419,1.598
20.532,1.629
29.248,1.711
16.647,1.727
16.675,1.656
17.173,1.624
20.338,1.652
29.122,1.671
16.772,1.716
16.896,1.657
17.054,1.598
16.294,1.693
20.571,1.623
29.276,1.596
16.638,1.700
16.937,1.656
16.813,1.663
20.523,1.623
29.358,1.716
16.541,1.782
16.698,1.624
16.964,1.582
20.400,1.700
29.427,1.632
17.164,1.736
16.003,1.606
17.042,1.679
20.386,1.652
29.364,1.712
17.236,1.770
16.143,1.606
16.927,1.586
20.384,1.647
29.338,1.696
16.765,1.751
16.670,1.521
16.932,1.617
20.403,1.666
29.247,1.684
17.402,1.707
17.736,1.606
19.125,1.616
29.205,1.614
17.227,1.737
16.195,1.523
20.713,1.640
29.499,1.580
16.550,1.735
16.630,1.647
20.766,1.597
29.345,1.695
17.267,1.727
16.003,1.574
20.803,1.665
29.211,1.656
17.284,1.762
16.012,1.641
20.842,1.612
29.257,1.666
17.285,1.751
16.099,1.591
20.775,1.661
29.161,1.641
16.785,1.722
16.525,1.580
21.068,1.621
29.157,1.678
17.329,1.812
16.611,1.582
20.124,1.689
29.214,1.598
16.673,1.752
16.770,1.703
20.792,1.623
29.301,1.716
16.761,1.747
16.618,1.604
20.707,1.591
29.215,1.686
16.683,1.699
16.758,1.602
16.920,1.611
20.408,1.675
29.341,1.603
17.250,1.723
16.105,1.637
17.016,1.619
20.421,1.676
29.277,1.691
18.424,1.691
14.963,1.652
20.826,1.660
29.204,1.761
16.643,1.738
16.615,1.610
17.060,1.605
20.387,1.696
29.354,1.592
16.666,1.677
16.727,1.641
16.950,1.600
20.444,1.660
29.300,1.705
16.563,1.702
16.825,1.646
16.877,1.612
20.546,1.658
29.317,1.704
16.618,1.712
17.507,1.683
20.032,1.620
29.144,1.737
16.703,1.699
17.652,1.638
20.002,1.717
29.131,1.755
16.578,1.807
16.863,1.644
20.841,1.669
29.105,1.802
16.677,1.724
16.683,1.678
20.765,1.646
29.288,1.707
17.202,1.692
16.153,1.631
16.930,1.699
20.418,1.632
29.365,1.711
16.638,1.757
16.710,1.615
17.022,1.665
20.394,1.692
29.227,1.689
17.280,1.697
16.142,1.663
16.885,1.615
20.499,1.624
29.250,1.650
18.810,1.813
15.396,1.544
20.049,1.667
29.296,1.708
16.506,1.826
16.841,1.609
20.740,1.652
29.242,1.716
17.272,1.710
16.099,1.595
20.849,1.623
29.360,1.732
16.470,1.762
16.696,1.650
20.796,1.612
29.303,1.706
17.222,1.686
16.099,1.688
20.699,1.664
29.436,1.799
17.200,1.651
16.028,1.638
20.733,1.687
29.467,1.576
17.181,1.748
16.066,1.681
20.854,1.620
29.277,1.697
16.509,1.697
16.668,1.635
20.857,1.624
29.274,1.652
16.562,1.779
16.778,1.619
20.804,1.618
29.132,1.710
17.354,1.790
16.139,1.719
20.809,1.621
29.228,1.595
16.549,1.739
17.529,1.652
20.032,1.598
29.346,1.700
16.487,1.724
16.790,1.568
20.827,1.653
29.242,1.619
18.369,1.731
14.930,1.614
20.828,1.640
29.223,1.608
16.663,1.747
16.737,1.627
16.373,1.604
21.008,1.721
29.356,1.725
17.243,1.713
16.093,1.584
20.809,1.648
29.163,1.596
16.694,1.719
16.731,1.641
16.918,1.678
20.450,1.785
29.309,1.680
17.265,1.698
16.114,1.608
17.027,1.658
20.363,1.677
29.285,1.587
16.669,1.716
17.655,1.646
15.680,1.622
20.765,1.788
29.473,1.735
17.270,1.625
16.620,1.619
20.155,1.659
29.391,1.649
16.518,1.715
16.701,1.595
20.814,1.644
29.222,1.663
16.627,1.721
16.729,1.620
20.806,1.673
29.387,1.627
16.482,1.721
16.737,1.647
20.766,1.660
29.254,1.578
16.596,1.742
16.781,1.633
20.773,1.648
29.222,1.614
16.617,1.735
18.652,1.592
18.835,1.663
29.505,1.690
16.467,1.715
16.725,1.602
20.732,1.679
29.308,1.638
16.625,1.719
16.727,1.640
20.753,1.672
29.328,1.662
16.640,1.695
16.667,1.643
20.793,1.669
29.250,1.759
17.055,1.759
16.300,1.630
20.800,1.612
29.362,1.771
16.486,1.700
16.769,1.599
20.808,1.671
29.097,1.709
16.759,1.787
16.787,1.595
16.977,1.661
20.352,1.662
29.551,1.611
16.511,1.669
16.643,1.613
20.775,1.646
29.173,1.747
16.565,1.733
16.873,1.696
20.750,1.690
29.273,1.740
16.658,1.677
16.774,1.654
16.870,1.581
20.452,1.693
29.397,1.670
16.620,1.700
16.685,1.530
20.791,1.681
29.226,1.686
16.654,1.709
16.620,1.581
17.006,1.579
20.487,1.653
44.280,1.620
16.682,1.620
19.057,1.544
16.401,1.684
20.376,1.666
29.255,1.596
16.680,1.669
16.712,1.592
17.097,1.654
20.332,1.633
29.309,1.716
16.687,1.703
16.649,1.587
17.188,1.631
20.287,1.683
29.391,1.594
16.424,1.653
16.805,1.588
16.903,1.619
20.436,1.742
29.358,1.742
16.689,1.724
17.576,1.618
19.988,1.647
29.196,1.757
16.600,1.811
16.747,1.627
20.781,1.625
29.411,1.775
17.123,1.750
16.059,1.604
20.785,1.619
29.353,1.605
16.558,1.815
16.721,1.646
20.777,1.649
29.231,1.719
17.258,1.707
16.118,1.637
20.759,1.694
29.370,1.721
16.607,1.721
16.630,1.615
20.936,1.681
29.092,1.649
17.246,1.776
16.144,1.619
20.853,1.698
44.200,1.687
16.642,1.687
18.444,1.593
16.374,1.636
20.967,1.697
29.361,1.652
16.623,1.702
16.679,1.542
17.079,1.602
20.365,1.626
44.238,1.602
16.688,1.602
35.160,1.648
16.578,1.648
33.364,1.640
16.575,1.640
33.472,1.621
16.680,1.621
33.474,1.673
16.630,1.673
33.293,1.699
16.701,1.699
33.354,1.555
16.589,1.555
33.510,1.512
16.563,1.512
33.381,1.500
16.652,1.500
33.517,1.487
16.502,1.487
33.446,1.496
16.645,1.496
33.409,1.531
16.712,1.531
17.208,1.531
16.105,1.563
17.142,1.656
16.176,1.650
17.226,1.696
16.094,1.661
17.184,1.635
16.864,1.670
16.069,1.674
16.602,1.721
16.738,1.610
18.111,1.739
15.178,1.602
16.768,1.565
17.219,1.548
16.044,1.604
16.840,1.626
17.204,1.578
16.281,1.558
20.610,1.594
29.267,1.611
16.560,1.709
16.792,1.584
20.757,1.676
29.249,1.586
16.673,1.742
17.443,1.642
19.950,1.657
29.326,1.753
16.548,1.655
20.947,1.712
28.953,1.693
21.053,1.737
29.331,1.689
20.836,1.744
29.184,1.758
20.675,2.304
29.330,1.703
25.065,1.764
39.887,1.725
16.721,1.851
22.510,1.631
29.186,1.650
20.849,1.745
29.332,1.702
16.935,1.731
28.888,1.663
35.728,1.711
16.730,1.711
22.534,1.651
29.175,1.663
16.795,1.702
17.174,1.625
28.554,1.727
20.820,1.664
16.789,1.747
23.289,1.684
26.713,1.691
17.267,1.523
20.393,1.643
29.031,1.668
16.713,1.639
16.733,1.615
20.662,1.701
29.343,1.715
17.270,1.546
16.726,1.686
28.501,1.794
20.849,1.525
16.746,1.574
20.780,1.690
29.302,1.694
17.321,1.649
15.989,1.639
20.694,1.667
29.227,1.656
17.379,1.548
20.414,1.625
29.106,1.660
17.201,1.647
16.025,1.689
29.197,1.749
21.382,1.522
16.246,1.521
20.701,1.729
29.248,1.713
17.257,1.552
20.450,1.628
29.044,1.788
17.287,1.570
20.381,1.597
29.017,1.774
17.504,1.524
20.219,1.657
28.998,1.680
17.464,1.600
20.220,1.615
29.046,1.636
17.471,1.611
16.470,1.635
28.645,1.728
20.828,1.667
18.412,1.644
19.017,1.727
29.298,1.652
16.628,1.679
20.928,1.685
29.129,1.682
17.343,1.509
20.354,1.591
29.235,1.749
17.144,1.631
16.538,1.538
28.647,1.652
20.892,1.612
17.308,1.659
20.077,1.754
29.361,1.624
17.143,1.633
20.382,1.678
29.113,1.661
17.133,1.525
20.670,1.519
28.989,1.660
17.555,1.647
20.097,1.665
29.062,1.740
17.362,1.613
15.942,1.606
29.110,1.772
20.906,1.600
16.753,1.609
20.682,1.710
29.247,1.676
17.317,1.532
20.477,1.585
29.039,1.695
17.196,1.511
20.366,1.652
29.128,1.580
17.490,1.566
20.171,1.649
29.091,1.606
16.680,1.581
17.185,1.613
28.637,1.650
20.800,1.512
16.784,1.629
22.161,1.674
27.861,1.712
17.151,1.622
20.358,1.703
29.174,1.690
17.261,1.585
20.352,1.660
29.089,1.720
17.385,1.518
20.312,1.579
29.244,1.602
17.201,1.586
20.253,1.612
29.066,1.773
17.539,1.563
16.345,1.637
28.614,1.727
20.938,1.522
16.594,1.646
20.911,1.725
29.373,1.645
16.419,1.676
21.007,1.680
29.111,1.658
17.260,1.627
20.264,1.712
29.267,1.731
17.155,1.527
20.180,1.640
29.322,1.673
17.192,1.589
20.329,1.778
29.146,1.810
17.239,1.614
20.152,1.675
29.352,1.694
17.212,1.623
20.261,1.591
29.263,1.658
17.114,1.612
20.339,1.703
29.310,1.690
17.161,1.518
20.419,1.656
29.288,1.675
19.187,1.567
18.290,1.669
29.063,1.675
17.239,1.518
20.436,1.659
29.033,1.654
17.224,1.505
20.452,1.658
29.013,1.729
17.389,1.590
16.428,1.556
28.775,1.728
20.753,1.621
17.401,1.612
28.416,1.781
20.900,1.608
16.789,1.604
20.721,1.679
29.246,1.683
16.667,1.652
21.019,1.701
29.142,1.664
17.110,1.605
20.310,1.711
29.285,1.678
17.229,1.528
20.374,1.620
29.063,1.680
17.254,1.587
20.401,1.639
29.210,1.645
17.251,1.531
20.297,1.616
29.242,1.643
17.012,1.530
20.403,1.601
29.089,1.684
17.236,1.544
20.431,1.606
29.184,1.673
17.125,1.516
20.441,1.559
28.995,1.715
17.470,1.543
20.250,1.605
28.982,1.676
18.489,1.566
14.850,1.619
29.192,1.621
35.864,1.631
16.697,1.631
18.922,1.526
20.189,1.779
29.494,1.616
17.036,1.520
20.468,1.621
29.015,1.723
17.344,1.545
16.588,1.628
28.554,1.818
21.017,1.531
16.623,1.634
20.657,1.780
29.456,1.642
17.164,1.531
20.489,1.600
29.101,1.653
17.361,1.679
16.432,1.618
28.571,1.731
20.896,1.520
16.710,1.611
29.142,1.718
20.855,1.535
16.699,1.637
20.712,1.696
29.357,1.616
16.539,1.585
29.350,1.724
35.732,1.687
16.717,1.687
18.803,1.497
24.660,1.766
25.116,1.633
16.420,1.632
20.962,1.782
29.108,1.647
17.326,1.576
20.374,1.698
29.059,1.663
17.323,1.526
22.071,1.656
27.523,1.702
17.086,1.612
20.371,1.656
29.168,1.761
17.373,1.508
20.167,1.633
29.129,1.630
17.208,1.531
20.446,1.622
29.013,1.560
17.274,1.646
20.377,1.710
29.172,1.685
17.148,1.559
20.140,1.739
29.301,1.671
16.489,1.619
29.496,1.615
35.739,1.733
16.704,1.733
22.529,1.845
29.172,1.767
17.546,1.569
20.301,1.646
29.168,1.664
17.138,1.645
20.297,1.652
29.097,1.633
17.201,1.545
20.438,1.630
29.006,1.640
17.326,1.561
20.402,1.683
29.026,1.642
17.443,1.536
20.179,1.648
29.049,1.693
17.474,1.509
20.228,1.651
29.042,1.768
17.374,1.537
20.279,1.667
29.085,1.780
18.994,1.566
18.581,1.715
29.090,1.701
17.242,1.525
20.373,1.708
29.148,1.673
17.208,1.668
20.359,1.715
29.158,1.644
17.163,1.535
20.200,1.735
29.361,1.733
17.157,1.619
20.331,1.691
29.158,1.603
17.106,1.640
28.728,1.750
35.883,1.740
16.700,1.740
18.917,1.639
24.545,1.777
39.921,1.687
16.687,1.687
18.794,1.528
24.807,1.704
39.783,1.605
16.699,1.605
18.845,1.502
20.259,1.685
29.345,1.661
17.445,1.511
20.220,1.651
28.938,1.619
17.480,1.590
15.999,1.636
29.106,1.731
20.787,1.628
16.762,1.644
29.134,1.739
20.920,1.631
16.776,1.690
29.131,1.725
20.779,1.631
17.435,1.585
30.930,1.733
18.443,1.533
33.285,1.662
16.707,1.727
21.079,1.690
29.148,1.681
17.095,1.519
20.330,1.581
29.152,1.662
17.015,1.657
28.848,1.660
35.776,1.683
16.702,1.724
22.509,1.731
29.199,1.745
17.273,1.586
20.499,1.662
29.214,1.728
17.024,1.599
20.295,1.743
29.121,1.585
16.514,1.649
29.401,1.571
21.501,1.589
20.345,1.625
29.047,1.662
17.284,1.609
20.124,1.698
29.358,1.662
17.150,1.578
28.734,1.767
35.739,1.649
16.729,1.649
22.594,1.592
29.123,1.681
17.413,1.614
16.443,1.598
28.659,1.692
20.874,1.561
17.214,1.647
28.630,1.692
20.863,1.639
20.866,1.617
44.190,1.510
16.702,1.510
18.906,1.649
28.609,1.661
20.833,1.619
17.369,1.597
19.959,1.754
29.403,1.682
17.350,1.688
20.221,1.764
29.249,1.604
17.385,1.534
20.211,1.684
29.052,1.547
16.591,1.522
21.146,1.605
28.918,1.640
17.653,1.580
20.175,1.701
29.045,1.599
17.213,1.650
20.423,1.691
29.001,1.559
17.236,1.503
20.402,1.759
29.576,1.589
16.259,1.608
20.728,1.612
29.220,1.711
17.242,1.541
20.231,1.743
29.229,1.672
17.388,1.536
20.294,1.645
29.198,1.689
17.129,1.543
20.188,1.634
29.204,1.664
17.260,1.528
20.358,1.696
29.134,1.689
17.330,1.624
20.156,1.721
29.277,1.660
17.123,1.638
31.425,1.765
19.377,1.518
32.009,1.633
16.716,1.777
17.392,1.647
28.469,1.733
35.889,1.625
16.779,1.625
18.895,1.570
20.205,1.695
29.433,1.708
17.141,1.545
16.618,1.631
28.573,1.741
35.831,1.509
16.724,1.509
18.945,1.675
20.341,1.696
29.133,1.634
16.632,1.746
16.756,1.643
20.785,1.649
29.261,1.677
17.383,1.687
15.995,1.641
20.742,1.659
29.227,1.648
17.311,1.737
16.274,1.630
20.606,1.651
29.261,1.707
17.427,1.666
16.609,1.589
20.024,1.710
29.372,1.668
17.185,1.669
16.663,1.554
20.109,1.740
29.399,1.664
17.147,1.624
20.424,1.620
29.373,1.688
17.013,1.562
20.288,1.600
29.137,1.662
18.568,1.606
19.064,1.671
29.076,1.581
17.379,1.567
20.339,1.602
29.079,1.566
17.320,1.556
20.295,1.643
29.068,1.700
17.241,1.558
20.416,1.569
29.258,1.722
16.496,1.541
20.997,1.524
43.993,1.588
16.728,1.588
50.033,1.817
16.655,1.817
50.041,1.734
16.677,1.734
35.088,1.706
16.635,1.706
16.777,1.596
20.786,1.599
29.070,1.572
16.717,1.712
33.443,1.598
16.668,1.598
33.537,1.627
16.457,1.627
33.424,1.594
16.605,1.594
33.455,1.617
16.564,1.617
33.515,1.526
16.499,1.526
16.762,1.495
16.765,1.580
17.156,1.632
16.663,1.607
16.645,1.497
16.567,1.571
16.083,1.520
22.985,1.541
27.153,1.792
16.738,1.792
16.769,1.522
17.341,1.640
16.396,1.618
16.558,1.583
20.493,1.611
29.260,1.610
16.691,1.639
16.545,1.646
17.183,1.597
20.350,1.702
29.318,1.690
17.222,1.680
16.164,1.640
20.730,1.676
29.159,1.581
17.360,1.622
16.673,1.620
20.111,1.731
29.362,1.678
16.601,1.634
20.910,1.711
29.213,1.722
16.498,1.653
29.357,1.657
21.434,1.655
20.474,1.651
29.168,1.686
17.068,1.577
20.286,1.646
29.290,1.670
16.406,1.645
29.375,1.685
35.775,1.710
16.718,1.646
22.490,1.665
29.307,1.659
17.404,1.642
16.392,1.590
28.792,1.664
20.689,1.690
17.453,1.665
28.421,1.761
20.845,1.581
18.567,1.639
18.944,1.663
29.284,1.673
17.187,1.499
20.454,1.619
29.035,1.732
16.711,1.644
17.362,1.634
20.039,1.689
29.240,1.682
17.343,1.510
16.676,1.692
28.579,1.689
35.819,1.498
16.723,1.498
18.864,1.639
20.466,1.654
29.151,1.690
16.651,1.801
16.624,1.659
20.830,1.635
29.366,1.571
16.580,1.667
16.677,1.647
20.766,1.648
29.299,1.721
17.273,1.698
16.017,1.677
20.800,1.695
29.256,1.602
16.597,1.696
16.775,1.601
20.791,1.669
29.247,1.659
16.640,1.666
16.714,1.593
20.812,1.667
29.209,1.794
16.656,1.734
16.637,1.623
20.894,1.666
29.220,1.669
17.364,1.630
15.923,1.656
20.866,1.642
29.449,1.580
16.998,1.708
18.025,1.620
18.884,1.657
29.293,1.688
17.299,1.588
16.703,1.643
20.068,1.578
29.350,1.651
17.163,1.519
20.445,1.614
29.252,1.763
17.207,1.697
16.625,1.628
20.146,1.654
29.275,1.578
17.197,1.510
20.407,1.610
29.270,1.593
17.271,1.718
15.994,1.610
20.695,1.669
29.271,1.727
17.199,1.558
20.447,1.656
29.036,1.638
16.746,1.596
17.214,1.617
20.176,1.749
29.352,1.665
17.145,1.623
20.364,1.671
29.190,1.675
17.153,1.522
20.450,1.668
29.265,1.611
16.576,1.693
16.627,1.582
20.788,1.654
29.243,1.692
17.184,1.556
16.704,1.629
20.159,1.661
29.586,1.729
16.993,1.565
16.735,1.525
20.095,1.690
29.307,1.671
17.234,1.554
18.389,1.588
26.867,1.776
20.852,1.691
16.792,1.533
20.752,1.663
29.269,1.771
17.458,1.700
15.910,1.629
20.792,1.624
29.290,1.718
16.544,1.617
16.698,1.638
20.754,1.645
29.217,1.741
17.126,1.627
16.238,1.897
20.830,1.797
29.246,1.699
17.129,1.645
20.506,1.712
29.031,1.608
16.719,1.738
17.061,1.633
20.409,1.701
29.470,1.804
17.560,1.545
19.974,1.643
28.986,1.783
17.334,1.619
20.386,1.638
29.016,1.789
17.475,1.589
16.327,1.725
28.747,1.759
20.849,1.660
17.241,1.621
28.624,1.720
20.807,1.693
17.363,1.657
20.132,1.697
29.250,1.838
17.204,1.543
20.344,1.711
29.251,1.618
17.154,1.679
20.468,1.691
29.092,1.707
19.162,1.619
13.973,1.620
29.417,1.720
35.764,1.649
16.702,1.649
19.009,1.571
20.304,1.545
29.139,1.647
17.261,1.745
16.000,1.639
20.927,1.516
29.265,1.686
17.235,1.716
16.710,1.662
20.137,1.715
29.410,1.791
17.211,1.759
16.092,1.672
20.759,1.614
29.359,1.622
17.145,1.672
16.060,1.703
20.809,1.658
29.220,1.795
16.686,1.638
17.385,1.656
20.118,1.612
29.194,1.587
17.271,1.721
16.116,1.606
20.810,1.785
29.225,1.612
17.334,1.719
16.023,1.751
20.754,1.772
29.276,1.694
17.328,1.589
15.885,1.629
20.896,1.718
29.223,1.694
17.296,1.546
20.446,1.725
29.037,1.799
17.285,1.762
16.813,1.648
20.011,1.687
29.288,1.812
18.997,1.550
14.290,1.666
20.812,1.619
29.403,1.710
17.168,1.502
16.486,1.683
28.736,1.732
35.834,1.517
16.700,1.517
18.323,1.628
20.903,1.666
29.234,1.661
16.689,1.675
16.649,1.618
20.778,1.664
29.508,1.617
17.318,1.759
16.576,1.636
20.121,1.640
29.253,1.655
16.555,1.679
16.733,1.554
20.765,1.666
29.272,1.746
16.560,1.706
16.836,1.559
20.799,1.759
29.249,1.620
16.588,1.687
16.733,1.741
20.880,1.582
29.162,1.636
16.641,1.757
16.716,1.745
20.784,1.627
29.249,1.628
16.642,1.734
16.707,1.628
20.766,1.554
29.202,1.605
16.748,1.688
16.609,1.520
20.869,1.766
29.156,1.662
17.307,1.579
15.951,1.670
20.895,1.810
29.295,1.692
19.001,1.525
18.674,1.664
28.997,1.611
17.467,1.628
16.509,1.738
28.580,1.772
20.830,1.615
16.774,1.573
20.778,1.667
29.171,1.696
17.282,1.526
20.431,1.621
29.034,1.597
17.299,1.593
16.719,1.695
28.560,1.724
20.824,1.668
16.758,1.606
20.716,1.606
29.411,1.813
17.059,1.512
20.420,1.664
29.211,1.800
17.194,1.544
20.421,1.737
29.017,1.537
17.385,1.604
16.422,1.638
28.620,1.773
20.985,1.664
16.721,1.543
20.521,1.583
29.464,1.725
17.257,1.526
20.221,1.610
29.175,1.641
16.725,1.695
16.715,1.530
20.833,1.622
29.135,1.711
16.756,1.645
16.619,1.606
20.785,1.658
29.297,1.605
17.310,1.618
16.083,1.637
20.699,1.720
44.274,1.511
16.703,1.511
18.912,1.690
20.267,1.633
29.235,1.592
16.685,1.769
16.697,1.677
20.763,1.547
29.171,1.635
17.334,1.709
16.062,1.746
20.807,1.643
29.163,1.689
16.772,1.750
16.739,1.598
20.833,1.654
29.162,1.685
16.642,1.718
16.701,1.563
20.779,1.748
29.314,1.691
16.560,1.716
17.482,1.598
20.100,1.633
29.233,1.743
16.627,1.663
16.760,1.614
20.748,1.643
29.460,1.612
16.345,1.706
16.842,1.664
20.764,1.717
29.246,1.663
16.651,1.730
16.743,1.521
20.726,1.685
29.282,1.601
16.665,1.661
16.716,1.675
20.799,1.663
29.156,1.639
16.607,1.710
16.822,1.700
20.810,1.627
29.322,1.652
17.012,1.697
16.416,1.624
20.511,1.721
44.309,1.575
16.721,1.575
19.078,1.770
20.090,1.710
29.358,1.707
16.615,1.704
16.650,1.757
20.785,1.702
29.222,1.741
16.589,1.736
16.808,1.547
20.732,1.764
29.465,1.578
17.123,1.734
16.772,1.626
20.131,1.654
29.366,1.628
17.112,1.707
16.052,1.724
20.815,1.801
29.237,1.672
17.289,1.688
16.060,1.517
20.814,1.732
29.157,1.690
16.729,1.753
16.673,1.645
20.758,1.617
29.430,1.672
17.096,1.597
16.632,1.680
28.660,1.803
20.861,1.580
16.775,1.552
20.744,1.590
29.367,1.726
17.222,1.635
16.010,1.735
20.667,1.576
29.367,1.600
17.206,1.525
20.393,1.651
29.100,1.585
16.762,1.619
17.081,1.660
28.648,1.700
20.945,1.629
18.458,1.610
18.931,1.694
29.262,1.732
17.285,1.506
20.377,1.636
29.078,1.603
17.262,1.627
16.134,1.604
20.711,1.738
29.220,1.724
17.315,1.558
20.395,1.628
29.354,1.702
16.503,1.709
17.309,1.614
20.044,1.687
29.289,1.736
17.192,1.528
20.422,1.565
29.169,1.627
17.088,1.670
16.239,1.612
20.711,1.708
29.280,1.721
17.278,1.628
20.433,1.659
29.030,1.601
17.488,1.701
16.524,1.662
19.941,1.731
29.424,1.671
17.215,1.524
20.484,1.700
29.019,1.579
17.370,1.543
16.388,1.652
28.706,1.699
35.870,1.597
16.722,1.597
18.977,1.589
20.163,1.665
29.471,1.739
17.006,1.604
16.644,1.638
20.228,1.710
29.489,1.637
18.811,1.601
14.812,1.665
28.645,1.746
20.919,1.495
17.612,1.510
19.963,1.669
29.195,1.716
17.283,1.669
16.144,1.622
20.712,1.622
29.354,1.691
17.084,1.575
16.812,1.518
20.142,1.683
29.389,1.677
17.148,1.630
20.346,1.645
29.052,1.773
16.766,1.629
16.672,1.625
20.733,1.768
29.223,1.695
17.267,1.520
16.755,1.651
28.570,1.748
20.858,1.598
16.776,1.506
20.776,1.657
29.385,1.662
17.218,1.736
16.645,1.675
20.005,1.673
29.329,1.701
17.245,1.534
16.648,1.533
28.568,1.790
20.926,1.513
16.666,1.616
20.829,1.534
29.240,1.609
17.236,1.602
16.117,1.633
20.765,1.609
29.169,1.595
17.370,1.540
16.412,1.624
28.810,1.747
20.842,1.543
18.691,1.528
18.843,1.657
29.427,1.733
17.129,1.548
15.910,1.618
20.869,1.770
29.399,1.653
17.074,1.628
20.553,1.631
29.026,1.593
17.255,1.525
16.726,1.647
28.539,1.680
20.876,1.611
16.696,1.566
20.735,1.770
29.299,1.664
17.175,1.541
20.448,1.626
29.059,1.699
17.412,1.643
16.587,1.605
20.149,1.605
29.321,1.666
17.120,1.531
20.474,1.631
29.106,1.693
17.404,1.648
16.573,1.603
20.019,1.735
29.402,1.714
17.130,1.603
20.484,1.607
29.043,1.779
17.450,1.617
16.503,1.628
20.229,1.716
29.240,1.739
17.189,1.536
20.432,1.556
29.045,1.644
16.672,1.580
17.204,1.604
20.093,1.701
29.422,1.689
17.271,1.548
20.427,1.597
44.055,1.576
16.703,1.576
19.009,1.681
20.188,1.732
29.205,1.571
16.689,1.685
16.688,1.658
20.757,1.621
29.263,1.569
16.663,1.720
16.793,1.633
20.799,1.654
29.230,1.655
16.513,1.779
16.793,1.631
20.775,1.663
29.153,1.565
16.792,1.668
16.669,1.645
20.757,1.717
29.272,1.593
16.715,1.661
16.631,1.625
20.817,1.638
29.242,1.686
17.311,1.634
16.118,1.621
20.723,1.655
29.254,1.575
17.247,1.672
16.147,1.642
20.706,1.661
29.303,1.579
17.198,1.687
16.784,1.662
20.090,1.701
29.275,1.709
17.284,1.517
16.622,1.635
20.211,1.740
29.401,1.586
17.173,1.580
20.215,1.592
29.181,1.570
17.605,1.672
16.476,1.666
28.455,1.835
35.876,1.550
16.672,1.550
18.981,1.673
20.104,1.682
29.412,1.624
17.265,1.550
20.135,1.607
29.182,1.836
17.124,1.642
20.517,1.751
29.258,1.669
20.804,1.713
29.190,1.690
17.215,1.679
20.223,1.685
29.316,1.650
16.916,1.540
28.968,1.767
35.683,1.674
16.697,1.630
22.513,1.665
29.301,1.578
17.389,1.635
20.282,1.718
29.018,1.700
17.244,1.582
20.381,1.636
29.068,1.698
17.425,1.615
16.598,1.662
28.468,1.746
20.816,1.730
16.807,1.645
20.774,1.687
29.248,1.753
17.350,1.545
16.459,1.550
20.354,1.742
29.212,1.706
17.264,1.496
16.530,1.644
20.329,1.771
29.261,1.749
17.291,1.527
16.519,1.620
21.871,1.712
27.711,1.632
17.270,1.538
16.848,1.740
20.032,1.680
29.391,1.680
17.163,1.560
20.361,1.650
29.083,1.591
17.311,1.637
16.562,1.595
28.669,1.678
20.851,1.574
17.259,1.621
28.603,1.678
35.797,1.666
16.712,1.666
22.536,1.749
29.233,1.705
16.659,1.695
17.188,1.652
28.601,1.723
20.919,1.704
16.700,1.640
20.794,1.702
29.292,1.640
17.235,1.493
20.408,1.653
29.017,1.709
17.295,1.489
20.370,1.655
29.086,1.682
17.309,1.574
20.287,1.628
29.123,1.710
17.390,1.622
16.573,1.591
28.550,1.761
35.802,1.656
16.699,1.656
18.985,1.603
20.134,1.738
29.320,1.601
17.344,1.539
20.328,1.659
43.995,1.502
16.717,1.502
18.968,1.609
20.207,1.753
29.266,1.615
17.265,1.661
16.087,1.694
20.829,1.639
29.336,1.622
17.152,1.618
16.761,1.673
20.035,1.684
29.240,1.687
17.281,1.561
16.445,1.629
28.771,1.723
20.943,1.591
16.746,1.639
20.793,1.549
29.245,1.675
17.157,1.517
20.459,1.622
29.092,1.643
17.497,1.569
16.179,1.602
28.896,1.743
20.810,1.578
16.501,1.623
29.343,1.672
35.798,1.593
16.735,1.593
18.765,1.490
24.678,1.729
24.982,1.674
17.204,1.606
20.317,1.722
29.368,1.630
17.057,1.628
20.361,1.704
44.043,1.660
16.733,1.660
18.913,1.525
20.199,1.693
29.293,1.669
16.648,1.505
22.881,1.661
27.168,1.662
17.371,1.656
20.246,1.652
29.316,1.639
17.043,1.516
20.374,1.671
29.050,1.666
17.328,1.622
20.226,1.734
29.292,1.711
17.139,1.679
20.189,1.681
29.356,1.672
17.187,1.585
28.718,1.686
35.728,1.631
16.741,1.631
22.421,1.658
29.270,1.702
17.376,1.644
16.544,1.587
28.622,1.713
20.840,1.615
16.541,1.612
29.414,1.708
20.820,1.627
20.912,1.621
29.081,1.635
17.271,1.595
20.293,1.607
29.168,1.612
17.225,1.594
20.325,1.670
29.192,1.636
17.149,1.582
28.739,1.653
35.788,1.579
16.719,1.579
22.574,1.743
29.204,1.643
17.298,1.581
16.469,1.617
28.692,1.635
35.889,1.565
16.733,1.565
34.999,1.579
16.601,1.702
17.178,1.608
28.689,1.623
35.850,1.631
16.727,1.631
18.857,1.622
20.206,1.642
29.392,1.602
17.151,1.544
20.453,1.581
29.034,1.604
17.450,1.529
20.265,1.570
29.033,1.618
17.352,1.569
20.308,1.598
29.036,1.547
17.379,1.578
20.328,1.594
29.036,1.600
17.248,1.568
20.241,1.603
29.270,1.568
17.137,1.599
28.829,1.608
35.653,1.616
16.734,1.616
22.481,1.676
29.234,1.674
17.309,1.539
20.336,1.571
29.068,1.595
16.516,1.600
29.396,1.605
35.762,1.586
16.738,1.700
22.434,1.701
29.297,1.610
16.609,1.517
21.014,1.626
44.019,1.617
16.757,1.617
18.802,1.588
28.764,1.602
20.866,1.582
20.866,1.584
29.186,1.574
16.409,1.604
29.383,1.698
35.813,1.652
16.676,1.679
22.561,1.561
29.226,1.564
17.035,1.568
28.917,1.606
35.698,1.601
18.468,1.597
20.806,1.697
29.202,1.645
20.804,1.614
29.279,1.590
24.987,1.702
25.670,1.650
24.653,1.552
39.651,1.553
16.725,1.640
22.528,1.589
29.244,1.580
25.021,1.710
39.945,1.600
16.703,1.641
26.750,1.691
39.922,1.666
16.720,1.637
26.718,1.652
39.967,1.580
16.715,1.696
26.770,1.522
40.004,1.688
20.412,1.656
23.201,1.596
39.754,1.529
18.741,1.574
28.658,1.582
35.979,1.582
26.913,1.647
39.806,1.628
22.590,1.550
29.326,1.572
29.074,1.574
35.761,1.580
22.575,1.589
29.062,1.562
29.250,1.579
35.891,1.613
18.939,1.536
20.435,1.614
29.029,1.609
16.652,1.679
16.798,1.625
17.018,1.591
20.336,1.591
29.476,1.571
16.497,1.640
16.686,1.716
20.807,1.615
29.408,1.668
16.404,1.674
16.721,1.618
20.877,1.643
29.209,1.532
17.240,1.641
16.132,1.605
20.841,1.706
29.202,1.622
17.380,1.717
15.999,1.582
20.768,1.645
29.240,1.641
17.283,1.574
15.903,1.600
31.781,1.693
19.813,1.614
31.876,1.865
16.676,1.865
17.646,1.659
28.296,1.674
20.817,1.606
20.959,1.688
29.128,1.683
17.250,1.526
20.421,1.665
29.002,1.676
17.218,1.644
28.666,1.813
35.814,1.638
16.722,1.638
22.566,1.729
29.243,1.679
17.345,1.576
20.194,1.647
29.081,1.663
17.274,1.613
20.447,1.687
29.101,1.688
17.231,1.643
20.324,1.665
29.058,1.690
17.246,1.610
20.373,1.670
29.083,1.641
17.282,1.643
20.222,1.689
29.256,1.754
17.256,1.625
20.288,1.671
29.166,1.642
17.225,1.586
20.436,1.660
29.060,1.724
17.274,1.643
20.398,1.668
29.031,1.614
17.485,1.516
20.220,1.662
44.024,1.528
16.726,1.528
18.836,1.657
20.263,1.765
29.413,1.660
17.208,1.567
16.571,1.674
28.632,1.750
20.987,1.643
16.594,1.648
20.813,1.660
29.224,1.624
17.189,1.526
20.439,1.638
29.008,1.682
16.732,1.667
16.657,1.631
20.819,1.733
29.270,1.657
17.113,1.638
20.358,1.759
29.184,1.700
17.219,1.596
20.284,1.645
29.228,1.682
17.177,1.608
28.846,1.767
35.663,1.604
16.695,1.604
18.937,1.569
20.145,1.702
29.322,1.627
16.683,1.595
20.887,1.716
29.338,1.582
17.139,1.662
20.057,1.698
29.362,1.652
17.261,1.647
20.272,1.708
29.177,1.608
17.053,1.680
28.781,1.686
35.836,1.603
16.711,1.603
18.813,1.549
24.657,1.715
24.931,1.578
17.530,1.630
19.949,1.730
29.250,1.660
17.326,1.642
20.282,1.712
29.179,1.612
17.159,1.646
20.386,1.745
29.163,1.628
17.137,1.680
20.374,1.619
29.319,1.660
17.147,1.566
20.066,1.663
29.334,1.629
17.274,1.496
20.320,1.627
29.114,1.644
17.177,1.509
20.321,1.697
29.238,1.661
16.455,1.588
29.516,1.716
35.697,1.652
16.709,1.652
22.538,1.635
29.195,1.671
16.842,1.720
21.016,1.679
28.977,1.675
17.379,1.588
16.432,1.620
28.599,1.682
20.808,1.671
17.284,1.627
28.709,1.773
20.797,1.576
20.940,1.673
29.283,1.602
17.183,1.496
20.319,1.584
43.995,1.632
16.713,1.632
18.939,1.584
28.620,1.722
20.865,1.573
17.279,1.694
20.203,1.672
29.195,1.571
17.280,1.525
20.405,1.571
29.253,1.589
17.197,1.580
20.318,1.633
29.096,1.600
16.573,1.573
20.948,1.584
29.091,1.654
16.750,1.616
20.904,1.632
29.060,1.668
17.245,1.529
20.448,1.639
29.184,1.642
17.229,1.534
20.368,1.591
29.040,1.659
17.302,1.616
20.075,1.688
29.252,1.644
16.475,1.638
29.481,1.713
35.748,1.625
16.700,1.625
22.496,1.737
29.217,1.754
17.409,1.563
16.469,1.651
28.727,1.649
20.807,1.617
20.991,1.698
29.113,1.673
17.382,1.554
20.239,1.631
29.127,1.689
18.907,1.646
18.601,1.681
29.314,1.672
17.080,1.534
20.252,1.829
29.303,1.695
16.464,1.701
29.289,1.742
35.823,1.605
16.707,1.605
18.704,1.517
24.767,1.627
24.888,1.730
17.200,1.589
28.767,1.623
20.844,1.671
20.956,1.656
29.020,1.652
16.808,1.507
20.835,1.629
29.181,1.597
17.192,1.503
20.281,1.681
29.198,1.643
17.303,1.606
20.311,1.711
29.049,1.665
17.251,1.486
20.178,1.700
29.516,1.648
17.010,1.630
28.784,1.740
35.693,1.583
16.719,1.583
18.911,1.554
24.528,1.725
24.940,1.596
16.727,1.587
29.145,1.734
35.822,1.609
16.722,1.609
18.974,1.552
19.999,1.766
29.584,1.707
19.651,1.618
13.468,1.665
21.013,1.702
29.119,1.599
16.823,1.786
16.578,1.692
20.758,1.637
29.439,1.617
17.139,1.639
16.786,1.672
20.067,1.719
29.201,1.671
16.737,1.596
16.638,1.648
20.897,1.722
29.125,1.559
17.344,1.614
16.680,1.632
20.067,1.595
29.394,1.692
17.098,1.619
16.546,1.590
28.753,1.704
20.827,1.698
16.894,1.626
28.997,1.827
20.905,1.774
17.308,1.544
28.579,1.664
20.819,1.679
20.795,1.614
29.512,1.563
17.004,1.639
28.661,1.698
35.776,1.710
16.707,1.692
22.519,1.617
29.283,1.762
16.402,1.677
29.432,1.704
35.753,1.685
16.726,1.680
22.583,1.635
29.153,1.663
16.635,1.692
20.942,1.683
44.084,1.725
16.750,1.725
18.902,1.705
20.221,1.711
29.285,1.664
17.226,1.505
20.362,1.625
29.116,1.757
16.671,1.681
16.688,1.650
20.868,1.653
29.188,1.668
17.289,1.692
16.079,1.675
20.809,1.592
29.189,1.616
16.630,1.642
16.827,1.663
20.697,1.665
29.378,1.756
16.550,1.626
16.691,1.574
20.783,1.655
29.252,1.701
16.709,1.699
16.709,1.578
16.933,1.664
20.543,1.693
29.148,1.635
16.665,1.647
16.684,1.621
17.305,1.608
20.256,1.648
29.313,1.507
16.592,1.720
16.683,1.653
17.055,1.646
20.408,1.695
29.252,1.550
16.676,1.677
16.720,1.642
16.886,1.650
20.440,1.654
29.329,1.617
16.629,1.653
17.336,1.645
20.182,1.587
29.169,1.654
18.542,1.726
15.665,1.688
20.152,1.702
29.132,1.799
16.713,1.715
16.697,1.621
20.763,1.607
29.234,1.687
16.707,1.686
16.693,1.599
20.723,1.645
29.297,1.573
16.643,1.642
16.737,1.610
20.727,1.690
29.275,1.690
17.289,1.667
16.073,1.616
20.795,1.624
29.282,1.723
17.295,1.684
16.048,1.649
20.764,1.635
29.266,1.642
17.299,1.719
16.083,1.677
20.818,1.563
29.245,1.657
16.649,1.691
16.700,1.593
20.790,1.622
29.122,1.670
16.803,1.676
17.222,1.678
20.283,1.648
29.238,1.665
17.170,1.617
16.120,1.611
20.755,1.697
29.452,1.661
17.085,1.548
16.696,1.686
20.119,1.730
29.283,1.658
17.288,1.526
16.638,1.626
20.163,1.686
29.324,1.639
19.163,1.516
14.339,1.592
20.648,1.655
29.403,1.766
17.124,1.565
16.159,1.659
20.672,1.762
29.498,1.679
17.072,1.558
16.094,1.603
20.812,1.684
29.239,1.691
17.334,1.605
16.047,1.651
20.887,1.696
29.040,1.726
17.515,1.671
15.890,1.610
20.855,1.644
29.281,1.669
17.215,1.597
16.133,1.591
20.791,1.634
29.217,1.792
17.343,1.662
16.049,1.630
20.803,1.649
29.225,1.691
17.237,1.635
16.711,1.580
20.230,1.632
29.148,1.666
17.274,1.713
16.080,1.682
16.995,1.661
28.845,1.770
20.864,1.533
16.761,1.529
17.031,1.643
20.385,1.702
29.288,1.715
17.333,1.658
16.047,1.576
20.761,1.663
29.250,1.684
17.477,1.701
16.577,1.629
20.056,1.660
29.376,1.698
19.240,1.753
13.866,1.613
21.073,1.710
29.196,1.708
17.313,1.745
16.016,1.717
20.745,1.623
29.353,1.681
17.176,1.641
16.119,1.648
20.786,1.611
29.199,1.696
16.684,1.683
16.743,1.624
20.794,1.639
29.317,1.592
16.608,1.708
16.640,1.635
20.802,1.607
29.239,1.636
16.655,1.719
16.726,1.585
20.786,1.631
29.344,1.706
16.593,1.716
16.690,1.610
20.812,1.631
29.247,1.640
16.705,1.676
16.661,1.600
20.714,1.652
29.318,1.618
16.519,1.680
16.789,1.681
20.852,1.625
29.204,1.707
16.681,1.683
16.725,1.627
20.766,1.654
29.282,1.666
17.225,1.683
16.078,1.637
20.864,1.656
29.133,1.665
16.671,1.683
16.678,1.599
20.904,1.602
29.241,1.767
18.847,1.816
15.114,1.618
20.099,1.653
29.269,1.676
16.560,1.644
16.990,1.624
16.867,1.647
20.448,1.697
29.280,1.622
16.667,1.658
16.661,1.599
20.772,1.619
29.367,1.651
16.565,1.716
16.686,1.589
20.790,1.574
29.219,1.670
16.548,1.688
16.834,1.634
20.832,1.661
29.190,1.722
16.670,1.694
16.702,1.593
20.741,1.603
29.247,1.757
16.664,1.701
16.671,1.643
20.987,1.667
29.136,1.612
16.557,1.808
17.370,1.635
20.180,1.674
29.175,1.680
17.300,1.763
16.748,1.648
20.218,1.639
29.237,1.606
17.200,1.686
16.833,1.612
20.128,1.585
29.236,1.689
17.199,1.617
16.883,1.619
20.024,1.697
29.200,1.656
17.102,1.540
20.688,1.703
28.999,1.651
18.856,1.720
14.460,1.688
29.134,1.783
35.886,1.623
16.731,1.623
18.945,1.561
20.215,1.596
29.219,1.780
17.500,1.519
15.972,1.608
20.719,1.647
29.362,1.703
17.333,1.560
16.524,1.658
20.163,1.657
29.263,1.696
17.308,1.622
16.081,1.674
20.764,1.676
29.277,1.643
16.644,1.722
16.711,1.621
20.756,1.613
29.373,1.699
16.591,1.715
16.657,1.618
20.860,1.669
29.224,1.610
16.664,1.667
16.600,1.669
20.868,1.629
29.138,1.722
16.790,1.743
16.699,1.618
17.056,1.622
20.323,1.667
29.297,1.674
17.219,1.718
16.184,1.612
16.903,1.588
20.451,1.704
29.300,1.670
17.249,1.683
16.166,1.511
16.614,1.619
20.672,1.666
29.518,1.690
17.172,1.738
17.931,1.687
19.058,1.774
29.077,1.641
16.651,1.676
16.707,1.609
20.860,1.678
29.260,1.694
17.178,1.695
16.162,1.623
20.837,1.650
29.178,1.756
16.703,1.657
16.677,1.557
20.813,1.660
29.237,1.634
17.252,1.664
16.116,1.635
20.765,1.640
29.265,1.709
17.389,1.735
16.644,1.703
20.115,1.628
29.233,1.691
16.671,1.688
16.720,1.588
20.772,1.677
29.270,1.687
17.277,1.648
16.094,1.587
20.843,1.646
29.168,1.559
17.263,1.686
16.124,1.615
20.736,1.620
29.392,1.643
17.101,1.627
16.127,1.576
20.744,1.625
29.401,1.761
17.243,1.669
16.045,1.647
20.761,1.642
29.411,1.672
17.080,1.620
16.143,1.497
20.721,1.646
44.203,1.684
16.703,1.684
20.570,1.720
18.729,1.669
29.318,1.715
16.436,1.654
16.769,1.651
20.787,1.639
29.439,1.647
17.080,1.634
16.114,1.624
20.722,1.645
29.383,1.755
16.604,1.660
16.677,1.621
20.792,1.567
29.440,1.698
16.368,1.655
16.716,1.642
20.851,1.629
29.266,1.743
16.665,1.664
16.716,1.595
16.995,1.678
20.404,1.666
29.380,1.631
16.549,1.649
16.761,1.607
17.054,1.621
20.413,1.753
29.248,1.647
17.331,1.696
16.706,1.680
20.010,1.623
29.340,1.655
16.670,1.653
16.605,1.695
20.850,1.621
29.400,1.593
16.507,1.649
16.715,1.610
20.788,1.693
29.196,1.678
17.292,1.691
16.118,1.616
20.793,1.659
29.167,1.698
17.491,1.658
15.994,1.678
20.848,1.716
29.183,1.705
18.999,1.767
14.513,1.699
20.398,1.703
29.486,1.646
16.441,1.608
20.901,1.789
29.258,1.675
17.332,1.646
20.345,1.656
29.111,1.754
17.331,1.600
15.927,1.584
20.813,1.728
29.350,1.623
17.109,1.644
20.575,1.619
28.933,1.748
17.489,1.507
20.202,1.613
29.107,1.664
16.686,1.601
17.353,1.673
20.024,1.657
29.362,1.613
17.228,1.493
20.396,1.591
29.106,1.685
17.269,1.648
16.113,1.531
20.691,1.656
29.392,1.738
17.126,1.531
16.596,1.583
28.603,1.733
20.947,1.719
16.715,1.612
20.788,1.591
29.463,1.727
16.986,1.561
16.772,1.668
20.106,1.634
29.282,1.705
17.192,1.493
16.751,1.592
28.650,1.807
20.809,1.614
16.743,1.646
23.607,1.585
26.347,1.672
17.358,1.665
16.072,1.624
20.749,1.730
29.452,1.716
17.090,1.524
16.575,1.614
20.203,1.736
29.472,1.652
17.042,1.658
20.451,1.630
29.037,1.657
16.750,1.666
16.700,1.620
20.666,1.684
29.330,1.612
17.234,1.503
20.442,1.620
29.253,1.729
16.418,1.629
16.736,1.601
20.740,1.696
29.501,1.663
17.075,1.587
20.354,1.660
29.251,1.620
17.297,1.659
15.970,1.719
20.627,1.682
29.324,1.607
17.313,1.519
20.459,1.602
29.227,1.747
16.479,1.609
16.658,1.595
20.695,1.700
29.357,1.634
17.178,1.639
20.454,1.701
28.994,1.671
16.740,1.669
17.277,1.672
20.146,1.783
29.361,1.800
17.074,1.639
20.439,1.614
44.091,1.630
16.722,1.630
18.975,1.652
20.217,1.672
29.272,1.556
17.323,1.641
15.996,1.628
20.704,1.764
29.274,1.691
17.503,1.574
16.582,1.599
20.101,1.653
29.230,1.634
17.473,1.601
15.938,1.611
20.720,1.661
29.366,1.705
17.206,1.529
16.673,1.650
20.106,1.656
29.370,1.688
17.199,1.492
20.394,1.608
29.075,1.687
16.751,1.689
16.566,1.638
20.783,1.759
29.355,1.609
17.201,1.540
20.393,1.603
29.053,1.740
16.716,1.573
17.157,1.616
28.703,1.724
20.822,1.565
16.723,1.646
20.840,1.689
29.215,1.653
17.089,1.635
20.415,1.633
29.067,1.624
17.348,1.520
20.470,1.722
29.269,1.814
17.044,1.610
20.331,1.599
44.139,1.489
16.636,1.489
18.925,1.598
20.154,1.692
29.335,1.606
17.241,1.500
20.401,1.625
29.242,1.629
16.454,1.700
17.381,1.575
20.104,1.651
29.374,1.686
17.281,1.562
16.618,1.620
20.089,1.679
29.339,1.604
17.160,1.524
20.444,1.627
29.007,1.656
16.778,1.599
16.662,1.596
20.726,1.649
29.328,1.643
17.235,1.524
20.364,1.658
29.154,1.630
17.335,1.560
16.508,1.681
28.604,1.730
20.861,1.590
17.431,1.590
19.983,1.721
29.342,1.638
17.165,1.573
20.294,1.694
29.220,1.648
17.276,1.568
20.359,1.763
29.056,1.652
17.184,1.525
20.449,1.709
29.130,1.740
17.250,1.615
20.191,1.715
29.237,1.607
17.236,1.620
21.854,1.760
27.628,1.688
17.256,1.623
20.309,1.725
29.197,1.678
17.117,1.676
20.373,1.701
29.243,1.594
17.169,1.582
20.296,1.772
29.311,1.648
17.118,1.595
20.357,1.657
29.145,1.637
17.254,1.633
20.358,1.676
29.194,1.650
17.180,1.598
20.346,1.655
29.115,1.634
17.211,1.641
20.489,1.661
29.059,1.627
17.281,1.605
20.380,1.651
29.136,1.625
17.190,1.589
20.359,1.612
29.102,1.621
17.206,1.525
20.447,1.642
29.045,1.623
17.309,1.616
20.324,1.621
29.115,1.621
17.211,1.531
20.352,1.667
29.100,1.628
17.111,1.639
20.562,1.661
29.080,1.717
17.286,1.701
28.595,1.795
35.766,1.605
16.761,1.605
20.578,1.521
22.886,1.694
24.936,1.685
16.559,1.581
29.233,1.616
35.880,1.575
16.680,1.575
18.956,1.521
24.553,1.669
39.868,1.624
16.701,1.624
18.952,1.504
20.268,1.637
29.227,1.665
17.259,1.499
16.584,1.642
28.590,1.738
35.892,1.577
16.704,1.577
19.027,1.565
20.189,1.629
29.258,1.616
17.205,1.533
20.453,1.579
29.305,1.618
16.401,1.617
17.275,1.581
28.536,1.665
20.896,1.610
17.305,1.726
28.475,1.679
21.004,1.575
16.458,1.613
29.326,1.548
20.885,1.624
20.907,1.667
29.018,1.661
17.180,1.605
28.823,1.692
35.758,1.598
16.703,1.791
22.571,1.655
29.235,1.588
18.938,1.523
18.437,1.727
29.282,1.622
20.883,1.606
29.197,1.664
20.797,1.617
29.231,1.651
16.973,1.686
28.895,1.781
35.774,1.620
16.699,1.705
22.577,1.680
29.170,1.634
17.227,1.594
28.767,1.623
35.675,1.604
16.709,1.711
22.549,1.618
29.217,1.659
17.043,1.652
28.846,1.631
21.323,1.584
24.667,1.618
25.410,1.642
24.641,1.601
39.792,1.594
16.725,1.649
22.473,1.490
29.262,1.629
20.836,1.651
29.245,1.601
20.780,1.641
29.302,1.614
20.672,1.661
29.284,1.632
20.798,1.627
29.333,1.653
25.066,1.755
39.819,1.639
16.706,1.681
22.464,1.684
44.260,1.605
16.673,1.560
35.174,1.640
17.082,1.676
28.756,1.605
35.817,1.694
18.971,1.684
28.759,1.674
35.606,1.595
18.954,1.641
28.803,1.612
35.620,1.680
18.724,1.614
28.752,1.640
35.952,1.624
22.487,1.614
29.372,1.620
24.868,1.603
40.026,1.639
19.023,1.607
28.715,1.602
35.687,1.617
18.889,1.617
28.810,1.640
35.659,1.691
18.831,1.639
28.790,1.744
35.798,1.620
22.471,1.615
29.237,1.586
25.079,1.686
39.966,1.627
18.552,1.664
29.230,1.617
35.622,1.628
19.034,1.650
30.962,1.596
22.603,1.571
44.117,1.519
16.696,1.519
18.483,1.569
17.105,1.634
20.343,1.558
29.158,1.554
16.632,1.754
16.762,1.636
17.268,1.637
20.283,1.628
29.221,1.560
16.626,1.675
16.724,1.602
17.130,1.664
20.351,1.595
29.222,1.598
16.594,1.646
16.779,1.608
20.787,1.660
29.218,1.726
16.670,1.682
16.721,1.596
20.817,1.640
29.387,1.737
16.534,1.660
16.673,1.655
20.766,1.620
29.243,1.666
17.264,1.776
16.066,1.628
20.925,1.636
29.070,1.711
17.313,1.566
16.806,1.657
20.049,1.711
29.179,1.815
17.370,1.506
20.480,1.678
29.182,1.690
17.064,1.715
16.794,1.672
20.021,1.701
29.315,1.669
17.166,1.632
20.332,1.757
44.195,1.576
16.711,1.576
18.912,1.670
20.169,1.694
29.316,1.690
17.250,1.609
20.465,1.646
29.006,1.663
16.706,1.578
16.579,1.575
29.228,1.717
35.819,1.664
16.722,1.664
22.530,1.758
29.161,1.706
17.457,1.566
20.238,1.616
29.011,1.641
17.308,1.640
20.337,1.712
29.085,1.636
17.312,1.675
28.522,1.741
21.498,1.581
20.452,1.554
29.028,1.574
17.230,1.728
20.407,1.727
29.041,1.606
17.022,1.596
28.936,1.676
35.740,1.593
16.717,1.665
22.438,1.647
29.512,1.659
17.206,1.646
20.359,1.683
28.890,1.623
17.281,1.586
20.344,1.638
29.197,1.595
17.355,1.673
28.458,1.605
35.783,1.599
16.767,1.599
34.928,1.586
16.713,1.734
21.048,1.578
29.187,1.558
17.147,1.536
20.380,1.656
29.015,1.589
17.243,1.645
28.704,1.709
35.765,1.582
16.713,1.582
22.534,1.685
29.203,1.584
17.369,1.615
20.311,1.563
29.010,1.653
17.389,1.675
20.010,1.663
29.355,1.626
16.464,1.591
29.410,1.714
21.449,1.591
20.318,1.648
29.095,1.580
20.869,1.685
29.257,1.572
17.179,1.549
28.673,1.667
35.763,1.637
16.683,1.695
22.611,1.666
29.208,1.672
17.070,1.647
28.743,1.598
35.762,1.617
16.730,1.675
22.484,1.623
29.232,1.652
20.938,1.666
29.153,1.652
18.675,1.565
27.259,1.695
35.701,1.585
18.486,1.578
20.918,1.612
29.044,1.603
25.101,1.554
39.871,1.648
16.729,1.657
26.792,1.666
39.925,1.654
19.041,1.545
28.686,1.546
35.688,1.551
26.777,1.625
39.984,1.634
22.525,1.533
29.298,1.572
16.620,1.584
16.680,1.519
16.662,1.570
17.190,1.550
16.708,1.581
16.491,1.607
16.869,1.628
16.549,1.631
16.741,1.625
15.958,1.610
16.689,1.589
21.007,1.601
29.209,1.727
16.620,1.727
16.857,1.544
16.645,1.615
17.140,1.657
16.496,1.616
16.532,1.599
20.584,1.591
29.251,1.706
16.708,1.729
16.706,1.527
17.224,1.596
15.862,1.615
20.968,1.580
29.500,1.714
18.435,1.741
14.666,1.615
17.095,1.602
20.418,1.604
29.287,1.589
16.574,1.706
16.780,1.608
17.079,1.610
20.420,1.582
29.310,1.665
16.468,1.730
16.813,1.582
16.964,1.602
20.417,1.616
29.310,1.723
16.655,1.735
16.704,1.600
16.980,1.612
20.476,1.648
29.215,1.604
16.694,1.739
16.628,1.592
17.024,1.612
20.546,1.585
29.149,1.581
16.768,1.713
16.688,1.635
17.178,1.602
20.296,1.637
29.229,1.591
16.710,1.709
16.598,1.582
17.152,1.581
20.427,1.594
29.208,1.671
16.637,1.741
16.753,1.572
17.082,1.623
20.485,1.596
29.350,1.743
16.524,1.810
16.624,1.636
17.065,1.634
20.429,1.606
29.244,1.769
16.601,1.734
16.907,1.582
17.084,1.639
20.204,1.592
29.389,1.719
18.421,1.687
14.795,1.592
17.151,1.622
20.306,1.584
29.191,1.656
16.670,1.784
16.776,1.559
17.305,1.618
16.443,1.583
20.397,1.587
29.206,1.653
16.673,1.726
16.747,1.513
16.707,1.597
16.418,1.620
20.967,1.609
29.332,1.603
16.540,1.711
16.764,1.533
17.327,1.611
15.850,1.614
21.027,1.587
29.139,1.601
16.733,1.750
33.288,1.590
16.728,1.590
33.363,1.582
16.610,1.582
35.501,1.570
14.691,1.570
33.250,1.624
16.639,1.624
33.562,1.538
16.528,1.538
33.299,1.543
16.782,1.543
48.290,1.660
16.701,1.660
35.161,1.618
16.491,1.618
33.555,1.562
16.569,1.562
48.353,1.585
16.667,1.585
18.425,1.718
18.276,1.679
14.943,1.600
16.709,1.567
17.354,1.699
15.982,1.634
17.221,1.670
16.192,1.729
17.261,1.679
16.088,1.654
16.729,1.706
17.125,1.712
16.155,1.669
16.711,1.663
17.257,1.684
16.127,1.626
16.661,1.702
17.244,1.655
16.079,1.648
16.622,1.708
17.408,1.771
16.620,1.798
16.069,1.676
17.227,1.699
16.158,1.682
16.656,1.705
16.930,1.660
16.498,1.622
17.396,1.624
16.039,1.582
17.257,1.589
16.302,1.603
20.580,1.610
29.254,1.671
16.650,1.722
16.717,1.622
16.890,1.618
20.448,1.588
29.300,1.662
17.281,1.649
16.745,1.661
19.995,2.366
29.305,1.672
17.314,1.753
20.303,1.922
29.278,1.708
17.033,1.714
28.832,2.099
35.740,1.654
16.671,1.654
22.510,1.714
29.215,2.073
16.728,1.757
17.199,1.743
21.954,1.707
27.579,1.692
17.173,1.574
16.503,1.677
20.332,1.734
29.368,1.699
17.226,1.627
16.632,1.672
20.270,1.607
29.182,1.717
16.810,1.773
16.704,1.748
16.874,1.582
20.467,1.640
29.312,1.660
16.662,1.738
16.728,1.539
17.366,1.585
20.107,1.603
29.115,1.684
16.745,1.713
16.798,1.534
17.147,1.612
16.728,1.574
20.164,1.581
29.408,1.658
16.578,1.801
16.794,1.557
17.206,1.615
16.475,1.624
16.457,1.626
20.624,1.581
29.197,1.737
16.609,1.855
16.696,1.547
16.693,1.571
17.190,1.528
16.515,1.647
20.553,1.630
29.084,1.775
16.720,1.775
16.727,1.553
17.198,1.570
16.673,1.565
16.535,1.604
15.997,1.601
21.087,1.614
29.228,1.656
16.619,1.714
16.791,1.543
17.254,1.598
17.743,1.594
19.065,1.588
29.536,1.784
16.446,1.784
16.706,1.602
17.182,1.590
15.896,1.599
21.084,1.612
29.177,1.653
16.707,1.719
16.729,1.521
17.245,1.567
16.329,1.543
20.566,1.596
29.334,1.659
16.538,1.729
16.724,1.537
17.280,1.589
20.139,1.602
29.242,1.637
16.616,1.699
16.813,1.574
17.302,1.597
20.163,1.586
29.216,1.640
16.689,1.766
16.710,1.590
17.224,1.615
20.309,1.612
29.167,1.675
16.628,1.724
16.776,1.583
17.182,1.621
15.867,1.593
21.076,1.591
29.188,1.686
16.565,1.730
17.746,1.551
16.288,1.626
15.879,1.659
21.130,1.691
29.376,1.662
16.562,1.845
16.628,1.593
17.185,1.571
20.212,1.578
29.276,1.710
16.639,1.689
16.773,1.519
16.575,1.592
20.883,1.606
44.173,1.695
16.698,1.695
18.391,1.548
17.203,1.520
16.635,1.661
15.980,1.589
21.064,1.613
29.219,1.667
16.714,1.819
16.670,1.531
17.265,1.607
16.485,1.592
15.991,1.578
21.051,1.535
29.384,1.664
17.139,1.757
16.131,1.540
17.108,1.604
15.981,1.613
20.998,1.599
29.325,1.672
16.626,1.781
16.625,1.543
16.621,1.538
16.500,1.604
21.120,1.571
29.158,1.651
16.753,1.713
16.734,1.524
17.180,1.608
15.907,1.621
20.932,1.617
29.286,1.678
16.671,1.732
16.697,1.576
17.092,1.583
16.587,1.600
20.597,1.687
29.013,1.701
17.480,1.793
16.570,1.586
16.578,1.619
20.277,1.601
29.283,1.706
16.681,1.814
16.694,1.550
17.404,1.575
20.022,1.608
29.454,1.714
16.535,1.722
16.666,1.540
18.919,1.579
18.464,1.627
29.294,1.610
16.590,1.697
16.806,1.579
17.171,1.612
20.297,1.584
29.227,1.712
16.614,1.744
17.398,1.582
16.400,1.606
20.417,1.613
29.290,1.786
16.626,1.701
16.730,1.579
17.180,1.635
20.286,1.590
29.371,1.723
17.087,1.723
20.200,1.653
29.198,1.637
16.721,1.746
16.538,1.537
16.913,1.569
16.899,1.634
20.556,1.591
29.317,1.610
16.606,1.801
16.737,1.563
17.193,1.584
16.555,1.597
15.938,1.589
21.043,1.626
29.305,1.812
16.648,1.812
17.624,1.515
16.346,1.684
16.499,1.653
16.043,1.622
20.982,1.645
29.318,1.634
16.613,1.804
16.711,1.599
16.566,1.632
17.166,1.592
16.504,1.592
20.610,1.584
29.128,1.678
16.735,1.839
16.712,1.540
16.706,1.602
18.861,1.631
18.530,1.656
29.343,1.633
16.616,1.773
16.689,1.575
17.279,1.602
15.844,1.588
20.989,1.614
29.404,1.577
16.576,1.707
16.653,1.524
17.240,1.579
15.888,1.601
21.063,1.639
29.200,1.672
17.360,1.807
16.017,1.536
17.204,1.606
15.923,1.591
21.018,1.592
29.172,1.626
16.741,1.706
16.715,1.532
16.741,1.591
17.095,1.593
16.438,1.581
20.542,1.613
29.437,1.670
16.511,1.738
16.764,1.563
17.119,1.559
15.985,1.611
20.956,1.580
29.191,1.669
16.709,1.761
16.798,1.525
17.139,1.701
15.924,1.631
21.056,1.668
29.210,1.700
16.648,1.750
16.583,1.588
17.331,1.604
15.917,1.581
20.989,1.630
29.253,1.810
16.703,1.758
16.674,1.606
17.358,1.620
15.870,1.637
20.925,1.601
29.245,1.651
18.060,1.735
15.304,1.529
17.223,1.583
16.343,1.622
20.614,1.622
29.293,1.720
16.624,1.720
16.666,1.642
17.209,1.631
15.957,1.581
20.982,1.599
29.255,1.673
16.717,1.723
16.587,1.547
17.294,1.594
15.992,1.780
20.866,1.602
29.253,1.677
16.671,1.711
16.758,1.588
17.172,1.608
16.418,1.613
20.583,1.591
29.127,1.612
16.666,1.741
16.768,1.606
17.187,1.594
15.914,1.609
21.004,1.587
29.543,1.705
16.371,1.752
16.752,1.515
17.380,1.602
15.794,1.611
20.949,1.626
29.428,1.671
16.630,1.784
16.610,1.620
17.205,1.677
15.979,1.607
20.874,1.595
29.262,1.743
16.668,1.748
16.747,1.556
16.840,1.641
16.873,1.605
20.373,1.587
29.208,1.654
16.663,1.716
17.459,1.581
16.609,1.613
16.001,1.646
22.755,1.643
27.189,1.651
17.190,1.903
16.919,1.590
16.591,1.588
15.912,1.621
21.054,1.662
29.269,1.638
17.203,1.781
16.807,1.625
16.446,1.638
20.435,1.617
29.144,1.687
17.270,1.767
16.145,1.650
20.749,1.601
29.227,1.625
16.730,1.761
16.645,1.710
20.789,1.630
29.225,1.659
16.690,1.754
16.753,1.684
20.761,1.669
29.237,1.603
17.362,1.727
15.981,1.580
20.821,1.524
29.273,1.598
16.622,1.726
16.708,1.671
20.847,1.596
29.157,1.618
16.818,1.799
17.292,1.662
20.176,1.638
29.333,1.739
16.447,1.744
16.738,1.564
16.943,1.573
20.537,1.594
29.213,1.601
16.674,1.722
16.750,1.572
17.143,1.609
20.233,1.593
29.182,1.654
16.748,1.770
16.731,1.523
18.928,1.604
14.146,1.568
21.063,1.561
29.385,1.726
16.488,1.726
16.728,1.572
17.322,1.613
16.501,1.619
16.755,1.585
20.237,1.606
29.220,1.718
16.688,1.718
16.908,1.551
17.173,1.615
16.472,1.616
16.587,1.594
16.049,1.617
20.994,1.594
29.110,1.782
16.849,1.782
16.708,1.568
17.254,1.589
16.713,1.601
16.521,1.574
15.919,1.608
21.083,1.599
29.241,1.851
16.662,1.851
16.767,1.527
17.301,1.591
16.493,1.609
15.947,1.588
21.057,1.621
29.231,1.788
16.606,1.788
17.690,1.540
16.291,1.680
15.866,1.665
21.130,1.610
29.367,1.664
16.420,1.846
16.726,1.542
17.421,1.545
15.643,1.611
21.115,1.623
29.301,1.681
16.624,1.750
16.622,1.621
17.212,1.592
20.296,1.592
29.293,1.602
16.518,1.763
18.651,1.545
15.369,1.612
16.477,1.638
20.440,1.549
29.416,1.780
16.459,1.707
16.778,1.546
17.261,1.680
15.921,1.581
20.935,1.605
29.402,1.714
16.442,1.744
16.790,1.587
17.188,1.613
20.293,1.606
29.220,1.844
16.656,1.844
16.722,1.543
17.168,1.584
16.526,1.605
16.853,1.560
20.252,1.613
29.253,1.745
16.663,1.743
16.679,1.530
17.281,1.593
16.451,1.626
16.073,1.586
21.049,1.632
29.341,1.664
16.571,1.750
16.716,1.580
17.260,1.597
15.883,1.619
21.140,1.600
29.161,1.740
16.717,1.926
16.564,1.607
17.198,1.607
16.062,1.611
20.947,1.564
29.179,1.710
16.665,1.710
16.607,1.548
16.787,1.584
17.194,1.606
15.937,1.586
20.972,1.620
29.246,1.703
16.748,1.722
16.705,1.565
16.465,1.635
18.690,1.588
18.886,1.624
29.262,1.698
16.738,1.724
16.696,1.537
17.268,1.663
15.953,1.666
20.892,1.631
29.218,1.630
16.732,1.732
16.679,1.530
17.180,1.585
15.980,1.582
20.960,1.606
29.242,1.672
16.671,1.718
16.875,1.529
17.103,1.635
15.854,1.634
21.071,1.621
29.126,1.693
16.646,1.693
17.589,1.583
16.432,1.618
16.584,1.641
16.434,1.594
20.623,1.557
29.205,1.700
16.738,1.700
16.748,1.546
16.557,1.603
17.177,1.607
16.496,1.614
20.530,1.546
29.419,1.616
16.511,1.737
17.319,1.649
16.487,1.640
16.471,1.638
16.116,1.555
21.068,1.552
29.337,1.649
16.570,1.785
16.630,1.564
17.476,1.585
15.706,1.612
21.044,1.573
29.292,1.679
16.590,1.784
16.726,1.549
17.300,1.687
16.579,1.622
17.100,1.635
19.823,1.653
29.418,1.696
17.054,1.735
16.175,1.573
16.634,1.550
17.051,1.547
16.048,1.556
21.074,1.584
29.313,1.631
16.602,1.778
16.718,1.548
17.215,1.573
15.919,1.591
21.082,1.591
29.090,1.629
16.784,1.732
33.328,1.598
16.567,1.598
33.472,1.608
16.664,1.608
33.322,1.693
16.628,1.693
16.839,1.544
16.638,1.561
17.382,1.589
16.599,1.575
16.809,1.578
16.074,1.553
17.004,1.597
16.916,1.592
15.867,1.524
17.177,1.556
16.846,1.533
16.725,1.636
16.615,1.637
16.466,1.638
16.085,1.609
21.086,1.542
29.118,1.596
16.807,1.596
16.637,1.549
17.307,1.581
16.522,1.586
16.021,1.574
16.601,1.530
21.082,1.577
29.326,1.626
16.986,1.722
16.268,1.536
17.227,1.576
16.669,1.603
17.176,1.564
19.718,1.597
29.428,1.758
16.539,1.746
16.743,1.528
17.152,1.546
16.575,1.544
20.387,1.544
29.355,1.643
16.552,1.764
16.559,1.571
17.372,1.580
20.225,1.547
29.353,1.678
16.624,1.732
16.676,1.571
17.265,1.550
20.157,1.544
29.152,1.565
16.780,1.784
16.894,1.537
17.037,1.549
16.411,1.588
20.466,1.581
29.280,1.687
16.652,1.764
16.622,1.537
17.391,1.660
15.840,1.545
21.003,1.556
29.301,1.583
16.586,1.733
17.179,1.548
16.817,1.612
16.013,1.667
20.811,1.649
29.331,1.649
16.542,1.767
16.812,1.522
17.356,1.575
16.500,1.621
16.056,1.588
20.858,1.602
29.305,1.681
16.620,1.681
16.684,1.586
17.246,1.534
16.612,1.535
16.066,1.609
20.959,1.545
29.162,1.707
18.553,1.707
15.496,1.533
16.719,1.560
16.477,1.585
15.912,1.601
21.110,1.545
29.223,1.618
16.668,1.722
16.633,1.541
16.711,1.590
17.157,1.576
16.504,1.535
20.543,1.585
29.419,1.764
16.328,1.764
17.518,1.557
16.644,1.560
16.549,1.575
15.903,1.600
21.026,1.564
29.319,1.620
16.586,1.732
16.938,1.538
17.112,1.562
16.407,1.558
16.578,1.544
20.542,1.557
29.358,1.702
16.576,1.712
16.652,1.640
20.686,1.632
29.263,1.766
16.736,1.766
17.649,1.574
16.323,1.616
16.632,1.659
16.412,1.653
20.508,1.637
29.161,1.673
16.767,1.733
16.715,1.574
17.236,1.612
15.866,1.557
21.044,1.560
29.247,1.740
16.673,1.740
17.330,1.610
15.924,1.580
17.211,1.565
20.364,1.529
29.247,1.818
16.599,1.818
19.151,1.553
14.234,1.593
17.281,1.532
20.198,1.575
29.224,1.877
16.783,1.877
16.680,1.537
16.702,1.721
17.114,1.595
16.507,1.585
20.482,1.557
29.348,1.664
16.560,1.717
16.661,1.530
17.332,1.539
16.378,1.550
16.555,1.542
20.632,1.613
29.352,1.699
16.557,1.726
16.701,1.557
17.232,1.547
15.928,1.532
20.970,1.610
29.177,1.611
16.734,1.766
16.723,1.566
17.187,1.551
16.491,1.537
20.470,1.610
29.197,1.650
16.645,1.758
16.747,1.528
17.194,1.580
20.341,1.630
29.347,1.643
16.382,1.858
17.024,1.534
16.994,1.599
16.436,1.593
20.516,1.597
29.226,1.649
16.641,1.762
16.764,1.555
17.128,1.529
20.326,1.553
29.147,1.617
16.744,1.760
16.720,1.543
17.181,1.578
16.355,1.591
20.578,1.539
44.226,1.705
16.721,1.705
18.300,1.563
17.266,1.578
16.567,1.595
16.614,1.557
16.045,1.549
21.056,1.592
29.177,1.696
16.687,1.696
16.615,1.521
16.863,1.608
17.112,1.567
16.070,1.539
16.519,1.558
21.103,1.595
29.145,1.731
16.738,1.731
16.601,1.558
17.505,1.562
16.479,1.531
16.546,1.573
16.017,1.593
21.034,1.525
29.304,1.671
16.682,1.671
16.663,1.538
17.270,1.608
16.557,1.574
16.448,1.593
20.480,1.534
29.190,1.617
16.728,1.751
16.952,1.522
16.808,1.657
16.933,1.634
20.300,1.658
29.150,1.727
16.662,1.727
16.708,1.531
17.331,1.636
16.422,1.525
20.379,1.535
29.241,1.665
16.649,1.710
16.686,1.518
17.323,1.574
16.516,1.554
20.470,1.544
29.104,1.665
16.781,1.737
16.583,1.524
19.006,1.544
14.523,1.599
20.559,1.655
29.469,1.587
16.527,1.729
16.722,1.542
17.137,1.656
20.335,1.559
29.352,1.651
16.575,1.747
16.687,1.529
17.109,1.593
20.346,1.534
29.356,1.656
16.560,1.711
16.739,1.535
17.026,1.577
20.395,1.559
29.206,1.631
16.632,1.738
16.797,1.526
17.183,1.593
16.440,1.529
20.512,1.582
29.171,1.597
17.403,1.729
16.048,1.541
17.361,1.551
15.716,1.587
21.041,1.571
29.255,1.707
16.738,1.835
16.707,1.627
17.232,1.639
16.312,1.618
20.486,1.600
29.288,1.629
16.570,1.749
16.802,1.573
17.386,1.611
16.254,1.580
20.426,1.631
29.472,1.630
16.542,1.723
16.590,1.527
17.340,1.555
15.886,1.583
20.940,1.540
29.272,1.789
16.704,1.789
16.700,1.538
18.206,1.563
15.507,1.595
16.568,1.541
16.288,1.595
20.882,1.577
29.363,1.705
16.550,1.768
16.764,1.541
17.318,1.567
15.893,1.639
20.907,1.576
29.104,1.757
16.689,1.757
16.843,1.554
17.291,1.565
16.556,1.608
16.555,1.572
16.030,1.601
21.061,1.566
29.212,1.716
16.759,1.716
17.423,1.567
16.902,1.776
16.032,1.606
20.437,1.593
29.187,1.760
16.763,1.760
16.673,1.549
17.209,1.565
16.657,1.587
20.281,1.627
29.414,1.612
16.510,1.771
16.712,1.633
17.196,1.695
15.869,1.637
21.028,1.630
29.317,1.679
17.336,1.714
15.998,1.530
16.499,1.593
17.187,1.631
20.445,1.581
29.281,1.614
16.653,1.820
16.676,1.578
17.146,1.585
16.048,1.592
20.909,1.624
29.330,1.711
16.736,1.837
16.581,1.532
18.103,1.594
15.713,1.616
20.305,1.636
29.142,1.687
16.644,1.687
16.852,1.539
17.301,1.601
16.621,1.603
16.496,1.577
15.993,1.610
21.079,1.563
29.285,1.714
16.546,1.714
17.027,1.592
16.485,1.630
17.195,1.611
15.917,1.586
16.592,1.624
21.058,1.637
29.343,1.699
16.581,1.699
16.665,1.512
17.466,1.601
16.512,1.622
16.498,1.616
16.026,1.601
21.034,1.605
29.258,1.714
16.662,1.714
16.726,1.515
16.633,1.564
17.101,1.568
16.866,1.585
15.896,1.665
21.099,1.650
29.193,1.719
16.526,1.719
16.837,1.575
17.248,1.587
16.570,1.571
16.685,1.610
15.931,1.602
21.006,1.618
29.263,1.788
16.671,1.788
16.719,1.536
17.279,1.584
16.535,1.623
16.599,1.613
16.027,1.602
21.063,1.640
29.325,1.756
16.525,1.756
18.494,1.540
15.501,1.515
16.602,1.622
16.478,1.595
16.139,1.604
21.072,1.588
29.202,1.731
16.683,1.731
16.583,1.519
17.612,1.598
16.392,1.641
16.501,1.620
16.018,1.576
21.059,1.636
29.249,1.656
16.692,1.656
16.660,1.543
17.337,1.616
16.536,1.598
16.102,1.678
16.503,1.634
21.074,1.562
29.374,1.734
16.578,1.734
16.728,1.590
17.234,1.577
16.517,1.601
16.505,1.632
20.457,1.614
29.234,1.795
16.749,1.795
16.643,1.515
17.439,1.539
16.457,1.657
15.989,1.682
16.592,1.674
21.088,1.668
29.180,1.676
17.358,1.727
16.065,1.550
17.234,1.609
15.965,1.599
20.965,1.598
29.085,1.706
16.674,1.706
17.023,1.589
17.225,1.591
16.417,1.587
16.460,1.649
20.488,1.595
29.236,1.757
16.713,1.757
16.683,1.511
18.887,1.561
14.860,1.627
16.647,1.622
16.036,1.580
21.075,1.612
29.294,1.764
16.631,1.716
16.876,1.514
17.110,1.621
16.540,1.670
16.534,1.594
16.095,1.676
21.021,1.552
29.133,1.691
16.827,1.691
16.586,1.557
17.444,1.587
16.572,1.630
16.360,1.667
16.193,1.635
20.980,1.676
29.236,1.716
17.350,1.716
16.079,1.550
17.306,1.615
16.585,1.699
15.912,1.618
16.621,1.530
21.094,1.600
29.233,1.768
16.617,1.768
16.762,1.554
17.353,1.651
16.471,1.616
16.033,1.675
16.550,1.614
21.075,1.606
29.133,1.755
16.700,1.755
16.816,1.554
16.585,1.604
17.217,1.719
16.530,1.575
16.274,1.636
20.899,1.593
29.198,1.818
16.703,1.818
16.687,1.546
16.710,1.596
17.127,1.673
16.022,1.603
16.559,1.637
21.051,1.589
29.326,1.740
19.158,1.740
13.979,1.547
17.437,1.577
16.537,1.681
15.975,1.615
21.038,1.649
29.287,1.632
16.544,1.790
16.820,1.520
17.269,1.688
16.523,1.580
15.966,1.577
21.049,1.563
29.445,1.815
16.349,1.815
16.845,1.541
17.189,1.638
16.531,1.705
16.676,1.600
20.354,1.600
29.292,1.745
16.648,1.745
16.743,1.548
16.785,1.565
17.095,1.620
15.977,1.706
20.961,1.603
29.081,1.779
16.821,1.779
16.778,1.522
17.454,1.560
16.323,1.677
16.046,1.696
16.495,1.621
21.092,1.622
29.269,1.697
16.628,1.885
17.455,1.532
16.647,1.561
16.571,1.633
15.855,1.593
21.033,1.597
29.264,1.894
16.640,1.894
16.685,1.547
17.511,1.523
16.348,1.603
15.866,1.613
21.112,1.602
29.256,1.656
16.582,1.780
16.775,1.601
17.202,1.629
17.747,1.654
19.266,1.613
29.142,1.751
16.679,1.722
16.665,1.687
17.340,1.668
15.850,1.619
20.999,1.591
29.205,1.693
16.727,1.743
16.624,1.647
17.264,1.594
15.883,1.660
21.080,1.603
29.248,1.769
16.645,1.733
16.766,1.587
17.151,1.593
15.879,1.562
21.074,1.614
29.224,1.654
16.650,1.775
16.722,1.562
16.571,1.596
17.247,1.616
16.110,1.665
20.868,1.621
29.263,1.738
16.707,1.738
17.708,1.592
16.227,1.649
16.592,1.650
15.926,1.654
21.027,1.571
29.129,1.707
16.841,1.707
16.670,1.529
16.672,1.631
16.885,1.614
20.578,1.587
29.217,1.740
16.731,1.740
16.696,1.534
16.624,1.590
17.241,1.688
16.431,1.597
16.164,1.630
21.022,1.605
29.069,1.763
17.254,1.763
16.437,1.551
16.539,1.599
19.544,1.642
14.180,1.620
16.746,1.587
20.320,1.692
29.226,1.702
16.732,1.702
16.714,1.557
16.597,1.609
17.248,1.586
16.503,1.584
16.063,1.645
21.096,1.632
29.241,1.682
16.675,1.769
16.561,1.538
16.724,1.614
17.243,1.591
15.942,1.567
20.984,1.612
29.311,1.767
16.553,1.767
16.773,1.572
17.240,1.624
16.442,1.673
20.469,1.628
29.096,1.711
16.727,1.711
16.803,1.526
16.696,1.589
17.029,1.608
16.799,1.659
20.496,1.653
29.055,1.797
16.548,1.797
16.789,1.630
17.219,1.634
16.636,1.575
20.367,1.661
29.322,1.757
17.172,1.757
16.071,1.571
16.630,1.597
17.143,1.574
16.448,1.651
20.588,1.650
29.348,1.720
16.467,1.880
16.752,1.597
16.742,1.581
17.207,1.592
16.423,1.581
20.512,1.586
29.311,1.835
19.171,1.835
14.021,1.573
16.803,1.599
17.092,1.594
16.460,1.710
20.614,1.606
29.179,1.656
16.634,1.794
16.950,1.547
16.535,1.620
17.109,1.579
15.926,1.604
21.080,1.622
29.208,1.610
16.664,1.777
16.748,1.551
16.607,1.549
17.267,1.599
15.894,1.621
21.082,1.615
29.170,1.734
16.698,1.734
16.689,1.530
17.364,1.592
16.275,1.613
16.110,1.602
21.120,1.627
29.156,1.754
16.741,1.797
16.772,1.528
17.337,1.614
16.413,1.625
16.556,1.651
20.403,1.633
29.303,1.658
16.635,1.755
16.661,1.534
16.749,1.609
17.135,1.619
16.565,1.561
20.445,1.594
29.336,1.710
16.542,1.710
16.704,1.515
16.516,1.616
17.281,1.593
16.554,1.649
20.475,1.619
29.192,1.698
16.644,1.772
16.766,1.536
16.703,1.594
17.245,1.594
17.572,1.592
19.329,1.602
29.217,1.674
16.533,1.882
17.499,1.593
16.615,1.584
16.651,1.646
16.481,1.599
20.418,1.600
29.500,1.662
16.404,1.743
16.677,1.563
17.345,1.597
20.150,1.568
29.365,1.550
16.495,1.822
16.677,1.546
16.780,1.599
17.218,1.581
16.403,1.647
20.492,1.584
29.348,1.668
16.643,1.801
16.562,1.541
17.321,1.615
16.436,1.636
16.565,1.639
20.555,1.571
29.351,1.660
16.713,1.820
17.344,1.626
16.408,1.683
16.544,1.665
16.532,1.631
20.532,1.599
29.267,1.688
16.686,1.774
16.706,1.602
16.613,1.597
17.130,1.666
16.633,1.583
20.462,1.613
29.343,1.677
16.478,1.849
17.440,1.594
16.706,1.641
16.290,1.595
20.481,1.605
29.250,1.756
17.306,1.756
16.667,1.579
16.113,1.605
18.321,1.667
19.172,1.605
29.163,1.741
17.182,1.797
16.741,1.653
16.631,1.678
20.411,1.595
29.194,1.709
16.533,1.785
16.790,1.705
20.810,1.682
29.128,1.673
16.709,1.720
16.763,1.675
16.899,1.633
20.550,1.659
29.248,1.730
17.229,1.736
16.070,1.675
20.822,1.685
29.266,1.663
16.579,1.717
16.790,1.697
20.775,1.684
29.248,1.663
16.556,1.805
17.761,1.748
16.233,1.671
20.401,1.625
29.120,1.714
16.587,1.735
16.789,1.709
17.181,1.681
20.312,1.607
29.233,1.613
16.687,1.756
16.837,1.698
17.077,1.624
15.898,1.677
16.616,1.614
21.121,1.630
29.247,1.790
17.202,1.790
16.082,1.512
16.718,1.544
17.143,1.593
16.537,1.581
16.173,1.718
16.568,1.679
21.057,1.610
29.273,1.741
18.690,1.741
14.672,1.556
16.644,1.603
17.213,1.615
16.647,1.657
16.652,1.715
16.632,1.652
16.059,1.584
21.009,1.598
29.358,1.662
16.516,1.662
16.748,1.577
16.698,1.543
17.116,1.599
16.662,1.573
16.190,1.611
16.418,1.595
21.067,1.598
29.401,1.609
16.562,1.609
17.253,1.580
16.470,1.642
16.905,1.633
15.881,1.551
20.992,1.599
29.268,1.788
16.671,1.788
16.629,1.550
17.480,1.596
16.454,1.641
16.425,1.655
20.707,1.735
28.949,1.678
16.745,1.723
17.402,1.556
16.661,1.638
15.745,1.720
21.042,1.549
29.239,1.727
16.633,1.721
16.806,1.644
17.140,1.610
16.446,1.615
20.491,1.594
29.258,1.611
16.698,1.728
16.679,1.754
17.190,1.592
20.286,1.683
29.152,1.693
16.615,1.780
16.736,1.520
17.429,1.604
18.042,1.595
18.713,1.625
29.267,1.747
16.639,1.710
16.729,1.533
17.428,1.613
15.781,1.609
20.936,1.620
29.187,1.762
16.679,1.762
16.719,1.541
17.362,1.682
16.491,1.657
16.613,1.638
15.999,1.589
21.102,1.597
29.308,1.870
16.588,1.870
17.380,1.563
16.615,1.534
16.544,1.610
16.691,1.618
16.520,1.606
16.061,1.583
21.051,1.602
29.219,1.752
16.609,1.752
17.766,1.536
15.782,1.589
17.274,1.643
16.613,1.610
15.854,1.663
16.625,1.617
21.064,1.613
29.278,1.686
16.637,1.858
16.713,1.594
16.756,1.574
17.143,1.624
16.496,1.602
16.030,1.595
21.113,1.618
29.090,1.750
16.826,1.750
16.663,1.518
16.706,1.696
17.199,1.642
15.923,1.572
21.057,1.606
29.082,1.817
16.864,1.817
16.609,1.570
17.284,1.600
18.156,1.629
14.433,1.601
16.552,1.587
21.141,1.663
29.163,1.766
16.675,1.766
16.754,1.519
17.320,1.619
16.566,1.584
15.876,1.649
21.018,1.614
29.056,1.734
16.961,1.734
16.614,1.511
16.834,1.537
17.082,1.622
15.942,1.607
16.593,1.574
21.091,1.661
29.140,1.749
16.721,1.749
16.631,1.584
17.394,1.546
16.540,1.605
16.013,1.571
20.929,1.606
29.207,1.758
16.773,1.758
16.737,1.578
17.304,1.646
16.628,1.622
16.495,1.675
15.943,1.717
21.072,1.619
29.103,1.754
16.719,1.754
16.789,1.521
17.399,1.553
16.423,1.583
15.983,1.528
16.654,1.584
21.028,1.609
29.337,1.769
16.613,1.769
16.679,1.531
16.691,1.511
17.152,1.573
15.945,1.610
16.640,1.587
21.120,1.552
29.313,1.695
16.495,1.806
16.727,1.545
18.891,1.620
14.918,1.549
16.595,1.601
20.416,1.594
29.157,1.733
16.766,1.733
16.705,1.562
17.259,1.610
16.623,1.559
15.964,1.695
21.078,1.616
29.089,1.752
16.627,1.752
16.817,1.554
16.625,1.584
17.214,1.652
15.934,1.580
21.009,1.567
29.246,1.725
16.680,1.725
16.788,1.545
17.327,1.626
16.401,1.595
16.606,1.587
20.387,1.688
29.240,1.726
16.563,1.848
17.727,1.517
16.409,1.644
16.696,1.686
15.829,1.660
20.980,1.627
29.186,1.772
16.807,1.772
16.567,1.521
17.321,1.601
16.589,1.593
16.034,1.619
20.996,1.603
29.190,1.789
16.656,1.789
16.724,1.514
17.364,1.564
16.523,1.616
16.014,1.668
20.980,1.637
29.137,1.752
16.579,1.752
16.863,1.525
16.714,1.595
17.122,1.596
16.038,1.589
16.547,1.599
23.053,1.532
27.179,1.688
16.687,1.688
16.783,1.608
17.284,1.644
16.529,1.547
16.510,1.616
16.547,1.621
20.554,1.616
29.259,1.736
16.636,1.822
16.811,1.543
17.298,1.676
16.485,1.669
16.489,1.582
20.547,1.678
29.162,1.711
16.581,1.711
16.753,1.580
17.562,1.642
16.474,1.582
16.495,1.602
16.007,1.659
21.028,1.580
29.219,1.687
16.747,1.726
17.336,1.535
16.604,1.599
16.649,1.619
15.935,1.611
20.947,1.641
29.230,1.656
16.701,1.753
16.721,1.653
17.220,1.658
16.605,1.651
15.916,1.602
21.176,1.589
29.196,1.649
16.648,1.715
16.684,1.587
17.356,1.562
16.305,1.576
16.074,1.591
21.084,1.603
29.186,1.638
16.712,1.822
16.684,1.641
17.020,1.618
20.280,1.604
29.391,1.689
16.696,1.745
19.119,1.654
14.736,1.670
20.319,1.577
29.134,1.686
16.779,1.686
16.672,1.551
16.755,1.578
17.141,1.611
16.465,1.639
20.444,1.672
29.434,1.643
16.563,1.741
16.651,1.530
17.188,1.584
16.042,1.673
20.910,1.690
29.280,1.730
16.526,1.730
16.817,1.590
16.722,1.668
17.146,1.691
16.612,1.673
20.339,1.595
29.305,1.695
16.591,1.695
17.172,1.565
17.082,1.711
16.325,1.613
15.985,1.623
21.102,1.643
29.279,1.680
16.549,1.761
16.590,1.537
16.713,1.661
17.231,1.601
16.388,1.660
20.583,1.566
29.218,1.700
16.680,1.819
16.691,1.518
16.679,1.693
17.008,1.680
16.095,1.602
21.035,1.678
29.252,1.712
16.613,1.735
16.799,1.549
17.256,1.668
16.326,1.579
20.496,1.601
29.434,1.748
16.564,1.726
19.051,1.557
14.818,1.661
15.895,1.606
21.025,1.674
29.208,1.700
16.700,1.732
16.724,1.533
17.160,1.593
15.992,1.670
21.052,1.602
29.139,1.716
16.705,1.741
16.702,1.535
17.182,1.604
16.051,1.594
20.924,1.598
29.235,1.608
16.580,1.829
17.411,1.530
16.565,1.641
16.739,1.583
20.204,1.599
29.308,1.600
16.576,1.795
16.717,1.547
17.522,1.682
16.136,1.668
20.586,1.642
29.115,1.789
16.772,1.789
16.697,1.551
16.663,1.520
17.216,1.577
16.318,1.584
20.567,1.599
29.270,1.741
16.554,1.821
16.831,1.606
17.163,1.601
16.002,1.747
20.919,1.586
29.210,1.692
16.646,1.692
16.797,1.520
17.302,1.584
16.589,1.569
16.431,1.573
20.510,1.567
29.239,1.719
16.660,1.855
16.719,1.598
17.137,1.680
17.759,1.579
19.173,1.564
29.146,1.691
16.806,1.725
16.739,1.531
17.286,1.570
16.550,1.617
20.384,1.652
29.121,1.682
16.594,1.682
16.843,1.530
17.204,1.600
16.484,1.650
20.420,1.618
29.214,1.667
16.729,1.667
16.624,1.544
17.208,1.676
15.978,1.633
20.998,1.626
29.137,1.606
16.790,1.735
16.766,1.601
17.082,1.608
16.009,1.617
21.052,1.622
29.207,1.676
16.756,1.911
16.633,1.609
17.196,1.609
15.848,1.667
21.058,1.678
29.339,1.654
16.479,1.724
16.747,1.531
17.257,1.662
15.824,1.673
21.076,1.632
29.366,1.769
16.601,1.719
16.700,1.531
16.638,1.680
16.536,1.678
20.948,1.680
29.194,1.661
16.730,1.741
16.604,1.569
17.437,1.597
16.364,1.599
20.305,1.565
29.454,1.772
18.692,1.772
15.289,1.543
15.970,1.570
17.004,1.530
20.469,1.616
29.315,1.628
16.578,1.751
16.758,1.725
17.175,1.593
15.871,1.554
21.074,1.669
29.145,1.636
16.734,1.779
16.743,1.564
17.176,1.541
16.501,1.516
20.407,1.587
29.248,1.706
16.748,1.706
16.691,1.562
16.567,1.551
17.269,1.601
16.408,1.564
20.503,1.577
29.371,1.636
16.550,1.736
17.676,1.545
16.253,1.616
15.946,1.654
21.139,1.620
29.124,1.657
16.643,1.770
16.607,1.534
17.274,1.589
15.989,1.534
20.957,1.584
29.229,1.669
16.574,1.749
16.779,1.539
17.561,1.576
15.645,1.627
21.063,1.567
29.185,1.714
16.595,1.714
16.734,1.528
17.428,1.626
16.311,1.549
20.471,1.559
29.150,1.617
16.621,1.728
16.920,1.554
17.201,1.639
22.031,1.675
27.312,1.632
17.402,1.791
15.821,1.679
17.546,1.635
15.720,1.616
21.171,1.569
29.341,1.603
16.348,1.748
16.849,1.546
16.985,1.612
20.457,1.593
29.225,1.640
17.065,1.736
16.798,1.583
16.643,1.608
20.325,1.574
29.299,1.610
17.039,1.763
16.789,1.596
16.423,1.564
20.431,1.654
29.264,1.636
17.081,1.793
16.905,1.654
20.373,1.675
29.118,1.752
17.104,1.861
16.865,1.696
20.226,1.694
29.186,1.625
17.089,1.773
16.803,1.683
20.277,1.712
29.169,1.636
17.226,1.754
16.699,1.736
20.304,1.668
29.256,1.692
17.198,1.751
16.684,1.591
20.238,1.680
29.258,1.621
17.134,1.832
16.734,1.766
20.260,1.667
29.302,1.640
17.237,1.806
16.692,1.617
22.073,1.591
27.646,1.739
16.990,1.801
16.669,1.617
20.296,1.696
29.173,1.659
17.086,1.747
16.787,1.623
20.277,1.738
29.309,1.625
17.053,1.830
16.836,1.687
20.195,1.627
29.240,1.616
17.204,1.761
16.708,1.640
20.308,1.621
29.214,1.631
17.128,1.716
16.734,1.733
16.583,1.590
20.313,1.647
29.278,1.676
17.234,1.742
16.809,1.712
20.273,1.713
29.108,1.722
17.351,1.820
16.771,1.633
20.041,1.685
29.234,1.666
17.235,1.809
16.741,1.635
20.207,1.652
29.236,1.749
17.229,1.757
16.211,1.567
20.749,1.610
29.275,1.667
16.602,1.665
16.721,1.743
20.648,2.290
29.367,1.652
17.257,1.591
16.652,1.784
20.236,1.715
29.257,1.743
17.266,1.701
17.924,1.746
18.901,1.682
29.284,1.620
16.588,1.751
16.819,1.688
20.778,1.630
29.237,1.673
16.663,1.736
16.745,1.718
17.178,1.603
20.237,1.610
29.325,1.669
16.593,1.737
16.714,1.528
17.226,1.577
16.505,1.605
15.998,1.583
21.148,1.608
29.157,1.810
16.660,1.810
16.946,1.560
17.118,1.577
16.469,1.591
16.557,1.620
17.131,1.609
15.627,1.700
21.156,1.634
29.298,1.684
16.575,1.684
16.785,1.552
17.320,1.546
16.427,1.582
16.783,1.563
16.619,1.684
16.608,1.596
16.636,1.610
16.643,1.590
16.264,1.538
16.449,1.586
16.630,1.673
21.096,1.679
29.208,1.756
16.691,1.756
16.720,1.548
16.649,1.538
17.190,1.560
16.760,1.618
16.537,1.602
16.639,1.592
16.114,1.605
20.838,1.696
29.321,1.707
16.683,1.707
18.569,1.511
15.449,1.570
16.633,1.601
16.454,1.604
16.019,1.628
21.100,1.625
29.299,1.846
16.607,1.846
17.527,1.594
16.525,1.526
16.444,1.615
16.051,1.599
20.983,1.684
29.338,1.736
16.566,1.736
16.727,1.557
17.203,1.668
16.654,1.606
15.879,1.602
21.136,1.601
29.277,1.661
16.557,1.846
16.729,1.541
16.674,1.602
17.045,1.613
16.132,1.632
21.017,1.673
29.204,1.756
16.671,1.878
16.732,1.594
17.217,1.669
15.904,1.674
21.018,1.592
29.139,1.754
16.737,1.754
16.719,1.536
16.681,1.590
17.145,1.678
15.920,1.613
21.019,1.622
29.212,1.764
16.704,1.764
16.766,1.533
17.332,1.560
16.430,1.601
16.086,1.605
17.196,1.601
20.461,1.602
29.257,1.790
16.579,1.790
16.776,1.521
16.650,1.575
17.129,1.568
18.224,1.562
14.414,1.618
20.972,1.579
29.211,1.734
16.778,1.734
16.744,1.547
16.599,1.566
17.315,1.596
16.526,1.588
16.494,1.586
16.145,1.568
21.093,1.626
29.216,1.703
16.691,1.703
16.718,1.575
17.205,1.526
16.659,1.577
16.797,1.580
16.433,1.592
16.014,1.561
21.063,1.558
29.198,1.608
17.233,1.722
16.631,1.592
16.607,1.630
17.035,1.656
15.684,1.667
21.072,1.655
29.304,1.762
17.162,1.805
16.668,1.615
16.655,1.641
15.922,1.717
21.071,1.610
29.209,1.633
16.609,1.727
16.652,1.665
16.971,1.658
20.614,2.281
29.134,1.705
17.329,1.687
16.022,1.632
20.861,1.681
29.255,1.682
16.579,1.774
16.811,1.675
20.760,1.613
29.223,1.735
16.610,1.745
16.799,1.767
20.761,1.662
29.246,1.604
18.604,1.785
14.774,1.586
16.959,1.724
20.520,1.629
29.296,1.714
16.490,1.714
20.864,1.657
29.198,1.675
16.687,1.698
16.789,1.588
17.334,1.696
16.487,1.582
15.955,1.594
16.656,1.556
21.070,1.616
29.017,1.625
16.824,1.625
16.769,1.615
16.838,1.543
16.443,1.577
16.703,1.584
16.736,1.583
17.188,1.540
16.731,1.544
16.690,1.603
16.774,1.636
16.621,1.619
16.531,1.674
16.744,1.528
16.027,1.527
17.385,1.575
16.664,1.588
16.554,1.595
16.743,1.586
16.721,1.579
16.571,1.599
16.748,1.612
15.965,1.593
16.706,1.557
16.553,1.584
21.079,1.614
29.092,1.613
16.765,1.613
16.785,1.554
16.697,1.517
16.659,1.594
17.138,1.605
16.670,1.670
16.667,1.597
16.045,1.636
17.125,1.598
20.578,1.626
29.360,1.698
16.513,1.698
16.610,1.548
19.146,1.596
14.747,1.653
16.677,1.688
16.607,1.740
20.370,1.599
29.299,1.658
16.704,1.658
16.687,1.529
16.845,1.588
17.033,1.673
16.569,1.733
16.567,1.606
16.210,1.595
20.862,1.609
29.468,1.644
16.379,1.644
16.861,1.535
16.600,1.561
17.310,1.586
16.574,1.621
16.638,1.634
16.574,1.593
16.013,1.641
21.085,1.568
29.375,1.699
16.681,1.699
16.648,1.606
16.642,1.594
17.174,1.627
16.684,1.585
16.676,1.610
16.661,1.621
15.977,1.598
16.626,1.641
21.000,1.612
29.339,1.767
16.716,1.767
16.689,1.539
16.581,1.512
17.196,1.561
16.667,1.679
16.671,1.567
16.595,1.674
15.989,1.619
21.055,1.679
29.175,1.667
16.747,1.667
17.490,1.577
16.533,1.546
16.591,1.612
16.611,1.603
16.526,1.581
16.237,1.676
16.493,1.671
21.102,1.669
44.203,1.700
16.711,1.700
18.445,1.537
16.568,1.581
16.690,1.596
17.414,1.641
16.572,1.679
16.143,1.680
16.625,1.611
16.835,1.591
16.525,1.555
17.255,1.552
16.760,1.576
16.008,1.574
17.292,1.542
16.629,1.620
16.810,1.647
16.631,1.627
16.482,1.601
16.703,1.634
16.645,1.634
16.064,1.617
17.034,1.601
20.563,1.605
29.379,1.747
16.655,1.747
17.335,1.634
16.540,1.643
16.704,1.586
16.564,1.637
16.014,1.561
16.583,1.615
21.046,1.604
29.190,1.764
16.741,1.764
16.733,1.553
16.598,1.664
17.228,1.607
16.435,1.726
20.563,1.600
29.121,1.694
16.803,1.694
16.624,1.543
16.793,1.620
17.121,1.590
16.138,1.618
16.444,1.677
21.008,1.686
29.313,1.667
16.551,1.839
16.833,1.527
17.217,1.542
16.589,1.664
16.718,1.615
16.503,1.629
17.883,1.597
19.155,1.671
29.202,1.738
16.729,1.738
16.711,1.565
16.702,1.564
17.197,1.540
16.772,1.617
16.560,1.634
16.104,1.584
16.507,1.615
21.166,1.601
29.075,1.756
16.759,1.756
16.571,1.556
17.515,1.678
16.406,1.612
16.797,1.581
16.504,1.621
16.036,1.592
21.053,1.667
29.115,1.793
16.834,1.793
16.717,1.598
17.299,1.598
16.551,1.665
16.569,1.643
16.630,1.611
16.004,1.611
21.136,1.585
29.238,1.705
16.632,1.705
16.711,1.561
17.299,1.530
16.547,1.614
16.676,1.584
16.525,1.602
16.062,1.608
21.027,1.678
29.354,1.704
16.631,1.704
16.558,1.528
17.443,1.646
16.502,1.615
16.655,1.630
15.915,1.600
21.113,1.592
29.146,1.665
16.660,1.665
16.776,1.573
17.279,1.575
16.014,1.627
17.334,1.679
16.513,1.615
18.269,1.581
14.873,1.621
20.534,1.602
29.232,1.679
16.585,1.679
16.835,1.533
16.873,1.664
16.968,1.527
16.676,1.721
16.663,1.632
16.574,1.632
16.046,1.603
21.094,1.671
29.130,1.712
16.791,1.712
16.680,1.530
16.581,1.606
17.291,1.599
16.724,1.547
16.635,1.589
16.639,1.587
15.905,1.618
16.759,1.695
21.106,1.684
29.245,1.800
16.556,1.800
16.702,1.532
16.724,1.546
17.060,1.631
16.803,1.598
16.541,1.632
16.207,1.570
20.813,1.598
29.205,1.699
17.268,1.699
16.201,1.570
16.592,1.606
17.252,1.575
16.664,1.520
16.652,1.687
16.465,1.582
16.202,1.612
21.028,1.649
29.042,1.830
16.890,1.830
16.655,1.531
16.709,1.552
17.197,1.576
16.608,1.594
15.996,1.587
21.028,1.585
29.292,1.752
16.631,1.752
17.357,1.618
18.217,1.572
15.017,1.557
16.686,1.726
16.417,1.575
20.484,1.583
29.078,1.815
16.818,1.815
16.742,1.565
16.681,1.573
17.178,1.617
16.608,1.613
15.919,1.600
21.131,1.607
29.243,1.862
16.625,1.862
16.708,1.535
16.683,1.661
17.162,1.572
16.731,1.618
15.960,1.646
20.905,1.730
29.299,1.926
17.440,1.926
16.615,1.663
16.623,1.645
16.574,1.636
15.925,1.596
16.682,1.576
21.059,1.590
29.182,1.883
16.748,1.883
16.677,1.555
17.440,1.538
16.423,1.610
16.427,1.628
16.374,1.603
20.773,1.578
29.228,1.703
16.640,1.703
16.803,1.530
16.634,1.570
17.230,1.608
16.600,1.604
16.007,1.649
21.049,1.582
29.078,1.712
16.814,1.712
16.688,1.516
16.679,1.516
17.246,1.609
16.552,1.578
16.087,1.576
17.028,1.602
20.544,1.585
44.245,1.704
16.697,1.704
18.386,1.590
16.721,1.545
16.646,1.527
17.254,1.531
16.006,1.584
17.389,1.549
16.592,1.551
16.687,1.554
16.698,1.564
16.722,1.554
16.091,1.686
17.171,1.620
16.729,1.572
16.700,1.571
15.991,1.649
16.536,1.596
21.076,1.614
29.153,1.631
16.622,1.631
17.731,1.542
16.351,1.620
16.640,1.650
16.610,1.701
15.914,1.631
16.672,1.574
21.075,1.679
29.189,1.812
16.751,1.812
16.801,1.515
17.183,1.610
16.689,1.609
16.494,1.536
16.020,1.612
21.060,1.558
29.043,1.710
16.705,1.710
16.817,1.548
17.212,1.640
16.586,1.612
16.025,1.582
20.956,1.581
29.190,1.810
16.677,1.810
16.754,1.539
17.399,1.708
16.487,1.646
16.566,1.623
16.094,1.615
16.577,1.639
21.074,1.635
29.211,1.806
16.597,1.806
18.639,1.527
14.731,1.596
17.295,1.607
16.671,1.619
16.035,1.588
20.958,1.591
29.338,1.758
16.596,1.758
16.675,1.527
17.310,1.602
16.515,1.684
16.602,1.610
16.092,1.604
16.657,1.573
20.998,1.593
29.249,1.661
16.625,1.661
17.400,1.566
16.648,1.607
16.579,1.591
16.456,1.619
17.090,1.580
15.844,1.625
20.917,1.677
29.209,1.683
16.628,1.683
16.776,1.569
16.647,1.531
17.215,1.548
16.819,1.633
16.594,1.670
16.447,1.597
16.094,1.693
21.045,1.601
29.011,1.643
16.903,1.643
16.691,1.568
16.683,1.526
16.706,1.545
17.103,1.592
16.610,1.616
16.189,1.541
16.507,1.564
21.058,1.602
29.132,1.708
16.665,1.708
16.856,1.569
17.308,1.545
16.573,1.673
16.584,1.606
16.587,1.606
16.029,1.604
21.129,1.618
29.070,1.692
18.938,1.692
15.223,1.689
16.159,1.674
17.036,1.610
16.635,1.598
16.636,1.579
16.093,1.618
16.631,1.618
20.996,1.647
29.363,1.680
16.548,1.680
16.707,1.522
16.903,1.599
16.920,1.599
16.549,1.592
16.173,1.612
16.595,1.668
21.031,1.593
29.142,1.804
16.783,1.804
17.656,1.559
15.762,1.606
16.735,1.675
17.072,1.633
16.618,1.632
16.045,1.584
17.128,1.616
20.494,1.588
29.191,1.654
16.789,1.654
17.411,1.540
16.633,1.584
16.598,1.538
16.702,1.522
16.579,1.612
15.975,1.611
16.569,1.605
21.104,1.611
29.156,1.690
16.751,1.690
16.634,1.517
16.737,1.556
17.154,1.602
16.669,1.640
16.116,1.602
16.473,1.696
21.067,1.618
29.299,1.779
16.552,1.779
16.790,1.528
16.774,1.565
17.034,1.534
16.759,1.576
16.570,1.591
16.213,1.610
18.011,1.597
19.484,1.682
29.148,1.744
16.748,1.744
16.752,1.577
17.273,1.660
16.624,1.530
16.560,1.587
16.769,1.593
15.894,1.605
21.021,1.590
29.204,1.717
16.727,1.717
16.660,1.572
16.969,1.599
20.527,1.605
29.062,1.737
16.812,1.737
16.723,1.547
17.338,1.557
16.577,1.611
16.693,1.635
15.987,1.678
16.542,1.655
21.066,1.683
29.183,1.737
16.725,1.737
16.727,1.527
17.301,1.542
16.630,1.624
16.599,1.611
15.930,1.588
21.034,1.585
29.111,1.819
16.809,1.819
16.591,1.527
16.807,1.662
17.111,1.613
16.019,1.657
21.024,1.646
29.132,1.690
16.728,1.690
16.659,1.522
16.740,1.627
17.324,1.681
15.788,1.657
16.616,1.602
21.125,1.533
29.086,1.781
16.724,1.781
16.781,1.527
17.385,1.623
16.444,1.585
18.817,1.587
17.986,1.618
29.286,1.686
16.678,1.686
16.826,1.537
16.696,1.621
17.114,1.608
16.567,1.588
16.055,1.637
21.055,1.610
29.144,1.780
16.799,1.780
17.339,1.519
16.513,1.551
16.767,1.616
16.027,1.599
16.442,1.620
21.101,1.675
29.215,1.732
16.703,1.732
16.799,1.580
16.596,1.629
17.176,1.645
16.459,1.651
20.501,1.634
29.185,1.718
16.600,1.718
16.835,1.541
16.925,1.555
16.996,1.599
16.468,1.605
16.020,1.602
21.057,1.606
29.150,1.687
16.696,1.687
16.787,1.557
16.778,1.617
17.112,1.622
16.506,1.614
16.135,1.682
20.976,1.612
29.082,1.733
16.750,1.733
16.772,1.566
16.676,1.556
17.229,1.542
16.585,1.679
16.431,1.618
20.612,1.593
29.250,1.717
16.611,1.717
16.742,1.571
16.740,1.593
18.618,1.619
14.876,1.664
16.695,1.610
20.597,1.618
29.071,1.766
17.434,1.766
16.051,1.563
17.326,1.635
16.509,1.610
16.126,1.661
16.521,1.615
21.081,1.611
29.327,1.737
16.547,1.737
16.731,1.583
17.314,1.536
16.491,1.583
16.670,1.622
16.591,1.623
16.060,1.601
21.146,1.599
29.245,1.774
16.649,1.774
16.619,1.629
16.686,1.592
17.182,1.590
16.630,1.603
16.585,1.624
15.979,1.632
21.134,1.592
29.165,1.694
17.428,1.694
16.148,1.571
17.162,1.567
16.625,1.604
16.600,1.670
16.646,1.582
15.924,1.630
21.032,1.583
29.142,1.752
16.855,1.752
16.611,1.531
16.756,1.561
17.074,1.611
16.623,1.583
16.200,1.592
16.511,1.636
21.099,1.626
29.077,1.863
16.810,1.863
16.720,1.561
16.673,1.603
17.202,1.679
16.639,1.665
17.795,1.592
19.114,1.587
29.159,1.799
16.868,1.799
16.672,1.590
16.620,1.551
17.266,1.540
16.517,1.600
16.805,1.609
16.420,1.553
20.519,1.624
29.335,1.781
17.279,1.781
15.986,1.561
16.725,1.562
17.130,1.602
16.689,1.598
16.663,1.613
15.948,1.627
16.719,1.593
21.084,1.650
29.207,1.815
16.646,1.815
16.649,1.579
16.733,1.554
17.363,1.584
16.384,1.592
16.843,1.596
15.889,1.625
21.003,1.609
29.321,1.759
16.702,1.759
16.634,1.515
17.264,1.563
16.719,1.621
16.512,1.618
16.452,1.640
16.197,1.590
16.621,1.594
21.087,1.596
29.055,1.755
16.839,1.755
16.707,1.551
17.288,1.531
16.592,1.617
16.687,1.633
16.666,1.669
15.932,1.621
21.040,1.591
29.183,1.742
16.693,1.742
16.689,1.577
16.716,1.534
17.168,1.603
18.262,1.666
14.747,1.779
16.856,1.611
20.462,1.626
29.223,1.634
16.626,1.634
16.683,1.548
16.666,1.722
17.351,1.624
16.624,1.588
16.518,1.598
16.029,1.578
21.043,1.601
29.234,1.651
16.747,1.651
16.674,1.591
17.314,1.532
16.626,1.532
16.442,1.555
17.055,1.609
15.860,1.672
16.517,1.645
21.090,1.623
29.257,1.720
16.544,1.720
16.768,1.552
16.561,1.558
17.324,1.548
16.635,1.591
16.633,1.626
16.148,1.614
16.501,1.597
21.030,1.595
29.355,1.684
16.574,1.684
16.708,1.530
17.343,1.617
16.549,1.588
16.503,1.596
16.043,1.678
16.673,1.626
21.095,1.629
29.105,1.779
16.696,1.779
16.783,1.524
17.311,1.644
15.905,1.564
17.335,1.596
16.561,1.593
16.104,1.608
20.937,1.612
29.220,1.675
16.652,1.675
16.794,1.547
18.384,1.552
15.505,1.594
16.672,1.613
16.468,1.596
16.155,1.638
21.015,1.595
29.028,1.714
16.831,1.714
16.733,1.616
16.551,1.613
17.346,1.592
16.682,1.606
16.555,1.612
16.068,1.605
16.579,1.608
21.045,1.584
29.224,1.652
16.677,1.652
16.718,1.536
16.948,1.540
17.124,1.618
16.505,1.667
16.570,1.641
16.626,1.635
16.042,1.596
21.066,1.611
29.181,1.672
16.728,1.672
16.645,1.523
16.786,1.611
17.182,1.633
16.672,1.625
15.945,1.649
16.578,1.637
21.066,1.592
29.241,1.745
16.541,1.745
16.845,1.552
17.259,1.606
16.733,1.581
16.526,1.639
16.622,1.664
16.031,1.608
21.025,1.600
29.315,1.648
16.569,1.648
16.697,1.575
16.643,1.517
17.275,1.575
16.623,1.556
16.638,1.614
16.641,1.610
15.992,1.640
16.714,1.605
21.143,1.632
44.110,1.718
16.703,1.718
18.412,1.525
16.669,1.569
17.259,1.539
16.567,1.559
16.752,1.532
16.850,1.547
16.440,1.630
16.694,1.627
16.621,1.693
16.609,1.600
16.176,1.614
16.564,1.585
16.727,1.617
20.967,1.588
29.348,1.638
16.580,1.638
17.627,1.564
16.383,1.597
16.582,1.644
16.649,1.694
16.624,1.583
16.612,1.599
16.061,1.602
21.025,1.623
29.180,1.620
16.749,1.620
16.603,1.555
16.692,1.667
17.302,1.606
16.579,1.673
16.014,1.606
16.609,1.631
21.071,1.629
29.057,1.710
16.925,1.710
16.637,1.542
17.291,1.674
16.755,1.602
16.460,1.598
16.528,1.600
16.082,1.653
21.055,1.620
29.229,1.756
16.623,1.756
16.758,1.523
16.647,1.622
17.240,1.624
16.513,1.601
16.056,1.617
21.071,1.527
29.112,1.712
16.738,1.712
18.581,1.637
14.796,1.569
16.754,1.546
17.162,1.587
16.622,1.563
16.644,1.631
16.711,1.621
20.329,1.561
29.211,1.681
16.619,1.681
48.431,1.547
16.694,1.547
35.028,1.650
16.675,1.650
17.268,1.537
17.077,1.592
15.958,1.758
16.704,1.771
17.082,1.862
16.678,1.750
15.987,1.725
16.701,1.684
16.659,1.729
16.603,1.706
16.645,1.725
17.346,1.732
16.082,1.660
17.321,1.671
16.236,1.680
16.542,1.647
17.315,1.669
16.076,1.679
16.827,1.669
16.567,1.698
16.639,1.627
16.661,1.636
17.375,1.582
15.966,1.557
17.285,1.550
16.065,1.536
17.317,1.565
16.705,1.556
16.590,1.648
16.597,1.612
16.574,1.597
16.063,1.584
21.071,1.578
29.172,1.693
16.741,1.693
16.912,1.588
16.473,1.647
17.135,1.625
16.047,1.599
20.973,1.646
29.202,1.669
18.587,1.669
15.500,1.637
16.713,1.586
16.495,1.629
16.619,1.637
16.608,1.614
16.041,1.594
20.948,1.606
29.314,1.683
16.721,1.683
16.633,1.601
17.326,1.605
16.732,1.572
16.468,1.647
16.741,1.627
16.566,1.588
15.942,1.631
21.141,1.607
29.265,1.811
16.566,1.811
16.784,1.616
16.615,1.596
17.346,1.616
16.549,1.658
16.660,1.541
16.773,1.623
16.604,1.597
16.494,1.595
16.077,1.600
20.991,1.560
29.466,1.619
16.431,1.619
16.830,1.552
17.278,1.524
16.573,1.595
16.565,1.535
16.769,1.606
16.025,1.598
16.561,1.608
16.644,1.598
21.113,1.608
29.056,1.638
16.832,1.638
16.706,1.544
16.679,1.569
16.487,1.553
17.397,1.623
16.824,1.541
16.486,1.646
16.694,1.620
16.004,1.526
16.670,1.620
16.592,1.651
21.092,1.580
29.125,1.659
18.513,1.659
15.611,1.530
16.013,1.591
17.167,1.625
16.607,1.625
16.844,1.590
16.540,1.570
16.040,1.595
16.610,1.615
16.652,1.597
21.145,1.613
44.185,1.737
16.730,1.737
34.999,1.516
16.583,1.516
33.607,1.576
16.583,1.576
48.273,1.634
16.791,1.634
34.853,1.608
16.777,1.608
16.791,1.765
16.677,1.683
16.502,1.725
16.661,1.658
17.556,1.661
16.524,1.696
16.814,1.669
16.086,1.641
16.479,1.706
16.618,1.683
16.775,1.617
16.544,1.735
16.972,1.701
17.202,1.720
15.967,1.687
16.888,1.694
17.090,1.723
16.002,1.669
16.711,1.580
17.390,1.693
16.068,1.682
17.095,1.701
16.138,1.757
17.505,1.668
15.921,1.723
17.294,1.679
16.660,1.705
16.169,1.759
17.259,1.685
15.993,1.711
16.800,1.695
17.269,1.697
18.318,1.728
14.245,1.717
17.384,1.668
16.199,1.589
17.381,1.603
16.491,1.670
16.477,1.572
16.498,1.597
20.525,1.596
29.310,1.686
16.557,1.731
16.815,1.702
17.169,1.722
16.379,1.722
20.537,1.716
29.303,1.583
17.219,1.803
16.162,1.714
17.057,1.749
20.466,1.701
29.137,1.633
16.588,1.686
16.839,1.649
16.990,1.682
20.478,1.667
29.266,1.608
16.598,1.750
17.315,1.665
16.590,1.697
20.362,1.703
29.170,1.656
16.552,1.757
16.855,1.673
17.128,1.681
15.944,1.617
21.010,1.601
29.239,1.915
16.671,1.915
16.609,1.711
17.459,1.602
16.547,1.629
16.504,1.602
16.031,1.642
21.046,1.618
29.215,1.713
16.741,1.713
16.680,1.541
16.732,1.559
17.113,1.593
16.872,1.597
16.528,1.612
16.666,1.594
16.437,1.712
18.125,1.625
14.727,1.617
16.657,1.646
21.075,1.611
29.260,1.689
16.628,1.689
16.711,1.513
16.713,1.598
17.174,1.616
16.634,1.663
16.646,1.590
15.987,1.591
16.727,1.628
16.600,1.637
21.013,1.599
29.377,1.612
16.655,1.612
16.706,1.586
16.635,1.629
17.323,1.633
16.462,1.631
16.686,1.600
16.653,1.559
16.008,1.598
16.632,1.640
21.064,1.669
29.211,1.727
16.632,1.727
16.765,1.595
16.687,1.572
17.443,1.557
16.385,1.600
16.735,1.652
15.865,1.602
21.053,1.601
29.147,1.691
16.750,1.691
16.781,1.521
16.675,1.576
17.137,1.626
16.628,1.606
16.615,1.615
16.088,1.647
16.629,1.626
21.039,1.614
29.118,1.764
16.713,1.764
16.768,1.617
16.864,1.578
17.013,1.533
16.684,1.581
16.610,1.574
16.609,1.588
16.103,1.586
20.949,1.605
44.252,1.810
16.701,1.810
18.376,1.572
16.707,1.601
17.256,1.612
16.594,1.546
16.867,1.567
16.480,1.637
16.684,1.623
16.739,1.588
16.581,1.597
16.579,1.632
16.538,1.611
16.289,1.600
20.912,1.607
29.185,1.735
16.877,1.735
17.352,1.626
16.509,1.651
16.551,1.659
16.648,1.608
16.635,1.627
16.206,1.596
16.461,1.603
21.120,1.596
29.018,1.566
16.807,1.566
17.481,1.537
16.558,1.610
16.780,1.621
16.416,1.649
16.813,1.639
15.800,1.597
16.703,1.569
21.068,1.627
29.182,1.749
16.565,1.749
16.765,1.541
17.402,1.664
16.584,1.577
16.604,1.637
16.001,1.567
16.623,1.551
21.109,1.594
29.250,1.711
16.634,1.711
16.588,1.533
17.446,1.539
16.581,1.592
16.559,1.620
16.113,1.581
16.515,1.635
21.100,1.703
29.135,1.745
18.663,1.745
15.563,1.532
16.560,1.577
16.487,1.597
16.051,1.615
16.578,1.607
21.085,1.551
29.300,1.671
16.593,1.671
16.606,1.553
17.397,1.569
16.547,1.611
16.623,1.622
16.618,1.602
15.969,1.611
21.171,1.600
29.265,1.769
16.633,1.769
16.559,1.584
17.357,1.588
16.930,1.588
16.403,1.594
16.566,1.625
16.603,1.670
16.209,1.618
20.934,1.618
29.250,1.731
16.509,1.731
16.856,1.521
16.648,1.556
17.243,1.647
16.666,1.599
16.559,1.573
16.065,1.552
16.569,1.607
21.084,1.616
29.135,1.784
17.436,1.784
16.078,1.599
17.266,1.588
16.552,1.597
16.725,1.638
15.917,1.602
21.073,1.646
29.106,1.729
16.644,1.729
16.717,1.553
16.801,1.605
17.163,1.595
16.660,1.671
15.972,1.595
16.661,1.570
20.990,1.612
29.173,1.604
18.528,1.604
15.075,1.540
16.439,1.559
17.336,1.633
16.662,1.622
16.655,1.575
15.953,1.585
16.690,1.637
20.950,1.610
29.189,1.737
16.636,1.737
16.820,1.520
16.697,1.578
17.193,1.591
16.310,1.586
16.360,1.631
20.999,1.639
29.300,1.790
16.597,1.790
16.679,1.532
17.356,1.555
16.725,1.571
16.467,1.614
15.878,1.604
16.717,1.603
21.012,1.626
29.193,1.713
16.709,1.713
16.719,1.554
16.749,1.581
17.207,1.603
16.527,1.609
16.124,1.606
21.019,1.617
29.272,1.707
16.498,1.707
16.737,1.679
17.311,1.598
16.520,1.633
16.642,1.596
16.555,1.607
16.076,1.600
21.093,1.633
29.380,1.584
16.483,1.584
16.729,1.509
16.612,1.518
17.289,1.614
16.676,1.558
16.548,1.592
16.102,1.600
16.542,1.578
21.095,1.584
29.274,1.756
18.115,1.756
15.826,1.531
16.681,1.537
16.568,1.544
16.675,1.613
16.747,1.606
15.813,1.620
21.092,1.683
29.080,1.736
16.782,1.736
17.414,1.537
16.621,1.558
16.702,1.664
16.356,1.589
17.105,1.599
15.689,1.625
21.192,1.676
29.081,1.814
16.662,1.814
16.736,1.555
16.565,1.555
17.303,1.656
15.966,1.584
16.594,1.609
21.112,1.578
29.224,1.775
16.645,1.775
16.696,1.558
16.698,1.574
17.178,1.588
16.689,1.617
16.007,1.609
16.565,1.591
21.121,1.594
29.166,1.796
16.681,1.796
16.638,1.534
16.753,1.646
17.120,1.634
16.008,1.565
17.122,1.609
20.513,1.666
29.207,1.759
16.754,1.759
16.568,1.531
16.824,1.653
16.497,1.510
17.295,1.603
16.573,1.654
16.183,1.593
20.930,1.611
29.361,1.665
16.581,1.665
16.651,1.566
18.828,1.559
15.297,1.569
16.439,1.611
16.656,1.588
16.553,1.591
16.165,1.590
16.563,1.598
21.115,1.635
29.043,1.771
16.706,1.771
17.053,1.589
16.459,1.626
17.230,1.609
16.488,1.638
16.849,1.643
15.896,1.632
21.146,1.636
29.231,1.732
16.478,1.732
16.805,1.517
16.620,1.544
17.259,1.593
16.573,1.584
16.016,1.618
16.645,1.629
21.062,1.688
29.323,1.762
16.589,1.839
16.696,1.588
16.658,1.610
17.316,1.612
16.494,1.566
16.030,1.566
20.953,1.597
29.130,1.716
16.852,1.716
17.042,1.633
16.379,1.613
17.387,1.611
16.221,1.625
16.130,1.607
21.084,1.568
29.272,1.797
16.578,1.797
16.670,1.668
17.127,1.673
16.086,1.658
21.006,1.558
29.375,1.687
16.378,1.699
16.842,1.673
17.112,1.712
20.375,1.669
29.384,1.697
18.232,1.703
14.957,1.573
17.024,1.654
20.458,1.613
29.240,1.706
16.566,1.732
16.768,1.671
17.056,1.684
20.433,1.605
29.281,1.713
16.584,1.771
16.725,1.676
17.233,1.705
20.395,1.673
29.235,1.655
16.537,1.834
16.717,1.570
17.220,1.668
16.453,1.582
16.078,1.592
21.072,1.593
29.268,1.697
17.154,1.868
16.756,1.645
16.721,1.602
16.678,1.761
16.644,1.604
15.882,1.625
21.062,1.622
29.143,1.848
17.272,1.848
16.838,1.607
16.564,1.675
16.566,1.706
16.007,1.603
21.033,1.536
29.203,1.865
17.259,1.865
16.711,1.601
16.558,1.663
16.076,1.704
20.905,1.612
29.380,1.827
16.420,1.827
17.280,1.598
16.629,1.706
15.935,1.663
21.078,1.585
29.340,1.704
17.118,1.692
16.221,1.571
17.386,1.676
17.197,1.647
19.472,1.713
29.289,1.689
16.674,1.693
16.607,1.722
17.117,1.708
20.430,1.727
29.436,1.687
16.541,1.708
16.659,1.583
16.935,1.782
20.512,1.709
29.412,1.592
16.565,1.820
16.727,1.678
17.018,1.684
20.340,1.743
29.367,1.585
16.473,1.759
16.842,1.589
17.282,1.702
15.750,1.656
21.077,1.606
29.367,1.686
17.127,1.737
16.134,1.596
17.151,1.666
16.012,1.697
21.075,1.619
29.327,1.706
16.271,1.706
20.962,1.587
29.209,1.690
16.752,1.731
16.737,1.540
16.612,1.592
17.210,1.610
15.929,1.615
16.660,1.592
21.083,1.606
29.245,1.715
16.575,1.715
16.722,1.518
17.361,1.631
16.561,1.581
16.642,1.594
16.603,1.602
16.034,1.636
21.013,1.604
29.178,1.625
16.746,1.625
16.694,1.533
19.038,1.525
14.918,1.571
16.457,1.658
16.705,1.595
16.026,1.613
21.144,1.619
29.083,1.704
16.718,1.704
16.726,1.525
16.697,1.594
16.632,1.588
17.269,1.612
16.420,1.618
20.563,1.651
29.254,1.778
16.537,1.778
16.912,1.585
17.149,1.580
16.617,1.652
20.247,1.665
29.235,1.760
16.632,1.760
16.722,1.510
17.173,1.622
16.438,1.575
20.538,1.625
29.089,1.644
16.651,1.715
16.892,1.661
16.567,1.580
17.151,1.598
20.321,1.594
29.418,1.774
16.614,1.739
16.649,1.545
17.197,1.610
16.473,1.604
20.428,1.665
29.193,1.726
16.732,1.752
16.681,1.509
17.327,1.602
16.306,1.599
20.524,1.589
29.266,1.635
16.715,1.732
16.608,1.511
17.436,1.614
16.209,1.592
20.620,1.632
29.212,1.673
16.627,1.702
18.999,1.519
14.461,1.581
16.463,1.588
20.948,1.617
29.190,1.721
16.670,1.721
16.789,1.546
17.159,1.633
16.610,1.584
16.479,1.647
20.505,1.586
29.447,1.738
16.581,1.738
16.674,1.647
17.143,1.641
16.562,1.644
15.970,1.599
21.097,1.592
29.350,1.812
16.566,1.812
16.695,1.540
17.304,1.606
16.469,1.603
16.022,1.580
21.046,1.601
29.128,1.754
16.714,1.754
16.765,1.542
16.680,1.732
17.150,1.638
16.499,1.589
20.490,1.649
29.222,1.684
16.680,1.684
16.766,1.554
16.656,1.708
17.113,1.601
16.605,1.619
20.424,1.624
29.257,1.861
16.595,1.861
17.404,1.558
15.908,1.569
17.261,1.608
16.008,1.601
20.990,1.571
29.157,1.762
16.719,1.762
16.750,1.545
17.281,1.714
16.488,1.634
15.945,1.635
21.170,1.621
44.170,1.666
16.731,1.666
35.047,1.596
16.532,1.596
33.510,1.596
16.586,1.596
33.323,1.523
18.371,1.523
46.662,1.696
16.706,1.696
18.518,1.576
16.467,1.700
17.004,1.632
17.123,1.719
15.988,1.644
17.350,1.713
16.036,1.641
16.596,1.717
17.449,1.742
16.537,1.643
16.106,1.678
16.589,1.656
16.781,1.721
16.652,1.653
16.624,1.672
17.189,1.673
16.245,1.635
16.709,1.682
16.672,1.739
17.254,1.693
16.685,1.674
16.642,1.648
16.107,1.647
17.270,1.678
16.719,1.724
16.065,1.716
16.627,1.644
16.890,1.635
16.673,1.609
17.093,1.552
16.210,1.552
17.035,1.592
16.542,1.593
20.503,1.592
29.309,1.598
16.620,1.782
16.692,1.531
17.175,1.598
20.277,1.710
29.253,1.682
16.644,1.813
16.731,1.560
18.694,1.681
18.787,1.631
29.188,1.616
16.591,1.794
16.826,1.727
16.858,1.650
20.585,1.702
29.247,1.609
16.537,1.779
17.773,1.703
19.909,1.632
29.307,1.747
16.564,1.816
16.715,1.662
20.762,1.648
29.371,1.714
16.450,1.714
16.732,1.688
17.111,1.617
20.444,1.707
29.155,1.607
16.562,1.728
16.864,1.762
17.124,1.594
20.333,1.603
29.233,1.736
17.202,1.777
16.233,1.506
17.170,1.596
16.407,1.696
20.575,1.606
29.228,1.686
16.581,1.731
16.758,1.555
16.657,1.564
17.149,1.591
16.578,1.620
20.372,1.651
29.376,1.777
16.480,1.777
16.713,1.633
17.531,1.595
16.424,1.580
16.439,1.578
20.525,1.609
29.115,1.780
16.692,1.780
16.790,1.532
16.721,1.575
17.260,1.611
16.523,1.593
18.267,1.610
14.311,1.622
21.111,1.643
29.238,1.794
16.744,1.794
16.605,1.533
17.287,1.523
16.695,1.683
15.850,1.614
16.708,1.549
21.110,1.597
29.226,1.861
16.552,1.861
16.712,1.506
17.291,1.615
15.771,1.613
21.103,1.633
29.205,1.721
16.606,1.721
16.795,1.587
17.330,1.628
16.505,1.606
16.479,1.640
16.186,1.612
21.017,1.671
29.218,1.787
16.633,1.787
33.310,1.550
16.699,1.550
35.556,1.495
14.621,1.495
48.337,1.592
16.609,1.592
18.449,1.606
16.530,1.656
16.663,1.649
17.398,1.711
16.591,1.712
16.137,1.682
16.693,1.673
17.347,1.675
16.043,1.689
17.221,1.673
16.059,1.652
17.295,1.712
16.793,1.705
15.910,1.644
17.413,1.698
16.559,1.728
16.190,1.670
17.263,1.699
16.636,1.727
18.087,1.647
14.633,1.709
17.175,1.623
16.393,1.705
16.496,1.642
16.674,1.638
16.813,1.645
16.769,1.536
16.544,1.541
17.168,1.565
16.732,1.561
16.500,1.692
16.830,1.681
15.923,1.677
21.009,1.611
29.297,1.814
16.544,1.814
16.764,1.541
17.272,1.656
15.859,1.578
20.999,1.574
29.267,1.764
16.675,1.759
16.722,1.572
17.182,1.727
15.845,1.678
21.066,1.608
29.438,1.596
16.434,1.739
16.688,1.556
17.314,1.635
20.296,1.611
29.154,1.739
16.721,1.709
16.627,1.524
17.297,1.595
16.367,1.633
20.512,1.616
29.267,1.756
16.667,1.755
16.717,1.528
17.196,1.589
15.901,1.613
21.004,1.618
29.263,1.857
16.584,1.857
16.650,1.538
16.830,1.551
17.119,1.595
15.971,1.742
21.076,1.632
29.037,1.898
16.750,1.898
19.010,1.535
14.462,1.565
17.320,1.600
16.570,1.616
20.189,1.603
29.190,1.631
16.651,1.838
16.725,1.666
17.358,1.616
16.428,1.522
20.515,1.610
29.355,1.689
16.548,1.850
16.685,1.653
17.268,1.702
20.200,1.599
29.275,1.673
17.315,1.718
16.163,1.658
17.229,1.647
19.973,1.657
29.317,1.686
16.596,1.738
16.840,1.596
17.171,1.651
20.317,1.604
29.135,1.669
16.702,1.839
16.789,1.599
17.168,1.584
15.861,1.584
21.046,1.596
29.270,1.625
17.221,1.714
16.127,1.649
17.219,1.629
15.980,1.577
20.946,1.650
29.343,1.734
16.546,1.734
16.658,1.510
17.356,1.599
16.559,1.563
15.964,1.616
21.002,1.616
29.322,1.694
16.579,1.694
16.729,1.593
17.276,1.630
16.594,1.584
15.946,1.633
16.607,1.631
23.252,1.593
27.154,1.709
16.581,1.709
16.690,1.565
17.328,1.554
16.588,1.551
16.564,1.690
16.055,1.643
16.557,1.634
21.208,1.606
29.238,1.820
16.644,1.820
16.550,1.613
17.466,1.610
16.406,1.613
15.999,1.559
21.051,1.588
29.041,1.751
16.858,1.751
16.680,1.546
17.289,1.580
16.471,1.617
16.133,1.608
20.882,1.610
29.140,1.731
16.781,1.731
16.772,1.554
17.267,1.580
16.590,1.613
16.079,1.609
20.872,1.598
29.059,1.711
16.839,1.711
16.737,1.520
17.368,1.609
16.447,1.595
16.018,1.629
20.911,1.609
29.144,1.786
17.393,1.786
16.082,1.582
16.741,1.586
17.107,1.620
16.498,1.674
20.472,1.592
29.385,1.699
16.576,1.785
16.639,1.527
17.382,1.714
16.495,1.562
15.963,1.661
21.066,1.636
29.343,1.769
18.156,1.769
15.762,1.537
16.604,1.588
16.424,1.633
16.068,1.686
21.054,1.561
29.240,1.662
16.546,1.699
17.556,1.567
16.544,1.737
16.342,1.674
16.184,1.689
21.061,1.641
29.366,1.830
16.534,1.830
16.707,1.524
17.424,1.569
16.233,1.598
16.092,1.598
21.074,1.594
29.361,1.653
16.538,1.770
16.678,1.579
17.246,1.601
16.641,1.576
15.898,1.582
21.042,1.665
29.319,1.678
16.621,1.718
16.767,1.544
16.611,1.584
17.154,1.607
15.910,1.622
21.057,1.569
29.277,1.711
16.613,1.711
16.770,1.540
17.305,1.603
16.488,1.607
16.001,1.565
20.778,1.602
29.408,1.678
16.639,1.724
16.798,1.527
16.680,1.570
17.118,1.569
20.350,1.649
29.255,1.732
16.628,1.794
16.786,1.543
17.150,1.617
16.031,1.618
20.868,1.605
44.325,1.727
16.614,1.727
18.434,1.517
17.274,1.562
16.540,1.597
16.495,1.588
16.163,1.604
21.099,1.618
29.116,1.839
16.638,1.839
16.741,1.539
17.203,1.584
16.681,1.649
16.740,1.592
15.813,1.629
21.095,1.611
29.188,1.731
16.682,1.731
16.761,1.427
17.264,1.556
16.659,1.534
15.890,1.539
16.541,1.586
21.023,1.617
29.299,1.714
16.672,1.746
16.718,1.562
17.102,1.631
16.570,1.570
20.487,1.603
29.420,1.673
16.431,1.721
16.746,1.540
17.193,1.569
20.255,1.664
29.127,1.628
16.796,1.809
16.716,1.502
17.372,1.566
16.471,1.686
20.302,1.622
29.161,1.639
17.189,1.749
16.736,1.561
16.878,1.611
20.130,1.608
29.197,1.643
16.685,1.736
16.745,1.636
17.042,1.640
20.434,1.618
44.182,1.686
16.693,1.686
18.454,1.670
17.210,1.562
16.450,1.631
20.401,1.592
29.216,1.849
16.751,1.849
16.704,1.632
17.253,1.613
15.902,1.656
20.947,1.641
29.228,1.786
16.584,1.786
16.817,1.555
16.658,1.598
17.099,1.621
16.566,1.558
20.441,1.571
29.251,1.786
16.554,1.730
16.857,1.527
16.669,1.621
16.998,1.599
16.166,1.598
20.970,1.599
29.219,1.702
16.657,1.692
16.734,1.574
17.315,1.605
16.520,1.569
20.289,1.592
29.280,1.761
17.263,1.761
15.994,1.570
17.342,1.594
16.498,1.677
20.369,1.583
29.412,1.777
16.510,1.777
16.736,1.617
17.249,1.649
16.397,1.566
20.565,1.625
29.183,1.731
16.708,1.809
16.660,1.520
17.236,1.609
16.398,1.560
16.074,1.596
21.103,1.587
44.212,1.741
16.694,1.741
18.379,1.530
17.330,1.512
16.668,1.583
16.463,1.611
17.069,1.606
15.721,1.667
21.032,1.636
29.095,1.757
16.745,1.757
16.610,1.583
17.372,1.516
16.577,1.599
16.640,1.586
16.521,1.544
20.467,1.589
29.202,1.711
16.720,1.711
16.715,1.550
16.583,1.618
17.272,1.594
16.410,1.616
20.552,1.575
29.439,1.647
16.488,1.820
16.676,1.520
16.629,1.564
17.115,1.633
20.380,1.616
29.253,1.714
16.652,1.854
16.754,1.550
17.156,1.698
15.977,1.588
21.095,1.582
29.284,1.689
16.394,1.709
16.838,1.582
17.203,1.597
16.538,1.590
20.396,1.614
29.206,1.711
16.597,1.749
16.825,1.569
17.119,1.625
15.934,1.582
21.076,1.610
29.274,1.662
16.620,1.739
16.704,1.561
17.281,1.518
18.149,1.609
18.653,1.604
29.311,1.630
16.669,1.720
16.615,1.549
17.308,1.561
20.461,1.719
29.293,1.607
16.436,1.814
16.615,1.544
17.258,1.608
16.363,1.612
20.554,1.582
29.365,1.664
16.599,1.783
16.711,1.534
17.160,1.605
16.446,1.603
20.478,1.573
29.239,1.661
16.690,1.754
16.690,1.525
17.311,1.594
16.372,1.526
20.471,1.627
29.258,1.632
16.599,1.827
16.794,1.539
17.321,1.611
15.807,1.576
20.995,1.585
29.194,1.671
17.288,1.742
16.073,1.519
17.266,1.592
16.657,1.597
16.521,1.613
20.368,1.625
29.293,1.826
16.541,1.826
16.862,1.624
17.201,1.587
16.490,1.606
20.408,1.605
29.295,1.832
17.193,1.832
16.101,1.548
17.287,1.638
15.994,1.557
20.862,1.612
29.259,1.763
18.560,1.763
15.401,1.533
16.675,1.618
15.855,1.670
21.040,1.573
29.354,1.655
17.282,1.787
16.098,1.585
17.124,1.644
20.331,1.637
29.130,1.663
16.673,1.698
16.670,1.567
17.234,1.611
20.297,1.611
29.239,1.750
16.642,1.722
16.762,1.593
17.172,1.574
20.241,1.631
29.098,1.644
16.792,1.742
16.715,1.534
17.225,1.682
16.422,1.589
20.564,1.680
29.231,1.678
16.647,1.692
16.672,1.507
17.263,1.598
16.413,1.602
20.442,1.657
29.300,1.622
16.649,1.717
16.702,1.563
17.324,1.590
15.764,1.606
20.994,1.574
29.412,1.729
16.558,1.684
16.613,1.567
17.303,1.571
16.319,1.623
20.594,1.619
29.271,1.672
16.705,1.697
16.657,1.521
17.268,1.581
20.231,1.682
29.304,1.716
16.580,1.716
18.280,1.624
15.779,1.653
15.824,1.557
20.971,1.637
29.445,1.635
16.450,1.883
16.738,1.557
17.232,1.676
15.827,1.604
21.157,1.671
29.105,1.685
16.646,1.719
16.653,1.557
17.436,1.609
15.806,1.587
21.013,1.625
29.201,1.733
16.758,1.751
16.675,1.557
17.188,1.564
16.052,1.645
20.835,1.615
29.330,1.635
16.570,1.774
16.751,1.516
17.277,1.562
16.563,1.616
15.899,1.708
21.101,1.586
29.424,1.697
16.557,1.702
16.641,1.594
17.244,1.593
15.848,1.618
21.023,1.681
29.287,1.680
16.628,1.731
16.772,1.647
17.145,1.597
15.902,1.599
21.036,1.604
29.204,1.677
16.603,1.778
16.787,1.629
17.108,1.670
16.668,1.687
20.370,1.626
29.177,1.729
16.726,1.680
16.726,1.545
16.806,1.669
17.080,1.613
22.455,1.568
27.079,1.693
16.679,1.693
16.665,1.563
16.653,1.557
17.291,1.698
16.556,1.617
20.423,1.681
29.185,1.694
16.496,1.756
16.815,1.591
17.377,1.569
16.347,1.668
20.469,1.611
29.336,1.780
16.529,1.704
16.711,1.594
17.213,1.591
15.881,1.649
21.043,1.667
29.329,1.710
16.565,1.726
16.741,1.502
17.278,1.592
16.561,1.594
20.313,1.558
29.167,1.741
16.783,1.710
16.723,1.513
16.666,1.613
16.973,1.604
20.420,1.675
29.291,1.586
16.683,1.710
16.668,1.513
17.249,1.563
16.463,1.600
20.380,1.606
29.304,1.800
16.669,1.800
16.684,1.518
17.350,1.628
16.353,1.704
20.419,1.607
29.249,1.785
16.676,1.792
16.694,1.520
17.271,1.698
16.572,1.576
15.891,1.566
21.095,1.606
29.230,1.660
18.374,1.660
14.982,1.517
17.243,1.596
16.508,1.595
16.385,1.613
20.815,1.667
29.228,1.759
16.583,1.793
16.711,1.533
16.585,1.609
17.211,1.656
20.287,1.690
29.178,1.712
16.804,1.712
16.707,1.540
17.352,1.686
16.466,1.618
20.345,1.706
29.158,1.780
16.707,1.780
16.716,1.634
17.182,1.589
15.943,1.720
21.094,1.595
29.333,1.722
16.456,1.848
16.665,1.529
17.524,1.649
15.851,1.529
20.814,1.583
29.197,1.677
17.152,1.692
16.780,1.518
16.851,1.623
15.762,1.614
21.080,1.624
29.425,1.662
16.478,1.730
16.664,1.586
17.176,1.608
20.375,1.649
29.188,1.606
16.567,1.721
16.807,1.670
17.012,1.634
20.501,1.605
29.136,1.638
16.714,1.701
16.587,1.561
17.270,1.644
20.292,1.629
29.315,1.667
18.284,1.685
15.693,1.621
16.292,1.617
20.722,1.574
29.203,1.676
16.595,1.866
16.618,1.624
17.185,1.590
20.265,1.580
29.389,1.702
16.431,1.719
16.819,1.519
17.196,1.714
20.243,1.653
29.272,1.747
16.620,1.747
16.748,1.531
17.317,1.653
16.501,1.600
20.316,1.634
29.186,1.721
16.725,1.721
16.731,1.517
17.316,1.626
16.460,1.688
15.964,1.663
21.010,1.666
29.407,1.767
16.629,1.767
16.563,1.539
16.695,1.681
17.221,1.657
15.930,1.628
21.075,1.677
29.210,1.716
16.645,1.716
16.696,1.534
17.357,1.668
16.511,1.600
16.666,1.597
15.946,1.686
21.042,1.658
29.114,1.770
16.685,1.770
16.764,1.597
16.686,1.554
17.108,1.582
16.508,1.618
16.895,1.680
15.962,1.609
21.040,1.604
29.230,1.745
18.600,1.745
15.584,1.530
16.352,1.564
16.754,1.594
16.046,1.625
21.037,1.624
29.238,1.817
17.340,1.817
15.872,1.555
17.372,1.649
16.481,1.662
16.447,1.601
20.622,1.658
29.338,1.690
16.543,1.748
16.683,1.527
16.457,1.605
17.350,1.581
20.293,1.631
29.201,1.747
16.711,1.778
16.746,1.546
17.341,1.604
16.391,1.554
20.393,1.616
29.396,1.660
16.444,1.753
16.787,1.609
17.162,1.586
16.522,1.597
20.475,1.592
29.205,1.759
16.705,1.760
16.690,1.635
16.745,1.594
16.982,1.641
20.399,1.584
29.232,1.702
16.603,1.763
16.793,1.625
17.222,1.571
15.903,1.619
20.997,1.669
29.218,1.790
16.693,1.819
16.715,1.563
16.641,1.663
16.458,1.613
16.643,1.684
21.067,1.600
29.207,1.812
16.774,1.812
18.088,1.539
15.846,1.552
16.380,1.635
16.951,1.675
15.843,1.720
21.158,1.681
29.023,1.797
16.773,1.797
16.741,1.523
17.184,1.555
16.682,1.587
16.602,1.619
16.018,1.623
20.973,1.612
29.274,1.709
16.567,1.709
16.841,1.538
16.650,1.588
17.148,1.622
16.637,1.587
15.948,1.615
21.088,1.579
29.173,1.806
16.704,1.806
16.743,1.556
16.556,1.616
17.271,1.596
16.709,1.648
15.975,1.589
16.606,1.565
21.142,1.585
29.055,1.779
16.744,1.779
16.718,1.565
17.438,1.602
16.319,1.596
16.915,1.576
16.380,1.678
20.416,1.676
29.307,1.833
16.656,1.833
16.662,1.646
17.266,1.627
15.916,1.608
16.571,1.610
21.110,1.620
29.058,1.771
16.697,1.771
16.851,1.545
16.682,1.574
17.127,1.530
16.591,1.700
16.829,1.596
16.019,1.690
23.026,1.645
27.040,1.799
16.819,1.799
16.713,1.621
16.644,1.613
17.178,1.653
16.640,1.631
15.952,1.689
21.026,1.673
29.218,1.893
16.725,1.893
16.696,1.550
16.625,1.672
17.242,1.642
16.378,1.578
20.558,1.604
29.223,1.578
16.575,1.796
16.856,1.519
17.263,1.608
16.390,1.581
16.665,1.616
20.411,1.600
29.290,1.708
16.642,1.710
16.669,1.521
16.803,1.627
17.092,1.666
15.995,1.670
21.067,1.597
29.115,1.730
16.699,1.730
16.721,1.560
17.255,1.649
16.580,1.676
16.720,1.612
15.877,1.646
21.042,1.596
29.264,1.775
16.676,1.775
16.692,1.522
16.575,1.555
17.492,1.652
16.481,1.668
16.038,1.610
16.545,1.610
21.084,1.580
29.159,1.728
16.675,1.728
17.478,1.576
16.680,1.570
16.486,1.541
16.661,1.590
18.336,1.594
14.196,1.676
21.208,1.595
29.136,1.853
16.689,1.853
16.693,1.585
16.689,1.672
17.123,1.612
16.772,1.602
15.821,1.659
21.095,1.599
29.264,1.633
16.627,1.776
16.637,1.526
17.375,1.540
16.623,1.614
16.456,1.627
16.059,1.595
21.088,1.618
29.329,1.734
16.568,1.734
16.765,1.521
16.584,1.619
17.221,1.597
16.569,1.701
20.411,1.653
29.096,1.757
16.781,1.757
16.754,1.507
16.736,1.573
17.106,1.595
16.483,1.532
16.106,1.566
21.012,1.618
29.348,1.762
16.622,1.762
16.714,1.526
16.674,1.566
17.145,1.611
16.025,1.584
20.915,1.617
29.138,1.868
16.825,1.868
16.679,1.509
16.636,1.520
17.272,1.715
16.428,1.640
16.074,1.632
21.023,1.608
29.325,1.683
16.634,1.775
16.702,1.531
16.749,1.662
18.713,1.622
14.802,1.593
16.260,1.695
21.203,1.669
29.198,1.827
16.454,1.827
16.744,1.529
17.272,1.571
16.660,1.590
16.412,1.657
16.090,1.706
21.065,1.590
29.094,1.786
17.494,1.786
16.062,1.587
16.671,1.585
17.288,1.603
16.420,1.662
16.698,1.678
15.979,1.600
21.105,1.561
29.079,1.770
16.829,1.770
16.649,1.524
16.742,1.527
17.217,1.676
16.592,1.650
16.033,1.619
20.996,1.577
29.179,1.692
16.680,1.692
16.740,1.545
16.643,1.559
17.268,1.665
16.601,1.691
16.531,1.645
16.061,1.680
21.153,1.644
29.175,1.826
16.643,1.826
16.726,1.529
17.335,1.521
16.527,1.635
16.655,1.671
16.082,1.634
16.504,1.599
21.042,1.574
29.300,1.734
16.644,1.734
16.714,1.531
16.677,1.530
17.123,1.617
16.707,1.638
16.093,1.672
22.672,1.689
27.425,1.684
16.742,1.785
16.723,1.614
17.445,1.642
16.348,1.607
16.650,1.701
16.063,1.710
20.996,1.641
29.118,1.722
16.765,1.722
16.682,1.521
16.698,1.643
17.189,1.663
16.544,1.660
16.022,1.606
21.047,1.663
29.223,1.797
16.707,1.797
17.330,1.530
16.653,1.600
16.607,1.640
16.538,1.656
15.955,1.673
21.107,1.686
29.270,1.774
16.630,1.774
16.779,1.527
17.328,1.619
16.499,1.673
16.445,1.701
16.613,1.609
20.540,1.667
29.308,1.723
16.629,1.723
16.721,1.526
16.787,1.536
17.160,1.584
16.473,1.592
16.544,1.657
16.149,1.595
20.980,1.527
29.332,1.810
16.607,1.810
16.693,1.567
16.781,1.593
17.134,1.594
16.655,1.648
16.515,1.589
16.097,1.619
21.056,1.662
29.234,1.669
16.667,1.669
18.489,1.525
14.975,1.548
17.111,1.633
16.536,1.621
16.055,1.586
16.792,1.565
20.952,1.592
29.255,1.816
16.504,1.816
16.844,1.550
17.244,1.589
16.610,1.704
16.036,1.651
16.587,1.659
20.987,1.595
29.180,1.704
16.728,1.704
16.742,1.525
16.659,1.548
17.123,1.698
16.570,1.645
16.093,1.657
21.025,1.613
29.256,1.693
16.675,1.693
16.661,1.514
17.465,1.526
16.408,1.643
16.547,1.626
16.045,1.619
21.165,1.581
29.020,1.771
16.728,1.771
16.733,1.537
17.331,1.539
16.623,1.599
16.689,1.668
16.479,1.662
20.467,1.655
29.327,1.729
16.529,1.729
16.728,1.732
17.241,1.661
16.480,1.668
16.045,1.638
21.062,1.643
29.082,1.656
16.705,1.656
16.842,1.524
17.231,1.555
16.630,1.536
16.654,1.576
16.571,1.668
16.132,1.621
23.000,1.659
27.310,1.693
16.662,1.693
16.654,1.527
16.658,1.652
17.221,1.619
16.548,1.672
16.627,1.607
16.104,1.558
16.528,1.561
21.122,1.693
29.197,1.748
16.617,1.748
16.689,1.516
17.261,1.614
16.698,1.587
16.640,1.653
15.883,1.668
21.129,1.623
29.200,1.717
16.688,1.717
16.711,1.606
16.634,1.619
17.152,1.657
16.603,1.625
20.432,1.616
29.103,1.730
16.728,1.730
16.792,1.523
17.315,1.559
16.586,1.643
16.609,1.633
15.886,1.622
21.105,1.665
29.179,1.803
16.644,1.803
16.768,1.552
16.670,1.552
17.355,1.628
16.301,1.655
16.112,1.638
21.075,1.660
29.398,1.769
16.486,1.769
16.771,1.528
17.202,1.683
16.599,1.633
16.555,1.660
20.419,1.668
29.174,1.720
16.750,1.720
16.720,1.538
17.264,1.508
18.131,1.599
15.180,1.670
20.251,1.667
29.276,1.819
16.658,1.819
16.678,1.534
17.300,1.511
16.583,1.628
15.920,1.652
16.619,1.622
21.068,1.531
29.234,1.719
16.701,1.719
16.594,1.542
16.799,1.657
17.185,1.680
15.832,1.637
21.127,1.652
29.302,1.692
16.582,1.692
16.704,1.542
16.782,1.526
17.083,1.694
16.575,1.689
15.933,1.642
21.070,1.600
29.226,1.882
16.658,1.882
16.820,1.536
16.697,1.679
16.694,1.608
17.064,1.601
15.909,1.670
21.111,1.667
29.121,1.779
16.698,1.779
16.788,1.526
17.311,1.588
16.562,1.673
16.019,1.663
20.929,1.671
29.280,1.815
16.639,1.815
16.706,1.537
17.346,1.617
16.513,1.795
16.605,1.652
16.125,1.541
16.487,1.606
21.164,1.671
29.181,1.723
16.592,1.723
17.324,1.546
17.958,1.631
15.292,1.671
16.016,1.624
21.057,1.633
29.179,1.720
16.584,1.720
20.887,1.695
29.139,1.719
16.698,1.719
16.777,1.553
16.679,1.561
16.639,1.631
17.130,1.595
16.762,1.659
16.017,1.608
16.581,1.609
21.040,1.626
29.184,1.718
16.654,1.718
16.808,1.557
16.700,1.546
17.206,1.620
16.624,1.662
16.546,1.594
16.612,1.672
16.084,1.610
21.124,1.656
29.201,1.728
17.311,1.728
16.107,1.527
17.365,1.611
16.413,1.577
16.004,1.596
17.106,1.594
20.525,1.669
29.231,1.771
16.721,1.771
16.671,1.533
17.362,1.539
16.522,1.660
16.533,1.536
16.034,1.534
21.044,1.661
29.175,1.750
16.703,1.750
16.809,1.604
17.171,1.545
16.697,1.606
16.405,1.584
16.142,1.592
21.151,1.536
29.228,1.801
16.613,1.801
16.791,1.615
19.434,1.632
14.178,1.623
16.746,1.699
20.365,1.664
29.160,1.768
16.736,1.768
16.714,1.554
16.634,1.572
17.257,1.601
16.597,1.599
16.523,1.605
16.620,1.586
20.537,1.640
29.176,1.746
16.739,1.746
16.859,1.571
16.758,1.616
17.099,1.600
16.510,1.623
16.563,1.576
16.058,1.609
21.014,1.602
29.216,1.749
16.746,1.749
16.748,1.550
16.573,1.583
17.229,1.620
16.644,1.630
16.165,1.682
16.430,1.633
21.132,1.647
29.179,1.741
17.339,1.741
16.050,1.533
16.676,1.584
17.146,1.627
16.681,1.627
16.703,1.586
15.991,1.760
16.590,1.639
21.060,1.632
29.148,1.759
16.751,1.759
16.748,1.569
16.580,1.554
17.344,1.585
16.790,1.660
16.650,1.657
16.380,1.612
16.738,1.619
16.012,1.632
21.009,1.672
29.181,1.679
16.740,1.679
18.615,1.530
14.801,1.651
17.327,1.677
16.525,1.607
16.666,1.584
16.655,1.621
16.538,1.601
16.098,1.645
20.993,1.613
29.372,1.535
16.547,1.535
16.739,1.532
16.709,1.677
17.011,1.608
16.837,1.588
16.567,1.603
16.703,1.686
16.214,1.594
16.396,1.609
21.108,1.605
29.191,1.731
16.645,1.731
16.757,1.549
16.684,1.566
17.404,1.513
16.542,1.545
16.715,1.594
16.519,1.606
16.547,1.617
16.153,1.617
21.023,1.614
29.079,1.656
16.846,1.656
16.549,1.554
17.512,1.572
16.530,1.557
16.610,1.532
16.712,1.508
16.844,1.591
16.494,1.627
16.523,1.583
16.155,1.618
16.555,1.588
21.058,1.572
29.183,1.714
16.748,1.714
16.678,1.610
16.710,1.560
17.155,1.637
16.698,1.652
16.659,1.647
16.572,1.587
16.003,1.593
21.029,1.614
29.355,1.771
18.573,1.771
14.845,1.577
17.276,1.729
16.507,1.626
16.610,1.648
16.579,1.619
16.748,1.646
16.074,1.617
16.559,1.620
21.062,1.621
29.173,1.666
16.774,1.666
16.722,1.559
16.798,1.640
16.966,1.697
16.707,1.613
16.648,1.633
16.063,1.602
16.579,1.617
21.070,1.690
29.149,1.693
16.797,1.693
16.682,1.557
17.304,1.539
16.681,1.601
16.558,1.626
16.621,1.614
16.524,1.596
16.103,1.596
16.689,1.606
21.112,1.610
29.223,1.739
16.654,1.739
16.578,1.540
17.390,1.563
16.650,1.527
15.918,1.609
17.464,1.622
16.727,1.557
16.519,1.642
15.936,1.539
17.144,1.632
20.547,1.631
29.272,1.723
17.225,1.723
16.160,1.561
16.669,1.584
17.186,1.606
16.787,1.710
16.525,1.674
16.593,1.673
16.038,1.623
20.985,1.684
29.283,1.699
16.736,1.699
18.320,1.601
15.614,1.659
16.644,1.638
16.636,1.610
16.689,1.653
16.349,1.596
16.844,1.607
16.022,1.547
21.145,1.677
29.280,1.728
16.487,1.728
16.801,1.522
17.323,1.555
16.660,1.545
16.603,1.601
16.593,1.596
16.636,1.594
16.049,1.565
16.610,1.607
21.039,1.561
29.242,1.613
17.264,1.613
16.074,1.548
16.747,1.533
16.671,1.541
17.289,1.553
16.485,1.594
16.773,1.613
16.627,1.597
16.747,1.585
16.667,1.560
16.674,1.675
16.572,1.596
16.020,1.532
16.810,1.585
20.878,1.607
29.119,1.625
16.809,1.625
16.735,1.597
16.691,1.580
17.280,1.559
15.917,1.583
16.814,1.575
17.332,1.557
16.659,1.638
16.754,1.700
16.447,1.668
16.602,1.704
16.128,1.641
16.621,1.599
16.668,1.655
21.040,1.660
29.119,1.672
16.756,1.672
16.719,1.542
17.403,1.648
18.225,1.682
14.983,1.708
16.602,1.593
16.647,1.601
16.107,1.685
16.512,1.615
16.657,1.629
21.058,1.519
29.144,1.710
16.767,1.710
16.755,1.609
16.658,1.623
16.678,1.595
17.267,1.599
16.570,1.573
16.683,1.654
16.686,1.604
16.626,1.614
16.048,1.616
16.591,1.683
21.058,1.599
29.184,1.782
16.576,1.782
16.870,1.534
16.659,1.637
17.270,1.577
16.654,1.670
16.639,1.674
16.656,1.653
16.637,1.733
16.111,1.631
16.551,1.586
21.047,1.584
29.311,1.681
16.577,1.681
16.723,1.568
16.696,1.564
17.077,1.672
16.736,1.603
16.620,1.681
16.073,1.673
16.694,1.578
16.640,1.590
20.957,1.592
29.179,1.652
16.711,1.652
17.317,1.623
16.136,1.581
17.384,1.546
16.436,1.552
16.739,1.585
16.762,1.636
16.568,1.605
16.579,1.665
16.765,1.579
16.652,1.668
17.523,1.632
15.750,1.638
16.015,1.578
21.072,1.613
29.234,1.743
16.679,1.743
16.734,1.546
16.599,1.547
17.363,1.605
16.500,1.635
16.955,1.666
16.443,1.533
16.640,1.608
16.585,1.600
16.162,1.683
20.941,1.599
29.075,1.648
17.306,1.648
16.436,1.584
17.109,1.572
16.663,1.555
16.591,1.570
16.753,1.672
16.592,1.666
16.471,1.679
16.190,1.694
16.575,1.655
21.085,1.678
29.177,1.794
16.599,1.794
16.918,1.569
16.640,1.544
17.182,1.540
16.681,1.535
16.582,1.648
16.722,1.732
16.634,1.576
16.638,1.694
15.967,1.621
21.090,1.673
29.178,1.785
16.629,1.785
16.807,1.577
17.301,1.697
16.586,1.600
16.630,1.638
16.751,1.658
16.622,1.672
16.568,1.673
16.070,1.585
16.642,1.615
16.814,1.686
20.905,1.597
29.176,1.732
16.803,1.732
18.549,1.626
14.828,1.603
16.832,1.617
17.050,1.641
16.695,1.590
16.569,1.749
16.528,1.593
16.203,1.576
16.611,1.595
20.979,1.606
29.095,1.677
16.867,1.677
16.700,1.631
17.257,1.573
16.752,1.580
16.537,1.689
16.794,1.615
16.607,1.717
15.960,1.589
16.556,1.596
21.099,1.641
29.168,1.785
16.646,1.785
16.701,1.591
16.817,1.526
17.071,1.668
16.734,1.669
16.632,1.646
16.709,1.624
16.033,1.595
16.572,1.612
21.087,1.580
29.114,1.655
16.708,1.655
16.758,1.544
16.692,1.583
17.251,1.602
16.594,1.522
16.646,1.538
16.740,1.664
16.650,1.674
16.496,1.521
16.105,1.656
21.022,1.601
29.048,1.606
16.884,1.606
16.674,1.637
16.719,1.571
17.199,1.521
16.639,1.608
16.640,1.614
16.672,1.628
16.659,1.588
15.965,1.618
16.783,1.608
21.134,1.676
44.076,1.744
16.625,1.744
18.388,1.603
16.693,1.609
17.348,1.588
16.678,1.589
16.674,1.637
16.000,1.634
17.305,1.601
15.948,1.623
17.400,1.600
16.109,1.572
16.638,1.548
17.342,1.567
16.580,1.556
16.611,1.587
16.873,1.597
16.546,1.517
16.686,1.527
16.604,1.678
16.681,1.598
16.436,1.632
16.191,1.612
16.689,1.604
16.673,1.531
21.027,1.652
29.227,1.817
16.745,1.817
16.693,1.580
17.254,1.614
16.772,1.602
16.625,1.593
16.468,1.598
16.004,1.622
21.069,1.670
29.061,1.691
17.430,1.691
16.094,1.571
17.401,1.560
16.511,1.557
16.678,1.540
16.581,1.666
16.507,1.622
16.153,1.614
21.019,1.667
29.112,1.621
16.833,1.621
16.622,1.550
16.709,1.543
17.349,1.540
16.593,1.532
16.488,1.667
16.859,1.557
16.629,1.665
16.616,1.676
16.076,1.643
18.397,1.629
19.295,1.641
29.308,1.749
16.541,1.749
16.729,1.540
17.308,1.565
16.549,1.691
16.710,1.657
16.581,1.580
16.079,1.594
16.533,1.652
21.099,1.679
29.164,1.711
17.335,1.711
15.981,1.568
17.053,1.618
20.560,1.599
29.189,1.642
16.693,1.780
16.717,1.521
16.695,1.636
17.152,1.670
16.666,1.674
16.026,1.653
20.935,1.685
29.172,1.829
16.758,1.829
16.716,1.529
16.730,1.555
17.186,1.577
16.575,1.690
15.982,1.596
17.246,1.677
20.427,1.648
29.213,1.808
16.658,1.808
16.857,1.531
17.285,1.544
16.514,1.618
16.603,1.645
16.577,1.645
16.038,1.587
21.114,1.704
29.212,1.650
16.665,1.650
16.699,1.540
16.642,1.550
17.249,1.526
16.779,1.547
16.384,1.637
16.961,1.626
15.892,1.645
16.652,1.651
21.108,1.691
44.152,1.716
16.643,1.716
18.407,1.571
16.673,1.563
16.888,1.540
16.557,1.570
17.100,1.557
16.646,1.529
16.119,1.559
17.263,1.590
16.642,1.605
16.740,1.607
16.569,1.662
16.563,1.597
16.737,1.596
16.015,1.587
21.065,1.601
29.211,1.675
16.631,1.675
16.799,1.557
16.610,1.539
17.278,1.562
16.621,1.668
16.578,1.608
15.990,1.619
21.059,1.579
29.240,1.681
16.693,1.711
16.720,1.512
17.242,1.650
15.964,1.676
20.940,1.673
29.048,1.603
16.833,1.603
16.724,1.579
16.667,1.737
16.637,1.715
16.887,1.717
16.965,1.740
16.750,1.753
16.308,1.724
16.679,1.714
16.541,1.743
16.685,1.771
16.792,1.774
17.151,1.701
16.007,1.814
17.366,1.744
16.010,1.716
16.672,1.773
17.303,1.716
16.183,1.768
16.679,1.750
16.688,1.842
16.689,1.695
16.437,1.666
19.213,1.628
14.118,1.660
16.911,1.713
17.205,1.731
16.391,1.633
20.541,1.635
29.130,1.714
16.790,1.714
33.368,1.622
16.591,1.622
33.470,1.691
16.469,1.691
48.494,1.521
16.703,1.521
19.017,1.700
16.046,1.667
16.727,1.674
16.573,1.691
17.327,1.713
16.018,1.703
17.183,1.723
16.234,1.644
16.623,1.699
16.840,1.691
16.556,1.650
16.661,1.697
16.692,1.672
16.715,1.692
17.142,1.657
16.350,1.668
16.457,1.710
17.225,1.686
16.113,1.701
16.652,1.664
16.689,1.670
16.678,1.680
16.817,1.667
16.661,1.723
17.252,1.662
16.018,1.679
17.311,1.680
16.269,1.641
16.453,1.686
16.921,1.665
17.140,1.681
16.699,1.698
16.053,1.713
17.208,1.632
16.101,1.668
17.140,1.689
16.858,1.719
16.169,1.721
17.343,1.813
16.180,1.782
16.631,1.735
18.811,1.690
14.202,1.754
16.873,1.664
16.619,1.687
16.678,1.697
16.650,1.696
16.741,1.767
16.692,1.736
17.145,1.706
16.149,1.664
16.755,1.668
16.755,1.579
16.589,1.647
17.308,1.659
16.547,1.709
16.641,1.695
16.574,1.758
20.411,1.670
29.274,1.693
16.661,1.693
16.820,1.559
16.523,1.706
17.255,1.681
16.447,1.699
20.528,1.634
29.212,1.721
16.628,1.763
16.719,1.584
17.304,1.576
16.445,1.671
16.541,1.713
20.638,1.703
29.178,1.850
16.474,1.850
17.598,1.551
16.511,1.616
16.644,1.725
16.673,1.672
16.482,1.676
16.068,1.668
21.044,1.642
29.205,1.666
16.728,1.666
16.734,1.566
16.668,1.648
17.391,1.582
16.577,1.571
16.588,1.595
16.168,1.682
16.968,1.656
16.904,1.686
16.635,1.670
16.594,1.670
16.059,1.681
16.623,1.692
16.678,1.681
21.075,1.629
44.213,1.640
16.707,1.640
18.391,1.537
17.258,1.599
16.236,1.646
17.131,1.607
16.605,1.642
16.642,1.705
16.296,1.698
16.479,1.705
16.678,1.747
17.316,1.693
16.707,1.739
16.627,1.752
16.027,1.736
16.669,1.692
16.834,1.696
17.115,1.739
16.193,1.739
17.195,1.739
16.746,1.743
16.121,1.743
17.383,1.713
16.612,1.739
16.014,1.703
16.747,1.672
16.594,1.735
16.746,1.706
16.607,1.719
17.214,1.767
16.073,1.703
17.448,1.714
16.710,1.758
15.959,1.722
16.635,1.733
16.747,1.739
16.682,1.702
16.740,1.681
16.688,1.645
16.683,1.618
16.624,1.635
16.741,1.607
16.703,1.581
17.136,1.727
16.662,1.738
16.597,1.753
16.485,1.673
16.778,1.682
20.432,1.656
29.172,1.822
16.650,1.822
17.733,1.555
15.824,1.633
17.262,1.671
16.529,1.661
16.678,1.706
16.722,1.674
16.410,1.745
17.876,1.610
19.302,1.663
29.124,1.701
16.755,1.701
16.768,1.555
16.718,1.607
17.213,1.572
16.639,1.589
16.702,1.586
16.649,1.557
16.765,1.562
16.812,1.638
16.447,1.655
16.613,1.715
16.641,1.665
16.139,1.603
16.602,1.669
21.009,1.644
28.996,1.717
16.908,1.717
16.719,1.580
16.576,1.622
17.424,1.598
16.639,1.582
16.622,1.596
16.143,1.598
17.277,1.570
15.995,1.574
17.380,1.580
16.570,1.564
16.703,1.686
16.734,1.694
16.610,1.701
16.603,1.779
16.688,1.659
15.993,1.616
17.081,1.645
20.598,1.652
29.232,1.694
16.634,1.694
16.789,1.584
16.650,1.627
17.304,1.581
16.647,1.598
16.814,1.604
16.488,1.591
16.628,1.625
16.671,1.662
16.668,1.650
16.758,1.728
16.652,1.731
16.643,1.805
15.981,1.734
16.595,1.677
21.105,1.658
29.019,1.621
18.666,1.621
15.584,1.589
15.980,1.594
16.686,1.654
17.363,1.587
16.597,1.593
16.756,1.570
15.995,1.589
17.416,1.616
16.590,1.606
16.718,1.588
15.964,1.588
17.451,1.605
16.671,1.612
15.928,1.636
17.331,1.605
15.971,1.600
17.414,1.602
15.991,1.599
17.370,1.598
16.653,1.583
16.637,1.639
16.645,1.721
16.825,1.742
16.665,1.685
16.550,1.697
16.588,1.698
16.732,1.675
15.952,1.643
16.732,1.618
16.587,1.643
21.081,1.633
29.055,1.644
16.875,1.644
16.651,1.558
16.665,1.630
16.602,1.607
16.932,1.631
17.168,1.615
16.730,1.655
16.038,1.730
17.134,1.650
16.338,1.729
16.986,1.707
16.234,1.694
16.599,1.635
16.769,1.617
16.637,1.674
17.320,1.648
16.051,1.630
16.710,1.602
17.426,1.625
16.508,1.672
16.834,1.629
15.945,1.652
17.246,1.643
15.980,1.581
17.458,1.584
16.001,1.591
18.102,1.590
15.821,1.600
16.636,1.585
16.705,1.667
16.657,1.712
16.727,1.708
16.648,1.656
16.628,1.707
16.706,1.794
15.896,1.705
16.671,1.632
21.103,1.673
29.143,1.651
16.770,1.651
16.683,1.589
16.607,1.605
16.923,1.624
17.071,1.611
16.749,1.616
16.186,1.610
17.082,1.642
16.761,1.596
16.758,1.608
16.596,1.625
16.086,1.614
16.549,1.652
17.361,1.620
16.102,1.601
17.299,1.629
16.182,1.613
16.593,1.578
17.203,1.650
16.189,1.577
17.228,1.592
16.233,1.578
16.515,1.601
16.698,1.620
16.545,1.609
16.821,1.566
16.571,1.599
17.343,1.643
16.561,1.601
16.106,1.591
17.335,1.721
16.590,1.725
16.703,1.693
16.670,1.660
16.622,1.716
16.599,1.708
16.077,1.704
16.791,1.773
16.567,1.794
21.099,1.765
29.013,1.614
16.812,1.614
16.895,1.571
16.540,1.614
17.455,1.633
17.935,1.762
14.558,1.727
16.692,1.695
16.907,1.754
16.521,1.725
17.161,1.703
16.338,1.743
16.529,1.732
16.631,1.681
16.747,1.704
16.603,1.706
16.779,1.711
16.584,1.728
16.669,1.785
16.763,1.709
16.699,1.708
16.561,1.682
16.754,1.684
17.249,1.671
16.122,1.734
16.608,1.721
17.460,1.688
16.451,1.692
16.811,1.737
16.002,1.725
16.874,1.769
16.523,1.737
17.302,1.714
16.809,1.721
15.881,1.735
16.936,1.681
16.527,1.712
16.762,1.756
16.578,1.723
16.757,1.768
16.453,1.705
16.745,1.695
16.800,1.730
16.570,1.737
16.701,1.678
16.737,1.699
16.663,1.700
16.608,1.715
16.753,1.684
16.709,1.721
16.691,1.653
16.653,1.668
16.626,1.655
17.292,1.625
16.114,1.628
16.601,1.647
17.597,1.683
16.371,1.704
16.795,1.755
16.664,1.678
16.062,1.710
17.271,1.622
16.057,1.616
16.640,1.617
16.762,1.610
16.688,1.633
18.380,1.634
15.739,1.627
16.407,1.589
16.188,1.567
16.697,1.594
16.724,1.577
17.122,1.584
16.639,1.590
16.747,1.634
16.763,1.579
16.550,1.706
16.778,1.671
16.589,1.690
16.837,1.705
15.916,1.693
17.324,1.705
16.676,1.742
16.593,1.686
16.707,1.679
16.744,1.686
16.572,1.689
16.695,1.673
16.568,1.651
16.675,1.692
16.246,1.791
17.064,1.704
16.131,1.739
16.621,1.689
16.723,1.628
21.004,1.666
29.066,1.642
17.596,1.642
16.089,1.588
16.657,1.617
16.713,1.606
16.587,1.679
16.655,1.699
16.823,1.674
16.417,1.737
17.420,1.682
16.166,1.756
17.212,1.745
16.699,1.747
15.997,1.758
16.690,1.703
16.635,1.726
17.511,1.781
16.524,1.743
16.008,1.676
17.608,1.734
16.069,1.796
17.220,1.832
16.568,1.833
16.566,1.843
16.058,1.738
16.585,1.712
17.392,1.707
16.127,1.718
16.679,1.760
19.034,1.758
14.161,1.730
17.391,1.670
15.996,1.750
17.429,1.708
16.007,1.706
17.320,1.734
16.651,1.713
15.999,1.740
16.719,1.662
16.695,1.713
16.734,1.715
17.065,1.702
16.902,1.796
16.158,1.714
16.557,1.746
16.661,1.685
16.627,1.723
16.702,1.738
16.779,1.738
17.322,1.711
16.640,1.735
16.710,1.721
16.029,1.705
17.281,1.721
15.986,1.711
16.775,1.700
16.681,1.735
16.682,1.718
17.402,1.693
15.936,1.736
16.688,1.673
16.842,1.731
17.082,1.707
16.764,1.718
16.635,1.741
16.064,1.702
16.667,1.736
16.691,1.693
16.650,1.731
16.695,1.697
17.399,1.827
16.604,1.744
16.773,1.729
16.623,1.713
16.037,1.689
17.234,1.730
16.351,1.729
16.934,1.702
16.156,1.710
17.396,1.791
16.642,1.764
16.130,1.824
16.678,1.745
16.630,1.810
16.592,1.726
16.755,1.777
17.316,1.745
16.001,1.812
16.663,1.741
18.618,1.744
14.745,1.697
16.693,1.650
16.746,1.643
17.234,1.624
16.123,1.643
16.695,1.627
16.642,1.649
17.290,1.581
16.141,1.567
17.221,1.584
16.112,1.606
16.612,1.584
16.764,1.594
16.553,1.619
17.287,1.717
16.635,1.688
16.723,1.700
16.584,1.726
16.645,1.727
16.614,1.726
16.036,1.773
16.716,1.652
21.052,1.721
29.058,1.671
16.782,1.671
16.800,1.679
16.660,1.624
17.380,1.629
15.974,1.692
16.648,1.741
16.734,1.730
17.270,1.724
15.972,1.734
16.617,1.723
17.464,1.780
16.655,1.735
16.027,1.738
17.120,1.718
16.829,1.758
16.148,1.728
17.275,1.694
16.074,1.686
17.227,1.701
16.070,1.691
17.423,1.757
15.879,1.756
17.217,1.687
16.987,1.783
16.644,1.790
16.055,1.800
16.664,1.851
17.238,1.822
16.005,1.695
16.746,1.704
17.412,1.735
16.075,1.717
16.547,1.781
17.398,1.810
18.034,1.721
14.541,1.727
17.365,1.721
15.995,1.715
17.309,1.769
16.077,1.711
16.719,1.690
16.866,1.722
17.165,1.715
16.639,1.705
16.014,1.708
16.732,1.676
16.640,1.674
17.289,1.666
15.995,1.706
16.648,1.683
16.755,1.704
16.698,1.694
17.260,1.726
16.749,1.748
16.027,1.694
17.392,1.669
15.956,1.701
17.317,1.672
16.647,1.727
15.998,1.711
16.725,1.757
17.277,1.861
15.900,1.834
17.592,1.740
16.567,1.920
16.736,1.917
16.363,1.959
16.504,1.755
16.552,1.698
16.692,1.594
17.357,1.734
16.520,1.676
16.457,1.655
20.432,1.670
29.428,2.526
16.523,1.681
16.832,1.548
16.989,1.691
20.312,1.688
29.297,2.236
17.057,1.771
16.496,1.686
16.848,1.778
20.453,1.700
29.186,2.507
16.678,1.731
16.761,1.713
17.200,1.738
20.269,1.690
29.315,2.289
18.416,1.711
15.677,1.568
16.368,1.708
15.930,1.685
21.040,1.712
29.234,2.427
16.656,2.427
16.752,1.566
16.576,1.662
17.098,1.718
16.660,1.682
16.834,1.723
16.008,1.672
16.654,1.660
16.634,1.717
16.733,1.668
16.679,1.673
17.296,1.690
16.137,1.633
17.185,1.756
16.816,1.667
16.639,1.703
16.633,1.704
16.809,1.677
16.654,1.778
16.728,1.598
16.664,1.600
16.679,1.641
16.059,1.734
17.331,1.664
16.585,1.754
16.393,1.747
17.129,1.725
15.934,1.748
16.654,1.757
16.722,1.766
17.398,1.750
15.960,1.705
17.192,1.690
16.325,1.784
17.237,1.702
16.617,1.754
15.924,1.705
17.511,1.745
15.984,1.700
16.720,1.695
17.280,1.743
16.663,1.712
16.159,1.801
17.312,1.791
16.786,1.821
15.961,1.791
16.568,1.843
16.693,1.760
16.601,1.696
16.691,1.725
16.702,1.696
17.254,1.704
15.949,1.761
16.992,1.744
18.848,1.820
14.419,1.771
17.282,1.696
16.773,1.685
15.977,1.674
16.614,1.727
17.294,1.707
16.120,1.697
16.578,1.701
16.764,1.677
17.275,1.750
15.949,1.742
16.809,1.726
17.342,1.776
15.993,1.685
16.736,1.731
16.663,1.702
16.585,1.788
16.732,1.706
17.353,1.697
15.926,1.747
16.905,1.823
16.523,1.682
16.727,1.701
17.456,1.731
15.903,1.735
16.639,1.719
16.727,1.793
17.435,1.719
16.733,1.752
15.869,1.748
16.690,1.751
17.431,1.722
15.930,1.722
16.750,1.723
17.233,1.745
15.929,1.748
16.749,1.726
17.254,1.743
16.142,1.698
17.293,1.733
16.050,1.718
16.651,1.703
17.465,1.789
15.952,1.733
17.378,1.699
15.886,1.734
16.759,1.695
17.398,1.823
16.097,1.861
16.630,1.830
16.691,1.796
16.526,1.829
16.776,1.745
16.604,1.723
17.207,1.749
16.186,1.719
16.778,1.763
16.742,1.700
17.194,1.817
17.865,1.706
15.087,1.745
16.937,1.742
16.136,1.780
17.388,1.700
16.015,1.732
16.645,1.688
16.635,1.704
16.626,1.659
17.452,1.727
16.005,1.696
16.560,1.735
16.820,1.732
16.597,1.702
16.798,1.689
16.552,1.733
16.748,1.754
17.322,1.706
16.770,1.752
16.740,1.835
16.519,1.730
16.114,1.731
16.592,1.678
16.733,1.670
16.680,1.764
16.696,1.722
17.310,1.698
16.076,1.749
16.571,1.733
16.746,1.675
16.568,1.679
17.694,1.702
15.700,1.686
16.839,1.728
17.123,1.717
16.169,1.747
16.637,1.719
16.730,1.790
17.254,1.713
16.059,1.723
16.678,1.711
16.695,1.682
16.736,1.755
17.372,1.719
15.900,1.757
16.708,1.687
16.624,1.704
16.937,1.840
17.093,1.851
16.690,1.966
16.854,1.874
16.546,2.040
16.601,1.853
16.381,1.835
16.568,1.697
16.434,1.753
16.684,1.663
16.832,1.770
17.300,1.662
16.571,1.700
17.832,1.597
15.439,1.743
16.620,1.651
16.559,1.669
20.457,1.691
29.416,2.638
16.516,1.691
16.628,1.675
17.256,1.720
20.246,1.677
29.484,2.376
16.410,1.876
16.812,1.588
17.186,1.712
15.962,1.759
20.874,1.702
29.317,2.301
16.710,1.732
16.736,1.608
17.246,1.614
16.671,1.596
16.766,1.571
16.479,1.711
16.746,1.716
16.653,1.685
16.740,1.700
16.604,1.754
16.638,1.664
16.674,1.694
16.782,1.565
16.694,1.702
16.672,1.584
16.557,1.582
16.772,1.658
16.028,1.564
17.399,1.619
16.022,1.642
17.392,1.626
16.004,1.712
16.702,1.715
16.661,1.727
16.713,1.662
16.451,1.707
17.360,1.689
16.282,1.797
17.339,1.761
16.547,1.820
16.102,1.860
16.703,1.837
16.871,1.859
17.057,1.847
16.019,1.754
17.324,1.732
16.025,1.724
16.623,1.730
17.386,1.723
15.972,1.664
19.001,1.711
14.474,1.775
16.615,1.740
17.243,1.724
16.173,1.680
17.204,1.698
16.750,1.736
16.051,1.700
17.264,1.723
16.729,1.741
16.016,1.708
17.344,1.750
16.665,1.746
15.966,1.704
17.390,1.753
16.016,1.746
17.309,1.719
16.757,1.680
16.747,1.736
15.885,1.719
17.270,1.689
16.795,1.723
15.988,1.716
16.777,1.744
17.204,1.752
16.790,1.726
15.943,1.684
16.720,1.729
16.648,1.761
17.225,1.702
16.155,1.749
16.710,1.759
17.314,1.743
15.972,1.695
16.729,1.768
16.662,1.724
16.613,1.735
17.399,1.739
16.058,1.712
17.260,1.751
16.029,1.704
16.720,1.692
16.670,1.720
17.294,1.693
16.650,1.694
16.290,1.739
16.926,1.757
16.982,1.780
16.079,1.765
16.667,1.860
16.585,1.911
17.272,1.733
16.722,1.739
15.978,1.690
16.969,1.715
16.950,1.716
16.203,1.732
17.219,1.727
16.649,1.754
16.101,1.702
19.183,1.715
14.184,1.774
16.755,1.761
16.667,1.700
17.289,1.722
16.083,1.721
16.681,1.735
17.220,1.716
16.761,1.726
15.999,1.689
16.696,1.758
17.369,1.691
15.956,1.694
17.420,1.708
16.461,1.717
16.322,1.726
17.157,1.729
16.022,1.686
17.324,1.727
16.041,1.716
17.353,1.725
16.647,1.686
16.057,1.723
16.788,1.691
16.572,1.697
17.270,1.735
16.042,1.728
16.725,1.738
16.756,1.731
17.273,1.736
16.779,1.712
16.072,1.737
16.560,1.737
16.708,1.734
16.689,1.749
17.328,1.738
15.922,1.715
17.312,1.758
16.124,1.715
16.681,1.739
17.242,1.724
16.115,1.697
17.109,1.750
16.172,1.718
17.279,1.687
16.182,1.678
16.562,1.719
16.722,1.776
16.853,1.747
17.212,1.789
16.152,1.789
17.028,1.854
16.770,1.777
16.115,1.682
17.222,1.687
16.675,1.709
16.808,1.704
15.971,1.795
17.352,1.726
16.599,1.719
17.613,1.693
15.083,1.749
16.792,1.777
16.705,1.832
17.190,1.801
16.844,1.779
15.935,1.787
16.688,1.728
17.497,1.768
15.880,1.759
16.764,1.750
17.025,1.758
16.234,1.749
17.357,1.729
16.709,1.730
15.971,1.787
16.690,1.746
16.711,1.736
16.599,1.670
17.302,1.686
16.269,1.670
17.272,1.710
16.620,1.731
16.059,1.830
17.252,1.676
16.090,1.734
16.714,1.670
16.662,1.635
16.642,1.682
16.836,1.719
20.464,1.736
29.487,1.739
17.073,1.736
28.790,1.746
35.747,1.708
16.732,1.776
22.480,1.654
29.260,1.686
17.166,1.583
20.473,1.630
28.987,1.745
17.315,1.649
16.608,1.629
20.333,1.728
29.257,1.774
17.217,1.717
16.123,1.597
20.795,1.677
29.277,1.604
16.613,1.746
16.887,1.604
20.607,1.677
29.239,1.706
19.822,1.612
13.351,1.637
20.912,1.660
29.365,1.721
17.176,1.495
20.423,1.652
29.055,1.710
17.370,1.523
20.259,1.606
29.053,1.679
16.697,1.599
17.245,1.613
28.662,1.751
35.785,1.634
16.765,1.634
18.894,1.567
20.268,1.657
29.384,1.672
17.121,1.597
16.604,1.660
28.583,1.738
35.861,1.643
16.735,1.643
18.945,1.549
20.327,1.700
29.214,1.592
16.642,1.672
17.271,1.594
20.194,1.631
29.151,1.661
17.423,1.643
16.755,1.658
20.004,1.623
29.385,1.631
16.959,1.602
16.581,1.670
20.466,1.723
29.328,1.641
17.485,1.539
20.123,1.609
29.028,1.710
17.474,1.625
15.829,1.594
20.861,1.632
29.345,1.621
17.143,1.536
22.682,1.761
26.823,1.652
17.263,1.574
20.335,1.621
29.112,1.755
17.267,1.602
20.166,1.704
29.273,1.667
17.083,1.632
28.756,1.674
35.856,1.580
16.703,1.580
22.538,1.658
29.407,1.644
17.161,1.631
16.589,1.570
28.558,1.696
35.837,1.588
16.724,1.588
18.791,1.556
20.271,1.798
29.352,1.580
17.482,1.561
20.236,1.632
29.028,1.667
16.739,1.642
16.558,1.587
20.764,1.763
29.258,1.622
17.303,1.523
20.295,1.681
29.052,1.618
17.477,1.547
16.497,1.677
28.619,1.760
20.916,1.621
16.709,1.622
20.664,1.750
29.384,1.616
17.162,1.587
20.360,1.603
29.142,1.646
16.640,1.595
17.184,1.664
28.651,1.721
35.928,1.643
16.749,1.643
18.804,1.583
20.147,1.715
29.389,1.650
17.273,1.577
20.295,1.621
29.115,1.746
16.728,1.571
17.293,1.658
28.546,1.781
35.799,1.584
16.743,1.584
19.012,1.610
20.222,1.620
29.227,1.713
16.645,1.668
16.702,1.611
20.757,1.572
29.167,1.692
17.457,1.575
15.989,1.601
20.695,1.709
29.334,1.610
17.248,1.554
16.497,1.664
28.745,1.683
35.838,1.657
16.722,1.657
18.899,1.562
20.189,1.705
29.288,1.669
17.360,1.580
16.845,1.639
20.011,1.696
29.420,1.634
17.205,1.616
20.247,1.529
29.290,1.594
17.110,1.675
15.902,1.610
29.227,1.710
20.878,1.565
16.788,1.637
20.671,1.736
29.262,1.668
19.173,1.575
18.489,1.592
29.086,1.699
17.260,1.514
20.430,1.590
29.032,1.667
16.667,1.522
20.998,1.617
29.062,1.647
17.351,1.567
20.337,1.623
29.066,1.689
17.302,1.528
20.364,1.591
29.051,1.650
17.328,1.563
20.317,1.672
29.285,1.732
16.413,1.544
21.022,1.594
29.032,1.739
17.274,1.644
20.371,1.740
29.101,1.615
17.263,1.648
20.384,1.722
29.105,1.641
17.201,1.660
20.275,1.737
29.235,1.697
17.089,1.567
20.383,1.768
29.392,1.653
16.887,1.661
28.817,1.723
35.799,1.646
16.762,1.646
18.976,1.514
20.064,1.719
29.388,1.596
17.140,1.568
20.379,1.643
29.141,1.681
17.130,1.573
20.394,1.673
44.165,1.577
16.702,1.577
18.871,1.625
28.661,1.719
20.848,1.559
16.750,1.600
20.773,1.638
29.183,1.694
17.264,1.559
16.500,1.578
28.808,1.639
35.794,1.589
16.718,1.589
18.934,1.565
20.194,1.679
29.322,1.628
17.171,1.543
20.439,1.594
29.065,1.696
16.746,1.623
16.642,1.586
20.630,1.794
29.403,1.561
17.184,1.545
20.405,1.721
29.367,1.600
17.121,1.576
20.320,1.619
29.043,1.596
17.289,1.582
20.328,1.617
29.159,1.717
17.338,1.678
16.324,1.663
28.855,1.718
35.773,1.615
16.702,1.615
18.839,1.515
20.300,1.716
29.334,1.667
17.134,1.515
20.435,1.642
29.136,1.651
17.185,1.521
20.338,1.660
44.114,1.526
16.724,1.526
18.877,1.605
20.223,1.676
29.499,1.622
17.160,1.571
16.573,1.643
20.192,1.721
29.307,1.722
17.224,1.547
16.541,1.655
28.726,1.756
20.808,1.533
16.827,1.612
20.738,1.586
29.273,1.668
17.445,1.662
15.902,1.726
20.700,1.633
29.340,1.635
17.209,1.562
20.404,1.556
29.277,1.661
16.533,1.644
17.175,1.637
28.671,1.789
21.422,1.621
16.122,1.626
20.784,1.662
29.204,1.736
17.166,1.566
20.560,1.610
29.033,1.718
17.383,1.667
20.259,1.549
44.006,1.605
16.701,1.605
35.122,1.633
16.537,1.768
33.316,1.593
16.750,1.706
48.410,1.734
16.674,1.734
35.136,1.657
18.528,1.657
46.401,1.667
16.685,1.667
35.140,1.523
16.536,1.523
48.382,1.619
16.758,1.619
35.002,1.576
16.596,1.576
33.500,1.582
16.589,1.582
16.758,1.584
16.602,1.638
17.233,1.590
16.664,1.571
16.501,1.555
16.076,1.579
21.092,1.577
29.364,1.770
16.451,1.770
16.804,1.556
17.204,1.567
20.268,1.599
29.195,1.599
17.364,1.767
16.680,1.519
16.529,1.538
20.284,1.604
29.392,1.551
17.374,1.723
16.581,1.595
20.115,1.693
29.231,1.699
17.230,1.635
16.659,1.595
28.521,1.720
20.847,1.654
16.549,1.596
29.496,1.610
20.735,1.711
20.980,1.612
29.054,1.697
16.497,1.599
29.451,1.757
35.734,1.677
16.714,1.593
22.490,1.613
29.330,1.619
20.806,1.610
29.203,1.695
17.095,1.741
28.790,1.700
35.721,1.702
16.782,1.611
22.471,1.662
29.202,1.764
17.212,1.580
28.685,1.783
35.777,1.589
16.709,1.589
22.571,1.753
29.146,1.684
17.327,1.678
16.616,1.587
28.634,1.639
20.858,1.585
16.684,1.593
29.162,1.772
21.350,1.577
16.285,1.628
20.612,1.733
29.243,1.607
17.340,1.523
20.470,1.614
29.136,1.695
17.277,1.668
16.418,1.568
28.701,1.741
20.812,1.552
16.781,1.597
20.771,1.588
29.301,1.724
17.192,1.604
16.353,1.573
28.870,1.665
35.841,1.614
16.714,1.614
18.856,1.541
20.218,1.667
44.306,1.651
16.801,1.651
18.849,1.603
20.307,1.677
29.191,1.613
17.249,1.559
16.037,1.643
20.739,1.713
29.374,1.594
17.188,1.523
16.676,1.651
28.582,1.723
35.906,1.607
16.753,1.607
18.883,1.572
20.220,1.685
29.244,1.604
16.656,1.628
16.709,1.574
20.776,1.695
29.271,1.651
17.256,1.541
16.570,1.668
28.663,1.772
20.960,1.582
16.730,1.578
20.748,1.617
29.211,1.614
17.466,1.517
20.289,1.604
29.041,1.678
16.550,1.686
17.299,1.619
28.476,1.773
20.947,1.646
17.262,1.588
28.627,1.689
21.128,1.601
16.325,1.664
29.155,1.699
20.942,1.576
17.292,1.606
28.609,1.595
35.776,1.610
16.785,1.610
24.427,1.651
27.238,1.690
16.704,1.631
17.159,1.606
28.612,1.693
21.482,1.593
16.047,1.685
29.228,1.602
20.835,1.588
17.278,1.662
28.627,1.712
35.807,1.617
16.734,1.617
22.593,1.696
29.150,1.653
17.139,1.653
28.620,1.724
35.878,1.554
16.735,1.554
18.962,1.604
16.366,1.758
20.525,1.637
29.155,1.523
16.758,1.690
16.631,1.646
17.154,1.665
20.348,1.641
29.404,1.563
17.328,1.740
16.015,1.645
20.848,1.615
29.092,1.704
17.280,1.647
16.075,1.612
20.863,1.681
29.120,1.677
16.790,1.686
16.642,1.668
20.786,1.608
29.210,1.629
16.596,1.744
16.778,1.634
20.836,1.582
29.244,1.649
16.659,1.723
17.369,1.642
22.524,1.600
26.795,1.628
17.286,1.675
16.129,1.611
20.777,1.616
29.256,1.640
17.059,1.774
16.219,1.668
20.913,1.680
29.165,1.723
17.282,1.599
16.070,1.553
20.880,1.683
29.200,1.679
17.235,1.534
20.376,1.586
29.058,1.697
17.376,1.596
20.291,1.554
29.234,1.686
17.252,1.624
16.458,1.633
28.676,1.635
35.792,1.589
16.712,1.589
18.976,1.535
19.978,1.723
29.467,1.589
17.283,1.606
20.305,1.663
29.254,1.655
17.121,1.595
20.321,1.669
29.147,1.695
17.376,1.547
16.463,1.667
28.644,1.678
20.831,1.667
16.776,1.605
20.760,1.733
29.284,1.655
17.336,1.563
20.325,1.575
29.045,1.724
17.384,1.607
16.591,1.580
31.000,1.789
18.332,1.615
33.528,1.787
16.543,1.787
17.417,1.668
28.371,1.703
21.187,1.645
16.396,1.600
20.840,1.573
29.244,1.695
17.213,1.580
16.475,1.696
28.883,1.703
35.833,1.610
16.701,1.610
18.946,1.604
20.199,1.625
29.305,1.725
17.217,1.571
20.405,1.658
29.055,1.670
16.744,1.578
16.619,1.614
20.764,1.709
29.331,1.647
17.069,1.661
20.644,1.633
29.066,1.693
17.252,1.618
16.465,1.633
28.662,1.780
35.842,1.652
16.725,1.652
18.981,1.532
20.220,1.604
29.267,1.740
16.659,1.619
16.589,1.659
20.793,1.743
29.226,1.705
17.296,1.574
16.633,1.606
28.632,1.822
20.904,1.515
16.779,1.513
22.686,1.668
27.217,1.753
17.354,1.668
16.045,1.659
20.782,1.652
29.192,1.665
17.335,1.554
16.694,1.629
28.539,1.649
35.843,1.623
16.728,1.623
18.913,1.585
20.280,1.664
29.482,1.733
17.195,1.599
16.583,1.656
20.086,1.726
29.308,1.681
17.166,1.617
16.606,1.617
20.313,1.770
29.299,1.612
17.268,1.556
20.355,1.645
29.055,1.699
16.719,1.681
16.618,1.687
20.863,1.726
29.319,1.744
17.121,1.643
16.730,1.651
28.520,1.768
20.919,1.611
16.774,1.616
20.778,1.626
29.233,1.686
16.642,1.645
17.391,1.735
20.174,1.667
29.138,1.699
17.226,1.546
20.424,1.607
29.032,1.739
16.760,1.567
16.538,1.652
29.225,1.792
20.943,1.555
18.446,1.582
18.922,1.603
29.321,1.717
17.237,1.527
20.482,1.613
28.983,1.704
16.783,1.585
16.582,1.629
20.683,1.674
29.401,1.695
17.140,1.576
20.383,1.603
29.411,1.651
17.192,1.564
20.206,1.681
29.096,1.688
17.467,1.624
15.921,1.649
20.710,1.624
29.275,1.758
17.249,1.524
20.508,1.660
28.946,1.742
17.374,1.655
16.020,1.632
20.718,1.659
29.396,1.659
17.443,1.623
16.258,1.684
28.636,1.723
20.947,1.631
16.723,1.663
20.817,1.641
29.214,1.704
17.286,1.557
16.553,1.658
28.724,1.712
20.733,1.538
16.812,1.604
20.775,1.566
29.174,1.711
17.278,1.520
20.453,1.604
29.190,1.694
16.562,1.684
16.637,1.625
20.709,1.765
44.302,1.663
16.712,1.663
18.987,1.594
20.235,1.521
29.399,1.714
17.110,1.686
16.262,1.635
20.454,1.573
29.462,1.613
16.634,1.557
17.171,1.703
20.272,1.702
29.213,1.672
17.240,1.588
16.745,1.644
20.071,1.775
29.434,1.595
17.169,1.549
20.382,1.665
29.049,1.761
17.303,1.631
16.117,1.602
20.649,1.676
29.375,1.695
17.177,1.524
20.445,1.625
29.316,1.616
17.146,1.690
16.653,1.692
20.042,1.735
29.355,1.746
17.172,1.539
20.450,1.663
29.078,1.674
16.719,1.605
17.152,1.650
28.642,1.819
20.810,1.676
16.776,1.664
20.692,1.710
29.327,1.723
16.592,1.519
21.073,1.568
28.987,1.658
17.523,1.663
15.886,1.650
20.770,1.735
44.227,1.678
16.707,1.678
19.161,1.596
20.017,1.650
29.205,1.649
17.254,1.580
16.088,1.600
20.774,1.647
29.307,1.601
17.314,1.503
20.394,1.653
29.051,1.657
17.349,1.534
20.224,1.588
29.072,1.692
17.496,1.583
16.381,1.584
28.644,1.686
20.855,1.580
16.752,1.635
29.170,1.697
20.830,1.522
16.707,1.690
20.708,1.732
29.550,1.640
17.083,1.628
20.457,1.736
28.919,1.691
17.495,1.500
20.185,1.544
29.042,1.662
16.689,1.503
21.022,1.590
29.019,1.667
17.373,1.612
20.302,1.636
29.042,1.668
17.463,1.515
20.250,1.609
29.035,1.700
17.267,1.554
20.456,1.575
28.931,1.676
17.373,1.528
20.356,1.659
44.010,1.539
16.701,1.539
18.939,1.642
20.072,1.760
29.439,1.609
17.187,1.545
20.382,1.598
29.298,1.676
16.527,1.674
17.327,1.674
20.105,1.669
29.225,1.614
17.275,1.521
16.592,1.648
28.696,1.705
20.977,1.547
16.624,1.507
20.785,1.663
29.240,1.650
17.222,1.592
15.980,1.569
20.854,1.683
29.437,1.577
16.917,1.547
20.641,1.594
29.137,1.644
17.321,1.694
15.970,1.609
29.083,1.688
20.923,1.582
16.594,1.655
20.800,1.664
29.269,1.734
17.258,1.626
20.363,1.672
29.187,1.715
17.220,1.523
20.396,1.605
29.022,1.710
17.370,1.534
20.314,1.655
29.037,1.656
17.383,1.546
20.294,1.578
29.040,1.737
17.469,1.528
21.949,1.564
27.380,1.694
17.292,1.520
20.305,1.670
29.053,1.725
17.308,1.565
20.379,1.601
29.086,1.692
17.223,1.603
16.630,1.671
28.724,1.710
20.740,1.587
17.371,1.642
28.444,1.695
20.896,1.664
17.288,1.609
28.621,1.733
20.849,1.619
17.374,1.620
20.067,1.662
29.337,1.701
17.150,1.522
20.363,1.658
29.101,1.678
17.378,1.537
20.492,1.666
29.129,1.657
17.254,1.629
20.227,1.537
29.028,1.782
17.455,1.594
16.427,1.620
28.658,1.733
20.796,1.609
17.411,1.597
20.135,1.739
29.192,1.705
17.247,1.549
20.438,1.615
29.076,1.722
17.400,1.616
16.517,1.671
28.559,1.631
20.955,1.610
16.704,1.641
20.632,1.696
44.333,1.602
16.807,1.602
18.806,1.590
20.166,1.771
29.316,1.684
17.315,1.578
16.677,1.599
20.138,1.602
29.315,1.556
16.685,1.659
16.682,1.679
20.813,1.629
29.223,1.763
17.412,1.717
15.914,1.593
20.769,1.671
29.267,1.685
17.277,1.677
16.127,1.684
20.766,1.631
29.256,1.737
17.286,1.667
15.971,1.695
20.648,1.738
29.610,1.677
16.850,1.756
16.514,1.640
20.682,1.630
29.255,1.765
16.539,1.710
16.813,1.616
20.737,1.614
29.293,1.739
16.695,1.654
16.607,1.666
20.853,1.611
29.152,1.663
17.522,1.632
15.932,1.631
20.777,1.612
29.398,1.758
17.342,1.635
16.524,1.576
20.137,1.712
29.281,1.625
17.179,1.599
16.097,1.589
20.747,1.728
44.299,1.654
16.719,1.654
18.940,1.643
20.247,1.619
29.189,1.706
16.645,1.745
16.730,1.583
20.794,1.611
29.411,1.659
16.454,1.695
16.759,1.668
20.721,1.644
29.428,1.665
17.201,1.673
15.972,1.633
20.829,1.584
29.382,1.728
16.548,1.692
16.715,1.621
20.781,1.628
29.122,1.572
16.707,1.683
17.693,1.582
19.970,1.657
29.164,1.628
17.300,1.771
16.121,1.635
20.781,1.602
29.344,1.682
17.187,1.673
15.981,1.634
20.835,1.667
29.416,1.631
16.532,1.758
16.676,1.606
20.754,1.622
29.269,1.744
16.633,1.726
16.693,1.613
20.842,1.649
29.393,1.664
16.548,1.709
16.671,1.658
20.790,1.690
29.152,1.706
16.714,1.658
16.748,1.658
20.736,1.611
44.302,1.640
16.661,1.640
18.328,1.533
20.915,1.644
29.209,1.663
16.509,1.718
16.782,1.661
20.830,1.669
29.296,1.587
16.521,1.737
16.830,1.588
20.721,1.604
29.226,1.584
16.625,1.680
16.798,1.682
20.816,1.676
29.280,1.678
17.184,1.632
16.078,1.560
20.784,1.655
29.246,1.686
17.069,1.623
16.528,1.626
20.520,1.690
29.513,1.694
16.986,1.593
20.429,1.646
29.036,1.694
17.367,1.655
16.568,1.552
28.566,1.711
21.001,1.771
16.621,1.636
20.710,1.739
29.406,1.723
16.480,1.583
20.935,1.651
29.362,1.697
17.333,1.552
19.945,1.584
29.274,1.677
17.296,1.637
16.583,1.688
28.614,1.689
20.936,1.562
16.693,1.657
20.753,1.673
44.202,1.665
16.732,1.665
18.935,1.649
20.217,1.612
29.384,1.792
17.225,1.660
15.934,1.538
20.812,1.656
29.453,1.615
16.513,1.731
16.686,1.635
20.780,1.610
29.244,1.589
16.673,1.704
16.736,1.678
20.750,1.693
29.345,1.665
16.514,1.687
16.806,1.655
20.760,1.599
29.276,1.609
16.577,1.776
16.795,1.668
20.809,1.652
29.207,1.704
16.670,1.677
17.447,1.696
19.976,1.569
29.230,1.783
16.584,1.705
16.794,1.656
20.832,1.663
29.281,1.711
17.297,1.776
16.756,1.618
20.116,1.623
29.104,1.621
17.375,1.628
16.299,1.582
20.397,1.628
29.634,1.643
17.037,1.637
20.381,1.631
28.943,1.694
16.828,1.711
16.612,1.652
29.170,1.773
35.852,1.598
16.738,1.598
18.742,1.620
28.747,1.703
35.825,1.660
16.725,1.660
22.532,1.655
29.214,1.655
16.716,1.716
17.197,1.651
28.550,1.747
35.871,1.645
16.715,1.645
18.978,1.563
20.194,1.685
29.202,1.682
17.313,1.597
16.639,1.581
20.146,1.721
29.527,1.614
17.089,1.643
16.651,1.617
20.126,1.695
29.407,1.705
17.222,1.542
20.346,1.653
29.072,1.731
16.726,1.681
16.678,1.621
20.769,1.723
29.253,1.679
17.250,1.584
16.677,1.667
20.161,1.637
29.310,1.672
17.245,1.563
16.391,1.702
20.585,1.696
29.186,1.655
17.256,1.520
20.381,1.610
29.039,1.693
16.815,1.652
16.644,1.596
20.675,1.681
29.312,1.688
18.934,1.589
18.741,1.616
28.976,1.729
16.705,1.678
16.689,1.619
20.740,1.731
29.301,1.589
17.206,1.509
20.486,1.624
29.016,1.772
17.390,1.584
15.883,1.607
20.842,1.761
29.371,1.617
17.166,1.580
20.236,1.699
29.275,1.709
17.290,1.561
20.358,1.646
29.151,1.709
17.241,1.647
16.650,1.608
28.490,1.708
35.872,1.631
16.692,1.631
19.062,1.566
19.993,1.708
29.449,1.653
17.194,1.623
20.353,1.582
29.068,1.725
17.311,1.540
20.348,1.591
29.085,1.692
17.452,1.625
16.594,1.635
20.024,1.725
29.348,1.637
17.227,1.529
20.418,1.663
29.030,1.732
17.474,1.587
16.431,1.669
28.682,1.649
20.808,1.542
16.723,1.678
22.837,1.672
27.211,1.699
17.296,1.521
20.338,1.609
29.054,1.713
17.348,1.565
20.343,1.671
29.096,1.721
17.381,1.599
16.481,1.631
28.583,1.760
20.899,1.627
17.407,1.560
20.077,1.670
29.241,1.722
17.204,1.606
20.422,1.668
29.064,1.692
17.300,1.548
20.430,1.588
29.103,1.639
16.699,1.781
17.268,1.638
28.539,1.746
20.753,1.613
16.798,1.549
20.680,1.703
29.330,1.676
16.553,1.551
20.941,1.721
29.412,1.693
16.982,1.654
20.274,1.614
29.240,1.678
17.249,1.641
20.145,1.669
29.307,1.684
17.210,1.503
20.299,1.717
29.250,1.595
17.219,1.515
20.115,1.735
29.345,1.637
17.295,1.599
20.296,1.675
29.205,1.721
19.014,1.580
18.651,1.628
29.022,1.712
17.215,1.593
20.400,1.641
29.066,1.670
16.645,1.529
21.041,1.592
29.050,1.650
17.523,1.616
15.806,1.601
29.152,1.650
20.850,1.578
16.690,1.592
20.779,1.761
29.313,1.684
17.155,1.591
20.371,1.666
29.182,1.715
17.347,1.635
20.401,1.618
28.950,1.699
16.770,1.556
16.559,1.613
29.167,1.674
21.477,1.664
16.837,1.585
20.031,1.768
29.338,1.697
17.138,1.653
20.440,1.687
29.091,1.644
17.371,1.555
20.296,1.639
29.073,1.769
17.286,1.624
16.034,1.598
20.809,1.690
29.223,1.693
17.228,1.617
20.413,1.697
29.257,1.692
16.588,1.549
20.860,1.633
29.125,1.616
16.720,1.608
18.405,1.581
18.883,1.693
29.323,1.680
17.283,1.577
20.454,1.560
29.195,1.723
17.234,1.548
16.435,1.646
28.663,1.686
20.881,1.592
16.788,1.612
20.687,1.660
29.315,1.744
17.227,1.534
20.407,1.558
29.032,1.726
16.725,1.599
17.179,1.610
20.295,1.677
29.282,1.677
17.216,1.606
20.426,1.618
29.220,1.678
17.160,1.602
20.281,1.603
29.157,1.694
17.450,1.566
16.372,1.595
28.687,1.654
20.769,1.690
16.760,1.654
20.750,1.655
29.420,1.761
17.081,1.511
20.406,1.591
29.199,1.639
16.560,1.638
17.280,1.719
20.098,1.697
29.315,1.745
17.238,1.606
20.435,1.655
29.006,1.698
17.514,1.587
15.705,1.560
29.303,1.820
20.852,1.633
18.535,1.605
18.839,1.701
29.564,1.727
17.091,1.552
16.642,1.657
28.583,1.717
20.961,1.635
16.619,1.613
20.813,1.699
29.292,1.733
17.288,1.530
20.359,1.590
29.047,1.622
16.721,1.653
16.643,1.610
20.719,1.706
29.230,1.701
17.341,1.536
20.453,1.670
28.977,1.714
16.754,1.651
17.319,1.594
20.022,1.641
29.380,1.727
17.166,1.558
20.445,1.590
29.101,1.684
16.661,1.576
20.758,1.591
29.227,1.742
16.734,1.826
16.625,1.647
20.928,1.621
29.162,1.715
17.361,1.796
16.478,1.575
16.545,1.667
20.395,1.663
29.324,1.658
17.227,1.723
16.159,1.604
17.080,1.591
20.272,1.717
29.463,1.752
16.556,1.717
16.709,1.546
16.417,1.596
20.928,1.711
44.382,1.647
16.719,1.647
18.852,1.557
16.546,1.615
20.336,1.621
29.263,1.627
16.651,1.713
16.672,1.611
17.076,1.610
20.419,1.605
29.222,1.693
16.612,1.730
16.659,1.606
17.178,1.630
20.407,1.593
29.302,1.702
16.502,1.692
16.904,1.573
17.060,1.686
20.375,1.723
29.158,1.709
16.598,1.712
16.796,1.652
16.938,1.618
20.514,1.592
29.262,1.620
16.706,1.706
16.681,1.560
16.977,1.589
20.467,1.587
29.270,1.618
16.682,1.739
16.640,1.666
17.035,1.656
20.404,1.663
29.260,1.710
16.579,1.708
16.833,1.556
17.031,1.560
20.420,1.650
29.388,1.623
16.564,1.710
16.696,1.636
16.886,1.598
20.462,1.646
29.302,1.657
16.666,1.752
16.729,1.670
16.873,1.578
20.517,1.639
44.291,1.650
16.707,1.650
18.318,1.644
17.106,1.658
20.451,1.632
29.419,1.731
16.447,1.752
16.759,1.608
16.971,1.621
20.517,1.606
29.160,1.769
16.670,1.699
16.726,1.595
17.177,1.593
20.201,1.596
29.170,1.662
16.751,1.749
17.483,1.578
16.468,1.670
20.347,1.689
29.134,1.657
16.722,1.727
16.701,1.663
17.298,1.623
20.166,1.583
29.221,1.637
16.674,1.687
16.717,1.719
17.267,1.562
20.250,1.632
29.136,1.724
16.705,1.747
17.352,1.669
16.382,1.682
20.514,1.602
29.110,1.674
16.616,1.736
16.765,1.662
17.101,1.592
20.378,1.674
29.293,1.607
16.688,1.711
16.626,1.651
17.127,1.654
20.343,1.628
29.303,1.656
16.655,1.725
16.563,1.571
17.189,1.732
20.382,1.618
44.220,1.653
16.707,1.653
18.399,1.589
16.929,1.602
20.498,1.570
29.221,1.744
16.709,1.727
16.899,1.641
17.044,1.572
20.255,1.578
29.104,1.672
16.777,1.762
16.731,1.510
17.329,1.688
20.031,1.708
29.549,1.744
17.147,1.765
16.025,1.623
17.190,1.603
20.175,1.619
29.284,1.721
16.694,1.752
16.750,1.590
17.139,1.593
20.306,1.557
29.182,1.730
16.728,1.766
16.776,1.545
17.309,1.656
16.159,1.632
20.486,1.586
29.381,1.634
16.678,1.726
16.651,1.635
16.898,1.641
20.569,1.690
29.368,1.648
17.149,1.780
16.149,1.551
20.727,1.583
29.207,1.696
16.710,1.746
16.710,1.653
16.921,1.613
20.428,1.667
29.356,1.775
16.576,1.766
16.796,1.585
16.421,1.643
20.999,1.663
44.297,1.692
16.654,1.692
19.005,1.598
16.462,1.593
20.369,1.577
29.298,1.581
16.633,1.661
16.671,1.606
17.200,1.620
20.419,1.607
29.232,1.612
16.449,1.731
16.739,1.643
17.309,1.600
20.292,1.691
29.215,1.677
16.542,1.833
16.765,1.582
17.211,1.577
20.244,1.675
29.244,1.608
16.694,1.676
16.704,1.518
17.146,1.589
20.296,1.623
29.298,1.632
16.604,1.714
16.604,1.646
21.047,1.581
29.018,1.650
16.752,1.715
16.730,1.580
17.081,1.545
20.393,1.642
29.128,1.621
16.749,1.689
16.902,1.579
16.824,1.575
20.429,1.655
29.478,1.582
16.407,1.730
16.750,1.615
16.888,1.621
20.514,1.660
29.372,1.734
16.531,1.773
16.768,1.580
17.138,1.581
20.373,1.687
44.157,1.693
16.686,1.693
18.387,1.716
17.096,1.647
20.379,1.636
29.262,1.759
16.657,1.715
16.650,1.591
17.167,1.678
20.320,1.600
29.279,1.725
16.646,1.730
16.658,1.582
17.321,1.601
20.263,1.615
29.258,1.763
16.508,1.806
16.792,1.664
17.079,1.609
20.378,1.685
29.435,1.682
16.395,1.738
16.791,1.646
16.892,1.605
20.537,1.660
29.327,1.747
17.345,1.713
16.033,1.594
20.750,1.607
29.260,1.634
16.604,1.749
16.759,1.580
16.867,1.603
20.520,1.628
29.191,1.683
17.373,1.654
16.097,1.663
20.821,1.599
29.185,1.680
16.706,1.710
16.697,1.554
20.794,1.627
29.269,1.634
17.228,1.727
16.114,1.562
20.779,1.681
29.259,1.656
17.172,1.734
16.423,1.641
22.872,1.694
26.836,1.728
17.325,1.697
16.231,1.641
20.687,1.634
29.247,1.688
16.670,1.724
16.684,1.570
20.757,1.590
29.248,1.589
16.690,1.709
16.657,1.584
20.812,1.616
29.379,1.683
16.518,1.763
16.994,1.664
20.615,1.688
29.171,1.627
16.559,1.709
16.800,1.566
17.080,1.712
20.294,1.711
29.376,1.746
17.340,1.689
15.989,1.583
20.811,1.602
29.234,1.627
16.709,1.839
16.652,1.609
20.754,1.626
29.257,1.587
16.660,1.749
16.721,1.685
20.778,1.629
29.272,1.605
16.662,1.703
16.862,1.612
20.586,1.614
29.229,1.713
16.619,1.718
16.761,1.607
20.854,1.572
29.404,1.625
16.461,1.749
16.841,1.642
20.693,1.606
29.175,1.577
16.660,1.725
18.477,1.642
15.320,1.622
20.493,1.706
29.220,1.669
16.594,1.707
16.891,1.635
20.570,1.593
29.254,1.694
16.660,1.738
16.748,1.596
16.908,1.596
20.424,1.655
29.336,1.710
17.520,1.829
16.508,1.599
20.185,1.701
29.202,1.758
16.582,1.739
16.808,1.778
16.903,1.630
20.462,1.596
29.437,1.666
17.329,1.761
15.867,1.617
20.799,1.610
29.313,1.609
16.674,1.739
16.755,1.632
20.747,1.623
29.241,1.674
16.634,1.735
17.368,1.573
20.146,1.686
29.179,1.710
16.576,1.693
16.845,1.658
20.742,1.627
29.415,1.715
16.517,1.726
16.698,1.581
20.771,1.604
29.182,1.700
16.729,1.731
16.678,1.507
17.163,1.607
20.324,1.641
29.273,1.584
16.654,1.725
16.709,1.603
18.808,1.567
18.462,1.676
29.424,1.598
16.682,1.731
16.888,1.595
20.648,1.609
29.141,1.755
16.729,1.708
16.862,1.581
16.938,1.619
20.371,1.620
29.210,1.613
17.185,1.699
16.301,1.586
16.983,1.673
20.408,1.693
29.219,1.729
16.667,1.715
16.714,1.684
17.010,1.611
20.421,1.525
29.444,1.682
16.472,1.696
16.734,1.594
20.685,1.595
29.462,1.748
16.508,1.755
16.794,1.621
20.775,1.603
29.346,1.737
16.513,1.731
16.704,1.676
20.871,1.608
29.089,1.689
16.645,1.691
16.781,1.672
17.044,1.665
20.341,1.614
29.498,1.702
16.542,1.728
16.507,1.594
17.191,1.613
20.403,1.650
29.206,1.615
16.729,1.751
16.711,1.617
17.055,1.577
20.388,1.611
29.254,1.596
18.281,1.738
14.972,1.608
16.992,1.591
20.586,1.577
29.127,1.610
17.434,1.719
16.084,1.585
16.983,1.603
20.420,1.637
29.294,1.586
17.299,1.715
16.057,1.660
20.777,1.562
29.383,1.789
16.624,1.801
16.655,1.663
20.812,1.640
29.183,1.649
16.656,1.703
16.597,1.588
20.921,1.618
29.234,1.670
17.351,1.703
16.002,1.612
16.916,1.610
20.510,1.639
29.284,1.692
16.735,1.758
16.704,1.612
20.714,1.568
29.344,1.714
16.562,1.687
16.615,1.595
17.010,1.606
20.501,1.636
29.150,1.647
16.798,1.720
16.645,1.598
17.037,1.621
20.394,1.637
29.483,1.614
16.600,1.700
16.643,1.584
20.739,1.672
29.322,1.587
16.613,1.725
16.878,1.595
20.655,1.636
29.193,1.660
19.845,1.751
13.349,1.598
20.993,1.601
29.177,1.643
16.696,1.730
16.735,1.625
20.822,1.595
29.269,1.652
17.208,1.740
16.097,1.642
20.768,1.591
29.220,1.719
17.176,1.754
16.328,1.608
20.756,1.614
29.230,1.687
16.605,1.834
16.866,1.584
20.640,1.680
29.379,1.601
16.541,1.722
16.656,1.667
20.761,1.596
29.301,1.603
16.659,1.740
16.663,1.608
17.020,1.602
20.455,1.728
29.285,1.693
17.356,1.711
15.995,1.586
17.004,1.639
20.364,1.665
29.372,1.736
16.708,1.673
16.621,1.590
20.821,1.595
29.341,1.593
16.600,1.747
16.665,1.610
20.817,1.653
29.161,1.598
16.722,1.764
16.684,1.597
16.883,1.548
20.472,1.725
29.349,1.673
17.281,1.723
16.000,1.576
18.614,1.581
20.370,1.670
27.666,1.736
17.481,1.712
16.068,1.586
20.769,1.620
29.458,1.655
16.448,1.742
16.732,1.601
20.720,1.614
29.241,1.651
16.664,1.727
16.785,1.605
20.842,1.635
29.209,1.738
16.606,1.807
16.619,1.606
20.899,1.616
29.200,1.771
17.195,1.785
16.214,1.595
20.816,1.613
29.129,1.669
16.727,1.723
17.312,1.619
16.358,1.580
20.587,1.609
29.327,1.617
16.583,1.711
16.565,1.672
20.766,1.635
29.248,1.713
16.773,1.709
16.686,1.573
20.774,1.585
29.149,1.680
16.761,1.741
16.693,1.625
20.845,1.627
29.121,1.734
16.710,1.736
16.703,1.655
20.741,1.610
29.228,1.783
16.738,1.734
16.867,1.583
16.801,1.585
20.429,1.660
29.305,1.627
18.037,1.736
16.438,1.583
15.827,1.612
20.513,1.682
29.305,1.600
16.640,1.719
16.683,1.603
16.954,1.607
20.491,1.666
29.176,1.776
17.323,1.747
16.959,1.631
20.021,1.665
29.358,1.822
16.532,1.833
16.615,1.575
20.804,1.574
29.414,1.709
16.461,1.736
16.779,1.614
20.838,1.623
29.327,1.683
16.530,1.730
16.670,1.628
20.806,1.583
29.168,1.685
16.791,1.717
16.730,1.653
16.929,1.605
20.473,1.614
29.239,1.595
16.687,1.746
16.700,1.587
17.060,1.581
20.407,1.604
29.246,1.581
16.655,1.741
16.723,1.578
16.954,1.582
20.426,1.671
29.248,1.609
17.332,1.688
16.074,1.642
20.778,1.610
29.409,1.700
16.539,1.771
16.715,1.572
20.789,1.623
29.164,1.670
18.083,1.712
16.557,1.622
19.658,1.622
29.101,1.753
16.570,1.700
16.893,1.608
16.864,1.597
20.442,1.745
29.348,1.684
17.295,1.669
16.071,1.599
20.824,1.622
29.370,1.755
16.617,1.803
16.591,1.632
20.800,1.583
29.234,1.699
16.701,1.702
16.586,1.658
20.882,1.656
29.388,1.745
16.516,1.725
16.684,1.606
16.932,1.603
20.522,1.626
29.246,1.600
16.717,1.772
16.965,1.749
20.526,1.571
29.239,1.681
16.554,1.719
16.704,1.620
17.062,1.614
20.481,1.598
29.284,1.606
16.563,1.729
16.808,1.628
17.033,1.584
20.362,1.572
29.352,1.584
16.632,1.718
16.698,1.612
16.995,1.624
20.391,1.702
29.274,1.734
16.639,1.727
16.798,1.670
20.739,1.705
29.273,1.602
17.010,1.722
16.265,1.577
22.434,1.628
27.578,1.589
16.755,1.698
16.593,1.667
20.907,1.621
29.247,1.569
16.649,1.765
17.281,1.587
20.166,1.671
29.399,1.615
16.631,1.823
16.698,1.669
20.787,1.658
29.292,1.619
16.555,1.716
16.684,1.665
20.816,1.615
29.234,1.641
16.630,1.729
16.747,1.606
20.791,1.596
29.215,1.614
16.613,1.758
16.715,1.641
20.807,1.684
29.282,1.662
16.663,1.706
16.683,1.650
20.816,1.610
29.288,1.741
16.604,1.738
16.620,1.620
17.103,1.577
20.424,1.615
29.257,1.701
17.263,1.705
16.132,1.598
20.763,1.716
29.355,1.708
16.567,1.720
16.699,1.539
20.815,1.564
29.179,1.767
16.725,1.743
16.663,1.595
17.032,1.581
20.424,1.587
44.217,1.672
16.694,1.672
19.090,1.679
16.383,1.582
20.346,1.678
29.234,1.707
16.740,1.720
16.687,1.520
17.171,1.573
16.336,1.599
20.707,1.572
29.378,1.773
16.564,1.775
16.598,1.585
17.118,1.581
20.349,1.629
29.263,1.662
16.502,1.829
16.839,1.612
17.198,1.604
20.376,1.605
29.053,1.696
16.796,1.684
16.660,1.669
17.187,1.571
20.242,1.569
29.237,1.685
17.467,1.734
16.000,1.665
16.989,1.607
20.465,1.644
29.205,1.607
16.667,1.748
16.692,1.628
17.048,1.675
20.445,1.586
29.314,1.623
16.577,1.708
16.765,1.640
16.857,1.602
20.487,1.715
29.330,1.668
17.177,1.722
16.171,1.590
20.796,1.583
29.172,1.684
16.728,1.738
16.709,1.589
20.762,1.604
44.196,1.676
16.714,1.676
20.003,1.676
14.874,1.585
20.950,1.628
29.111,1.606
16.828,1.692
16.691,1.519
17.078,1.577
20.467,1.705
29.376,1.740
17.287,1.902
15.821,1.650
17.094,1.606
20.408,1.612
29.197,1.750
16.727,1.634
16.589,1.646
17.233,1.559
20.344,1.602
29.253,1.717
16.685,1.714
16.689,1.643
17.006,1.593
20.485,1.597
29.421,1.692
16.468,1.708
17.400,1.637
20.123,1.648
29.178,1.665
16.682,1.688
16.723,1.656
17.014,1.584
20.468,1.609
29.224,1.610
16.706,1.706
16.741,1.644
16.910,1.583
20.523,1.607
29.274,1.630
16.620,1.724
16.675,1.620
20.748,1.598
29.462,1.799
16.486,1.730
16.782,1.593
20.728,1.605
29.178,1.717
16.721,1.692
18.168,1.587
15.463,1.634
20.451,1.642
44.281,1.660
16.686,1.660
18.467,1.634
16.364,1.640
21.054,1.618
29.206,1.660
16.724,1.705
16.711,1.617
17.048,1.634
20.520,1.658
28.987,1.718
16.781,1.714
16.693,1.610
17.152,1.591
20.256,1.606
29.395,1.683
16.520,1.700
16.690,1.678
17.115,1.593
20.416,1.608
29.248,1.670
16.600,1.704
16.970,1.697
16.897,1.665
20.410,1.650
29.270,1.633
16.637,1.723
16.676,1.633
16.968,1.627
20.476,1.590
29.403,1.582
16.538,1.751
16.620,1.578
16.933,1.594
20.543,1.637
29.422,1.680
16.393,1.754
17.081,1.592
20.532,1.708
29.455,1.697
16.464,1.728
16.691,1.521
17.010,1.604
20.451,1.681
29.265,1.756
17.319,1.758
17.487,1.615
19.291,1.629
29.260,1.816
18.294,1.730
15.112,1.593
17.098,1.702
20.330,1.705
29.449,1.587
16.547,1.775
17.540,1.601
19.941,1.613
29.280,1.780
16.598,1.852
16.692,1.524
20.784,1.651
29.215,1.738
17.263,1.660
16.000,1.680
20.937,1.583
29.200,1.686
16.702,1.691
16.700,1.641
17.069,1.593
20.425,1.656
29.274,1.624
16.598,1.705
16.749,1.599
17.176,1.597
20.326,1.629
29.297,1.717
16.584,1.736
16.676,1.515
17.237,1.606
20.231,1.593
29.224,1.803
16.609,1.722
16.737,1.624
17.122,1.613
20.377,1.649
29.156,1.685
16.753,1.729
16.696,1.545
17.222,1.619
20.075,1.588
29.354,1.729
16.710,1.712
16.671,1.536
17.305,1.605
16.334,1.634
20.572,1.625
44.270,1.707
16.621,1.707
18.442,1.541
18.771,1.634
14.732,1.638
20.531,1.623
29.350,1.709
16.668,1.832
16.744,1.537
17.243,1.672
16.464,1.612
20.368,1.609
29.175,1.725
16.705,1.801
16.707,1.634
17.232,1.650
20.243,1.627
29.249,1.600
16.569,1.685
16.767,1.495
17.395,1.589
16.392,1.651
20.363,1.594
29.447,1.634
16.451,1.757
16.728,1.634
16.892,1.587
20.611,1.596
29.250,1.723
16.685,1.718
16.675,1.640
16.968,1.579
20.482,1.586
29.199,1.755
16.601,1.736
16.701,1.647
17.153,1.628
20.388,1.670
29.274,1.783
16.663,1.682
16.673,1.596
17.109,1.592
20.353,1.625
29.295,1.816
16.641,1.700
16.708,1.655
16.984,1.644
20.471,1.611
29.223,1.629
16.693,1.736
18.381,1.582
15.361,1.609
20.438,1.640
29.252,1.794
18.138,1.702
15.381,1.661
16.858,1.605
20.420,1.617
29.329,1.698
16.676,1.792
16.670,1.624
17.325,1.684
20.139,1.637
29.206,1.642
16.682,1.700
16.689,1.565
17.000,1.648
20.486,1.673
29.327,1.692
16.547,1.728
16.713,1.616
16.947,1.591
20.532,1.619
29.223,1.698
17.324,1.724
16.202,1.600
16.885,1.656
20.444,1.565
29.318,1.695
16.555,1.691
16.747,1.630
17.003,1.657
16.710,1.632
20.347,1.642
29.515,1.615
16.440,1.791
16.717,1.593
17.156,1.659
20.318,1.654
29.111,1.681
16.816,1.696
16.711,1.546
17.162,1.664
16.508,1.612
20.454,1.655
29.399,1.745
16.464,1.728
16.728,1.664
17.212,1.626
20.280,1.683
29.075,1.769
18.810,1.701
14.635,1.529
17.465,1.652
16.408,1.656
21.928,1.612
27.633,1.768
17.115,1.730
16.418,1.552
17.145,1.685
20.235,1.677
29.106,1.704
16.669,1.869
16.735,1.534
17.348,1.625
20.172,1.683
29.262,1.774
16.524,1.700
16.831,1.634
17.255,1.643
16.377,1.600
20.474,1.694
29.269,1.604
16.520,1.780
16.877,1.592
17.105,1.618
20.360,1.660
29.220,1.748
16.698,1.738
16.748,1.607
17.169,1.656
20.232,1.652
29.370,1.734
16.446,1.757
16.817,1.701
17.096,1.657
20.355,1.618
29.252,1.689
16.708,1.761
16.685,1.675
17.149,1.639
20.244,1.633
29.161,1.748
16.776,1.730
16.711,1.604
17.162,1.667
16.439,1.631
20.610,1.656
29.113,1.704
16.661,1.745
16.634,1.513
17.535,1.589
16.595,1.647
20.107,1.673
29.331,1.770
18.807,1.724
14.418,1.517
17.391,1.632
20.157,1.625
29.263,1.767
16.702,1.724
16.593,1.636
17.283,1.632
20.230,1.644
29.233,1.715
16.675,1.734
17.389,1.613
16.386,1.690
20.468,1.596
29.308,1.737
16.533,1.759
16.718,1.617
16.952,1.643
20.510,1.649
29.241,1.692
16.691,1.737
16.857,1.632
16.940,1.649
20.343,1.678
29.434,1.725
16.496,1.744
16.752,1.523
17.262,1.595
16.420,1.675
20.389,1.642
29.305,1.618
16.590,1.692
16.750,1.651
17.143,1.606
16.407,1.678
20.633,1.705
29.264,1.656
16.601,1.728
16.590,1.583
17.371,1.669
20.144,1.672
29.196,1.741
16.686,1.844
16.786,1.664
17.173,1.627
20.322,1.699
29.293,1.800
17.984,1.800
15.250,1.543
17.492,1.627
16.332,1.672
22.122,1.683
27.427,1.718
16.706,1.740
16.850,1.585
16.586,1.658
17.096,1.694
20.367,1.679
29.128,1.751
16.759,1.727
16.713,1.608
17.230,1.663
15.834,1.652
21.025,1.650
29.366,1.713
16.585,1.730
16.661,1.553
17.117,1.658
20.408,1.678
29.130,1.673
16.755,1.741
16.721,1.579
17.178,1.635
16.364,1.619
20.576,1.655
29.445,1.666
16.546,1.732
16.717,1.515
17.072,1.668
16.496,1.621
20.477,1.670
29.269,1.701
16.544,1.702
16.832,1.601
17.296,1.627
16.212,1.548
20.641,1.658
29.282,1.726
16.619,1.777
16.740,1.513
17.243,1.651
20.144,1.654
29.118,1.722
16.821,1.724
16.727,1.536
17.236,1.657
16.330,1.655
20.549,1.636
29.320,1.690
18.116,1.735
15.189,1.645
17.136,1.652
21.914,1.700
27.668,1.778
16.649,1.690
16.850,1.553
17.070,1.676
20.354,1.629
29.096,1.767
16.735,1.760
16.702,1.603
17.407,1.678
15.748,1.639
20.974,1.610
29.231,1.744
16.688,1.722
16.689,1.536
17.226,1.634
20.298,1.615
29.205,1.636
17.371,1.861
16.006,1.623
17.187,1.622
16.446,1.542
20.473,1.600
29.264,1.651
16.685,1.698
16.774,1.525
17.114,1.590
16.445,1.645
20.470,1.687
29.321,1.601
16.512,1.720
16.787,1.589
17.162,1.655
20.392,1.633
29.144,1.800
16.707,1.719
16.733,1.592
17.173,1.603
20.222,1.610
29.258,1.709
16.700,1.729
16.690,1.508
17.118,1.677
15.970,1.657
21.061,1.635
29.431,1.679
16.462,1.737
16.596,1.527
17.248,1.688
20.829,1.674
28.786,1.662
18.173,1.684
15.119,1.578
17.316,1.605
15.923,1.612
20.970,1.620
29.104,1.712
16.825,1.792
16.603,1.516
17.311,1.642
16.421,1.654
20.503,1.633
29.185,1.680
17.389,1.740
16.023,1.517
17.156,1.613
16.451,1.593
20.483,1.658
29.269,1.710
16.679,1.767
16.675,1.563
17.364,1.658
16.231,1.610
20.516,1.636
29.338,1.884
16.628,1.884
16.685,1.632
17.405,1.675
16.243,1.649
20.556,1.616
29.362,1.763
16.571,1.761
16.576,1.514
17.304,1.666
15.816,1.700
21.065,1.677
29.260,1.737
16.705,1.782
16.867,1.598
17.154,1.635
16.406,1.668
20.360,1.593
29.419,1.630
16.528,1.857
16.726,1.591
17.279,1.640
16.267,1.654
20.547,1.656
29.151,1.712
16.716,1.745
17.274,1.521
16.776,1.692
16.386,1.611
22.004,1.670
27.680,1.679
16.760,1.790
16.686,1.621
17.246,1.707
15.913,1.615
20.926,1.664
29.195,1.745
16.634,1.852
16.711,1.538
17.210,1.620
15.973,1.631
21.034,1.679
29.246,1.715
16.658,1.719
16.763,1.540
17.258,1.662
15.835,1.640
20.978,1.566
29.419,1.570
16.487,1.933
16.760,1.613
17.340,1.711
15.740,1.623
21.026,1.685
29.256,1.703
17.253,1.722
16.094,1.519
17.295,1.611
15.978,1.698
20.966,1.628
29.243,1.785
16.637,1.785
16.697,1.679
17.088,1.546
20.412,1.701
29.298,1.732
16.432,1.732
16.866,1.669
17.270,1.618
16.381,1.632
20.490,1.661
29.133,1.743
16.716,1.729
33.419,1.607
16.562,1.607
33.466,1.618
18.212,1.618
31.772,1.641
18.265,1.641
15.162,1.550
17.619,1.539
16.268,1.596
16.841,1.604
16.598,1.596
16.650,1.620
16.646,1.663
16.658,1.659
16.482,1.664
16.078,1.635
16.677,1.601
21.070,1.641
29.207,1.887
16.713,1.887
33.379,1.675
16.660,1.675
16.695,1.647
17.392,1.606
16.386,1.668
16.030,1.636
21.022,1.693
29.078,1.723
16.825,1.723
16.701,1.559
17.270,1.663
16.565,1.599
16.047,1.612
16.997,1.614
20.623,1.645
29.180,1.717
16.742,1.749
16.774,1.599
17.120,1.609
16.432,1.530
20.484,1.682
29.356,1.732
16.602,1.708
16.697,1.523
17.139,1.646
16.565,1.593
20.513,1.587
29.293,1.760
17.177,1.737
16.072,1.592
17.123,1.729
20.339,1.666
29.082,1.683
16.704,1.798
16.768,1.616
18.959,1.622
18.393,1.613
29.241,1.674
18.400,1.731
15.236,1.616
17.196,1.589
16.529,1.646
20.309,1.627
29.188,1.754
16.640,1.688
16.771,1.635
17.129,1.657
20.338,1.609
29.201,1.782
16.706,1.712
16.685,1.668
17.153,1.670
20.314,1.639
29.432,1.747
16.554,1.719
16.598,1.599
17.107,1.663
20.437,1.678
29.480,1.685
16.396,1.801
16.725,1.599
17.201,1.686
15.865,1.663
21.140,1.674
29.447,1.717
16.411,1.725
16.641,1.563
17.290,1.633
16.461,1.613
20.437,1.661
29.219,1.683
16.702,1.708
16.716,1.656
17.366,1.627
15.735,1.606
21.012,1.704
29.333,1.655
16.513,1.803
16.781,1.528
16.668,1.628
17.180,1.611
15.905,1.651
21.044,1.674
29.393,1.696
16.470,1.862
16.791,1.551
17.215,1.599
17.670,1.647
19.160,1.683
29.315,1.534
18.294,1.919
15.820,1.635
16.436,1.667
16.054,1.680
21.102,1.701
29.218,1.763
16.423,1.763
16.814,1.585
17.385,1.667
15.676,1.649
21.077,1.601
29.203,1.704
16.575,1.757
16.980,1.549
16.945,1.677
16.515,1.657
20.535,1.640
29.181,1.696
16.633,1.722
16.802,1.563
17.190,1.613
16.396,1.679
20.518,1.606
29.276,1.740
16.565,1.713
17.009,1.668
17.040,1.589
16.253,1.651
20.647,1.552
29.312,1.771
16.608,1.726
16.739,1.618
17.242,1.657
15.778,1.714
21.067,1.534
29.350,1.789
16.515,1.751
16.766,1.636
17.157,1.677
16.483,1.624
20.485,1.687
29.272,1.664
16.587,1.735
16.780,1.511
17.405,1.666
16.158,1.661
20.563,1.609
29.358,1.738
17.072,1.717
16.114,1.531
17.167,1.671
16.920,1.619
21.913,1.638
27.404,1.742
16.741,1.776
16.710,1.504
17.249,1.613
20.160,1.617
29.261,1.635
16.596,1.804
16.788,1.537
17.322,1.708
16.420,1.652
20.427,1.595
29.212,1.639
16.671,1.688
16.737,1.508
17.132,1.663
16.048,1.670
20.980,1.716
29.250,1.705
16.628,1.801
16.795,1.558
16.605,1.608
16.940,1.667
16.693,1.639
20.505,1.627
29.347,1.705
16.528,1.719
16.711,1.531
17.444,1.676
16.558,1.627
20.095,1.631
29.241,1.681
16.644,1.697
16.802,1.586
17.198,1.608
16.559,1.607
16.613,1.673
20.433,1.649
29.248,1.732
16.681,1.728
16.873,1.529
17.033,1.594
16.447,1.677
20.486,1.629
29.384,1.747
16.443,1.842
16.802,1.555
17.143,1.652
21.787,1.676
27.664,1.736
16.916,1.805
18.178,1.610
15.316,1.617
20.533,1.651
29.231,1.645
16.688,1.697
16.660,1.653
20.782,1.672
29.262,1.763
16.668,1.697
17.411,1.686
16.284,1.677
20.405,1.662
29.211,1.685
17.412,1.735
16.087,1.539
17.081,1.648
20.329,1.665
29.331,1.606
16.507,1.745
16.848,1.643
20.756,1.594
29.237,1.711
16.658,1.734
16.742,1.691
20.839,1.638
29.208,1.739
16.601,1.673
16.719,1.618
16.996,1.619
20.448,1.608
29.177,1.612
16.744,1.694
16.902,1.593
16.715,1.675
20.509,1.730
29.294,1.604
16.660,1.739
16.731,1.505
17.168,1.652
20.321,1.663
29.204,1.606
16.654,1.692
16.686,1.649
17.107,1.598
20.390,1.651
29.239,1.623
18.142,1.721
15.202,1.694
16.992,1.626
20.577,1.689
44.132,1.768
16.798,1.768
18.234,1.533
17.308,1.592
15.841,1.669
21.011,1.617
29.326,1.771
16.621,1.692
16.712,1.602
17.188,1.627
15.856,1.627
21.113,1.687
29.195,1.748
16.696,1.696
16.736,1.598
17.176,1.610
15.883,1.639
21.037,1.609
29.327,1.708
16.607,1.743
16.837,1.626
17.125,1.702
20.197,1.657
29.363,1.658
16.600,1.803
16.877,1.524
16.408,1.637
16.537,1.686
20.892,1.593
29.544,1.710
16.390,1.717
16.774,1.578
16.973,1.673
20.467,1.656
29.263,1.596
16.615,1.681
16.728,1.663
17.065,1.626
20.429,1.680
29.217,1.586
16.653,1.685
17.369,1.665
16.295,1.648
20.545,1.667
29.165,1.604
16.758,1.717
18.337,1.598
15.374,1.605
20.537,1.664
29.199,1.687
18.939,1.843
14.356,1.568
17.036,1.627
20.413,1.732
29.439,1.611
16.543,1.722
16.584,1.630
17.214,1.632
20.311,1.689
29.225,1.629
16.648,1.733
16.741,1.640
17.011,1.613
20.450,1.614
29.396,1.686
16.439,1.698
16.825,1.671
16.926,1.629
20.413,1.675
29.387,1.636
16.669,1.713
16.659,1.591
16.999,1.599
20.525,1.596
29.115,1.616
16.755,1.746
16.742,1.655
17.005,1.656
20.395,1.662
29.345,1.611
16.475,1.691
16.695,1.596
17.424,1.591
20.135,1.599
29.456,1.752
16.459,1.739
16.694,1.634
17.099,1.637
20.416,1.656
29.319,1.771
16.475,1.690
16.759,1.639
17.164,1.617
20.321,1.671
29.206,1.763
16.693,1.716
17.153,1.627
16.484,1.624
20.707,1.698
29.127,1.696
18.934,1.842
15.098,1.601
16.445,1.665
20.296,1.665
29.304,1.738
16.618,1.671
16.719,1.555
17.157,1.677
20.260,1.710
29.282,1.733
16.655,1.752
16.708,1.641
17.079,1.585
20.409,1.627
29.386,1.743
16.512,1.686
16.669,1.549
17.235,1.609
20.235,1.637
29.365,1.709
16.556,1.743
16.696,1.513
17.292,1.642
20.176,1.681
29.274,1.741
16.668,1.707
16.690,1.524
17.242,1.663
15.920,1.645
21.055,1.660
29.098,1.620
16.740,1.712
16.662,1.489
17.206,1.612
20.378,1.632
29.296,1.745
16.405,1.710
16.879,1.510
17.074,1.635
20.444,1.625
29.174,1.757
16.576,1.705
16.797,1.687
17.024,1.667
20.433,1.712
29.429,1.750
17.686,1.709
15.431,1.657
17.192,1.679
20.367,1.600
29.350,1.688
18.257,1.816
14.948,1.526
16.451,1.591
21.024,1.629
29.348,1.727
16.553,1.723
16.700,1.632
17.182,1.644
20.276,1.630
29.258,1.778
16.663,1.702
16.595,1.594
17.199,1.682
20.430,1.693
29.174,1.707
16.596,1.711
16.877,1.639
17.075,1.670
20.354,1.626
29.354,1.752
16.499,1.747
16.708,1.605
17.036,1.682
20.429,1.709
29.265,1.793
16.641,1.733
16.729,1.650
16.983,1.730
20.505,1.633
29.259,1.613
16.606,1.733
16.748,1.624
16.966,1.595
20.527,1.654
29.179,1.571
17.420,1.709
15.894,1.511
17.268,1.616
20.252,1.630
29.271,1.655
16.541,1.711
16.801,1.657
16.930,1.637
20.534,1.656
29.210,1.602
17.091,1.709
17.067,1.670
16.197,1.604
20.598,1.657
29.230,1.652
18.152,1.720
15.112,1.638
17.013,1.670
20.435,1.653
29.309,1.569
16.629,1.718
16.728,1.604
16.927,1.669
20.475,1.741
29.232,1.732
17.157,1.737
16.202,1.632
20.802,1.652
44.363,1.665
16.607,1.665
18.472,1.658
17.052,1.610
20.320,1.643
29.400,1.763
16.537,1.712
16.690,1.640
16.981,1.652
20.584,1.655
29.249,1.753
16.539,1.705
16.755,1.509
17.219,1.612
20.235,1.635
29.175,1.734
16.701,1.684
16.727,1.621
17.205,1.626
20.247,1.635
29.256,1.732
16.661,1.692
16.725,1.507
17.150,1.667
20.279,1.661
29.416,1.684
16.556,1.719
16.645,1.620
17.109,1.657
20.341,1.642
29.364,1.785
18.066,1.720
15.312,1.623
17.047,1.643
20.341,1.642
29.208,1.689
18.287,1.737
15.075,1.527
17.188,1.738
20.351,1.655
29.178,1.754
16.573,1.754
20.813,1.553
29.298,1.681
16.678,1.700
16.705,1.592
16.706,1.556
17.200,1.696
16.468,1.608
20.467,1.710
29.321,1.706
16.568,1.706
16.805,1.610
17.097,1.679
15.898,1.611
21.106,1.671
29.188,1.687
16.697,1.722
16.733,1.643
17.180,1.652
20.252,1.597
29.170,1.677
16.728,1.677
16.640,1.534
16.916,1.643
16.850,1.552
20.475,1.682
29.207,1.691
16.719,1.773
16.686,1.544
17.361,1.629
15.734,1.691
21.008,1.691
29.214,1.703
16.693,1.823
16.738,1.580
17.211,1.687
15.856,1.681
21.059,1.700
29.237,1.677
17.335,1.707
16.054,1.506
19.261,1.659
14.431,1.653
20.561,1.627
29.197,1.696
16.539,1.846
18.279,1.502
15.074,1.618
17.045,1.679
20.501,1.604
29.312,1.785
16.607,1.681
16.747,1.505
17.256,1.640
16.294,1.635
20.577,1.636
29.171,1.732
16.625,1.687
16.976,1.696
17.001,1.632
20.278,1.704
29.288,1.718
16.671,1.774
16.549,1.659
17.063,1.546
20.522,1.701
29.098,1.714
16.793,1.730
16.693,1.602
17.331,1.692
16.302,1.680
20.556,1.628
29.253,1.731
16.624,1.727
16.686,1.671
17.273,1.650
16.344,1.571
20.493,1.645
29.531,1.742
16.439,1.670
16.726,1.664
17.210,1.669
20.253,1.578
29.365,1.604
16.457,1.887
16.785,1.605
17.307,1.611
16.215,1.689
20.608,1.668
29.123,1.723
16.944,1.705
33.137,1.593
18.346,1.593
46.784,1.625
16.656,1.625
35.076,1.550
18.143,1.550
31.824,1.656
16.701,1.656
33.378,1.484
16.698,1.484
33.338,1.512
16.615,1.512
33.369,1.496
16.652,1.496
33.326,1.522
16.711,1.522
33.385,1.617
16.782,1.617
16.672,1.530
16.897,1.625
16.873,1.696
16.213,1.734
16.670,1.697
16.850,1.667
17.118,1.679
16.673,1.691
16.104,1.690
16.587,1.675
16.952,1.672
16.465,1.688
16.676,1.690
17.192,1.691
16.850,1.734
16.041,1.690
16.858,1.694
16.748,1.717
16.925,1.674
16.248,1.611
16.657,1.532
17.304,1.555
16.545,1.616
16.489,1.653
20.506,1.663
29.231,1.809
16.641,1.704
16.709,1.663
20.881,1.521
29.133,1.853
16.657,1.694
17.335,1.680
21.716,1.656
27.770,1.640
17.288,1.743
16.039,1.611
20.677,1.701
29.328,1.686
18.834,1.621
18.749,1.635
29.086,1.708
17.351,1.669
16.491,1.659
28.703,1.765
20.841,1.656
17.209,1.706
28.649,1.758
20.841,1.719
16.683,1.730
20.956,1.701
29.218,1.711
17.231,1.763
20.295,1.534
29.103,1.695
17.360,1.608
20.318,1.668
29.033,1.779
16.713,1.780
16.663,1.658
20.800,1.668
29.450,1.689
17.100,1.643
16.096,1.654
20.709,1.637
29.323,1.583
17.231,1.733
16.144,1.661
20.786,1.623
29.251,1.625
17.221,1.721
16.117,1.635
16.971,1.621
20.461,1.573
29.237,1.710
16.631,1.701
16.784,1.625
17.111,1.542
20.348,1.655
29.224,1.725
18.226,1.737
15.246,1.597
17.217,1.639
20.243,1.646
29.154,1.739
16.582,1.733
16.843,1.663
18.738,1.637
14.766,1.674
20.604,1.605
29.247,1.670
16.664,1.658
16.900,1.631
16.706,1.611
20.586,1.682
29.227,1.710
16.632,1.711
16.899,1.600
17.065,1.675
20.194,1.688
29.378,1.757
16.470,1.715
16.668,1.517
17.285,1.668
20.270,1.608
29.431,1.751
16.452,1.697
16.801,1.488
17.001,1.599
20.490,1.664
29.361,1.716
16.534,1.734
16.652,1.666
16.909,1.651
20.586,1.568
29.238,1.709
16.726,1.669
16.659,1.586
17.075,1.686
20.398,1.646
29.248,1.603
16.638,1.718
16.694,1.638
16.983,1.673
20.460,1.621
29.272,1.581
16.617,1.729
16.751,1.645
16.910,1.638
20.491,1.670
29.436,1.661
18.052,1.795
15.182,1.644
20.891,1.637
29.089,1.801
16.633,1.673
16.802,1.624
18.181,1.674
19.263,1.733
29.228,1.714
16.723,1.649
16.671,1.633
20.825,1.628
29.346,1.714
16.559,1.717
16.599,1.602
20.831,1.617
29.463,1.795
16.397,1.680
16.737,1.638
20.862,1.663
29.385,1.745
16.341,1.695
16.985,1.593
20.653,1.658
29.146,1.666
17.346,1.738
16.137,1.669
16.954,1.665
20.552,1.560
29.277,1.610
16.565,1.752
16.829,1.651
16.854,1.657
20.482,1.720
29.362,1.771
16.553,1.663
16.733,1.492
16.925,1.664
20.601,1.707
29.262,1.721
16.563,1.684
17.292,1.631
16.374,1.592
20.451,1.712
29.325,1.785
16.556,1.637
16.773,1.632
20.814,1.627
29.247,1.730
18.227,1.762
15.832,1.617
16.311,1.722
20.425,1.715
29.209,1.574
16.730,1.691
18.192,1.605
15.155,1.674
20.782,1.703
29.270,1.574
16.705,1.679
16.848,1.657
16.846,1.645
20.480,1.654
29.166,1.581
17.265,1.751
16.626,1.540
20.322,1.710
29.232,1.662
16.706,1.702
16.871,1.619
20.633,1.680
29.326,1.717
17.190,1.740
16.051,1.708
20.802,1.653
29.200,1.778
17.294,1.730
16.116,1.606
20.799,1.666
29.212,1.705
17.184,1.703
16.163,1.656
20.770,1.643
29.274,1.662
17.278,1.790
16.575,1.704
20.295,1.676
29.239,1.653
17.416,1.739
15.922,1.586
20.716,1.786
29.335,1.697
17.226,1.520
20.372,1.603
29.111,1.722
16.712,1.702
16.761,1.636
20.714,1.736
31.080,1.818
15.372,1.639
16.590,1.665
28.642,1.689
20.801,1.684
18.425,1.654
19.180,1.610
29.282,1.771
17.341,1.563
15.978,1.615
20.771,1.684
29.281,1.702
17.218,1.524
20.348,1.626
29.083,1.818
16.698,1.750
16.674,1.586
20.791,1.769
29.542,1.695
16.989,1.530
16.465,1.624
28.776,1.737
35.870,1.604
16.688,1.604
19.031,1.566
20.209,1.649
29.251,1.688
16.637,1.672
16.752,1.612
20.732,1.652
29.338,1.665
17.307,1.668
15.938,1.627
20.818,1.636
29.184,1.658
17.338,1.710
16.131,1.638
20.761,1.652
29.392,1.705
16.526,1.702
16.696,1.596
20.787,1.640
29.116,1.761
17.232,1.634
16.594,1.613
20.551,1.685
29.242,1.751
18.053,1.773
15.220,1.626
20.811,1.706
29.242,1.691
17.182,1.596
18.455,1.647
18.372,1.731
29.299,1.619
17.275,1.514
20.372,1.654
29.061,1.674
16.770,1.569
17.235,1.619
20.135,1.733
29.348,1.704
17.150,1.592
20.506,1.629
29.031,1.694
16.674,1.529
20.800,1.637
29.207,1.652
17.346,1.576
15.902,1.703
29.290,1.707
20.852,1.690
17.386,1.628
20.075,1.636
29.340,1.658
17.189,1.630
20.452,1.655
29.002,1.726
17.364,1.530
20.314,1.639
29.124,1.700
17.284,1.581
16.444,1.650
28.648,1.778
35.917,1.640
16.729,1.640
18.872,1.543
20.338,1.676
29.121,1.697
17.122,1.543
16.898,1.634
28.688,1.715
20.816,1.623
18.254,1.584
19.179,1.661
29.439,1.684
16.482,1.686
17.313,1.659
21.777,1.725
27.669,1.625
17.248,1.533
16.540,1.610
28.658,1.672
20.950,1.496
16.674,1.642
20.737,1.636
29.303,1.632
17.207,1.587
16.430,1.624
28.675,1.727
35.983,1.663
16.744,1.663
18.989,1.644
16.501,1.638
20.315,1.636
29.288,1.691
16.675,1.671
17.380,1.614
20.113,1.637
29.295,1.738
17.299,1.717
16.649,1.649
20.145,1.663
29.321,1.642
17.217,1.647
16.266,1.655
20.509,1.706
29.349,1.649
17.241,1.544
16.028,1.650
29.148,1.786
35.923,1.654
16.736,1.654
18.908,1.558
20.191,1.634
29.401,1.726
17.179,1.572
16.577,1.684
20.294,1.698
29.309,1.716
19.128,1.698
18.435,1.604
29.298,1.677
16.376,1.593
22.715,1.633
27.355,1.730
16.709,1.562
21.006,1.647
28.992,1.645
17.243,1.533
20.441,1.626
29.245,1.680
17.231,1.593
20.234,1.660
29.065,1.712
17.389,1.569
20.268,1.603
29.080,1.576
17.267,1.618
28.573,1.733
35.860,1.610
16.712,1.610
22.491,1.596
29.423,1.646
16.997,1.514
20.330,1.662
29.233,1.661
20.849,1.572
29.201,1.623
20.798,1.652
29.200,1.685
20.932,1.643
29.142,1.661
20.808,1.608
44.162,1.657
16.691,1.668
26.746,1.711
39.921,1.629
16.799,1.636
22.400,1.611
29.336,1.653
25.010,1.633
39.925,1.594
16.706,1.628
35.061,1.647
18.196,1.685
15.178,1.632
16.656,1.576
17.150,1.623
16.542,1.567
16.095,1.620
21.109,1.603
29.125,1.611
16.601,1.611
16.827,1.520
16.645,1.596
17.220,1.626
16.609,1.610
16.704,1.616
15.935,1.585
21.043,1.659
29.220,1.677
16.720,1.699
16.682,1.603
16.701,1.603
20.779,1.597
29.384,1.674
16.542,1.722
16.696,1.583
17.108,1.671
20.401,1.697
29.344,1.593
16.494,1.712
16.724,1.675
20.816,1.598
29.210,1.643
16.617,1.712
16.769,1.639
20.823,1.586
29.263,1.672
16.676,1.765
16.642,1.596
20.823,1.692
29.159,1.724
17.317,1.754
16.038,1.623
20.924,1.630
29.204,1.703
17.224,1.818
16.095,1.637
20.799,1.646
29.237,1.702
18.731,1.737
14.641,1.590
20.767,1.560
29.254,1.675
18.905,1.724
14.445,1.589
20.791,1.677
29.190,1.701
17.361,1.649
16.748,1.599
20.090,1.593
29.203,1.609
17.413,1.697
15.966,1.595
20.887,1.604
29.128,1.673
16.729,1.711
16.713,1.616
20.812,1.603
29.215,1.600
16.675,1.712
16.821,1.609
20.663,1.633
29.199,1.690
17.386,1.762
16.191,1.638
20.712,1.587
29.175,1.750
16.623,1.729
16.709,1.584
20.799,1.607
29.208,1.646
16.685,1.754
16.648,1.614
20.820,1.598
29.422,1.728
16.553,1.747
17.306,1.657
20.200,1.664
29.279,1.692
16.574,1.684
16.693,1.642
16.963,1.654
20.501,1.731
29.318,1.690
16.594,1.794
16.759,1.603
16.944,1.601
20.444,1.668
31.113,1.609
15.495,1.668
15.980,1.625
20.823,1.628
44.310,1.626
16.629,1.626
18.441,1.584
17.093,1.612
20.345,1.664
29.099,1.664
16.785,1.724
16.731,1.564
17.214,1.612
16.454,1.619
20.455,1.597
29.400,1.650
16.428,1.655
16.768,1.578
17.086,1.582
20.358,1.632
29.400,1.730
16.547,1.705
16.692,1.609
17.019,1.629
20.464,1.629
29.222,1.642
16.671,1.701
16.610,1.610
17.218,1.640
20.374,1.613
29.245,1.678
16.662,1.722
16.687,1.601
16.991,1.654
20.426,1.651
29.488,1.626
16.473,1.742
16.699,1.619
20.678,1.599
29.329,1.596
16.659,1.675
16.661,1.618
20.865,1.615
29.196,1.717
16.723,1.867
16.661,1.640
20.826,1.624
29.223,1.650
16.689,1.733
18.005,1.547
19.391,1.621
29.261,1.617
16.718,1.738
18.287,1.591
19.225,1.608
29.271,1.590
16.611,1.741
16.708,1.639
20.766,1.623
29.311,1.611
17.219,1.751
16.118,1.619
20.816,1.613
29.212,1.693
16.649,1.763
16.897,1.514
20.577,1.654
29.258,1.726
16.657,1.718
16.734,1.605
20.770,1.632
29.319,1.597
17.211,1.774
15.993,1.632
20.866,1.644
29.189,1.606
16.685,1.700
17.653,1.654
19.890,1.600
29.267,1.629
16.630,1.723
16.703,1.608
20.790,1.637
29.390,1.600
16.447,1.705
16.758,1.614
20.794,1.619
29.205,1.673
16.572,1.710
16.895,1.657
20.781,1.627
29.206,1.664
16.608,1.832
16.758,1.647
20.805,1.616
29.302,1.663
16.642,1.715
18.138,1.584
19.339,1.627
29.336,1.611
17.162,1.729
18.204,1.667
18.640,1.675
29.427,1.673
17.058,1.620
16.060,1.590
20.878,1.645
29.344,1.676
17.276,1.663
15.886,1.632
20.910,1.626
29.130,1.720
17.417,1.724
16.034,1.593
20.768,1.636
29.264,1.668
16.607,1.682
16.783,1.572
20.776,1.523
29.235,1.714
17.217,1.553
16.066,1.638
20.858,1.678
29.278,1.672
17.174,1.532
16.687,1.652
28.731,1.815
35.702,1.588
16.710,1.588
18.974,1.634
20.241,1.602
29.218,1.614
16.708,1.700
16.645,1.610
20.865,1.596
29.140,1.620
17.058,1.694
17.293,1.649
19.895,1.649
29.301,1.697
17.175,1.754
16.182,1.650
20.720,1.645
29.207,1.668
18.181,1.610
15.173,1.622
20.850,1.620
29.196,1.671
18.857,1.643
14.488,1.614
20.844,1.656
29.203,1.650
17.424,1.634
16.192,1.627
20.479,1.703
29.295,1.722
17.259,1.561
16.565,1.578
28.694,1.725
20.872,1.569
16.756,1.636
20.675,1.670
29.465,1.655
17.185,1.634
16.656,1.630
20.137,1.771
29.255,1.680
17.264,1.548
16.461,1.630
28.738,1.761
20.927,1.596
16.709,1.647
20.859,1.593
29.197,1.713
17.237,1.564
16.704,1.591
20.132,1.769
29.345,1.711
17.183,1.543
20.452,1.628
29.006,1.684
17.404,1.679
16.629,1.591
20.183,1.663
29.448,1.785
17.100,1.603
16.527,1.624
28.717,1.736
20.863,1.596
16.654,1.658
20.685,1.659
29.316,1.704
18.722,1.530
18.944,1.506
29.034,1.657
19.012,1.629
14.345,1.602
20.784,1.755
29.349,1.745
17.114,1.529
20.419,1.607
29.101,1.730
17.359,1.562
20.350,1.594
29.030,1.629
16.637,1.689
16.643,1.615
20.831,1.691
29.425,1.671
17.115,1.569
20.355,1.682
29.123,1.731
17.200,1.547
20.592,1.571
28.902,1.693
17.323,1.550
16.392,1.639
28.932,1.660
20.825,1.671
17.145,1.616
28.773,1.608
35.689,1.607
16.708,1.607
22.563,1.682
29.308,1.589
16.623,1.686
20.918,1.659
28.997,1.725
17.204,1.568
20.592,1.677
29.081,1.689
17.232,1.647
20.209,1.680
29.223,1.750
16.995,1.624
28.755,1.738
35.878,1.673
16.735,1.673
22.429,1.663
29.283,1.673
18.817,1.629
18.822,1.580
29.074,1.693
17.241,1.637
20.403,1.697
29.046,1.705
17.266,1.653
20.415,1.676
29.049,1.656
17.498,1.548
20.173,1.545
29.103,1.703
17.310,1.599
20.325,1.607
29.036,1.699
16.749,1.641
16.640,1.595
20.590,1.703
29.467,1.691
17.157,1.635
20.465,1.622
28.964,1.818
16.881,1.557
17.233,1.604
20.071,1.715
29.235,1.697
17.329,1.542
20.410,1.601
29.036,1.582
16.763,1.596
16.644,1.635
20.669,1.803
29.334,1.715
17.130,1.526
20.625,1.620
29.049,1.680
16.628,1.698
16.650,1.641
20.744,1.726
29.346,1.726
17.200,1.562
20.425,1.609
28.995,1.715
19.424,1.678
13.878,1.635
20.827,1.692
29.373,1.698
18.663,1.533
18.922,1.597
29.148,1.692
16.610,1.599
17.182,1.630
20.261,1.770
29.365,1.783
17.237,1.576
20.342,1.646
29.168,1.655
17.332,1.629
16.029,1.635
28.997,1.713
20.834,1.516
16.787,1.683
20.761,1.604
29.296,1.681
17.155,1.519
20.298,1.704
29.226,1.654
17.133,1.651
28.696,1.731
21.476,1.638
20.494,1.640
28.982,1.646
17.198,1.542
20.441,1.666
29.038,1.763
17.243,1.690
20.313,1.654
29.162,1.687
17.129,1.618
28.765,1.683
35.802,1.704
16.728,1.704
18.763,1.523
24.678,1.714
39.902,1.657
16.720,1.657
18.776,1.533
20.338,1.691
44.274,1.631
16.713,1.631
18.864,1.653
21.969,1.597
27.524,1.629
17.444,1.633
15.964,1.640
20.785,1.665
29.220,1.675
16.717,1.635
17.545,1.597
19.822,1.705
29.487,1.670
17.094,1.592
16.662,1.656
28.568,1.702
35.864,1.627
16.807,1.627
18.917,1.563
20.153,1.633
29.305,1.638
17.216,1.569
16.392,1.652
28.853,1.715
35.835,1.607
16.727,1.607
18.936,1.584
20.148,1.663
29.511,1.632
17.059,1.602
20.412,1.630
29.154,1.693
16.689,1.677
16.480,1.644
29.334,1.698
20.781,1.671
17.362,1.635
28.447,1.691
35.868,1.656
16.732,1.656
18.978,1.562
20.175,1.688
29.261,1.635
17.172,1.592
20.431,1.657
44.088,1.596
16.741,1.596
18.867,1.612
21.486,1.783
28.113,1.609
17.110,1.704
20.399,1.660
29.156,1.647
17.279,1.556
20.336,1.703
29.064,1.707
17.308,1.608
20.332,1.663
29.035,1.726
17.500,1.521
20.096,1.609
29.123,1.606
17.310,1.520
20.448,1.625
28.991,1.667
17.346,1.567
20.344,1.636
29.098,1.699
17.166,1.614
20.386,1.712
29.181,1.652
17.220,1.529
20.283,1.686
29.106,1.688
17.299,1.515
20.228,1.663
29.214,1.621
17.069,1.586
28.932,1.784
35.677,1.618
16.717,1.618
18.786,1.618
24.677,1.704
39.882,1.662
16.725,1.662
18.998,1.524
20.100,1.705
29.350,1.650
17.218,1.526
17.825,1.627
27.380,1.734
35.895,1.594
16.722,1.594
18.877,1.545
20.230,1.704
29.510,1.736
17.170,1.609
16.629,1.634
20.172,1.623
29.421,1.617
17.110,1.584
16.755,1.604
19.971,1.734
29.387,1.577
17.347,1.583
20.298,1.646
29.095,1.688
16.608,1.672
16.665,1.634
20.752,1.753
29.352,1.624
17.155,1.521
20.421,1.810
29.126,1.760
17.275,1.628
20.178,1.788
29.243,1.630
17.225,1.516
20.302,1.686
29.187,1.625
17.229,1.540
28.650,1.776
35.800,1.649
16.697,1.649
18.950,1.597
20.228,1.768
29.300,1.607
16.556,1.588
29.316,1.756
35.742,1.680
16.719,1.680
18.819,1.532
20.298,1.725
29.321,1.606
18.614,1.506
19.006,1.661
29.107,1.556
18.962,1.550
18.631,1.618
29.099,1.717
17.387,1.603
20.292,1.675
29.070,1.587
17.464,1.609
15.906,1.634
29.125,1.772
20.913,1.554
16.718,1.617
20.670,1.715
29.316,1.609
17.180,1.494
20.463,1.663
29.311,1.755
17.196,1.561
20.233,1.691
29.084,1.719
16.615,1.547
20.996,1.629
29.060,1.770
17.375,1.587
20.279,1.651
29.109,1.613
17.379,1.545
15.931,1.600
29.150,1.608
20.960,1.613
16.477,1.622
29.347,1.695
20.815,1.644
17.176,1.642
28.640,1.749
35.870,1.612
16.710,1.612
18.891,1.525
20.173,1.712
29.393,1.656
17.179,1.547
20.428,1.663
29.059,1.714
18.245,1.643
15.063,1.633
29.200,1.644
35.857,1.683
16.719,1.683
18.843,1.523
20.212,1.680
29.326,1.670
17.353,1.614
16.472,1.546
20.303,1.741
29.369,1.647
17.163,1.521
20.379,1.634
29.125,1.751
17.283,1.688
16.032,1.656
20.817,1.585
29.250,1.621
17.255,1.536
20.408,1.654
29.014,1.674
16.689,1.621
17.164,1.534
28.685,1.697
21.417,1.633
16.235,1.646
20.667,1.767
29.404,1.651
17.070,1.513
20.313,1.713
29.184,1.686
17.157,1.535
20.572,1.679
29.126,1.665
17.144,1.630
20.332,1.639
29.160,1.687
17.372,1.635
20.227,1.684
29.091,1.700
17.357,1.541
20.049,1.735
29.310,1.596
17.195,1.593
20.349,1.725
30.956,1.660
14.851,1.506
29.168,1.708
35.900,1.649
16.698,1.649
18.706,1.544
24.739,1.738
25.020,1.552
17.159,1.596
20.387,1.700
29.102,1.685
17.356,1.546
20.289,1.668
29.076,1.704
16.754,1.595
17.216,1.647
28.515,1.783
20.941,1.662
17.336,1.520
20.058,1.737
29.346,1.646
17.201,1.551
20.458,1.673
29.026,1.721
16.742,1.579
17.323,1.612
28.516,1.701
20.818,1.628
16.781,1.616
20.622,1.594
29.381,1.675
17.009,1.571
20.553,1.631
29.215,1.692
17.275,1.654
20.278,1.577
29.052,1.787
17.363,1.570
20.190,1.670
29.151,1.834
17.371,1.550
20.308,1.622
29.104,1.590
17.269,1.602
20.360,1.650
43.996,1.602
16.723,1.602
18.784,1.685
28.759,1.779
20.835,1.539
18.274,1.598
19.186,1.704
29.449,1.699
17.113,1.581
20.258,1.686
29.212,1.674
16.728,1.613
16.534,1.593
20.769,1.694
29.415,1.699
17.091,1.503
20.505,1.597
29.010,1.696
17.346,1.530
20.346,1.615
29.136,1.663
16.610,1.533
20.938,1.630
29.060,1.579
17.419,1.575
15.926,1.615
29.199,1.774
20.785,1.617
17.473,1.647
28.445,1.663
21.006,1.639
16.520,1.646
29.183,1.763
20.941,1.625
17.106,1.624
28.679,1.662
20.932,1.599
17.124,1.535
28.744,1.607
20.753,1.698
20.930,1.640
29.153,1.721
17.272,1.537
20.305,1.705
29.154,1.707
18.629,1.547
27.260,1.717
35.792,1.643
16.707,1.643
22.569,1.725
44.162,1.614
16.706,1.614
18.751,1.608
28.767,1.739
20.795,1.548
16.800,1.557
20.819,1.622
29.176,1.600
17.276,1.737
16.774,1.624
20.120,1.578
29.203,1.625
17.545,1.651
16.491,1.637
20.088,1.711
29.412,1.644
17.213,1.549
16.651,1.693
20.150,1.676
29.304,1.656
17.235,1.519
20.277,1.608
29.220,1.758
16.504,1.540
21.090,1.690
29.006,1.588
17.363,1.596
15.967,1.636
29.311,1.708
35.811,1.519
16.742,1.519
22.452,1.681
29.218,1.781
17.359,1.645
16.544,1.685
28.710,1.620
20.748,1.614
20.993,1.611
29.050,1.590
19.482,1.554
18.220,1.619
29.273,1.595
17.045,1.546
20.403,1.644
29.047,1.667
18.855,1.533
18.782,1.654
29.062,1.697
17.318,1.541
20.373,1.684
29.149,1.707
17.176,1.536
20.378,1.629
29.095,1.768
17.228,1.512
20.445,1.655
29.019,1.800
17.348,1.546
20.354,1.654
28.980,1.726
17.343,1.551
20.358,1.704
29.053,1.783
17.346,1.526
20.308,1.634
29.074,1.726
17.404,1.516
20.303,1.665
29.047,1.642
16.661,1.608
21.022,1.647
29.063,1.689
17.311,1.677
15.887,1.670
29.250,1.622
20.813,1.618
17.341,1.634
28.527,1.758
20.886,1.597
17.308,1.644
20.254,1.777
29.255,1.624
17.155,1.679
20.315,1.688
29.173,1.642
18.839,1.504
18.706,1.692
29.205,1.724
17.195,1.503
20.456,1.666
29.049,1.716
18.730,1.558
18.823,1.581
29.340,1.603
17.177,1.589
20.171,1.626
29.252,1.732
17.255,1.550
20.342,1.555
29.074,1.589
17.246,1.653
28.566,1.752
35.851,1.600
16.692,1.600
22.524,1.768
29.207,1.620
17.203,1.627
20.372,1.659
29.144,1.607
17.174,1.632
28.725,1.680
21.415,1.714
24.638,1.683
24.886,1.655
20.807,1.704
29.256,1.694
20.754,1.702
29.237,1.702
20.784,1.635
29.302,1.667
20.818,1.598
29.174,1.630
20.826,1.614
29.224,1.675
17.101,1.598
28.796,1.657
35.727,1.651
16.727,1.723
24.065,1.782
27.665,1.664
17.256,1.530
20.433,1.608
29.001,1.736
18.264,1.616
19.466,1.609
28.996,1.683
17.477,1.581
16.497,1.637
28.486,1.741
20.814,1.647
17.488,1.686
20.124,1.689
29.244,1.608
17.388,1.507
20.210,1.597
29.093,1.717
16.763,1.660
16.648,1.634
20.719,1.676
29.336,1.615
17.214,1.507
20.430,1.726
29.041,1.687
16.744,1.585
17.021,1.662
28.750,1.746
35.824,1.624
16.736,1.624
18.924,1.614
20.284,1.745
29.149,1.620
17.429,1.591
20.315,1.630
29.025,1.757
16.693,1.659
16.667,1.683
20.716,1.678
29.379,1.687
17.183,1.530
20.414,1.652
29.081,1.732
17.409,1.526
20.261,1.720
28.999,1.667
19.620,1.537
13.603,1.675
29.416,1.656
20.984,1.608
16.359,1.664
31.746,1.699
18.356,1.551
33.351,1.622
16.766,1.706
17.211,1.646
28.683,1.732
35.751,1.626
16.725,1.626
18.785,1.543
24.653,1.766
24.939,1.628
17.377,1.652
20.094,1.769
29.292,1.631
17.205,1.665
20.444,1.596
29.028,1.657
17.372,1.496
20.320,1.610
29.059,1.722
17.348,1.554
20.340,1.610
29.018,1.723
17.454,1.613
15.969,1.596
29.208,1.647
35.745,1.669
16.705,1.669
18.867,1.557
20.220,1.741
29.391,1.671
17.148,1.596
20.367,1.689
29.256,1.666
17.095,1.549
20.415,1.670
29.062,1.661
17.373,1.553
20.312,1.679
29.129,1.659
18.989,1.571
18.494,1.648
29.362,1.728
17.235,1.581
21.968,1.640
27.309,1.725
17.308,1.542
20.427,1.687
29.219,1.650
17.023,1.526
20.341,1.648
29.114,1.660
17.280,1.646
20.330,1.689
29.207,1.618
17.152,1.606
20.214,1.732
29.261,1.641
17.164,1.614
28.666,1.714
35.867,1.592
16.698,1.592
18.867,1.511
24.618,1.724
24.954,1.648
16.733,1.585
20.681,1.719
29.414,1.622
16.507,1.696
20.893,1.696
29.175,1.714
17.294,1.498
20.350,1.670
29.072,1.606
17.493,1.513
20.183,1.639
29.246,1.665
17.084,1.519
20.310,1.608
29.118,1.712
17.460,1.555
16.426,1.626
28.696,1.702
35.780,1.602
16.717,1.602
19.438,1.518
19.580,1.743
29.419,1.655
18.761,1.596
18.915,1.642
29.020,1.649
17.456,1.585
20.190,1.634
29.065,1.660
17.317,1.576
20.355,1.631
29.069,1.749
16.675,1.576
17.266,1.625
28.575,1.737
20.787,1.599
17.386,1.641
28.505,1.724
20.979,1.753
17.279,1.610
20.149,1.741
29.187,1.668
16.510,1.627
29.354,1.734
35.846,1.662
16.726,1.662
18.980,1.507
24.568,1.708
24.836,1.607
16.673,1.669
20.777,1.710
29.248,1.622
16.655,1.493
20.937,1.690
29.154,1.655
17.248,1.626
20.381,1.702
29.080,1.677
17.274,1.519
20.445,1.670
29.026,1.664
17.327,1.512
20.329,1.612
29.025,1.759
17.468,1.522
21.794,1.620
27.682,1.774
16.560,1.522
22.555,1.686
27.456,1.705
17.443,1.487
20.243,1.711
29.134,1.671
17.095,1.545
20.377,1.715
29.100,1.708
17.227,1.617
20.253,1.716
29.223,1.642
17.261,1.615
20.199,1.672
29.277,1.625
17.194,1.635
20.252,1.712
29.243,1.637
17.246,1.653
20.324,1.778
29.167,1.660
17.160,1.610
28.761,1.738
21.713,1.695
15.762,1.603
29.248,1.707
20.748,1.688
20.933,1.677
29.202,1.712
17.206,1.545
20.248,1.636
29.178,1.696
17.216,1.656
28.611,1.714
35.889,1.660
16.713,1.660
22.486,1.771
29.431,1.694
17.114,1.619
20.389,1.683
29.080,1.706
17.159,1.617
21.624,1.818
27.882,1.639
16.959,1.708
31.360,1.699
19.753,1.526
32.007,1.635
16.773,1.744
17.191,1.666
28.581,1.564
35.814,1.637
16.701,1.637
22.543,1.646
29.192,1.665
16.728,1.673
17.222,1.637
28.554,1.741
20.859,1.652
16.773,1.622
20.715,1.688
29.316,1.610
17.097,1.536
20.521,1.721
29.069,1.654
17.462,1.529
20.239,1.605
29.308,1.693
16.426,1.599
21.023,1.603
29.013,1.682
17.322,1.569
16.471,1.638
28.731,1.710
20.772,1.605
17.268,1.617
28.620,1.723
20.826,1.665
16.611,1.664
29.316,1.744
20.780,1.612
21.012,1.584
29.251,1.695
17.112,1.670
20.243,1.749
29.205,1.654
17.491,1.612
28.420,1.665
35.777,1.640
16.720,1.701
22.494,1.750
29.240,1.561
17.376,1.641
20.261,1.623
29.090,1.738
17.309,1.541
20.351,1.677
29.245,1.598
17.036,1.678
20.322,1.673
29.131,1.650
17.244,1.518
20.308,1.774
29.178,1.636
17.148,1.642
28.828,1.764
35.714,1.595
16.810,1.595
18.646,1.552
24.802,1.854
24.945,1.714
16.747,1.706
20.788,1.763
29.245,1.729
17.114,1.668
28.704,1.752
35.720,1.633
16.681,1.633
26.850,1.692
24.923,1.652
17.145,1.609
20.426,1.755
29.120,1.638
17.368,1.559
20.282,1.628
29.054,1.652
16.764,1.627
16.571,1.663
29.274,1.734
35.779,1.628
16.803,1.628
18.824,1.527
20.202,1.715
44.281,1.604
16.725,1.604
18.932,1.602
20.169,1.744
29.346,1.602
17.202,1.553
20.408,1.587
28.960,1.704
16.806,1.612
16.685,1.592
20.619,1.641
29.324,1.681
17.214,1.667
20.438,1.591
29.083,1.680
17.353,1.520
20.285,1.707
29.084,1.681
17.492,1.522
20.138,1.597
29.044,1.632
17.414,1.528
20.378,1.739
29.169,1.603
17.112,1.556
20.132,1.736
29.197,1.652
17.303,1.610
28.614,1.721
35.835,1.631
16.756,1.631
22.531,1.674
29.125,1.715
17.363,1.571
20.352,1.666
29.047,1.727
16.723,1.590
20.938,1.623
29.121,1.699
16.652,1.521
20.962,1.637
29.017,1.674
18.750,1.543
18.939,1.679
44.023,1.638
16.743,1.638
18.962,1.632
20.178,1.703
29.235,1.634
17.199,1.508
20.358,1.758
29.137,1.643
17.248,1.664
20.343,1.646
29.126,1.642
17.266,1.534
20.149,1.690
29.340,1.632
17.129,1.624
28.706,1.744
35.805,1.644
16.740,1.644
22.540,1.641
29.141,1.676
17.361,1.694
16.698,1.684
28.564,1.762
35.761,1.642
16.758,1.642
18.826,1.519
20.255,1.734
29.488,1.681
16.998,1.616
20.238,1.652
29.218,1.662
17.406,1.497
20.282,1.650
29.068,1.636
17.365,1.562
20.218,1.704
29.291,1.609
17.112,1.631
20.328,1.732
29.138,1.614
17.191,1.587
28.676,1.738
35.822,1.664
16.801,1.664
34.886,1.605
16.800,1.723
17.220,1.622
28.663,1.619
20.715,1.592
17.353,1.621
28.548,1.763
20.885,1.642
16.665,1.676
29.215,1.757
20.866,1.610
16.737,1.659
29.031,1.771
20.959,1.583
16.622,1.610
29.168,1.752
20.994,1.691
20.872,1.567
29.053,1.714
16.670,1.494
21.074,1.632
29.044,1.749
17.199,1.722
28.698,1.771
35.729,1.645
16.765,1.645
22.452,1.682
29.249,1.571
17.301,1.526
20.355,1.593
29.206,1.665
17.081,1.616
20.259,1.698
29.258,1.632
20.862,1.648
29.161,1.707
17.241,1.540
20.418,1.619
29.012,1.606
17.160,1.626
28.813,1.706
35.717,1.664
16.803,1.664
34.885,1.653
16.661,1.735
21.105,1.594
29.051,1.635
17.358,1.567
20.251,1.667
29.106,1.639
17.242,1.555
20.402,1.677
29.100,1.659
16.692,1.526
20.946,1.642
29.110,1.643
17.205,1.502
20.296,1.794
29.174,1.593
17.188,1.614
28.661,1.705
35.814,1.623
16.704,1.623
18.875,1.659
24.619,1.683
24.968,1.634
16.388,1.622
29.549,1.512
35.666,1.660
16.734,1.660
22.589,1.733
29.129,1.645
16.778,1.641
20.875,1.638
29.080,1.682
17.424,1.593
20.233,1.607
29.096,1.681
17.432,1.547
20.173,1.622
29.113,1.525
17.201,1.545
20.429,1.664
29.110,1.700
18.852,1.629
26.920,1.748
35.833,1.668
16.722,1.668
35.013,1.599
16.696,1.756
21.013,1.637
29.026,1.680
17.312,1.556
20.391,1.636
29.050,1.650
17.216,1.617
20.242,1.691
29.258,1.670
17.111,1.603
28.705,1.702
35.850,1.660
16.706,1.660
22.460,1.699
29.235,1.592
17.397,1.557
20.368,1.677
29.090,1.643
17.231,1.632
20.219,1.673
29.221,1.577
17.189,1.664
28.614,1.674
21.425,1.662
20.513,1.613
29.000,1.595
17.157,1.595
28.763,1.762
35.720,1.632
16.712,1.632
22.497,1.675
29.230,1.656
17.286,1.588
20.306,1.703
29.132,1.630
17.222,1.650
28.629,1.763
35.868,1.662
16.660,1.662
24.201,1.730
27.521,1.677
17.282,1.515
20.258,1.679
29.222,1.672
17.075,1.658
28.952,1.660
35.622,1.557
16.713,1.708
22.562,1.757
29.142,1.574
17.325,1.528
20.119,1.648
29.408,1.664
20.728,1.640
29.233,1.640
20.760,1.629
29.289,1.617
17.016,1.632
28.892,1.734
21.161,1.718
24.771,1.677
24.892,1.585
24.963,1.589
25.055,1.616
25.042,1.629
39.956,1.614
16.732,1.678
22.576,1.647
29.220,1.637
20.781,1.649
29.151,1.646
20.918,1.767
29.225,1.651
20.666,1.611
29.377,1.693
20.683,1.684
44.267,1.590
16.684,1.696
26.854,1.792
39.817,1.682
16.756,1.673
34.999,1.686
16.800,1.624
20.784,1.642
44.149,1.602
16.667,1.523
26.842,1.727
39.839,1.657
16.710,1.634
26.850,1.600
39.952,1.622
18.923,1.594
28.680,1.606
35.725,1.582
22.417,1.709
29.456,1.584
17.158,1.654
16.495,1.705
20.452,1.632
29.140,1.706
16.728,1.686
16.747,1.673
20.748,1.647
29.378,1.524
16.451,1.693
16.773,1.658
20.771,1.663
29.181,1.574
17.311,1.610
16.131,1.631
20.744,1.659
29.216,1.681
17.289,1.510
20.394,1.671
29.004,1.677
16.801,1.589
17.227,1.658
28.507,1.748
20.856,1.500
16.674,1.633
29.191,1.714
35.876,1.591
16.754,1.591
35.057,1.675
16.547,1.801
21.074,1.642
29.014,1.709
17.282,1.563
20.418,1.599
29.036,1.664
17.317,1.534
20.370,1.675
29.128,1.777
17.304,1.552
20.219,1.605
29.134,1.697
17.253,1.567
20.415,1.592
29.006,1.676
17.195,1.506
20.539,1.674
29.136,1.603
17.127,1.603
20.401,1.742
29.127,1.628
17.267,1.609
20.285,1.662
29.094,1.660
17.292,1.545
20.048,1.679
29.381,1.645
17.252,1.622
28.711,1.823
35.721,1.625
16.696,1.625
18.873,1.550
24.625,1.749
24.931,1.690
17.127,1.590
20.465,1.714
29.127,1.677
17.207,1.645
20.233,1.701
29.279,1.515
17.301,1.524
21.875,1.597
27.525,1.698
18.935,1.637
18.763,1.627
29.055,1.660
17.221,1.610
20.184,1.785
29.350,1.710
17.189,1.631
28.704,1.720
35.725,1.641
16.776,1.641
18.788,1.535
20.348,1.712
29.260,1.634
17.125,1.639
20.369,1.693
29.141,1.657
17.358,1.533
20.411,1.707
29.041,1.761
16.559,1.578
21.035,1.615
29.124,1.666
16.758,1.541
20.944,1.588
29.006,1.594
17.385,1.556
20.226,1.619
29.074,1.692
17.337,1.601
20.307,1.635
29.311,1.643
17.101,1.535
20.375,1.642
29.072,1.704
16.911,1.655
28.867,1.741
35.825,1.637
16.728,1.637
18.806,1.503
20.256,1.697
29.294,1.660
17.257,1.629
22.630,1.619
26.834,1.662
18.483,1.501
19.203,1.676
29.045,1.660
16.744,1.577
20.919,1.657
29.149,1.687
16.627,1.647
17.515,1.642
28.284,1.732
35.853,1.639
16.726,1.639
18.905,1.530
20.155,1.716
29.391,1.679
17.193,1.519
20.425,1.619
29.277,1.648
17.168,1.605
20.326,1.641
29.127,1.634
16.601,1.654
17.190,1.654
28.637,1.719
20.974,1.654
16.638,1.638
29.033,1.763
35.867,1.595
16.764,1.595
18.893,1.523
20.175,1.681
29.187,1.759
17.289,1.593
20.310,1.712
29.231,1.658
17.215,1.606
20.354,1.678
29.182,1.629
17.215,1.690
20.299,1.762
29.216,1.609
17.250,1.737
20.123,1.700
29.402,1.573
18.590,1.646
18.717,1.705
44.290,1.699
16.720,1.699
18.699,1.633
28.872,1.644
35.771,1.595
16.714,1.595
18.866,1.513
20.211,1.653
29.338,1.620
17.256,1.553
20.399,1.696
29.025,1.666
16.749,1.581
16.571,1.648
29.270,1.685
35.780,1.718
16.733,1.718
18.948,1.576
20.252,1.709
29.392,1.614
17.036,1.595
16.608,1.612
28.687,1.756
35.821,1.594
16.771,1.594
18.401,1.540
20.728,1.695
29.265,1.661
17.355,1.574
15.949,1.623
20.753,1.791
29.482,1.659
17.136,1.513
20.355,1.589
29.023,1.698
16.680,1.631
16.723,1.638
20.819,1.727
29.190,1.649
17.213,1.549
20.510,1.629
29.046,1.673
18.749,1.545
18.792,1.593
44.127,1.609
16.717,1.609
18.850,1.654
20.195,1.720
29.425,1.675
17.151,1.529
20.429,1.670
29.037,1.612
16.739,1.609
17.160,1.633
28.590,1.707
20.938,1.651
16.622,1.599
29.171,1.770
20.845,1.571
17.655,1.646
19.938,1.772
29.233,1.732
17.142,1.623
20.334,1.661
29.203,1.675
17.214,1.612
20.324,1.760
29.236,1.692
17.205,1.611
20.373,1.650
29.011,1.619
17.411,1.558
20.089,1.743
29.290,1.665
17.144,1.626
28.692,1.741
35.824,1.582
16.725,1.582
18.728,1.669
24.760,1.832
39.867,1.581
16.733,1.581
18.828,1.511
24.560,1.690
39.955,1.600
16.811,1.600
20.486,1.505
18.587,1.699
44.268,1.493
16.693,1.493
18.879,1.611
20.255,1.598
29.211,1.631
16.656,1.727
16.908,1.730
20.660,1.597
29.161,1.643
16.736,1.672
16.696,1.632
20.854,1.656
29.121,1.520
16.696,1.760
17.309,1.635
20.254,1.649
29.236,1.637
16.631,1.741
17.295,1.717
20.204,1.642
29.251,1.654
17.300,1.641
15.937,1.654
20.874,1.696
29.429,1.660
17.123,1.550
20.346,1.643
29.045,1.708
16.765,1.608
16.578,1.639
29.160,1.735
35.849,1.641
16.802,1.641
18.964,1.541
20.088,1.778
29.319,1.604
17.144,1.679
20.374,1.779
29.170,1.700
17.215,1.651
20.384,1.710
29.045,1.739
16.849,1.581
20.849,1.614
44.067,1.649
16.722,1.649
50.052,1.677
16.658,1.677
50.021,1.802
16.693,1.802
35.013,1.746
16.630,1.746
16.760,1.601
20.816,1.531
29.141,1.619
16.718,1.778
48.371,1.577
16.718,1.577
35.157,1.690
16.461,1.690
48.450,1.563
16.680,1.563
35.158,1.585
16.486,1.585
16.880,1.495
16.785,1.606
16.848,1.621
16.530,1.645
16.161,1.632
21.049,1.596
29.229,1.643
16.703,1.643
16.747,1.516
17.190,1.590
15.945,1.648
21.051,1.655
29.135,1.714
16.714,1.668
16.838,1.629
16.849,1.609
20.478,1.655
29.254,1.607
16.613,1.648
16.756,1.620
20.753,1.678
29.262,1.658
17.334,1.685
18.816,1.615
17.917,1.781
44.276,1.636
16.719,1.636
18.973,1.635
20.030,1.652
29.392,1.617
16.593,1.648
20.931,1.678
29.331,1.703
17.071,1.698
28.649,1.740
35.808,1.688
16.712,1.688
22.642,1.768
29.210,1.659
17.204,1.662
20.396,1.620
29.011,1.687
17.310,1.577
20.362,1.662
29.053,1.636
17.216,1.685
28.749,1.773
21.233,1.639
20.550,1.644
28.977,1.720
17.400,1.519
20.326,1.682
29.004,1.747
17.252,1.489
20.295,1.654
29.171,1.663
17.137,1.579
28.782,1.653
35.763,1.606
16.713,1.606
22.524,1.801
29.267,1.684
17.376,1.627
15.890,1.642
29.175,1.650
35.862,1.689
16.716,1.689
18.898,1.520
21.882,1.726
27.620,1.696
17.300,1.530
16.584,1.648
28.573,1.737
20.800,1.617
16.878,1.589
20.760,1.595
29.341,1.673
17.270,1.650
15.997,1.634
20.720,1.705
29.215,1.625
17.151,1.523
16.908,1.661
28.584,1.676
35.787,1.632
16.711,1.632
18.892,1.613
20.318,1.663
29.361,1.697
16.567,1.585
16.614,1.670
29.226,1.810
20.881,1.519
16.672,1.612
20.754,1.668
29.310,1.645
17.200,1.554
20.388,1.619
29.056,1.779
17.393,1.610
15.913,1.643
29.276,1.679
35.774,1.666
16.713,1.666
18.819,1.551
20.341,1.730
29.259,1.691
17.180,1.629
20.459,1.671
29.216,1.692
17.223,1.531
20.317,1.641
44.029,1.625
16.724,1.625
18.806,1.637
28.707,1.802
20.818,1.558
16.791,1.564
20.764,1.648
29.336,1.654
16.520,1.609
17.395,1.608
20.045,1.646
29.320,1.595
17.190,1.542
20.406,1.559
29.256,1.661
16.648,1.666
17.091,1.632
28.608,1.737
20.930,1.706
16.641,1.647
29.183,1.708
20.843,1.538
16.751,1.652
29.057,1.723
20.949,1.516
16.739,1.662
29.086,1.761
20.847,1.587
17.281,1.581
28.637,1.694
20.849,1.595
20.943,1.598
29.246,1.780
17.297,1.543
20.210,1.594
29.215,1.733
17.094,1.663
20.328,1.645
29.162,1.666
17.166,1.530
20.240,1.728
29.462,1.687
16.306,1.585
29.334,1.615
35.845,1.595
16.707,1.595
22.574,1.665
44.160,1.588
16.689,1.588
18.904,1.602
20.179,1.742
29.365,1.675
17.136,1.517
20.500,1.650
29.087,1.600
16.635,1.707
16.562,1.569
21.064,1.593
29.325,1.631
17.069,1.657
16.555,1.615
28.718,1.738
20.764,1.606
16.651,1.575
29.211,1.695
35.859,1.570
16.691,1.570
22.593,1.680
29.372,1.671
17.101,1.549
20.341,1.637
29.059,1.742
17.109,1.578
28.792,1.692
35.780,1.619
16.718,1.617
22.557,1.620
29.229,1.663
17.141,1.532
20.325,1.657
29.217,1.827
20.864,1.641
29.192,1.673
17.158,1.599
20.209,1.652
29.468,1.742
17.074,1.626
20.266,1.744
29.229,1.706
18.929,1.672
18.640,1.651
44.132,1.614
16.716,1.614
18.821,1.614
20.173,1.776
29.377,1.615
17.286,1.572
20.376,1.627
29.048,1.712
16.705,1.707
16.839,1.647
20.664,1.707
29.425,1.618
17.029,1.640
16.846,1.591
19.992,1.692
29.380,1.612
17.181,1.552
16.643,1.712
28.584,1.771
20.869,1.526
16.784,1.540
20.779,1.615
29.246,1.613
17.298,1.620
16.071,1.710
20.567,1.655
29.695,1.666
17.001,1.581
20.400,1.602
29.035,1.644
16.764,1.631
16.617,1.617
20.746,1.707
29.276,1.605
17.231,1.562
20.330,1.604
29.170,1.697
17.349,1.528
20.277,1.613
29.050,1.671
17.394,1.564
20.320,1.585
29.261,1.681
16.519,1.586
17.958,1.661
27.774,1.720
35.917,1.640
16.728,1.640
18.869,1.640
20.290,1.676
29.198,1.657
17.292,1.573
20.402,1.647
28.990,1.667
16.770,1.653
16.800,1.681
20.572,1.697
29.387,1.667
17.140,1.614
20.424,1.582
29.027,1.578
17.512,1.579
16.594,1.632
28.486,1.683
20.841,1.601
16.664,1.686
20.831,1.578
29.232,1.671
17.191,1.530
20.474,1.594
29.237,1.652
17.167,1.560
20.296,1.619
29.044,1.665
17.456,1.514
20.214,1.575
29.059,1.653
17.319,1.603
20.411,1.655
29.021,1.661
17.248,1.597
20.307,1.729
29.215,1.658
17.185,1.535
20.314,1.681
29.153,1.702
17.225,1.655
20.238,1.647
29.262,1.681
18.724,1.574
18.687,1.684
29.279,1.655
18.773,1.673
18.901,1.666
29.252,1.667
17.049,1.509
20.164,1.697
29.317,1.675
17.340,1.578
20.298,1.646
29.043,1.681
17.384,1.549
20.411,1.617
29.088,1.734
17.291,1.600
20.037,1.614
29.252,1.719
17.411,1.588
15.924,1.644
29.237,1.724
20.804,1.539
17.427,1.553
20.062,1.625
29.297,1.691
17.275,1.528
20.437,1.607
29.015,1.640
17.397,1.630
16.430,1.619
28.647,1.689
20.852,1.525
16.782,1.658
20.663,1.648
29.388,1.745
17.115,1.506
20.336,1.606
29.217,1.581
17.233,1.518
20.390,1.605
29.094,1.681
17.281,1.561
20.349,1.591
29.064,1.635
17.474,1.630
16.609,1.696
21.189,1.713
28.276,1.592
17.037,1.538
21.993,1.652
27.418,1.695
17.397,1.599
20.299,1.663
29.102,1.674
17.251,1.623
20.153,1.776
29.388,1.697
17.221,1.571
28.638,1.730
35.792,1.649
16.718,1.649
18.845,1.518
24.577,1.704
25.047,1.653
16.562,1.581
20.824,1.738
29.244,1.595
17.289,1.612
20.390,1.702
29.050,1.634
17.297,1.578
20.455,1.580
29.069,1.673
17.262,1.509
20.286,1.587
29.133,1.641
17.304,1.594
20.301,1.584
29.013,1.670
17.507,1.572
20.285,1.572
28.966,1.678
17.355,1.572
20.331,1.574
29.037,1.696
17.266,1.542
20.416,1.630
29.106,1.697
17.208,1.593
20.396,1.628
29.073,1.712
18.653,1.673
18.714,1.781
29.286,1.631
18.644,1.639
27.359,1.601
35.698,1.630
16.724,1.630
22.507,1.739
29.264,1.723
17.198,1.636
16.503,1.600
28.825,1.650
20.991,1.653
20.868,1.650
28.996,1.706
17.288,1.563
20.412,1.593
28.990,1.711
16.714,1.532
20.905,1.577
29.198,1.717
17.178,1.527
20.352,1.634
29.156,1.785
17.286,1.588
28.726,1.722
35.649,1.599
16.704,1.599
18.802,1.526
24.702,1.700
24.883,1.589
16.708,1.609
29.095,1.825
20.949,1.597
16.749,1.591
20.760,1.650
29.248,1.614
17.160,1.529
20.444,1.623
29.105,1.683
17.366,1.523
20.261,1.596
29.050,1.719
16.664,1.550
17.833,1.600
27.961,1.701
20.938,1.600
18.738,1.533
18.661,1.698
29.390,1.642
16.537,1.579
20.913,1.749
29.344,1.718
17.023,1.532
20.349,1.708
29.295,1.679
17.176,1.643
20.376,1.672
29.243,1.725
17.327,1.628
20.181,1.647
29.046,1.615
16.751,1.559
20.924,1.588
29.046,1.668
17.284,1.556
20.377,1.574
29.098,1.724
17.369,1.579
20.285,1.596
29.179,1.763
17.137,1.510
20.358,1.678
29.134,1.691
17.178,1.548
20.411,1.589
29.093,1.652
17.325,1.539
20.380,1.619
29.222,1.629
17.251,1.612
20.224,1.559
28.996,1.750
17.274,1.546
20.421,1.669
29.014,1.627
16.789,1.577
20.872,1.676
29.148,1.614
18.769,1.619
15.209,1.614
28.474,1.709
35.833,1.634
16.713,1.634
18.847,1.545
20.320,1.637
29.238,1.682
17.222,1.514
20.444,1.624
29.235,1.648
16.582,1.653
16.617,1.636
20.774,1.690
29.222,1.587
17.311,1.510
20.290,1.579
44.260,1.697
16.578,1.697
50.026,1.711
16.673,1.711
35.205,1.610
16.574,1.610
34.634,1.568
17.029,1.568
31.687,1.561
16.654,1.561
16.764,1.546
17.191,1.564
20.267,1.571
29.215,1.607
16.682,1.652
48.328,1.511
16.728,1.511
35.111,1.535
16.425,1.535
33.438,1.559
16.798,1.559
33.313,1.579
16.602,1.579
16.815,1.548
17.289,1.558
17.324,1.531
19.366,1.612
29.461,1.586
16.585,1.717
16.709,1.549
18.787,1.592
18.667,1.612
29.205,1.641
16.745,1.698
16.647,1.597
17.219,1.610
20.347,1.647
29.387,1.619
16.942,1.787
16.459,1.598
20.516,1.634
29.364,1.611
17.126,1.706
16.653,1.678
20.104,1.650
29.468,1.690
17.236,1.544
20.420,1.523
28.964,1.618
17.358,1.559
20.345,1.551
29.142,1.604
17.146,1.547
20.454,1.616
29.181,1.689
17.058,1.595
28.723,1.677
35.727,1.626
16.718,1.626
22.558,1.621
29.252,1.652
17.139,1.594
20.495,1.616
28.997,1.697
17.081,1.616
28.757,1.686
35.848,1.565
16.697,1.565
22.463,1.739
29.458,1.622
18.678,1.763
18.866,1.608
29.166,1.701
17.337,1.644
15.822,1.628
31.669,1.724
19.656,1.599
32.049,1.746
16.591,1.746
17.449,1.669
20.156,1.692
29.371,1.643
17.144,1.605
16.755,1.587
28.495,1.704
35.841,1.649
16.700,1.649
18.975,1.595
20.270,1.572
29.423,1.682
16.997,1.754
16.385,1.641
20.554,1.624
29.256,1.591
17.389,1.697
16.278,1.630
20.592,1.609
29.158,1.539
17.272,1.712
16.086,1.616
20.788,1.613
29.241,1.722
17.251,1.669
16.863,1.561
19.940,1.673
29.340,1.720
17.237,1.514
20.397,1.606
29.235,1.720
16.570,1.668
16.650,1.639
20.674,1.733
29.291,1.655
17.216,1.579
20.471,1.602
29.028,1.711
18.809,1.556
14.482,1.601
29.320,1.640
20.761,1.622
16.590,1.615
31.767,1.810
19.798,1.656
31.908,1.604
16.657,1.681
21.123,1.607
29.286,1.670
17.084,1.685
20.298,1.632
29.072,1.683
17.259,1.599
20.395,1.653
29.039,1.763
17.266,1.605
28.635,1.634
35.811,1.577
16.709,1.577
22.486,1.619
29.238,1.701
17.257,1.557
20.439,1.515
29.032,1.717
17.388,1.569
20.272,1.570
28.973,1.672
17.418,1.564
20.336,1.585
29.019,1.797
17.333,1.555
20.354,1.538
29.036,1.659
16.615,1.547
21.077,1.589
29.033,1.664
17.371,1.517
20.291,1.587
29.089,1.613
17.432,1.562
20.271,1.618
28.951,1.677
18.934,1.552
18.621,1.655
29.184,1.678
17.496,1.527
20.173,1.633
44.047,1.637
16.713,1.637
18.858,1.592
20.216,1.676
29.504,1.594
17.073,1.652
20.462,1.662
29.039,1.712
17.418,1.557
20.188,1.585
29.087,1.693
16.713,1.653
16.588,1.636
20.812,1.666
29.286,1.633
17.246,1.610
20.248,1.588
29.178,1.663
17.285,1.580
20.364,1.665
29.321,1.684
17.109,1.522
20.356,1.710
29.019,1.773
17.302,1.510
20.361,1.570
29.064,1.602
17.261,1.511
20.406,1.605
29.069,1.750
17.221,1.532
20.203,1.653
29.257,1.600
17.133,1.595
28.790,1.747
35.760,1.554
16.761,1.554
18.734,1.598
24.693,1.731
24.863,1.575
18.279,1.579
19.188,1.714
29.579,1.683
16.936,1.564
20.346,1.703
44.151,1.606
16.822,1.606
18.843,1.591
20.176,1.782
29.552,1.652
17.003,1.548
20.387,1.583
29.125,1.596
16.702,1.619
17.266,1.645
20.054,1.729
29.404,1.587
17.123,1.540
20.464,1.609
29.125,1.670
17.150,1.626
20.463,1.606
28.976,1.616
17.363,1.602
16.199,1.605
29.091,1.770
35.734,1.653
16.731,1.653
22.577,1.665
29.137,1.659
16.732,1.672
17.138,1.570
28.721,1.656
20.702,1.597
16.640,1.609
29.284,1.758
35.850,1.676
16.779,1.676
18.675,1.514
24.838,1.718
24.819,1.550
16.672,1.677
20.730,1.699
29.585,1.639
18.189,1.511
18.961,1.732
29.369,1.725
17.128,1.609
20.284,1.722
44.244,1.649
16.720,1.649
18.798,1.679
28.768,1.757
20.853,1.645
16.680,1.633
20.714,1.685
29.318,1.586
17.147,1.558
20.342,1.666
29.311,1.684
17.122,1.546
20.260,1.771
29.225,1.661
17.347,1.568
20.297,1.641
29.063,1.671
17.208,1.638
20.453,1.662
29.083,1.656
17.278,1.521
20.325,1.721
29.149,1.696
17.272,1.526
20.241,1.726
29.142,1.690
17.067,1.584
28.817,1.644
35.793,1.598
16.745,1.598
22.557,1.722
29.140,1.725
17.473,1.628
20.207,1.561
29.072,1.679
16.724,1.589
16.406,1.600
29.345,1.738
20.872,1.540
18.280,1.590
19.150,1.752
29.368,1.595
16.569,1.652
20.892,1.643
44.163,1.588
16.745,1.588
18.885,1.584
28.671,1.770
20.835,1.626
16.760,1.579
20.799,1.598
29.191,1.713
17.275,1.584
20.352,1.629
29.240,1.699
16.528,1.641
16.656,1.586
29.132,1.723
20.838,1.599
16.785,1.619
20.664,1.712
29.351,1.620
16.542,1.567
20.947,1.742
29.287,1.705
17.168,1.571
20.177,1.712
29.292,1.670
17.132,1.576
28.716,1.688
35.826,1.653
16.721,1.653
22.616,1.661
29.123,1.607
17.306,1.613
16.562,1.582
28.605,1.695
21.019,1.611
16.523,1.632
29.233,1.673
20.819,1.583
21.046,1.646
28.987,1.667
17.250,1.546
20.535,1.592
29.177,1.658
17.145,1.554
20.319,1.599
44.014,1.581
16.725,1.581
18.762,1.585
28.772,1.773
20.820,1.649
16.722,1.649
20.850,1.657
29.248,1.664
17.163,1.555
20.439,1.590
29.039,1.730
16.743,1.620
17.281,1.600
28.452,1.714
20.955,1.620
16.694,1.601
20.681,1.706
29.340,1.609
16.685,1.646
20.865,1.689
29.140,1.673
17.187,1.605
20.300,1.718
29.319,1.625
17.136,1.644
28.793,1.711
35.669,1.739
16.774,1.739
18.703,1.514
20.302,1.716
29.391,1.611
17.120,1.524
20.322,1.667
29.324,1.769
17.292,1.529
20.167,1.604
29.158,1.679
17.298,1.605
20.372,1.602
29.051,1.701
18.723,1.514
18.932,1.610
29.103,1.718
17.225,1.522
20.159,1.759
44.275,1.589
16.744,1.589
22.594,1.682
29.256,1.723
17.111,1.615
20.383,1.661
29.099,1.580
17.223,1.565
20.392,1.692
29.098,1.598
17.289,1.543
20.339,1.577
29.034,1.687
17.469,1.524
20.227,1.580
29.076,1.659
17.422,1.527
20.218,1.608
29.075,1.716
17.371,1.537
20.309,1.593
29.051,1.680
17.303,1.519
20.339,1.605
29.133,1.686
17.167,1.594
20.237,1.687
29.379,1.683
17.101,1.506
20.313,1.566
29.118,1.606
17.214,1.597
28.774,1.724
35.714,1.575
16.703,1.575
18.880,1.523
20.276,1.703
29.304,1.606
16.681,1.589
22.145,1.643
27.869,1.668
17.250,1.607
20.351,1.631
29.139,1.644
18.552,1.547
19.162,1.608
29.072,1.665
17.299,1.641
20.237,1.656
29.203,1.711
17.303,1.534
20.235,1.575
29.198,1.663
17.211,1.535
20.336,1.585
29.254,1.661
17.024,1.555
20.508,1.677
29.012,1.656
17.369,1.522
20.260,1.679
29.012,1.705
17.444,1.516
20.250,1.602
29.053,1.655
17.261,1.612
20.442,1.637
29.107,1.607
17.179,1.535
20.226,1.613
29.222,1.683
17.234,1.584
28.692,1.678
35.757,1.646
16.693,1.646
18.851,1.531
24.640,1.752
24.907,1.557
16.658,1.588
20.777,1.725
29.308,1.556
16.593,1.578
20.961,1.656
29.203,1.630
18.660,1.510
18.929,1.603
29.298,1.601
17.273,1.512
20.159,1.623
44.051,1.645
16.690,1.645
18.799,1.690
28.744,1.761
20.850,1.526
16.779,1.574
20.705,1.658
29.299,1.628
17.252,1.516
20.276,1.591
29.197,1.572
16.685,1.568
16.587,1.673
29.164,1.755
20.850,1.597
17.396,1.591
28.462,1.752
20.905,1.587
16.681,1.599
20.718,1.734
29.392,1.619
16.524,1.585
29.260,1.751
35.846,1.596
16.754,1.596
18.685,1.540
24.733,1.768
24.986,1.617
17.155,1.593
20.266,1.632
29.320,1.621
17.195,1.588
20.330,1.646
29.145,1.619
17.215,1.512
20.419,1.612
29.060,1.705
17.248,1.624
20.397,1.710
29.168,1.682
17.637,1.564
19.872,1.705
29.230,1.667
17.129,1.554
20.303,1.656
44.139,1.668
16.749,1.668
18.835,1.617
28.615,1.724
20.924,1.583
16.683,1.644
29.210,1.701
35.780,1.596
16.736,1.596
18.906,1.530
20.170,1.741
29.291,1.575
17.221,1.584
20.338,1.670
29.172,1.604
17.207,1.594
28.737,1.747
35.750,1.599
16.722,1.599
18.832,1.505
24.631,1.641
39.890,1.563
16.726,1.563
18.842,1.520
20.241,1.742
29.526,1.638
17.140,1.605
20.300,1.562
29.097,1.668
16.714,1.639
16.618,1.610
20.713,1.658
29.346,1.603
17.274,1.574
20.337,1.610
29.052,1.605
17.317,1.550
20.398,1.689
29.050,1.651
19.501,1.529
18.165,1.677
28.990,1.674
17.195,1.712
20.563,1.588
43.999,1.671
16.786,1.671
18.739,1.578
28.826,1.709
20.714,1.596
17.182,1.597
28.714,1.587
35.809,1.693
16.726,1.693
22.549,1.656
29.257,1.553
17.251,1.594
16.637,1.689
28.602,1.702
20.768,1.597
16.645,1.583
29.297,1.637
35.779,1.615
16.721,1.615
22.538,1.701
29.170,1.647
16.752,1.668
17.005,1.576
28.814,1.606
20.792,1.661
17.184,1.623
28.749,1.679
21.287,1.676
16.031,1.597
29.393,1.729
35.791,1.624
16.743,1.624
22.504,1.684
29.359,1.720
16.588,1.658
20.913,1.671
29.053,1.706
16.623,1.545
22.624,1.668
27.468,1.758
16.745,1.566
20.987,1.610
29.230,1.660
18.691,1.626
18.739,1.678
29.149,1.696
17.248,1.575
20.360,1.611
29.006,1.654
17.404,1.566
20.267,1.680
29.201,1.667
17.073,1.558
28.642,1.705
35.846,1.574
16.705,1.574
22.449,1.611
29.338,1.812
17.196,1.520
20.405,1.716
29.263,1.680
17.051,1.544
20.324,1.800
29.097,1.652
17.128,1.600
28.739,1.713
35.904,1.646
16.650,1.646
22.509,1.670
29.424,1.694
17.311,1.571
16.406,1.612
28.661,1.630
20.764,1.592
21.053,1.576
29.052,1.630
17.559,1.597
15.774,1.574
29.146,1.756
35.850,1.588
16.726,1.588
18.895,1.564
21.883,1.615
27.656,1.584
17.148,1.554
16.758,1.597
28.647,1.723
35.795,1.574
16.815,1.574
18.841,1.606
20.203,1.735
29.484,1.615
17.285,1.605
15.766,1.581
20.778,1.629
29.368,1.587
17.173,1.553
16.508,1.618
28.747,1.725
21.034,1.577
17.147,1.575
20.295,1.594
29.371,1.713
17.185,1.534
20.282,1.590
29.065,1.658
17.397,1.604
20.297,1.598
29.047,1.599
17.236,1.647
20.439,1.669
29.093,1.713
17.253,1.554
20.321,1.636
29.045,1.745
17.165,1.556
28.756,1.675
35.765,1.693
16.731,1.693
22.459,1.672
29.260,1.630
16.653,1.600
21.019,1.582
29.045,1.727
17.331,1.584
20.276,1.579
29.125,1.696
18.674,1.550
18.956,1.610
29.336,1.726
17.106,1.643
20.117,1.656
44.209,1.681
16.739,1.681
18.784,1.588
28.706,1.763
20.869,1.523
17.389,1.589
20.134,1.682
29.256,1.663
17.174,1.568
20.431,1.687
29.064,1.774
16.718,1.567
20.963,1.613
29.238,1.693
16.544,1.604
16.658,1.582
20.702,1.697
29.326,1.592
17.144,1.565
20.344,1.692
29.175,1.670
17.437,1.674
20.316,1.678
29.017,1.710
17.289,1.560
20.280,1.640
29.087,1.648
17.389,1.544
20.342,1.608
28.988,1.726
17.345,1.538
20.342,1.586
29.050,1.713
17.306,1.571
20.329,1.584
29.099,1.673
17.277,1.539
20.302,1.653
29.099,1.658
17.297,1.534
21.338,1.830
28.299,1.731
17.004,1.628
28.691,1.705
35.812,1.584
16.800,1.584
22.398,1.649
29.385,1.659
17.151,1.658
16.048,1.625
29.217,1.699
35.799,1.564
16.699,1.564
18.882,1.518
20.128,1.688
29.440,1.572
17.235,1.526
20.416,1.676
29.045,1.614
16.704,1.670
16.668,1.595
20.746,1.796
29.322,1.536
17.278,1.525
20.391,1.588
29.034,1.557
16.563,1.629
16.796,1.599
20.664,1.683
29.420,1.642
17.161,1.522
20.411,1.602
29.126,1.723
17.261,1.560
20.300,1.669
29.090,1.678
17.376,1.622
15.963,1.656
29.143,1.623
35.891,1.549
16.700,1.549
18.837,1.556
20.197,1.604
29.338,1.609
18.596,1.620
19.266,1.640
29.023,1.636
17.211,1.627
20.328,1.566
29.251,1.594
18.852,1.523
18.624,1.573
29.325,1.639
16.997,1.581
20.409,1.668
29.025,1.670
16.753,1.545
20.944,1.597
29.223,1.601
17.106,1.525
20.380,1.608
29.114,1.620
17.171,1.596
20.186,1.692
29.280,1.664
17.178,1.614
28.737,1.730
35.763,1.545
16.706,1.545
19.024,1.575
20.162,1.639
29.291,1.579
17.128,1.590
20.383,1.635
29.174,1.721
17.184,1.536
20.382,1.591
29.152,1.693
17.209,1.517
20.389,1.614
29.142,1.683
17.346,1.586
20.193,1.663
29.270,1.637
17.181,1.576
20.175,1.646
29.171,1.692
17.210,1.533
20.379,1.697
30.911,1.606
15.677,1.559
28.569,1.759
35.714,1.580
16.699,1.580
18.915,1.551
26.348,1.715
23.024,1.609
33.555,1.590
16.536,1.716
16.731,1.592
29.122,1.789
35.894,1.549
16.705,1.549
18.902,1.546
20.206,1.606
29.363,1.579
17.215,1.639
16.540,1.656
20.308,1.745
29.335,1.604
17.295,1.540
20.220,1.620
29.418,1.596
17.213,1.672
16.345,1.578
28.675,1.614
20.892,1.577
16.714,1.599
20.812,1.669
29.400,1.666
16.491,1.529
20.795,1.658
29.219,1.609
17.188,1.625
28.669,1.694
35.854,1.580
16.681,1.580
18.736,1.552
24.758,1.606
24.965,1.585
16.437,1.578
29.400,1.639
35.799,1.615
16.699,1.615
18.974,1.614
24.579,1.694
24.914,1.635
16.578,1.579
20.885,1.591
44.233,1.572
16.683,1.572
18.906,1.561
20.200,1.628
29.280,1.577
17.279,1.585
16.553,1.582
28.645,1.800
35.872,1.605
16.690,1.605
18.992,1.512
20.186,1.639
29.335,1.576
17.264,1.624
16.033,1.602
20.685,1.706
29.292,1.635
17.423,1.547
15.887,1.626
20.826,1.686
29.414,1.603
17.227,1.546
20.425,1.585
28.956,1.635
16.659,1.612
17.191,1.553
28.663,1.662
20.921,1.522
16.614,1.663
29.108,1.694
20.939,1.546
17.325,1.589
28.478,1.695
20.918,1.615
17.219,1.568
28.677,1.683
20.890,1.574
20.784,1.677
29.339,1.707
18.611,1.644
18.953,1.665
29.067,1.699
17.173,1.555
20.279,1.797
29.195,1.716
18.076,1.527
27.828,1.607
35.800,1.580
16.699,1.580
22.567,1.676
29.294,1.581
17.361,1.614
16.414,1.537
28.644,1.620
20.756,1.679
20.887,1.606
29.256,1.573
17.327,1.561
20.254,1.620
29.346,1.608
17.040,1.544
20.421,1.613
29.227,1.763
17.040,1.659
20.390,1.598
29.167,1.625
17.360,1.711
20.312,1.597
28.955,1.759
17.289,1.581
20.405,1.601
29.101,1.718
17.234,1.517
20.325,1.697
29.134,1.645
17.256,1.603
20.330,1.619
29.335,1.618
17.053,1.516
20.266,1.706
29.157,1.656
17.027,1.515
20.509,1.679
29.310,1.644
18.982,1.660
26.858,1.755
35.736,1.578
16.731,1.578
18.850,1.540
26.378,1.769
23.093,1.606
33.500,1.768
16.665,1.768
17.116,1.637
28.614,1.726
20.967,1.588
16.606,1.562
20.894,1.649
29.221,1.742
17.236,1.500
20.417,1.571
29.023,1.693
16.738,1.656
16.609,1.617
20.760,1.752
29.380,1.699
17.122,1.510
20.381,1.638
29.142,1.732
17.285,1.510
20.407,1.641
29.026,1.695
16.748,1.578
20.898,1.677
29.060,1.674
17.478,1.563
20.134,1.593
29.112,1.701
17.288,1.544
20.417,1.666
29.018,1.664
17.461,1.578
20.153,1.606
29.178,1.691
17.378,1.544
20.178,1.598
29.029,1.672
17.323,1.586
20.456,1.692
30.940,1.745
15.442,1.666
20.349,1.659
29.150,1.715
17.218,1.555
21.985,1.704
27.348,1.700
17.354,1.665
20.307,1.634
29.212,1.663
17.107,1.703
20.270,1.710
29.236,1.759
17.215,1.693
28.650,1.850
35.785,1.630
16.711,1.630
18.742,1.555
24.727,1.689
24.846,1.650
16.767,1.598
20.794,1.714
29.270,1.576
17.194,1.641
20.248,1.668
29.355,1.669
17.215,1.559
20.402,1.581
28.967,1.664
17.284,1.571
20.385,1.640
29.048,1.734
17.333,1.577
16.164,1.558
29.056,1.713
35.816,1.599
16.727,1.599
19.106,1.539
20.029,1.660
29.282,1.679
17.268,1.531
20.342,1.609
29.355,1.660
16.515,1.708
17.371,1.634
21.249,1.717
28.053,1.613
17.282,1.647
20.214,1.740
29.357,1.662
18.525,1.521
18.941,1.592
28.991,1.705
17.568,1.599
20.147,1.609
29.159,1.726
16.599,1.599
21.034,1.637
28.999,1.657
16.679,1.528
21.004,1.605
29.282,1.775
17.135,1.603
20.313,1.652
29.035,1.654
17.396,1.587
20.281,1.632
29.033,1.684
17.574,1.643
20.086,1.645
29.267,1.745
17.128,1.607
20.405,1.619
29.209,1.702
17.196,1.569
20.219,1.650
29.156,1.662
17.168,1.536
20.414,1.692
29.281,1.674
17.094,1.567
20.326,1.674
29.126,1.697
17.162,1.538
20.481,1.705
29.007,1.689
17.114,1.681
20.576,1.658
29.164,1.684
17.156,1.652
21.887,1.643
27.555,1.758
17.289,1.662
20.304,1.657
29.126,1.709
18.995,1.561
18.636,1.676
29.116,1.670
17.249,1.582
20.421,1.668
29.138,1.678
17.124,1.637
20.392,1.650
29.086,1.677
17.202,1.519
20.518,1.692
29.289,1.608
17.008,1.546
20.380,1.681
29.115,1.774
17.155,1.672
20.401,1.642
29.126,1.651
17.282,1.720
20.380,1.630
29.283,1.728
17.065,1.611
20.220,1.692
29.167,1.633
17.122,1.610
20.430,1.708
29.223,1.713
17.015,1.695
28.753,1.709
35.870,1.577
16.713,1.577
18.799,1.501
20.305,1.720
29.362,1.605
17.065,1.636
20.308,1.676
29.490,1.620
17.078,1.595
20.527,1.685
28.871,1.712
18.820,1.556
18.917,1.602
29.047,1.612
16.584,1.618
16.806,1.605
31.574,1.751
18.315,1.595
33.577,1.757
16.622,1.757
20.955,1.677
29.059,1.653
16.567,1.690
16.983,1.553
28.986,1.737
20.828,1.548
16.740,1.616
20.810,1.734
29.201,1.726
17.165,1.630
20.480,1.600
29.028,1.662
17.353,1.574
20.314,1.673
29.147,1.682
17.199,1.563
20.380,1.641
29.110,1.652
17.323,1.562
20.324,1.594
29.059,1.696
17.213,1.536
20.365,1.640
29.095,1.722
17.208,1.535
28.663,1.746
35.809,1.648
16.702,1.648
22.619,1.725
29.072,1.667
16.660,1.650
17.248,1.646
28.719,1.714
20.812,1.599
16.620,1.614
29.170,1.708
35.901,1.647
16.815,1.647
18.730,1.615
20.212,1.757
44.337,1.586
16.712,1.586
18.940,1.581
20.309,1.660
29.182,1.609
17.413,1.629
15.861,1.612
20.883,1.622
29.257,1.641
17.337,1.623
16.008,1.554
20.758,1.609
29.258,1.683
17.368,1.641
15.987,1.609
20.802,1.623
29.258,1.627
17.334,1.619
16.615,1.611
20.124,1.664
29.367,1.764
17.239,1.522
20.399,1.668
28.954,1.782
16.621,1.573
17.335,1.599
20.239,1.731
29.289,1.664
17.012,1.531
20.465,1.734
29.220,1.673
17.235,1.507
20.379,1.600
29.089,1.653
17.442,1.565
20.195,1.613
29.018,1.692
17.402,1.503
20.403,1.617
29.017,1.653
17.362,1.578
20.261,1.631
30.746,1.630
15.673,1.574
20.326,1.599
29.095,1.665
18.808,1.693
18.771,1.578
29.278,1.698
17.019,1.547
20.466,1.648
29.030,1.659
17.262,1.516
20.266,1.647
29.154,1.704
17.287,1.518
20.421,1.592
29.022,1.709
17.379,1.564
20.316,1.608
29.112,1.667
17.345,1.545
20.254,1.611
29.025,1.613
17.312,1.582
20.351,1.645
29.313,1.649
17.177,1.586
15.976,1.594
29.184,1.748
20.832,1.591
16.712,1.552
20.699,1.642
29.356,1.777
17.227,1.502
20.389,1.632
29.042,1.792
17.289,1.555
20.387,1.591
29.226,1.700
16.558,1.591
17.438,1.586
28.401,1.798
20.784,1.633
16.743,1.639
20.735,1.631
29.372,1.699
17.165,1.499
22.068,1.645
27.480,1.713
17.282,1.534
20.285,1.616
44.064,1.526
16.699,1.526
19.002,1.679
20.045,1.698
29.364,1.588
17.283,1.549
16.626,1.653
20.195,1.696
29.300,1.614
17.192,1.511
20.448,1.682
29.054,1.694
16.661,1.756
17.244,1.646
20.181,1.728
29.347,1.679
17.228,1.562
20.406,1.616
29.037,1.686
17.361,1.681
16.074,1.658
20.744,1.596
29.278,1.656
17.199,1.511
20.425,1.577
29.050,1.659
16.735,1.646
17.341,1.586
20.022,1.706
29.359,1.716
17.158,1.520
20.373,1.656
29.146,1.676
17.199,1.540
20.414,1.624
29.304,1.684
17.172,1.633
20.374,1.665
28.956,1.676
16.726,1.575
16.724,1.593
29.099,1.663
21.456,1.639
16.022,1.633
29.334,1.665
20.806,1.710
22.326,1.621
27.846,1.686
17.373,1.562
20.157,1.643
28.988,1.764
17.326,1.599
20.362,1.584
29.076,1.780
17.208,1.498
20.337,1.641
29.121,1.700
17.235,1.504
20.176,1.724
29.386,1.662
17.042,1.641
28.725,1.716
35.863,1.668
16.865,1.668
22.410,1.621
29.139,1.776
17.366,1.675
16.000,1.662
29.184,1.622
21.354,1.658
20.537,1.608
29.044,1.769
17.202,1.551
20.393,1.578
29.089,1.662
17.226,1.576
20.366,1.709
29.120,1.646
17.138,1.668
20.332,1.681
29.386,1.667
16.991,1.642
28.730,1.783
35.865,1.573
16.710,1.573
18.810,1.510
26.973,1.748
22.528,1.608
33.392,1.788
18.394,1.788
14.962,1.670
29.189,1.736
35.852,1.614
16.722,1.614
18.835,1.526
20.229,1.776
29.370,1.669
17.225,1.582
16.045,1.641
29.209,1.671
20.887,1.524
16.781,1.519
20.755,1.642
29.232,1.569
17.272,1.614
16.605,1.680
28.571,1.746
35.854,1.574
16.728,1.574
18.933,1.643
20.176,1.691
29.341,1.654
17.190,1.531
20.427,1.645
29.050,1.663
17.335,1.455
20.335,1.664
29.035,1.666
17.312,1.615
15.972,1.656
29.290,1.675
35.807,1.681
16.705,1.681
22.561,1.727
29.175,1.685
17.362,1.722
20.222,1.631
29.181,1.705
17.225,1.598
20.340,1.633
30.880,1.656
15.640,1.653
20.247,1.668
29.089,1.693
18.713,1.516
18.815,1.684
29.204,1.733
17.150,1.601
28.695,1.715
35.769,1.675
16.739,1.675
18.751,1.538
24.702,1.699
24.847,1.639
17.384,1.626
28.577,1.717
35.794,1.610
16.780,1.610
22.499,1.718
29.123,1.658
17.409,1.668
20.294,1.632
29.130,1.671
16.688,1.668
16.577,1.641
29.272,1.680
21.386,1.623
20.397,1.660
29.071,1.654
17.391,1.552
20.265,1.643
29.068,1.613
17.216,1.548
20.322,1.644
29.286,1.666
16.962,1.621
20.507,1.667
29.232,1.622
17.133,1.647
28.587,1.781
35.898,1.637
16.662,1.637
22.486,1.683
44.246,1.561
16.788,1.561
18.652,1.605
28.715,1.669
35.905,1.649
16.704,1.649
18.725,1.651
20.326,1.723
29.508,1.681
17.136,1.497
20.367,1.594
29.037,1.619
16.768,1.650
16.594,1.616
20.746,1.643
29.202,1.714
17.427,1.609
20.302,1.649
29.224,1.637
17.236,1.541
20.342,1.712
28.995,1.618
17.194,1.570
20.411,1.686
29.162,1.606
17.218,1.502
20.315,1.697
29.140,1.538
16.439,1.673
29.495,1.587
35.739,1.635
16.781,1.666
22.487,1.678
29.152,1.778
17.128,1.569
20.620,1.617
29.114,1.653
17.115,1.615
28.555,1.700
35.897,1.690
16.728,1.690
22.471,1.683
29.243,1.588
18.831,1.611
18.904,1.666
29.010,1.657
17.206,1.645
20.217,1.676
44.240,1.654
16.730,1.654
18.750,1.641
28.767,1.667
20.854,1.694
16.579,1.671
29.329,1.679
20.898,1.602
17.222,1.574
28.544,1.671
20.812,1.531
17.271,1.663
28.653,1.653
20.797,1.658
16.573,1.626
29.345,1.647
35.796,1.625
16.733,1.625
22.507,1.643
29.235,1.688
17.284,1.650
16.266,1.677
29.051,1.673
20.775,1.655
17.107,1.600
28.797,1.669
35.757,1.587
16.749,1.587
18.762,1.542
24.618,1.678
39.951,1.664
16.723,1.664
18.930,1.634
24.543,1.739
24.912,1.570
16.760,1.596
20.779,1.592
29.365,1.709
17.993,1.572
19.537,1.610
29.035,1.681
16.620,1.633
16.693,1.596
29.240,1.589
35.815,1.630
16.742,1.630
18.729,1.676
20.239,1.687
29.433,1.591
17.162,1.616
20.344,1.675
29.208,1.656
17.248,1.561
20.367,1.698
29.153,1.600
17.159,1.548
20.434,1.702
29.097,1.633
17.207,1.619
20.189,1.719
29.325,1.684
16.393,1.584
29.508,1.559
21.277,1.656
20.468,1.622
29.046,1.747
17.215,1.597
20.269,1.744
29.232,1.635
17.100,1.577
28.775,1.793
35.797,1.637
16.720,1.637
22.623,1.806
29.142,1.634
17.334,1.674
20.321,1.625
29.015,1.729
17.378,1.564
20.273,1.615
29.145,1.702
17.291,1.552
21.683,1.613
27.797,1.615
17.182,1.605
20.248,1.670
29.148,1.616
17.256,1.562
21.370,1.669
28.220,1.642
17.113,1.631
28.626,1.777
35.891,1.629
16.668,1.629
18.881,1.527
24.568,1.770
25.129,1.609
16.995,1.545
20.414,1.592
29.168,1.641
17.202,1.530
20.412,1.629
29.194,1.630
16.630,1.588
20.973,1.664
29.196,1.627
17.277,1.665
16.298,1.641
28.786,1.649
20.758,1.607
17.367,1.579
28.509,1.665
20.992,1.652
16.564,1.610
29.189,1.732
35.862,1.601
16.698,1.601
18.849,1.597
24.701,1.724
24.834,1.623
17.358,1.564
20.113,1.693
29.332,1.581
17.213,1.546
20.223,1.630
29.213,1.761
19.046,1.543
18.674,1.681
29.129,1.749
17.434,1.557
20.146,1.625
29.200,1.763
18.693,1.608
14.441,1.671
29.278,1.605
20.775,1.604
17.282,1.627
28.615,1.713
20.849,1.655
17.267,1.632
28.599,1.658
20.907,1.561
20.954,1.626
29.051,1.658
16.722,1.535
20.951,1.651
28.985,1.705
17.515,1.542
20.186,1.609
29.094,1.678
17.432,1.559
20.210,1.658
29.085,1.651
17.364,1.529
20.287,1.660
28.973,1.663
17.294,1.620
20.399,1.652
29.092,1.701
17.191,1.517
20.360,1.651
29.115,1.650
17.313,1.625
20.363,1.731
29.125,1.714
17.157,1.547
20.310,1.681
29.261,1.674
17.101,1.597
20.410,1.719
29.169,1.647
18.027,1.599
27.803,1.736
35.846,1.668
16.725,1.668
18.767,1.509
24.691,1.733
39.908,1.615
16.736,1.615
18.832,1.655
20.315,1.590
29.406,1.603
17.044,1.630
16.778,1.632
20.055,1.741
29.556,1.678
17.080,1.568
16.558,1.695
28.647,1.734
20.840,1.727
16.808,1.618
20.719,1.630
29.248,1.629
17.265,1.547
16.591,1.664
28.615,1.740
20.956,1.526
16.691,1.647
20.790,1.700
29.291,1.631
16.527,1.636
20.888,1.652
29.195,1.589
17.258,1.680
20.164,1.661
29.286,1.769
17.105,1.581
20.543,1.680
29.186,1.714
17.197,1.606
20.131,1.785
29.453,1.668
17.059,1.612
20.273,1.686
29.263,1.661
16.465,1.629
31.850,1.641
19.889,1.542
31.804,1.667
16.677,1.729
20.882,1.629
29.206,1.711
18.997,1.606
18.688,1.607
29.060,1.678
16.603,1.569
21.060,1.663
29.126,1.732
17.374,1.513
20.220,1.646
29.079,1.637
17.323,1.523
20.334,1.607
29.012,1.720
17.469,1.564
20.249,1.616
29.176,1.695
17.180,1.548
20.403,1.661
29.009,1.714
16.659,1.502
21.025,1.638
29.080,1.769
17.421,1.524
20.001,1.555
29.182,1.728
16.687,1.678
21.008,1.601
29.082,1.700
17.249,1.531
20.403,1.671
29.157,1.673
17.326,1.591
20.261,1.726
29.026,1.750
17.245,1.576
20.266,1.665
29.172,1.635
17.125,1.682
28.864,1.722
35.726,1.591
16.776,1.591
18.785,1.537
24.614,1.764
24.847,1.655
16.811,1.601
20.675,1.790
44.308,1.627
16.725,1.627
18.892,1.642
20.202,1.746
29.315,1.664
17.181,1.553
20.431,1.648
29.061,1.686
17.384,1.653
16.009,1.672
20.690,1.736
29.349,1.651
17.171,1.685
20.500,1.671
29.018,1.708
16.731,1.541
20.934,1.666
29.031,1.715
17.382,1.557
16.515,1.658
28.691,1.659
20.849,1.594
17.138,1.699
28.744,1.662
35.771,1.644
16.691,1.644
18.671,1.596
20.640,1.771
29.227,1.641
16.403,1.635
29.430,1.716
35.744,1.610
16.715,1.610
18.828,1.495
24.640,1.744
39.893,1.649
16.725,1.649
18.840,1.551
21.452,1.687
28.091,1.679
17.264,1.657
20.401,1.633
29.063,1.598
17.464,1.514
21.848,1.589
27.379,1.609
16.711,1.513
20.981,1.681
29.057,1.535
16.697,1.626
17.350,1.604
28.471,1.677
20.825,1.606
20.995,1.657
29.038,1.642
17.324,1.549
20.323,1.596
29.433,1.698
16.481,1.540
20.877,1.625
29.105,1.635
17.285,1.576
20.293,1.748
29.107,1.620
17.088,1.612
28.831,1.699
35.740,1.614
16.720,1.614
22.534,1.653
29.321,1.771
17.101,1.657
20.499,1.630
29.047,1.663
17.354,1.670
20.260,1.661
29.142,1.586
16.588,1.574
20.984,1.650
29.051,1.708
17.346,1.568
20.325,1.700
29.072,1.730
18.813,1.527
18.859,1.689
29.056,1.658
17.198,1.693
20.327,1.750
29.307,1.585
18.569,1.593
27.055,1.772
35.897,1.640
16.771,1.640
18.817,1.529
24.632,1.703
24.945,1.655
16.462,1.658
29.344,1.691
35.827,1.625
16.729,1.625
18.774,1.513
24.727,1.737
24.931,1.666
16.603,1.560
20.885,1.590
29.376,1.623
17.081,1.533
20.417,1.585
29.078,1.657
17.346,1.623
16.572,1.642
28.557,1.746
20.802,1.640
16.803,1.658
29.106,1.719
35.867,1.594
16.713,1.594
18.875,1.622
20.287,1.819
29.282,1.658
17.150,1.548
20.456,1.711
29.287,1.673
17.004,1.492
20.438,1.687
29.062,1.612
17.263,1.525
21.672,1.646
27.797,1.667
17.231,1.631
20.210,1.682
29.442,1.649
17.218,1.721
30.900,1.704
19.708,1.525
31.976,1.688
16.823,1.669
20.939,1.679
29.277,1.681
16.419,1.644
21.033,1.570
29.121,1.709
17.351,1.515
20.231,1.631
29.099,1.645
17.353,1.519
20.308,1.665
29.025,1.700
17.195,1.606
20.180,1.701
29.348,1.678
17.212,1.678
28.691,1.772
21.334,1.639
16.628,1.582
28.775,1.712
20.772,1.633
20.993,1.613
29.021,1.707
17.362,1.541
20.425,1.702
29.001,1.651
17.314,1.561
20.324,1.653
29.257,1.690
17.081,1.587
20.384,1.660
29.073,1.764
17.349,1.567
20.319,1.671
29.017,1.775
18.945,1.525
18.799,1.609
29.263,1.788
17.066,1.532
20.286,1.621
29.261,1.671
18.867,1.573
18.616,1.588
29.054,1.672
17.404,1.582
15.982,1.603
29.170,1.670
20.874,1.567
17.145,1.638
28.611,1.694
20.912,1.717
16.690,1.642
29.174,1.700
35.846,1.609
16.707,1.609
18.898,1.565
20.262,1.697
29.222,1.652
17.294,1.517
20.389,1.661
29.048,1.760
16.768,1.688
16.695,1.636
20.750,1.695
29.250,1.626
17.187,1.522
16.062,1.621
29.268,1.779
35.790,1.703
16.710,1.703
18.370,1.685
20.849,1.633
29.146,1.679
17.493,1.716
15.936,1.613
20.784,1.660
29.214,1.618
17.411,1.587
15.979,1.650
20.739,1.675
29.295,1.654
18.773,1.562
14.534,1.630
29.193,1.732
35.857,1.672
16.762,1.672
18.927,1.549
21.853,1.663
27.612,1.648
17.323,1.585
16.689,1.630
20.024,1.687
29.382,1.685
17.108,1.660
16.939,1.618
28.437,1.739
35.818,1.686
16.654,1.686
18.956,1.521
20.250,1.631
29.252,1.583
16.648,1.581
16.637,1.638
20.847,1.664
29.296,1.663
17.216,1.515
16.512,1.653
28.777,1.707
20.920,1.638
16.689,1.622
20.653,1.731
29.496,1.818
16.876,1.557
20.573,1.688
29.191,1.736
17.189,1.624
20.149,1.661
29.272,1.764
17.215,1.629
28.661,1.712
35.817,1.629
16.697,1.629
18.898,1.537
20.216,1.708
29.360,1.663
16.544,1.641
22.374,1.785
27.749,1.690
17.282,1.503
20.261,1.730
29.144,1.662
17.237,1.653
22.088,1.652
27.421,1.703
17.383,1.523
20.264,1.672
29.145,1.651
16.653,1.594
16.769,1.617
28.988,1.628
20.889,1.685
17.400,1.675
20.098,1.713
29.331,1.670
17.154,1.526
20.455,1.629
28.973,1.729
17.522,1.562
15.892,1.624
20.784,1.795
29.261,1.639
17.298,1.508
20.350,1.633
29.304,1.664
16.551,1.591
16.571,1.637
20.728,1.728
29.266,1.710
17.116,1.634
20.682,1.641
29.077,1.675
17.255,1.631
16.535,1.643
28.620,1.711
35.838,1.611
16.696,1.611
18.950,1.580
20.276,1.618
29.218,1.638
16.721,1.590
16.662,1.620
20.831,1.676
30.950,1.680
15.457,1.593
16.071,1.583
29.143,1.721
20.877,1.510
16.790,1.602
22.433,1.670
27.511,1.820
17.450,1.589
16.579,1.667
20.122,1.688
29.309,1.643
17.248,1.567
20.391,1.585
29.152,1.587
17.281,1.691
20.359,1.683
28.973,1.666
16.753,1.669
16.532,1.638
20.830,1.648
29.466,1.670
16.559,1.577
20.947,1.656
29.037,1.682
17.410,1.592
16.634,1.659
20.161,1.646
29.298,1.693
17.140,1.585
20.401,1.601
29.125,1.662
17.654,1.646
15.664,1.656
20.773,1.738
29.275,1.663
16.733,1.537
20.920,1.650
29.043,1.682
16.702,1.641
16.975,1.677
20.411,1.685
29.348,1.695
17.192,1.678
20.438,1.711
29.256,1.776
17.242,1.620
17.779,1.613
27.309,1.702
35.839,1.680
16.702,1.680
18.960,1.542
21.966,1.684
27.558,1.709
17.353,1.565
16.508,1.604
20.187,1.700
29.306,1.639
17.224,1.565
20.485,1.587
29.172,1.669
16.593,1.659
16.647,1.625
20.688,1.632
29.236,1.659
17.305,1.532
16.661,1.698
28.665,1.688
20.708,1.621
16.841,1.668
20.634,1.704
29.414,1.717
17.164,1.531
20.445,1.661
29.082,1.694
17.473,1.615
15.741,1.648
29.331,1.766
20.773,1.811
16.825,1.604
20.665,1.663
29.293,1.756
16.765,1.568
20.719,1.572
44.216,1.573
16.710,1.573
49.986,1.731
16.736,1.731
50.015,1.787
16.664,1.787
35.029,1.829
19.238,1.829
18.364,1.553
44.159,1.639
16.676,1.639
50.029,1.573
16.710,1.573
35.114,1.567
16.571,1.567
33.470,1.586
16.464,1.586
33.411,1.502
16.666,1.502
16.832,1.515
16.609,1.579
17.305,1.576
16.512,1.606
16.585,1.595
16.170,1.596
20.958,1.599
29.157,1.699
16.737,1.699
16.672,1.509
17.236,1.583
15.913,1.549
20.989,1.613
29.334,1.683
16.605,1.696
17.422,1.664
16.104,1.650
20.827,1.595
29.080,1.609
16.756,1.807
16.665,1.680
20.841,1.653
29.057,1.618
16.762,1.621
16.646,1.615
20.743,1.771
29.331,1.715
16.441,1.628
29.303,1.589
35.973,1.695
16.656,1.695
22.457,1.620
29.292,1.643
19.487,1.684
18.002,1.830
29.224,1.638
20.831,1.586
29.249,1.694
18.349,1.655
27.483,1.743
35.768,1.691
16.774,1.654
22.554,1.672
29.101,1.760
17.202,1.618
20.357,1.719
29.231,1.745
20.745,1.610
29.301,1.692
17.315,1.515
20.362,1.622
28.972,1.678
17.396,1.642
20.093,1.672
29.289,1.634
17.227,1.600
20.282,1.705
29.184,1.563
17.285,1.614
20.274,1.668
29.133,1.703
17.323,1.557
20.416,1.638
28.941,1.651
16.656,1.553
21.081,1.628
29.021,1.601
17.297,1.564
16.096,1.645
29.147,1.623
35.814,1.590
16.799,1.590
18.883,1.559
20.151,1.650
29.355,1.646
17.169,1.525
20.519,1.588
43.991,1.615
16.675,1.615
18.895,1.688
20.364,1.682
29.136,1.668
18.802,1.778
14.524,1.630
20.833,1.644
29.397,1.627
16.600,1.647
16.648,1.648
20.752,1.691
29.214,1.647
16.622,1.658
17.353,1.652
20.246,1.661
29.362,1.554
17.109,1.575
15.983,1.565
29.247,1.709
20.842,1.623
16.758,1.651
20.672,1.749
29.293,1.614
17.219,1.572
20.404,1.724
29.236,1.726
17.216,1.504
20.138,1.690
29.535,1.712
16.963,1.686
28.647,1.791
35.790,1.671
16.720,1.671
22.559,1.717
29.366,1.693
17.131,1.616
20.355,1.681
29.269,1.699
17.103,1.599
20.273,1.647
29.070,1.767
17.261,1.544
20.339,1.623
29.210,1.653
18.750,1.508
18.902,1.653
29.015,1.628
16.627,1.572
16.648,1.635
29.217,1.670
35.880,1.641
16.719,1.641
18.888,1.636
20.162,1.701
29.361,1.617
17.211,1.526
20.408,1.644
29.069,1.698
16.635,1.655
16.845,1.663
20.611,1.730
29.302,1.658
17.183,1.511
20.537,1.656
28.971,1.708
17.361,1.564
16.103,1.591
29.081,1.693
20.844,1.631
16.756,1.628
20.660,1.691
29.377,1.639
17.314,1.531
20.428,1.624
43.897,1.607
16.730,1.607
18.454,1.510
20.634,1.670
29.433,1.600
17.160,1.516
20.405,1.634
29.018,1.665
16.774,1.663
17.277,1.637
20.061,1.737
29.310,1.626
17.263,1.522
20.395,1.628
29.134,1.720
18.788,1.692
14.461,1.657
20.827,1.691
29.203,1.620
17.263,1.582
20.435,1.600
29.177,1.657
18.234,1.564
19.295,1.627
29.112,1.671
17.299,1.582
16.587,1.634
28.608,1.669
35.810,1.629
16.725,1.629
19.006,1.524
20.060,1.630
29.377,1.679
17.238,1.524
16.593,1.650
28.713,1.782
35.776,1.685
16.809,1.685
18.841,1.525
20.239,1.739
29.334,1.607
17.048,1.574
16.591,1.584
28.851,1.730
20.817,1.637
16.724,1.566
20.772,1.658
29.227,1.723
17.416,1.639
15.964,1.614
20.698,1.780
29.396,1.582
17.133,1.497
20.469,1.562
29.166,1.649
17.348,1.537
20.173,1.615
29.057,1.668
17.404,1.628
15.960,1.657
29.127,1.726
22.297,1.574
15.905,1.595
20.156,1.740
29.254,1.663
16.533,1.640
20.864,1.775
29.328,1.685
18.780,1.586
18.786,1.794
29.163,1.707
17.202,1.569
20.229,1.735
29.264,1.724
17.257,1.502
20.341,1.632
29.157,1.714
17.246,1.595
20.478,1.610
29.046,1.694
17.196,1.535
20.405,1.608
29.328,1.682
17.196,1.536
20.165,1.643
29.090,1.715
17.313,1.634
16.536,1.716
28.703,1.659
35.813,1.692
16.707,1.692
18.886,1.592
20.251,1.645
29.260,1.585
17.291,1.555
16.395,1.585
28.818,1.719
35.870,1.580
16.704,1.580
18.899,1.556
20.241,1.672
29.275,1.575
17.443,1.640
15.977,1.615
20.793,1.577
29.214,1.622
18.780,1.812
14.551,1.611
20.854,1.706
29.155,1.708
17.477,1.635
16.583,1.576
20.156,1.640
29.329,1.683
18.833,1.611
14.417,1.662
20.757,1.695
29.451,1.690
17.104,1.621
16.079,1.597
29.115,1.731
20.905,1.667
17.656,1.566
19.822,1.625
29.429,1.689
17.011,1.524
20.497,1.647
29.146,1.655
17.161,1.574
20.208,1.626
29.194,1.651
17.300,1.572
20.249,1.626
29.297,1.700
17.440,1.596
20.033,1.792
29.283,1.733
20.761,1.650
29.262,1.722
17.114,1.639
20.167,1.651
29.300,1.697
20.905,1.669
29.214,1.731
20.798,1.643
29.290,1.708
17.032,1.663
28.880,1.643
35.675,1.748
16.708,1.611
22.503,1.635
30.921,1.693
14.987,1.647
20.879,1.773
29.171,1.654
17.086,1.648
28.797,1.631
35.778,1.645
16.710,1.645
22.561,1.609
29.380,1.652
16.495,1.686
16.775,1.573
20.642,1.701
29.323,1.708
17.188,1.518
16.724,1.613
20.137,1.693
29.294,1.601
17.286,1.577
16.065,1.663
20.746,1.665
29.488,1.667
17.082,1.605
16.905,1.609
19.972,1.720
29.339,1.593
17.266,1.719
16.120,1.663
20.743,1.664
29.345,1.654
17.069,1.575
16.782,1.664
19.979,1.720
29.480,1.640
17.274,1.539
20.315,1.603
29.035,1.644
17.450,1.649
15.938,1.569
29.172,1.749
20.843,1.543
16.772,1.587
20.809,1.634
29.220,1.723
17.162,1.494
20.429,1.642
30.726,1.653
15.756,1.631
15.956,1.607
29.110,1.761
20.884,1.693
16.733,1.659
20.713,1.720
29.317,1.692
18.768,1.571
18.762,1.635
29.206,1.639
17.223,1.610
20.488,1.604
28.988,1.589
16.647,1.522
21.061,1.654
29.000,1.737
17.358,1.602
20.305,1.645
29.088,1.589
17.416,1.542
15.760,1.572
29.306,1.675
20.823,1.636
17.408,1.563
20.067,1.687
29.640,1.731
16.424,1.616
20.898,1.734
29.107,1.644
17.192,1.496
20.462,1.636
29.237,1.665
17.301,1.524
20.079,1.716
29.343,1.696
17.246,1.572
16.397,1.684
28.728,1.620
20.751,1.628
16.703,1.657
20.824,1.679
29.067,1.677
16.896,1.596
20.780,1.655
29.198,1.676
19.583,1.551
18.193,1.593
29.043,1.666
17.430,1.548
20.195,1.580
29.004,1.674
17.460,1.609
20.212,1.606
44.059,1.520
16.685,1.520
18.946,1.695
20.226,1.643
29.315,1.611
17.241,1.586
16.082,1.574
20.683,1.643
29.491,1.688
17.167,1.604
16.247,1.598
20.575,1.654
29.251,1.691
17.238,1.575
16.226,1.603
20.559,1.723
29.469,1.676
17.003,1.547
20.636,1.612
29.048,1.686
16.706,1.895
16.548,1.668
20.781,1.711
29.365,1.597
17.179,1.551
20.370,1.604
29.295,1.678
16.550,1.614
16.555,1.587
29.223,1.757
35.822,1.621
16.727,1.621
18.778,1.538
20.284,1.691
29.283,1.692
17.304,1.553
16.387,1.621
28.826,1.785
21.941,1.536
15.697,1.598
20.790,1.615
29.187,1.656
17.507,1.598
15.943,1.672
20.700,1.682
29.338,1.658
18.724,1.529
18.900,1.594
29.044,1.647
16.660,1.612
16.680,1.676
20.728,1.684
29.347,1.721
17.289,1.595
20.113,1.648
29.253,1.640
17.352,1.600
20.375,1.653
28.978,1.657
17.304,1.536
20.431,1.587
29.077,1.665
16.666,1.538
21.015,1.623
29.243,1.727
17.000,1.657
20.426,1.641
29.255,1.695
17.107,1.564
20.328,1.672
29.136,1.765
17.313,1.562
20.421,1.643
29.045,1.671
17.120,1.552
16.011,1.591
29.299,1.645
20.851,1.649
17.082,1.632
28.723,1.711
35.865,1.622
16.724,1.622
18.777,1.530
20.255,1.728
44.323,1.613
16.748,1.613
18.945,1.618
20.154,1.629
29.334,1.679
17.320,1.600
15.991,1.618
22.389,1.627
27.671,1.700
17.276,1.721
16.057,1.585
20.792,1.683
29.248,1.736
17.363,1.701
16.004,1.652
20.824,1.612
29.143,1.694
17.551,1.645
15.902,1.653
20.743,1.655
29.262,1.710
16.783,1.640
16.493,1.644
20.846,1.666
44.268,1.676
16.722,1.676
49.990,1.787
16.715,1.787
50.030,1.694
16.688,1.694
34.918,1.563
16.784,1.563
48.428,1.557
16.618,1.557
37.009,1.633
16.330,1.633
31.760,1.589
16.582,1.589
48.451,1.540
16.754,1.540
35.046,1.462
18.130,1.462
15.142,1.510
16.847,1.582
17.160,1.510
16.037,1.514
16.727,1.536
16.669,1.564
17.305,1.513
18.322,1.544
14.231,1.541
17.417,1.578
16.549,1.576
15.914,1.587
21.099,1.589
29.209,1.648
16.667,1.667
16.713,1.629
17.315,1.609
20.142,1.610
29.476,1.553
16.424,1.655
16.634,1.613
20.928,1.563
29.225,1.657
17.469,1.647
15.870,1.604
20.769,1.662
29.345,1.766
16.588,1.691
20.916,1.768
29.168,1.694
20.803,1.591
29.245,1.660
17.172,1.672
20.242,1.727
29.415,1.691
20.732,1.666
29.196,1.669
20.790,1.653
29.277,1.668
17.098,1.698
28.804,1.662
35.693,1.647
16.718,1.693
22.539,1.656
29.209,1.608
17.248,1.681
20.407,1.708
30.777,1.672
15.502,1.604
28.604,1.733
35.836,1.605
16.746,1.605
22.470,1.755
44.232,1.663
16.741,1.663
18.841,1.632
20.230,1.608
29.280,1.569
16.694,1.653
16.578,1.617
20.857,1.638
29.280,1.738
16.663,1.722
16.731,1.604
20.779,1.593
29.187,1.644
16.628,1.649
16.748,1.598
20.899,1.627
29.238,1.703
16.665,1.852
17.374,1.680
20.105,1.672
29.269,1.704
16.515,1.662
16.744,1.575
20.772,1.635
29.450,1.659
16.462,1.685
16.732,1.655
20.746,1.607
29.304,1.686
17.324,1.667
16.028,1.623
20.757,1.705
29.329,1.742
17.239,1.605
15.927,1.606
20.948,1.675
29.293,1.666
17.186,1.619
16.032,1.620
29.174,1.762
22.907,1.555
14.981,1.603
20.533,1.637
29.350,1.694
17.091,1.637
20.465,1.633
29.063,1.756
18.856,1.617
18.753,1.609
29.057,1.669
17.496,1.616
20.218,1.573
29.019,1.733
17.246,1.546
20.418,1.650
29.039,1.732
17.258,1.517
20.419,1.561
29.061,1.685
17.362,1.545
20.263,1.625
29.050,1.731
17.408,1.613
20.353,1.670
29.133,1.664
17.257,1.672
16.472,1.650
28.661,1.704
35.831,1.610
16.714,1.610
18.913,1.563
20.254,1.715
29.298,1.717
17.171,1.565
16.672,1.608
20.167,1.614
29.374,1.658
17.274,1.543
16.549,1.629
20.277,1.732
29.208,1.612
17.313,1.504
20.418,1.601
29.104,1.661
16.623,1.673
16.497,1.588
22.240,1.703
28.030,1.619
17.233,1.589
16.084,1.633
20.684,1.757
29.329,1.699
17.226,1.546
22.090,1.664
27.579,1.660
16.558,1.675
16.655,1.613
20.783,1.673
29.281,1.712
16.626,1.580
17.217,1.600
20.199,1.698
29.279,1.708
17.295,1.488
20.387,1.639
29.058,1.706
16.726,1.659
17.596,1.674
19.879,1.668
29.289,1.687
17.149,1.575
16.560,1.596
28.666,1.752
21.011,1.645
16.651,1.576
20.802,1.604
29.221,1.694
17.222,1.587
16.655,1.620
28.586,1.716
35.867,1.589
16.770,1.589
18.899,1.554
20.248,1.597
29.222,1.698
17.326,1.634
16.065,1.591
20.674,1.659
29.448,1.697
17.379,1.623
15.817,1.617
20.747,1.683
29.360,1.736
18.858,1.568
14.973,1.668
28.594,1.727
35.891,1.618
16.719,1.618
18.961,1.601
21.908,1.653
27.703,1.637
16.921,1.699
16.350,1.512
20.775,1.607
29.158,1.685
16.675,1.761
16.761,1.644
20.798,1.614
29.152,1.710
17.326,1.714
16.104,1.665
20.785,1.616
29.143,1.720
17.371,1.668
16.120,1.609
20.751,1.629
29.334,1.768
17.174,1.628
20.423,1.610
29.011,1.681
16.760,1.720
16.630,1.642
20.822,1.524
29.234,1.679
17.220,1.595
20.403,1.631
29.128,1.701
17.407,1.661
16.399,1.635
28.632,1.726
20.903,1.646
16.692,1.638
20.854,1.714
29.162,1.728
17.216,1.527
20.502,1.621
29.028,1.681
16.638,1.573
17.252,1.592
20.169,1.674
31.033,1.663
15.493,1.553
20.480,1.595
29.037,1.665
16.716,1.607
17.307,1.615
21.250,1.745
28.154,1.686
17.192,1.546
20.423,1.634
29.078,1.663
17.459,1.674
15.890,1.670
20.762,1.725
29.331,1.668
17.211,1.525
20.404,1.613
29.009,1.673
16.733,1.664
16.706,1.619
20.870,1.659
29.233,1.666
17.160,1.720
16.071,1.683
20.849,1.619
29.284,1.766
17.194,1.576
16.267,1.606
20.600,1.728
29.354,1.642
17.161,1.519
20.263,1.604
29.212,1.703
16.738,1.758
16.673,1.668
20.737,1.625
29.498,1.790
16.993,1.571
16.598,1.618
28.735,1.792
20.799,1.582
16.754,1.591
20.841,1.671
29.157,1.729
16.638,1.612
16.700,1.598
20.742,1.729
31.063,1.722
15.373,1.589
47.869,1.557
16.718,1.557
18.972,1.639
22.591,1.675
26.754,1.602
16.786,1.708
16.728,1.632
20.763,1.636
29.377,1.616
16.513,1.648
16.746,1.619
20.828,1.616
29.341,1.715
16.375,1.711
16.822,1.609
20.731,1.610
29.281,1.576
16.738,1.727
16.707,1.643
20.853,1.677
29.327,1.688
16.459,1.709
16.690,1.608
20.884,1.627
29.199,1.606
16.610,1.700
16.804,1.658
20.729,1.665
29.224,1.610
16.683,1.694
16.717,1.583
20.762,1.615
29.229,1.692
17.258,1.668
16.110,1.576
20.804,1.521
29.230,1.684
16.693,1.704
16.716,1.674
20.769,1.614
29.141,1.649
16.814,1.742
16.591,1.670
20.873,1.709
29.235,1.720
19.232,1.623
14.010,1.595
20.896,1.628
29.246,1.766
17.426,1.668
15.913,1.631
20.786,1.695
44.221,1.572
16.716,1.572
18.843,1.593
20.283,1.636
29.230,1.632
16.712,1.692
16.659,1.645
20.871,1.652
29.230,1.683
16.657,1.659
16.665,1.641
20.776,1.626
29.471,1.652
16.573,1.782
16.554,1.614
20.934,1.663
29.145,1.766
17.227,1.662
16.153,1.626
20.753,1.631
29.482,1.741
16.476,1.677
16.604,1.595
20.851,1.640
29.270,1.738
17.226,1.701
16.626,1.625
20.265,1.652
29.214,1.591
16.681,1.701
16.901,1.622
20.623,1.655
29.213,1.673
17.239,1.712
16.327,1.582
20.578,1.694
29.293,1.674
17.344,1.660
16.012,1.603
20.780,1.617
29.460,1.727
17.887,1.702
15.243,1.642
20.801,1.732
29.250,1.687
17.337,1.608
16.009,1.607
20.781,1.684
44.237,1.599
16.700,1.599
19.013,1.595
20.173,1.657
29.440,1.658
16.461,1.643
16.747,1.609
20.721,1.652
29.372,1.715
16.464,1.660
16.958,1.630
20.534,1.673
29.443,1.660
16.623,1.780
16.519,1.672
20.930,1.598
29.173,1.677
16.699,1.650
16.689,1.624
20.848,1.661
29.178,1.726
17.379,1.702
16.046,1.601
20.743,1.611
29.206,1.709
16.621,1.723
16.786,1.589
20.768,1.643
29.259,1.665
16.596,1.690
16.959,1.601
20.578,1.679
29.396,1.710
16.574,1.649
16.585,1.677
20.899,1.662
29.236,1.724
16.682,1.703
17.377,1.607
20.104,1.594
29.295,1.711
17.057,1.724
16.245,1.643
20.810,1.677
29.314,1.611
16.562,1.716
16.672,1.577
20.916,1.601
44.120,1.604
16.694,1.604
18.329,1.704
16.478,1.607
20.982,1.557
29.442,1.691
16.527,1.656
16.709,1.635
20.801,1.592
29.212,1.691
16.600,1.633
16.895,1.653
20.750,1.696
29.217,1.658
16.526,1.808
16.781,1.637
20.784,1.670
29.262,1.695
16.544,1.654
16.789,1.583
20.818,1.592
29.298,1.596
16.605,1.714
16.698,1.636
20.761,1.665
29.301,1.766
16.719,1.679
16.861,1.597
20.574,1.657
29.293,1.721
17.168,1.709
16.138,1.594
20.777,1.697
29.397,1.591
16.510,1.629
16.857,1.623
20.614,1.618
29.296,1.713
17.249,1.737
16.099,1.626
20.747,1.731
44.242,1.596
16.703,1.596
18.911,1.643
20.297,1.652
29.185,1.604
16.700,1.680
18.300,1.636
19.182,1.607
29.450,1.780
16.600,1.650
16.538,1.660
20.822,1.680
29.196,1.700
16.710,1.674
16.689,1.612
16.875,1.601
20.474,1.713
29.487,1.701
17.191,1.765
16.081,1.666
20.873,1.701
29.035,1.759
16.664,1.680
16.790,1.637
20.832,1.624
29.197,1.734
16.744,1.753
17.321,1.608
20.083,1.669
29.277,1.698
17.254,1.730
16.075,1.632
20.826,1.642
29.178,1.698
16.696,1.690
16.700,1.609
20.799,1.631
29.205,1.637
17.326,1.752
16.065,1.641
20.822,1.670
29.308,1.578
17.117,1.697
16.173,1.616
20.788,1.642
29.154,1.706
17.457,1.684
15.964,1.573
22.917,1.604
27.111,1.725
16.709,1.741
16.712,1.654
20.754,1.645
29.249,1.682
18.287,1.684
14.944,1.572
20.870,1.632
29.330,1.647
17.232,1.668
16.038,1.644
20.849,1.692
29.243,1.793
17.405,1.718
15.931,1.597
20.907,1.607
29.182,1.695
16.733,1.838
16.578,1.638
20.829,1.586
29.250,1.719
17.402,1.709
15.850,1.589
20.974,1.641
29.126,1.602
17.101,1.772
16.268,1.620
20.829,1.616
29.348,1.707
17.202,1.711
16.038,1.604
20.815,1.693
29.210,1.677
17.311,1.727
16.150,1.711
20.690,1.702
29.120,1.689
17.393,1.688
16.131,1.643
20.775,1.682
29.296,1.668
17.299,1.723
16.658,1.603
20.143,1.648
29.250,1.675
17.406,1.641
16.169,1.671
22.003,1.693
27.893,1.662
17.227,1.538
16.044,1.650
20.822,1.706
29.221,1.790
19.087,1.669
14.284,1.687
20.869,1.635
29.221,1.649
16.577,1.675
16.772,1.596
20.762,1.630
29.269,1.578
17.381,1.743
15.955,1.586
20.906,1.580
29.399,1.691
17.069,1.861
15.986,1.621
20.840,1.652
29.230,1.680
17.256,1.711
16.106,1.627
20.821,1.751
29.234,1.665
17.199,1.704
16.353,1.627
20.624,1.623
29.470,1.726
16.446,1.726
16.849,1.629
20.597,1.605
29.168,1.696
16.652,1.738
16.661,1.619
17.055,1.658
20.416,1.748
29.364,1.692
16.643,1.671
16.630,1.586
20.939,1.651
29.175,1.785
16.601,1.708
17.545,1.625
20.018,1.625
29.265,1.727
16.650,1.679
18.263,1.654
19.082,1.604
29.445,1.654
16.598,1.685
16.702,1.604
20.844,1.580
29.198,1.609
18.191,1.730
15.163,1.590
20.853,1.635
29.132,1.694
16.712,1.707
16.762,1.636
20.730,1.628
29.241,1.600
16.646,1.697
17.046,1.600
20.544,1.666
29.241,1.762
16.609,1.833
16.944,1.681
20.516,1.589
29.194,1.696
16.656,1.684
16.680,1.641
17.103,1.595
20.359,1.718
29.351,1.732
17.289,1.718
16.113,1.578
20.771,1.671
29.178,1.698
16.705,1.711
16.642,1.577
20.878,1.651
29.208,1.687
16.678,1.761
16.659,1.639
20.844,1.608
29.265,1.669
16.542,1.701
16.780,1.649
20.823,1.674
29.163,1.661
16.655,1.679
16.772,1.672
20.776,1.657
29.221,1.609
17.202,1.678
16.198,1.659
20.834,1.649
29.162,1.690
16.621,1.639
16.694,1.584
20.854,1.680
29.321,1.649
18.605,1.720
14.571,1.591
20.933,1.633
29.323,1.599
17.064,1.759
16.443,1.640
20.529,1.656
29.390,1.741
17.325,1.799
15.996,1.699
20.792,1.710
29.257,1.724
17.336,1.642
16.620,1.697
20.079,1.580
29.403,1.619
17.326,1.720
15.971,1.630
20.708,1.658
29.256,1.712
17.237,1.639
16.129,1.648
20.735,1.677
29.329,1.697
17.212,1.638
16.046,1.619
20.839,1.775
29.460,1.644
17.092,1.611
20.311,1.637
29.120,1.756
16.697,1.734
16.530,1.596
20.858,1.697
29.504,1.776
17.164,1.608
15.917,1.670
20.823,1.690
29.307,1.710
17.371,1.597
18.694,1.625
17.889,1.703
29.476,1.760
17.262,1.637
16.195,1.634
20.693,1.606
29.234,1.620
16.630,1.637
18.173,1.661
19.127,1.742
29.270,1.726
17.403,1.625
16.365,1.689
20.576,1.593
29.226,1.592
16.582,1.739
16.857,1.593
20.804,1.672
29.333,1.665
16.533,1.828
16.667,1.653
20.791,1.677
29.210,1.704
16.702,1.658
16.674,1.636
20.863,1.669
29.265,1.659
16.616,1.698
16.805,1.579
20.670,1.608
29.259,1.741
17.238,1.703
16.108,1.679
20.819,1.641
29.212,1.656
17.346,1.726
16.033,1.614
20.860,1.644
29.115,1.726
16.765,1.619
16.536,1.627
20.915,1.668
29.251,1.689
16.659,1.666
17.328,1.627
20.181,1.598
29.227,1.732
17.372,1.668
16.540,1.637
20.198,1.692
29.420,1.718
16.473,1.658
16.750,1.596
20.960,1.707
29.049,1.693
17.386,1.670
15.987,1.655
22.524,1.652
27.444,1.680
16.766,1.709
16.663,1.668
20.812,1.586
29.182,1.699
16.703,1.731
16.953,1.638
20.623,1.685
29.352,1.658
17.094,1.744
16.071,1.586
20.818,1.601
29.226,1.696
17.293,1.695
16.079,1.613
20.772,1.636
29.166,1.717
17.404,1.666
16.065,1.623
20.800,1.611
29.230,1.598
16.589,1.747
16.761,1.631
20.848,1.625
29.110,1.707
16.855,1.670
16.726,1.654
20.701,1.628
29.213,1.658
16.700,1.697
16.564,1.639
20.958,1.621
29.317,1.698
16.562,1.678
16.658,1.642
20.798,1.705
29.166,1.673
17.373,1.679
17.166,1.648
19.644,1.621
29.189,1.600
16.651,1.707
17.402,1.632
20.193,1.687
29.243,1.693
16.657,1.598
16.690,1.569
22.550,1.644
27.654,1.600
17.160,1.747
16.051,1.673
20.795,1.637
29.241,1.734
17.231,1.663
16.251,1.656
20.773,1.669
29.229,1.665
17.197,1.760
16.077,1.615
20.818,1.705
29.176,1.688
17.323,1.699
16.093,1.684
20.787,1.685
29.279,1.719
17.317,1.530
15.909,1.683
20.921,1.660
29.240,1.698
17.389,1.650
15.962,1.596
20.759,1.646
29.238,1.733
17.275,1.600
16.627,1.646
20.303,1.614
29.250,1.705
17.346,1.594
16.677,1.651
20.146,1.665
29.232,1.660
17.321,1.652
16.030,1.636
20.758,1.640
29.272,1.673
17.254,1.741
16.464,1.613
20.452,1.638
29.398,1.706
16.442,1.720
17.215,1.592
20.177,1.702
29.365,1.687
16.715,1.694
16.615,1.597
22.450,1.657
27.638,1.697
16.702,1.713
16.654,1.594
20.758,1.644
29.254,1.686
17.351,1.826
16.267,1.690
20.656,1.672
29.245,1.665
16.660,1.797
16.648,1.679
20.836,1.609
29.256,1.684
16.570,1.676
16.690,1.622
20.815,1.641
29.331,1.713
16.629,1.709
16.600,1.615
20.833,1.603
29.371,1.725
16.564,1.726
16.711,1.601
20.742,1.671
29.219,1.706
16.717,1.669
16.739,1.661
20.791,1.605
29.126,1.587
16.666,1.688
16.714,1.616
20.869,1.635
29.175,1.603
16.717,1.699
16.671,1.605
20.805,1.686
29.241,1.654
16.662,1.719
17.164,1.595
20.332,1.647
29.323,1.689
16.586,1.691
16.717,1.608
20.786,1.642
29.201,1.597
16.646,1.701
16.619,1.633
22.456,1.678
27.660,1.701
16.895,1.734
16.556,1.622
16.922,1.602
20.391,1.641
29.466,1.756
17.163,1.745
16.884,1.711
20.014,1.683
29.277,1.613
16.586,1.726
16.846,1.728
20.589,1.646
29.310,1.577
16.676,1.686
16.725,1.641
20.786,1.604
29.229,1.678
17.236,1.786
16.031,1.611
20.875,1.643
29.267,1.680
16.609,1.716
16.932,1.630
20.581,1.672
29.318,1.692
17.206,1.751
16.290,1.621
20.681,1.711
29.336,1.570
16.490,1.705
16.695,1.653
20.835,1.629
29.366,1.650
16.518,1.685
16.763,1.609
20.700,1.687
29.141,1.711
17.366,1.704
16.111,1.607
20.812,1.589
29.424,1.666
17.061,1.772
16.090,1.657
20.824,1.639
29.414,1.782
16.527,1.717
18.335,1.618
19.067,1.685
29.441,1.716
17.262,1.637
16.140,1.606
20.549,1.652
29.378,1.742
17.256,1.724
16.105,1.691
20.875,1.630
29.171,1.701
17.096,1.725
16.352,1.636
20.618,1.664
29.404,1.709
17.284,1.686
16.564,1.645
20.072,1.648
29.325,1.668
17.448,1.714
16.601,1.580
20.075,1.727
29.272,1.728
17.425,1.587
15.933,1.589
20.759,1.695
29.308,1.697
17.215,1.576
16.123,1.648
20.725,1.659
29.304,1.652
17.222,1.627
16.036,1.626
20.825,1.740
29.360,1.573
17.277,1.567
16.608,1.648
20.089,1.722
29.361,1.672
18.745,1.587
14.537,1.653
20.818,1.703
29.291,1.699
17.214,1.532
16.646,1.655
20.198,1.759
29.439,1.761
17.141,1.573
22.084,1.648
27.338,1.687
16.767,1.741
16.703,1.668
20.762,1.632
29.246,1.704
17.246,1.580
16.665,1.739
20.227,1.728
29.225,1.692
17.236,1.570
16.110,1.587
20.757,1.699
29.305,1.718
17.205,1.568
20.431,1.595
29.170,1.694
16.644,1.750
16.660,1.636
20.677,1.677
29.506,1.689
17.088,1.509
16.564,1.628
28.714,1.718
35.812,1.635
16.698,1.635
18.973,1.595
20.272,1.672
29.421,1.601
17.234,1.652
16.584,1.662
20.151,1.647
29.361,1.725
16.457,1.697
16.750,1.588
20.866,1.645
29.274,1.672
16.530,1.698
17.822,1.592
19.748,1.635
29.248,1.694
16.656,1.710
16.810,1.678
20.632,1.629
29.245,1.670
17.360,1.736
15.876,1.629
20.932,1.635
44.193,1.588
16.690,1.588
18.422,1.609
16.738,1.708
20.615,1.663
29.411,1.670
17.229,1.812
16.120,1.654
20.764,1.606
29.121,1.780
16.698,1.702
16.694,1.600
20.830,1.616
29.482,1.719
17.133,1.703
16.632,1.612
20.103,1.664
29.382,1.698
17.219,1.552
16.058,1.666
20.670,1.675
29.403,1.724
17.232,1.526
16.485,1.620
28.801,1.687
20.825,1.692
16.757,1.682
20.690,1.672
29.333,1.669
17.253,1.516
20.361,1.592
29.028,1.698
16.626,1.576
16.726,1.629
20.773,1.730
29.342,1.668
17.238,1.579
20.289,1.718
29.779,1.685
16.754,1.634
20.275,1.723
29.040,1.707
17.415,1.567
20.272,1.614
29.112,1.649
16.675,1.608
17.260,1.658
30.998,1.754
18.487,1.702
33.256,1.783
16.851,1.783
16.978,1.713
28.749,1.788
35.802,1.633
16.702,1.633
19.044,1.591
20.194,1.585
29.214,1.766
17.289,1.663
16.077,1.648
20.784,1.665
29.275,1.667
16.658,1.658
16.659,1.629
20.806,1.649
29.206,1.659
17.344,1.686
15.914,1.637
20.976,1.623
29.197,1.713
17.386,1.687
15.980,1.568
20.803,1.703
29.471,1.661
16.390,1.701
17.220,1.625
20.178,1.732
29.402,1.665
17.158,1.500
20.489,1.660
29.123,1.720
16.655,1.663
17.157,1.637
20.154,1.702
29.316,1.639
18.686,1.618
18.987,1.626
29.288,1.672
17.229,1.562
16.517,1.627
28.578,1.751
20.850,1.615
17.352,1.692
20.014,1.681
44.309,1.622
16.715,1.622
18.972,1.658
20.043,1.739
29.378,1.722
17.255,1.686
20.260,1.576
29.033,1.671
17.054,1.670
20.768,1.774
29.055,1.718
17.475,1.531
20.163,1.667
29.067,1.706
17.255,1.520
20.439,1.742
29.108,1.729
17.374,1.647
20.162,1.689
29.129,1.693
17.227,1.532
20.425,1.658
29.064,1.708
16.643,1.503
21.076,1.646
29.039,1.667
17.287,1.517
20.334,1.662
29.301,1.644
17.231,1.570
20.186,1.600
29.052,1.641
17.366,1.576
16.489,1.655
28.737,1.630
20.873,1.663
17.234,1.634
31.026,1.721
18.334,1.547
33.337,1.700
16.724,1.738
17.362,1.670
28.565,1.712
35.794,1.587
16.743,1.587
18.694,1.545
20.467,1.624
29.329,1.713
17.147,1.603
20.394,1.695
29.067,1.673
16.706,1.638
16.555,1.585
20.834,1.691
29.227,1.706
17.305,1.585
20.472,1.667
29.066,1.693
17.319,1.581
16.119,1.581
28.981,1.757
21.510,1.655
16.204,1.585
20.650,1.644
29.533,1.668
17.011,1.479
20.420,1.628
29.030,1.712
16.693,1.559
17.312,1.646
28.493,1.678
35.978,1.563
16.628,1.563
18.752,1.507
20.411,1.630
29.207,1.636
17.271,1.520
16.751,1.658
20.182,1.753
29.208,1.639
17.314,1.600
20.375,1.623
31.424,1.664
14.349,1.614
20.960,1.643
28.997,1.708
16.666,1.694
16.739,1.595
20.780,1.706
29.264,1.693
18.789,1.525
18.817,1.709
29.332,1.684
16.543,1.737
17.234,1.687
28.521,1.753
35.818,1.594
16.728,1.594
18.928,1.585
20.204,1.649
29.332,1.657
17.287,1.586
16.018,1.640
20.806,1.651
29.407,1.676
17.250,1.595
16.124,1.651
20.548,1.677
29.577,1.640
17.029,1.587
16.427,1.601
28.732,1.707
35.873,1.639
16.786,1.639
18.880,1.548
20.326,1.583
29.086,1.650
17.389,1.598
16.030,1.678
20.843,1.614
29.277,1.727
17.227,1.677
16.655,1.610
20.120,1.764
29.354,1.612
17.189,1.563
16.677,1.605
20.212,1.698
29.341,1.709
18.615,1.519
19.006,1.635
29.054,1.687
16.575,1.649
17.431,1.623
20.026,1.702
29.351,1.701
17.059,1.503
22.232,1.641
27.493,1.744
16.671,1.629
16.720,1.683
29.041,1.721
35.843,1.610
16.797,1.610
18.835,1.524
20.167,1.683
29.458,1.658
17.128,1.564
20.432,1.648
29.114,1.696
16.672,1.638
16.575,1.611
20.749,1.735
29.374,1.682
17.167,1.499
20.438,1.620
29.092,1.638
16.767,1.639
16.624,1.648
29.062,1.737
35.863,1.643
16.723,1.643
18.872,1.566
20.288,1.689
29.419,1.642
17.244,1.614
16.172,1.647
20.511,1.694
29.338,1.583
17.195,1.593
16.082,1.661
20.890,1.711
29.186,1.690
17.250,1.546
20.419,1.649
30.842,1.665
14.857,1.657
17.215,1.647
28.681,1.740
20.768,1.493
16.822,1.647
20.750,1.675
29.264,1.674
18.947,1.631
14.455,1.661
20.692,1.772
29.263,1.724
17.249,1.486
20.401,1.646
29.065,1.656
17.450,1.603
16.522,1.628
20.137,1.726
29.408,1.655
17.079,1.649
20.408,1.617
29.132,1.774
17.291,1.498
20.381,1.649
29.130,1.641
17.357,1.532
20.234,1.583
29.075,1.677
17.493,1.564
20.097,1.583
29.078,1.648
17.258,1.579
16.015,1.683
29.276,1.713
20.900,1.636
16.704,1.625
20.795,1.721
29.397,1.665
17.014,1.489
20.344,1.601
29.102,1.677
17.433,1.509
20.238,1.672
29.057,1.669
16.737,1.532
17.248,1.626
28.521,1.754
22.934,1.600
14.689,1.650
20.706,1.633
29.360,1.668
17.169,1.618
20.354,1.591
29.120,1.758
17.314,1.516
22.074,1.676
27.589,1.826
17.288,1.597
20.061,1.611
29.144,1.709
17.373,1.531
16.378,1.601
28.757,1.642
35.841,1.619
16.742,1.619
18.842,1.545
20.238,1.730
29.329,1.677
17.192,1.640
20.463,1.600
29.088,1.701
16.687,1.588
16.647,1.639
20.755,1.682
29.319,1.722
17.169,1.495
20.426,1.623
29.114,1.654
16.673,1.604
16.652,1.624
20.729,1.692
29.342,1.611
17.164,1.516
20.458,1.618
29.262,1.702
16.534,1.587
16.747,1.606
20.606,1.653
29.348,1.715
17.159,1.649
20.464,1.610
29.260,1.782
17.170,1.550
21.808,1.627
27.550,1.706
16.893,1.565
16.786,1.585
28.885,1.660
35.781,1.689
16.713,1.689
19.065,1.636
21.456,1.738
27.919,1.660
17.255,1.606
20.375,1.610
29.042,1.688
17.511,1.589
15.857,1.574
29.131,1.698
35.882,1.604
16.754,1.604
18.913,1.481
20.114,1.647
29.465,1.635
17.164,1.513
20.389,1.628
29.086,1.689
16.664,1.670
16.731,1.608
20.673,1.760
29.344,1.626
17.211,1.505
20.361,1.619
29.117,1.788
17.347,1.561
16.003,1.603
29.121,1.747
35.853,1.600
16.762,1.600
18.912,1.530
20.201,1.711
29.300,1.633
17.380,1.587
16.530,1.649
20.103,1.778
29.502,1.636
17.212,1.530
15.882,1.639
29.190,1.698
22.612,1.536
15.066,1.612
20.789,1.639
29.296,1.626
17.027,1.572
20.585,1.634
29.071,1.724
16.705,1.660
17.687,1.656
28.002,1.755
20.871,1.577
16.780,1.630
29.134,1.790
20.886,1.634
16.658,1.626
20.731,1.705
29.304,1.643
16.629,1.521
20.862,1.660
29.234,1.700
17.252,1.600
28.581,1.705
35.855,1.630
16.702,1.630
18.942,1.498
24.598,1.719
24.964,1.605
17.083,1.626
20.425,1.707
29.107,1.656
17.258,1.523
20.299,1.658
29.172,1.685
16.689,1.544
21.002,1.605
29.025,1.669
17.347,1.579
16.688,1.585
28.492,1.685
35.838,1.629
16.701,1.629
18.884,1.542
20.181,1.736
29.378,1.629
17.192,1.570
22.063,1.650
27.711,1.703
16.402,1.496
20.942,1.688
29.302,1.710
17.176,1.612
20.350,1.736
29.164,1.803
18.050,1.635
14.972,1.673
29.394,1.672
20.791,1.559
20.994,1.635
29.126,1.713
16.618,1.550
20.963,1.588
29.064,1.731
17.245,1.625
20.206,1.673
29.274,1.655
17.099,1.583
28.862,1.651
35.725,1.654
16.699,1.654
22.545,1.676
29.320,1.698
17.390,1.572
20.157,1.613
29.103,1.738
17.193,1.619
20.218,1.761
29.196,1.620
17.280,1.667
28.706,1.639
35.740,1.671
16.703,1.671
22.589,1.700
29.162,1.727
17.473,1.577
20.180,1.622
29.076,1.708
17.207,1.622
20.377,1.650
29.174,1.659
19.144,1.664
26.639,1.733
35.860,1.614
16.675,1.614
22.564,1.734
29.151,1.653
17.462,1.712
16.404,1.654
31.156,1.705
18.428,1.613
33.267,1.679
16.750,1.687
20.985,1.609
29.013,1.640
17.316,1.554
20.325,1.608
29.132,1.684
17.245,1.652
20.184,1.698
29.069,1.636
17.475,1.641
20.375,1.664
29.157,1.624
17.152,1.646
20.196,1.707
29.384,1.646
17.058,1.605
28.754,1.679
35.761,1.638
16.730,1.638
22.485,1.688
29.236,1.650
17.371,1.584
20.304,1.610
29.058,1.620
16.669,1.549
20.995,1.619
29.035,1.605
17.266,1.536
20.334,1.664
29.115,1.596
17.323,1.516
28.556,1.761
35.807,1.686
16.759,1.686
22.531,1.683
29.272,1.620
17.129,1.707
20.441,1.629
29.091,1.590
17.254,1.564
21.564,1.720
27.805,1.707
20.872,1.619
29.216,1.586
17.268,1.646
28.633,1.726
35.761,1.650
16.729,1.653
22.509,1.642
29.242,1.594
17.073,1.613
28.798,1.591
35.754,1.579
16.733,1.610
22.486,1.608
29.213,1.590
17.247,1.508
28.824,1.604
35.624,1.609
16.742,1.708
22.509,1.561
29.225,1.585
20.837,1.611
29.187,1.648
17.071,1.633
28.816,1.633
35.757,1.693
16.740,1.638
22.532,1.614
29.197,1.630
20.787,1.572
44.213,1.583
16.708,1.636
26.749,1.700
26.959,1.579
23.070,1.660
39.971,1.672
18.929,1.622
24.420,1.574
40.042,1.602
20.535,1.601
27.164,1.563
35.708,1.645
18.235,1.593
29.332,1.572
35.816,1.586
22.561,1.637
29.196,1.605
24.886,1.667
40.135,1.554
18.862,1.592
28.808,1.624
35.754,1.613
18.941,1.613
28.793,1.562
35.652,1.587
18.315,1.622
16.699,1.566
16.798,1.555
17.220,1.581
15.988,1.555
17.370,1.555
16.002,1.544
17.263,1.531
16.717,1.569
16.713,1.536
16.144,1.572
17.207,1.567
16.587,1.616
16.647,1.614
15.918,1.607
21.133,1.702
29.186,1.816
16.702,1.816
16.868,1.581
16.951,1.593
16.484,1.602
20.472,1.602
31.304,1.760
15.389,1.739
16.018,1.679
20.808,1.682
29.152,1.748
16.686,1.676
16.703,1.662
17.019,1.604
22.232,1.621
27.592,1.606
16.549,1.734
16.639,1.657
20.869,1.658
29.203,1.718
16.710,1.690
16.654,1.651
17.031,1.613
20.381,1.660
29.322,1.605
16.686,1.732
16.713,1.563
16.926,1.593
20.510,1.676
29.216,1.682
16.576,1.728
16.825,1.624
17.150,1.597
20.280,1.612
29.427,1.589
16.642,1.744
16.629,1.574
20.720,1.629
29.406,1.794
16.378,1.749
16.851,1.649
16.976,1.628
20.480,1.628
29.182,1.603
16.795,1.844
16.585,1.519
17.223,1.619
20.278,1.589
29.228,1.771
16.718,1.746
16.679,1.669
17.212,1.620
20.252,1.613
29.154,1.688
16.659,1.734
17.762,1.583
17.361,1.661
19.037,1.650
29.288,1.710
16.662,1.743
16.992,1.593
17.037,1.675
20.221,1.615
29.269,1.658
18.147,1.816
15.303,1.538
16.516,1.656
17.082,1.599
20.410,1.625
29.125,1.682
16.710,1.708
16.683,1.535
17.367,1.607
15.873,1.647
20.991,1.614
29.254,1.737
16.674,1.736
16.880,1.611
17.103,1.614
16.336,1.588
20.519,1.609
29.398,1.801
16.473,1.707
16.712,1.506
17.238,1.596
16.482,1.630
20.474,1.687
29.423,1.687
16.496,1.690
16.595,1.611
17.402,1.585
16.289,1.581
20.494,1.622
29.350,1.628
16.609,1.722
16.714,1.570
17.242,1.592
20.229,1.598
29.161,1.686
16.624,1.705
16.823,1.625
17.038,1.623
20.393,1.623
29.292,1.694
16.606,1.691
16.711,1.687
17.328,1.579
20.231,1.654
31.464,1.830
14.382,1.830
16.675,1.625
16.946,1.627
20.586,1.612
29.140,1.714
16.736,1.716
16.715,1.602
18.872,1.616
14.733,1.630
20.592,1.599
29.324,1.702
16.517,1.697
16.719,1.647
17.219,1.597
20.227,1.593
29.313,1.662
16.572,1.857
16.659,1.605
17.292,1.604
20.330,1.658
29.208,1.619
16.647,1.773
16.685,1.586
17.209,1.602
16.482,1.620
20.421,1.616
29.259,1.690
16.742,1.832
16.668,1.588
17.213,1.585
15.805,1.624
21.067,1.604
29.249,1.714
16.702,1.801
16.934,1.589
17.018,1.627
16.459,1.712
20.416,1.638
29.222,1.690
16.626,1.721
16.827,1.578
17.214,1.594
15.878,1.624
21.014,1.570
29.155,1.662
16.714,1.749
16.670,1.642
17.376,1.630
15.839,1.716
21.044,1.676
31.142,1.772
14.695,1.772
16.719,1.614
16.960,1.600
20.533,1.673
29.236,1.711
16.649,1.736
16.609,1.631
17.495,1.575
17.784,1.683
18.803,1.612
29.385,1.713
16.673,1.742
16.737,1.568
17.204,1.695
20.212,1.678
29.137,1.629
16.791,1.789
16.722,1.508
17.070,1.577
16.688,1.595
20.397,1.523
29.183,1.657
16.690,1.722
16.726,1.555
17.233,1.605
16.345,1.600
20.535,1.613
29.455,1.742
16.456,1.741
16.770,1.584
17.162,1.584
20.203,1.608
29.192,1.678
16.702,1.691
16.782,1.640
17.219,1.596
15.850,1.603
21.082,1.586
29.392,1.723
16.520,1.715
16.716,1.656
17.100,1.617
16.486,1.596
20.508,1.677
29.389,1.714
16.536,1.718
16.666,1.585
17.282,1.615
20.254,1.619
29.356,1.642
18.506,1.844
14.905,1.603
17.120,1.596
16.275,1.629
20.569,1.560
29.400,1.757
16.456,1.737
16.811,1.578
17.015,1.613
16.588,1.631
22.233,1.651
27.582,1.700
16.590,1.720
16.720,1.531
17.143,1.611
16.471,1.575
20.490,1.648
29.393,1.776
16.532,1.725
16.728,1.582
17.206,1.602
20.275,1.672
29.277,1.573
16.603,1.769
16.692,1.591
17.241,1.671
15.901,1.620
20.975,1.717
29.441,1.755
16.412,1.689
16.714,1.618
17.412,1.612
20.221,1.587
29.155,1.613
16.631,1.764
16.763,1.589
17.197,1.600
15.944,1.596
21.021,1.601
29.191,1.757
16.613,1.740
16.804,1.561
17.220,1.613
15.887,1.594
20.999,1.596
29.249,1.695
16.531,1.748
16.802,1.523
17.554,1.611
15.588,1.637
21.116,1.631
29.131,1.755
18.217,1.759
15.228,1.510
17.247,1.669
20.173,1.620
29.277,1.736
16.567,1.736
16.710,1.517
17.468,1.584
15.715,1.641
21.065,1.571
44.184,1.788
16.722,1.788
18.409,1.508
17.188,1.603
16.569,1.665
16.030,1.591
16.605,1.620
21.044,1.576
29.228,1.826
16.538,1.826
16.859,1.525
17.290,1.555
16.642,1.684
16.600,1.614
16.616,1.602
15.988,1.557
21.074,1.628
29.235,1.737
16.648,1.737
16.694,1.559
17.486,1.585
16.436,1.596
16.465,1.624
20.496,1.581
29.059,1.861
16.809,1.861
16.875,1.508
17.113,1.585
16.516,1.674
16.500,1.610
20.540,1.693
29.370,1.802
16.529,1.711
17.300,1.648
16.590,1.613
16.469,1.592
20.458,1.599
29.248,1.671
17.587,1.794
16.112,1.625
16.890,1.679
20.324,1.733
31.870,1.772
13.898,1.772
16.900,1.613
16.893,1.611
20.486,1.630
29.082,1.779
16.682,1.681
16.809,1.631
17.240,1.605
16.515,1.590
22.145,1.611
27.635,1.715
16.528,1.823
16.687,1.516
17.454,1.608
16.177,1.582
20.591,1.542
29.075,1.746
16.775,1.780
16.604,1.518
16.745,1.643
17.056,1.593
20.422,1.643
29.280,1.692
16.506,1.739
16.792,1.630
20.755,1.622
29.386,1.676
16.606,1.705
16.788,1.546
16.647,1.637
16.346,1.635
21.100,1.610
29.192,1.661
16.605,1.701
16.813,1.541
17.153,1.636
20.259,1.587
29.204,1.673
16.721,1.717
16.639,1.593
17.253,1.619
16.577,1.594
20.439,1.681
29.364,1.676
16.520,1.759
16.793,1.619
16.999,1.610
20.484,1.700
29.105,1.722
16.696,1.814
18.752,1.599
15.080,1.613
20.337,1.609
29.322,1.670
16.566,1.683
16.626,1.667
17.146,1.571
20.419,1.658
29.236,1.787
16.667,1.744
18.302,1.594
15.682,1.619
16.252,1.639
20.537,1.584
29.419,1.689
17.225,1.787
16.653,1.575
16.438,1.595
20.408,1.600
29.221,1.752
16.655,1.736
16.735,1.622
17.387,1.612
16.254,1.608
20.503,1.605
29.242,1.607
16.698,1.721
16.701,1.643
16.989,1.605
20.472,1.606
29.450,1.644
16.498,1.724
16.841,1.663
16.852,1.630
20.411,1.718
29.361,1.656
16.546,1.723
16.682,1.517
17.246,1.577
20.199,1.694
29.287,1.600
16.758,1.706
16.686,1.617
17.049,1.662
20.341,1.621
29.538,1.678
16.489,1.794
16.619,1.697
17.215,1.628
20.244,1.615
29.374,1.593
18.516,1.727
15.489,1.671
16.371,1.637
20.290,1.619
29.254,1.566
16.628,1.732
16.724,1.600
17.159,1.577
20.374,1.673
29.199,1.759
18.211,1.729
15.138,1.633
17.068,1.620
20.376,1.616
29.233,1.647
16.704,1.743
16.669,1.530
17.104,1.611
20.433,1.671
29.246,1.599
16.657,1.696
16.799,1.606
17.083,1.666
20.275,1.661
29.252,1.591
16.651,1.719
16.723,1.609
17.135,1.612
20.309,1.697
29.394,1.622
16.590,1.741
16.690,1.675
16.995,1.568
20.424,1.610
29.343,1.736
16.571,1.700
16.672,1.601
17.218,1.593
20.259,1.604
29.218,1.718
16.700,1.737
17.517,1.610
16.573,1.587
15.749,1.682
21.089,1.605
29.179,1.735
16.727,1.822
16.627,1.626
17.222,1.580
15.973,1.733
20.975,1.604
32.014,1.833
13.776,1.833
17.381,1.610
16.400,1.649
20.507,1.584
29.183,1.703
17.309,1.699
16.046,1.530
17.293,1.577
16.321,1.588
20.565,1.603
44.225,1.830
16.689,1.830
18.453,1.510
16.632,1.535
17.350,1.601
16.617,1.591
16.384,1.597
16.075,1.620
21.091,1.669
29.229,1.681
16.653,1.809
16.716,1.544
17.310,1.598
16.530,1.614
16.533,1.612
20.437,1.604
29.246,1.673
16.613,1.853
16.800,1.603
17.431,1.642
15.614,1.603
21.057,1.621
29.274,1.719
16.654,1.729
16.631,1.645
17.269,1.661
16.393,1.590
20.521,1.590
29.314,1.784
16.470,1.694
16.839,1.614
17.209,1.632
20.204,1.605
29.365,1.672
16.703,1.838
16.714,1.669
17.126,1.642
20.170,1.642
29.179,1.619
16.820,1.730
18.114,1.568
15.694,1.577
20.367,1.578
29.094,1.699
16.706,1.688
16.721,1.528
17.291,1.605
16.398,1.600
20.491,1.569
29.288,1.606
16.653,1.698
18.279,1.571
15.637,1.624
20.294,1.627
29.161,1.685
16.692,1.719
16.708,1.591
17.188,1.629
20.331,1.582
29.337,1.685
16.437,1.724
16.779,1.606
17.204,1.658
20.394,1.578
29.082,1.609
16.691,1.709
16.706,1.556
17.250,1.681
20.175,1.599
29.302,1.632
16.713,1.758
16.698,1.599
17.046,1.621
16.817,1.605
20.240,1.623
29.219,1.805
16.559,1.769
16.828,1.539
17.286,1.602
16.329,1.677
20.530,1.598
29.281,1.667
16.600,1.743
17.385,1.548
16.555,1.598
20.306,1.624
29.304,1.738
16.541,1.773
16.734,1.557
17.096,1.595
20.358,1.609
31.071,1.685
15.043,1.685
16.502,1.672
20.784,1.608
29.138,1.681
16.741,1.733
16.679,1.565
17.318,1.607
16.395,1.597
20.430,1.635
29.290,1.691
18.153,1.714
15.223,1.541
16.578,1.617
17.136,1.579
20.410,1.633
29.264,1.739
16.584,1.725
16.707,1.537
16.773,1.610
16.367,1.669
21.141,1.700
29.284,1.713
16.570,1.818
16.757,1.601
17.174,1.569
20.211,1.621
29.144,1.774
16.803,1.774
33.416,1.612
16.635,1.612
33.340,1.703
16.573,1.703
33.449,1.612
16.717,1.612
16.718,1.546
16.772,1.594
16.614,1.641
17.154,1.618
16.530,1.637
15.984,1.682
21.142,1.632
29.010,1.713
16.934,1.713
48.230,1.623
16.718,1.623
35.135,1.583
16.600,1.583
35.114,1.497
15.676,1.497
15.885,1.516
16.735,1.571
16.707,1.632
16.587,1.691
16.702,1.740
17.270,1.744
16.014,1.732
17.322,1.672
16.043,1.699
17.337,1.725
17.830,1.663
14.917,1.663
17.276,1.631
16.044,1.740
16.716,1.606
16.779,1.640
16.607,1.716
17.225,1.581
16.128,1.572
17.356,1.591
16.071,1.624
17.154,1.604
16.504,1.615
20.484,1.612
29.220,1.783
16.570,1.783
16.814,1.569
17.240,1.582
20.274,1.692
29.172,1.666
16.640,1.691
16.738,1.636
17.196,1.671
20.320,1.692
29.225,1.584
16.573,1.762
16.776,1.671
20.843,1.617
29.011,1.644
16.839,1.743
16.657,1.693
20.783,1.619
29.541,1.739
16.526,1.764
16.632,1.679
20.749,1.672
29.288,1.716
16.560,1.740
16.663,1.641
17.068,1.685
20.515,1.670
31.064,1.583
15.564,1.739
15.879,1.670
20.898,1.630
29.273,1.710
16.630,1.711
16.695,1.500
17.307,1.674
20.166,1.636
29.226,1.701
18.175,1.721
15.353,1.561
17.116,1.580
16.233,1.618
20.637,1.626
29.228,1.732
16.685,1.697
16.955,1.586
17.005,1.614
15.873,1.599
21.068,1.678
29.266,1.664
16.617,1.784
16.723,1.545
17.175,1.593
15.955,1.634
20.992,1.598
29.242,1.705
16.684,1.705
16.675,1.615
17.168,1.598
16.015,1.665
20.969,1.609
29.196,1.723
16.633,1.723
16.782,1.516
16.710,1.623
17.162,1.626
16.044,1.665
20.831,1.623
29.197,1.862
16.721,1.862
16.806,1.632
17.208,1.620
16.085,1.636
20.777,1.664
29.177,1.738
16.777,1.738
16.733,1.537
17.345,1.599
16.351,1.645
16.523,1.618
22.083,1.595
27.952,1.702
16.502,1.698
16.652,1.647
17.261,1.673
20.215,1.610
29.253,1.685
16.641,1.685
16.718,1.589
17.249,1.666
17.193,1.593
19.600,1.655
29.456,1.721
16.511,1.739
16.748,1.635
17.251,1.599
15.848,1.673
21.044,1.682
29.233,1.720
16.656,1.726
16.791,1.613
17.132,1.598
16.407,1.623
20.540,1.621
29.163,1.664
16.737,1.733
16.722,1.595
17.324,1.702
16.322,1.595
20.494,1.563
29.272,1.654
16.601,1.712
16.782,1.645
17.033,1.630
16.637,1.579
20.362,1.618
29.412,1.679
16.538,1.744
16.656,1.583
17.120,1.650
20.484,1.671
29.173,1.723
16.671,1.854
16.681,1.636
17.228,1.680
15.816,1.605
21.146,1.602
29.362,1.671
16.519,1.749
16.692,1.532
17.223,1.586
17.511,1.665
19.446,1.598
29.197,1.683
16.674,1.765
16.728,1.525
17.197,1.666
16.461,1.595
20.447,1.617
29.457,1.722
16.469,1.829
16.829,1.612
18.725,1.588
14.777,1.692
20.585,1.608
29.153,1.697
16.697,1.786
16.620,1.547
17.297,1.664
15.850,1.639
21.083,1.638
29.210,1.843
16.687,1.843
16.715,1.556
17.234,1.674
16.675,1.619
15.937,1.640
21.000,1.676
29.189,1.802
16.697,1.802
16.699,1.580
16.806,1.647
16.944,1.616
16.582,1.579
20.340,1.620
29.556,1.753
16.484,1.729
16.733,1.555
17.183,1.550
16.014,1.759
20.956,1.541
29.229,1.744
16.726,1.792
16.713,1.596
17.072,1.612
20.431,1.693
29.198,1.767
16.612,1.761
16.640,1.522
17.378,1.588
20.137,1.692
29.400,1.745
18.961,1.742
14.262,1.601
17.165,1.625
20.317,1.638
29.263,1.708
16.624,1.720
16.615,1.614
17.295,1.581
20.287,1.694
29.191,1.650
16.686,1.757
18.012,1.572
16.034,1.752
20.124,1.654
29.175,1.588
16.650,1.738
16.714,1.685
17.378,1.606
16.573,1.667
20.265,1.684
29.445,1.752
16.460,1.758
16.720,1.517
17.274,1.566
16.355,1.674
20.466,1.622
29.204,1.750
16.744,1.717
16.741,1.524
17.441,1.608
16.294,1.616
20.373,1.551
29.286,1.848
16.591,1.848
16.676,1.543
17.345,1.592
16.499,1.684
20.408,1.583
29.037,1.777
16.717,1.777
16.932,1.613
17.115,1.663
15.941,1.623
21.025,1.689
29.210,1.643
16.652,1.870
16.658,1.528
17.270,1.602
16.483,1.649
20.474,1.589
29.225,1.765
17.014,1.765
16.540,1.542
17.110,1.611
15.805,1.605
21.012,1.686
29.255,1.661
16.629,1.746
16.752,1.641
17.347,1.673
15.802,1.602
20.957,1.608
29.388,1.619
17.968,1.767
15.280,1.669
17.204,1.701
16.494,1.628
20.449,1.604
29.258,1.708
16.530,1.713
16.828,1.562
16.746,1.662
16.416,1.655
21.017,1.609
29.298,1.656
16.492,1.763
16.809,1.563
17.248,1.682
15.804,1.603
21.082,1.599
29.329,1.808
16.616,1.847
16.873,1.675
17.023,1.623
16.372,1.579
20.493,1.678
29.248,1.720
16.708,1.734
16.745,1.598
17.094,1.678
16.450,1.616
20.604,1.676
29.323,1.767
17.482,1.754
16.237,1.599
16.729,1.654
16.394,1.651
20.561,1.671
29.289,1.692
16.524,1.798
17.389,1.646
16.564,1.614
16.605,1.615
22.081,1.606
27.687,1.675
16.513,1.737
16.707,1.678
17.126,1.597
20.303,1.602
29.269,1.681
16.665,1.737
16.734,1.635
17.274,1.678
16.209,1.597
20.623,1.694
44.231,1.690
16.715,1.690
18.308,1.647
17.149,1.660
16.569,1.640
16.593,1.600
20.525,1.688
29.347,1.641
16.595,1.843
16.644,1.546
17.327,1.691
16.579,1.606
16.584,1.714
20.367,1.604
29.147,1.779
16.833,1.779
16.617,1.513
17.298,1.625
16.500,1.688
16.718,1.670
20.393,1.606
29.257,1.692
16.614,1.692
16.731,1.552
16.685,1.632
17.120,1.617
15.955,1.653
21.121,1.667
29.207,1.789
16.721,1.789
16.512,1.630
16.755,1.591
17.274,1.598
16.601,1.631
15.892,1.691
21.095,1.632
29.229,1.729
16.676,1.729
16.694,1.552
18.704,1.719
15.007,1.695
16.603,1.592
20.532,1.605
29.117,1.764
16.767,1.764
16.690,1.534
16.709,1.606
17.218,1.694
15.935,1.675
21.017,1.655
29.168,1.667
16.707,1.746
18.259,1.546
15.679,1.604
15.834,1.690
21.067,1.617
29.247,1.717
16.533,1.739
16.873,1.521
17.208,1.658
16.409,1.650
20.501,1.607
29.354,1.710
16.439,1.861
16.829,1.586
17.220,1.659
15.940,1.678
21.023,1.602
29.273,1.812
16.641,1.812
16.667,1.550
17.265,1.586
16.616,1.642
15.977,1.671
16.602,1.608
21.020,1.666
29.368,1.584
16.554,1.801
16.572,1.652
16.867,1.642
17.158,1.605
20.413,1.670
29.036,1.828
16.740,1.828
16.654,1.566
17.272,1.656
16.531,1.618
16.017,1.577
21.016,1.616
29.228,1.719
16.631,1.830
18.206,1.532
15.809,1.577
16.417,1.638
20.447,1.651
29.257,1.633
16.672,1.758
16.637,1.562
16.715,1.635
16.862,1.650
20.682,1.669
29.104,1.687
16.755,1.840
16.883,1.535
18.212,1.614
15.403,1.615
20.379,1.698
29.260,1.664
16.601,1.664
16.637,1.524
17.333,1.681
16.588,1.590
15.991,1.603
20.986,1.556
29.318,1.738
16.529,1.726
16.811,1.549
17.271,1.660
16.364,1.612
16.658,1.610
20.470,1.623
29.315,1.767
16.694,1.767
16.715,1.579
17.237,1.599
16.576,1.606
16.379,1.554
20.556,1.590
29.065,1.774
16.827,1.774
16.667,1.616
17.469,1.599
16.461,1.630
15.912,1.691
21.090,1.677
29.141,1.766
16.731,1.766
16.663,1.521
17.260,1.606
15.889,1.665
16.617,1.590
21.080,1.718
29.263,1.743
18.228,1.743
15.096,1.540
16.779,1.585
17.119,1.653
15.860,1.609
21.110,1.624
29.147,1.729
16.772,1.729
16.876,1.524
16.563,1.676
17.069,1.601
15.925,1.706
21.045,1.680
29.253,1.745
18.209,1.745
15.849,1.585
16.539,1.705
16.646,1.606
15.875,1.623
21.131,1.617
29.080,1.760
16.696,1.760
16.995,1.541
17.096,1.595
16.409,1.712
16.064,1.705
21.067,1.689
29.160,1.760
16.749,1.760
16.840,1.537
17.388,1.663
16.393,1.545
16.598,1.620
16.409,1.665
20.642,1.600
29.160,1.881
16.656,1.881
16.726,1.561
17.343,1.523
16.479,1.603
15.990,1.644
16.717,1.591
21.039,1.627
44.122,1.816
16.698,1.816
18.431,1.608
16.631,1.512
17.181,1.610
16.755,1.685
16.711,1.596
15.843,1.599
16.657,1.667
21.080,1.595
30.771,1.733
15.086,1.733
16.730,1.658
17.285,1.629
16.616,1.645
15.940,1.616
16.652,1.608
20.988,1.618
29.377,1.728
16.610,1.728
16.698,1.568
16.664,1.625
17.044,1.612
16.084,1.661
18.109,1.687
19.678,1.587
29.131,1.725
16.589,1.725
17.350,1.555
16.083,1.626
17.278,1.553
16.448,1.693
16.050,1.620
21.085,1.603
29.222,1.739
16.689,1.818
16.721,1.522
17.356,1.674
16.322,1.629
20.399,1.606
29.318,1.746
16.701,1.746
16.723,1.574
16.553,1.615
17.266,1.706
16.466,1.631
20.475,1.666
29.120,1.777
16.736,1.760
17.022,1.603
17.216,1.643
15.719,1.620
21.013,1.675
29.145,1.636
16.625,1.803
16.709,1.535
17.226,1.608
15.939,1.605
21.070,1.622
29.153,1.781
16.731,1.781
16.664,1.533
16.648,1.592
19.315,1.653
18.219,1.582
29.074,1.631
16.877,1.809
33.223,1.591
16.673,1.591
33.449,1.642
16.565,1.642
33.472,1.598
16.649,1.598
16.729,1.536
18.276,1.564
15.052,1.643
16.919,1.590
17.180,1.628
15.919,1.661
17.226,1.675
16.129,1.692
16.909,1.657
17.276,1.722
16.488,1.682
16.249,1.699
16.596,1.628
16.616,1.586
16.716,1.588
17.454,1.609
15.869,1.585
16.706,1.640
17.162,1.701
16.687,1.661
16.065,1.622
16.592,1.685
21.696,1.664
28.583,1.704
16.505,1.814
16.677,1.664
17.384,1.684
20.175,1.707
29.263,1.772
16.737,1.854
16.626,1.566
20.927,1.760
29.199,2.205
16.550,1.793
16.621,1.716
20.802,2.242
29.448,1.684
17.235,1.576
20.203,1.696
29.336,1.712
17.131,1.626
21.648,1.829
27.828,1.682
16.487,1.728
29.442,2.392
35.716,1.724
16.647,1.888
22.556,1.672
29.207,2.151
17.319,1.718
16.640,1.721
28.534,2.588
35.861,1.714
16.725,1.714
19.128,1.598
20.051,1.641
29.380,1.807
16.548,1.746
16.629,1.795
20.847,1.722
29.388,1.603
17.239,1.741
15.954,1.702
17.023,1.696
20.363,1.662
29.351,1.605
16.681,1.730
16.741,1.768
17.270,1.689
20.198,1.611
29.215,1.591
16.586,1.788
16.787,1.567
17.159,1.621
16.397,1.722
16.289,1.633
21.054,1.634
29.200,1.734
16.597,1.734
16.653,1.603
16.995,1.666
16.796,1.617
16.071,1.654
17.175,1.684
16.648,1.714
16.721,1.630
20.502,1.647
29.125,1.600
17.472,1.600
18.254,1.575
14.394,1.566
16.610,1.537
17.336,1.562
16.727,1.584
16.083,1.540
16.705,1.608
16.710,1.536
17.291,1.568
15.934,1.550
17.359,1.532
16.747,1.632
16.524,1.626
16.682,1.613
16.621,1.642
16.585,1.612
18.023,1.631
14.758,1.607
21.026,1.656
29.158,1.761
16.686,1.761
16.772,1.522
16.690,1.596
17.223,1.685
16.569,1.744
16.144,1.591
16.523,1.633
20.992,1.605
29.229,1.859
16.702,1.859
16.742,1.556
16.634,1.555
17.144,1.597
16.914,1.646
16.441,1.614
15.962,1.617
21.174,1.607
29.062,1.693
16.756,1.693
16.686,1.565
16.509,1.689
17.429,1.741
16.425,1.669
16.143,1.630
21.118,1.619
29.019,1.767
16.769,1.767
16.717,1.567
17.324,1.545
16.564,1.634
16.584,1.703
16.074,1.680
16.547,1.639
21.056,1.611
29.215,1.727
18.231,1.727
15.121,1.546
17.413,1.764
16.415,1.703
16.950,1.617
15.745,1.607
21.035,1.531
29.162,1.665
16.771,1.665
16.749,1.580
16.697,1.553
17.127,1.637
16.715,1.603
16.528,1.633
16.793,1.592
17.320,1.550
15.297,1.640
21.003,1.601
29.115,1.772
16.789,1.772
16.712,1.565
16.705,1.573
17.205,1.540
16.655,1.589
16.511,1.598
16.750,1.621
16.012,1.618
21.002,1.657
29.404,1.807
16.538,1.807
16.716,1.739
16.671,1.643
17.279,1.605
16.584,1.762
16.456,1.582
16.123,1.641
17.214,1.607
20.515,1.646
29.193,1.720
16.618,1.720
16.904,1.664
16.670,1.598
17.177,1.609
16.608,1.691
16.527,1.685
16.864,1.708
20.266,1.613
29.335,1.653
16.430,1.653
16.876,1.602
16.440,1.589
17.473,1.634
16.489,1.680
16.622,1.623
16.122,1.663
17.029,1.607
20.654,1.647
29.182,1.706
16.720,1.706
16.886,1.556
17.150,1.550
16.478,1.589
16.751,1.682
16.588,1.685
16.036,1.695
16.588,1.677
21.096,1.648
29.101,1.766
17.395,1.766
17.829,1.551
14.917,1.554
17.340,1.606
16.470,1.594
16.641,1.708
16.082,1.608
16.629,1.698
21.076,1.626
29.065,1.780
16.751,1.780
16.796,1.529
16.653,1.535
17.239,1.586
16.581,1.745
16.744,1.606
16.532,1.621
16.013,1.622
21.062,1.739
29.392,1.783
16.561,1.783
16.691,1.537
17.194,1.625
16.673,1.626
16.653,1.663
15.912,1.635
16.883,1.641
20.969,1.654
29.270,1.801
17.271,1.801
15.998,1.643
17.350,1.604
16.371,1.650
16.617,1.622
16.041,1.614
21.120,1.642
29.000,1.614
16.824,1.614
17.424,1.542
16.837,1.570
16.504,1.587
18.159,1.631
14.929,1.608
16.654,1.642
16.621,1.631
20.459,1.669
29.185,1.737
16.760,1.737
16.730,1.720
16.659,1.613
17.140,1.633
16.491,1.643
16.102,1.633
21.029,1.775
29.188,1.845
18.942,1.845
14.544,1.581
16.642,1.607
17.235,1.681
16.383,1.680
16.190,1.621
21.095,1.616
29.184,1.787
16.689,1.787
16.718,1.540
16.706,1.537
17.179,1.639
16.634,1.623
16.664,1.693
16.504,1.736
16.639,1.616
20.545,1.598
29.386,1.785
16.366,1.785
17.646,1.558
16.448,1.593
16.641,1.545
16.698,1.534
16.572,1.669
16.482,1.680
16.302,1.735
21.022,1.705
29.211,1.836
16.613,1.836
16.882,1.593
16.502,1.580
16.579,1.713
17.172,1.621
16.031,1.608
16.637,1.614
21.045,1.597
29.326,1.757
16.463,1.757
16.874,1.646
17.273,1.652
18.100,1.674
14.840,1.622
16.916,1.584
20.326,1.702
29.267,1.717
16.689,1.717
16.686,1.513
16.881,1.584
16.859,1.640
16.711,1.599
16.090,1.618
16.574,1.518
21.081,1.689
29.290,1.635
18.100,1.635
15.195,1.548
16.671,1.604
17.227,1.652
16.629,1.595
16.542,1.672
16.675,1.672
16.090,1.581
16.703,1.551
21.033,1.593
29.165,1.678
16.721,1.678
16.729,1.557
17.282,1.536
16.610,1.554
16.642,1.615
16.676,1.615
16.786,1.623
16.551,1.593
16.679,1.691
15.934,1.672
20.992,1.655
29.057,1.685
16.792,1.685
16.738,1.586
16.821,1.607
16.529,1.684
16.827,1.597
17.107,1.676
16.639,1.613
16.771,1.661
16.595,1.652
15.950,1.612
16.673,1.690
21.097,1.666
29.346,1.728
16.551,1.728
16.671,1.516
17.326,1.530
16.486,1.594
16.701,1.621
17.166,1.639
15.944,1.591
20.568,1.610
29.054,1.628
16.805,1.628
16.800,1.545
16.813,1.555
17.167,1.554
16.597,1.581
16.710,1.553
16.571,1.632
16.638,1.634
16.582,1.657
16.613,1.597
16.076,1.652
21.117,1.655
44.267,1.717
16.631,1.717
18.328,1.558
16.761,1.568
16.575,1.614
17.464,1.563
16.610,1.638
16.031,1.624
17.177,1.600
16.343,1.610
16.555,1.602
17.239,1.563
16.030,1.565
17.378,1.557
16.569,1.545
16.805,1.533
16.666,1.550
15.877,1.624
17.414,1.612
16.631,1.542
16.023,1.539
17.291,1.718
16.600,1.603
16.828,1.676
16.011,1.754
16.607,1.781
21.083,1.669
29.057,1.744
16.774,1.744
16.893,1.547
16.465,1.583
17.197,1.680
16.658,1.651
16.009,1.616
16.582,1.663
21.106,1.538
29.197,1.722
16.651,1.722
16.657,1.526
17.284,1.632
16.583,1.650
16.606,1.654
16.820,1.603
15.940,1.675
21.044,1.631
29.170,1.692
16.669,1.692
16.768,1.547
17.304,1.706
16.561,1.668
16.661,1.633
16.556,1.658
15.995,1.581
21.091,1.596
29.049,1.641
18.429,1.641
15.890,1.547
15.907,1.571
17.325,1.544
16.586,1.549
16.590,1.684
16.658,1.657
16.620,1.666
16.016,1.683
16.688,1.619
21.061,1.597
29.172,1.748
16.750,1.748
16.698,1.539
17.336,1.534
16.610,1.583
15.986,1.601
17.368,1.590
16.570,1.673
16.549,1.665
16.750,1.629
15.987,1.622
16.669,1.617
21.135,1.611
29.284,1.765
16.732,1.765
16.573,1.589
16.654,1.602
17.352,1.526
16.578,1.678
16.606,1.602
16.603,1.667
16.065,1.654
20.967,1.585
29.165,1.663
16.691,1.663
16.779,1.506
16.678,1.527
17.224,1.558
17.208,1.548
16.208,1.548
16.521,1.652
16.549,1.592
16.088,1.588
21.053,1.598
29.077,1.672
16.758,1.672
16.817,1.527
17.244,1.580
16.601,1.545
16.669,1.525
16.644,1.630
16.717,1.630
16.297,1.759
16.864,1.571
16.045,1.599
21.088,1.716
44.224,1.750
16.695,1.750
18.430,1.608
17.301,1.533
16.596,1.532
16.695,1.595
16.320,1.589
16.422,1.543
16.712,1.601
17.276,1.568
16.066,1.628
17.262,1.584
16.689,1.539
16.616,1.568
16.086,1.545
17.283,1.578
16.727,1.543
16.537,1.659
16.689,1.630
16.749,1.626
16.464,1.615
16.233,1.609
16.605,1.660
21.108,1.662
28.951,1.625
16.886,1.625
16.911,1.573
16.487,1.552
17.169,1.652
16.597,1.622
16.763,1.577
16.569,1.675
16.061,1.699
20.989,1.545
29.210,1.711
16.669,1.711
16.686,1.548
17.815,1.556
16.051,1.663
16.782,1.677
15.887,1.677
16.630,1.709
21.094,1.701
29.221,1.727
16.584,1.727
16.727,1.515
17.368,1.645
16.665,1.615
16.563,1.633
16.658,1.675
16.047,1.709
16.530,1.597
16.716,1.607
20.997,1.667
29.464,1.686
18.104,1.686
15.089,1.525
16.947,1.684
16.916,1.665
16.684,1.681
16.632,1.614
16.115,1.680
16.593,1.639
16.635,1.660
21.020,1.664
29.134,1.721
16.817,1.721
16.684,1.532
16.671,1.552
17.404,1.673
16.499,1.543
16.619,1.581
16.695,1.618
16.660,1.615
16.645,1.593
16.031,1.591
16.743,1.597
20.990,1.625
29.265,1.749
16.673,1.749
16.803,1.531
16.517,1.615
17.276,1.604
16.604,1.533
16.545,1.632
16.733,1.635
16.215,1.611
16.472,1.595
20.979,1.675
29.079,1.628
16.842,1.628
16.725,1.553
17.361,1.535
15.852,1.670
17.054,1.656
16.677,1.664
20.357,1.681
29.267,1.684
16.815,1.684
16.702,1.563
16.707,1.552
17.200,1.568
16.673,1.521
16.647,1.586
16.517,1.635
16.789,1.624
15.942,1.570
21.042,1.594
29.187,1.745
16.747,1.745
16.697,1.566
18.704,1.599
15.260,1.540
16.609,1.564
16.681,1.584
16.587,1.582
16.611,1.598
16.050,1.665
21.034,1.602
29.232,1.733
16.674,1.733
16.751,1.524
17.313,1.579
16.677,1.542
16.726,1.522
16.472,1.610
16.640,1.614
16.600,1.677
16.114,1.735
21.050,1.586
29.122,1.716
17.479,1.716
15.915,1.679
17.247,1.627
16.572,1.679
16.774,1.593
16.457,1.633
16.229,1.631
16.560,1.676
21.030,1.611
29.177,1.689
16.789,1.689
16.743,1.524
16.496,1.635
17.329,1.606
16.666,1.616
16.661,1.646
17.175,1.641
16.030,1.612
16.163,1.607
20.946,1.616
29.086,1.586
16.821,1.586
16.720,1.525
16.711,1.561
17.249,1.564
16.666,1.573
16.645,1.635
16.665,1.591
16.530,1.661
16.754,1.640
16.515,1.657
16.216,1.639
16.555,1.602
16.702,1.587
21.049,1.587
29.002,1.658
19.023,1.658
14.758,1.547
16.543,1.547
17.132,1.633
16.865,1.616
16.497,1.612
16.661,1.710
16.668,1.575
15.990,1.637
16.640,1.619
21.078,1.662
29.118,1.637
17.312,1.637
16.250,1.536
16.644,1.594
17.257,1.537
16.541,1.531
16.598,1.627
16.927,1.627
16.519,1.658
16.821,1.649
15.914,1.689
17.000,1.657
20.568,1.578
29.060,1.635
16.892,1.635
16.694,1.519
16.693,1.598
16.681,1.588
16.612,1.601
17.347,1.605
16.643,1.690
16.761,1.647
16.544,1.667
16.362,1.618
16.669,1.607
17.267,1.610
19.956,1.606
29.179,1.741
16.621,1.741
16.845,1.592
16.715,1.613
17.174,1.599
16.741,1.654
16.592,1.715
16.639,1.681
16.508,1.597
16.141,1.614
21.030,1.713
29.140,1.630
16.784,1.630
16.702,1.511
16.708,1.602
17.205,1.679
16.716,1.655
16.538,1.624
18.223,1.670
14.993,1.603
16.051,1.624
16.725,1.664
21.108,1.628
29.006,1.619
16.859,1.619
16.647,1.512
16.739,1.545
17.199,1.556
16.744,1.535
16.130,1.619
17.178,1.628
16.643,1.607
16.614,1.617
15.987,1.617
16.648,1.622
21.039,1.609
29.544,1.620
16.510,1.620
16.673,1.657
17.378,1.670
16.370,1.602
16.760,1.622
16.682,1.612
16.596,1.609
16.532,1.583
16.193,1.595
16.589,1.608
16.668,1.619
21.049,1.605
29.075,1.637
16.850,1.637
16.704,1.518
16.652,1.599
18.725,1.525
15.244,1.589
16.705,1.647
16.573,1.666
16.664,1.655
16.578,1.612
16.049,1.627
16.669,1.588
21.030,1.596
29.021,1.634
16.889,1.634
16.712,1.564
17.321,1.595
16.726,1.575
16.661,1.678
16.414,1.603
16.726,1.589
16.476,1.640
16.264,1.610
16.579,1.592
21.089,1.636
44.185,1.663
16.802,1.663
18.236,1.546
17.376,1.518
15.898,1.572
17.341,1.601
16.626,1.560
16.764,1.573
16.787,1.546
16.653,1.565
16.633,1.524
16.766,1.534
16.172,1.608
16.978,1.613
16.838,1.716
16.642,1.585
15.865,1.603
17.472,1.601
16.602,1.667
16.099,1.691
16.570,1.690
16.732,1.677
20.943,1.596
29.016,1.608
16.866,1.608
16.604,1.545
16.941,1.574
17.261,1.572
16.417,1.675
16.572,1.595
16.606,1.596
16.161,1.663
16.616,1.592
21.048,1.618
29.252,1.747
17.729,1.747
15.711,1.598
17.415,1.667
16.409,1.672
16.622,1.597
15.988,1.628
20.990,1.605
29.164,1.700
16.762,1.700
16.932,1.575
16.471,1.669
17.193,1.661
16.641,1.626
16.453,1.637
20.529,1.603
29.176,1.712
16.747,1.712
16.638,1.570
16.751,1.642
17.190,1.615
18.196,1.682
14.990,1.662
16.001,1.627
21.125,1.613
29.141,1.779
16.708,1.779
16.648,1.562
17.355,1.687
16.569,1.573
16.754,1.631
16.512,1.625
16.071,1.592
21.014,1.659
29.053,1.681
16.884,1.681
16.801,1.538
17.329,1.607
16.464,1.634
16.702,1.681
16.651,1.641
16.602,1.574
16.623,1.674
16.126,1.603
17.143,1.591
16.053,1.625
21.059,1.591
29.291,1.688
16.567,1.688
16.793,1.548
16.732,1.535
16.693,1.574
17.250,1.633
16.440,1.626
16.697,1.624
16.553,1.588
16.440,1.679
20.701,1.602
29.193,1.727
16.820,1.727
16.637,1.519
16.601,1.588
17.341,1.575
16.528,1.673
16.754,1.632
16.516,1.657
16.078,1.629
21.065,1.629
29.233,1.692
17.317,1.692
16.613,1.584
16.304,1.540
17.168,1.616
16.460,1.621
16.558,1.661
16.062,1.630
21.078,1.611
44.199,1.819
16.766,1.819
18.926,1.543
16.086,1.531
17.266,1.552
16.056,1.559
17.336,1.629
16.601,1.548
16.634,1.672
16.804,1.542
16.601,1.609
16.560,1.607
16.681,1.548
16.037,1.582
16.646,1.629
21.121,1.679
29.142,1.680
16.572,1.680
16.809,1.543
16.895,1.585
16.864,1.689
16.300,1.663
17.171,1.610
16.479,1.601
16.093,1.610
16.667,1.662
21.119,1.579
29.052,1.760
16.824,1.760
17.549,1.553
16.604,1.597
16.460,1.704
16.627,1.634
17.962,1.667
14.604,1.610
21.090,1.656
29.210,1.837
16.602,1.837
16.767,1.579
16.605,1.606
17.252,1.632
16.630,1.587
15.961,1.588
21.056,1.622
29.298,1.791
16.582,1.791
16.714,1.636
17.327,1.569
16.541,1.595
16.538,1.670
16.089,1.665
21.025,1.635
29.318,1.705
16.685,1.705
17.942,1.641
15.910,1.601
16.638,1.637
15.980,1.665
20.964,1.625
29.165,1.835
16.681,1.835
16.818,1.566
16.654,1.538
17.282,1.604
16.553,1.617
16.857,1.633
15.709,1.613
21.120,1.658
29.283,1.739
16.710,1.739
16.643,1.624
17.398,1.688
16.531,1.635
16.510,1.673
15.928,1.621
21.055,1.668
29.223,1.681
16.654,1.681
16.784,1.575
17.189,1.594
15.984,1.634
16.535,1.595
21.105,1.656
29.265,1.781
16.588,1.781
16.766,1.524
18.745,1.678
15.045,1.662
16.593,1.606
20.433,1.666
29.176,1.776
16.724,1.776
16.672,1.569
16.689,1.543
17.310,1.656
16.454,1.604
16.690,1.587
16.026,1.612
16.639,1.609
21.139,1.610
29.145,1.864
16.710,1.864
16.717,1.538
16.597,1.714
17.308,1.592
16.577,1.637
16.051,1.603
16.572,1.605
21.066,1.592
44.214,1.693
16.702,1.693
18.422,1.562
16.657,1.532
16.684,1.574
17.192,1.536
16.637,1.529
16.710,1.584
16.796,1.588
16.082,1.593
17.100,1.580
16.466,1.621
17.059,1.525
15.842,1.684
16.627,1.672
16.738,1.695
21.095,1.655
29.092,1.679
16.702,1.679
16.814,1.553
16.592,1.557
17.204,1.602
16.634,1.611
16.644,1.622
16.077,1.584
17.087,1.642
20.509,1.525
29.162,1.780
16.700,1.780
16.786,1.572
17.321,1.684
17.961,1.590
14.941,1.590
16.267,1.583
20.982,1.607
29.178,1.673
16.764,1.673
16.695,1.516
16.631,1.629
17.213,1.537
15.967,1.590
16.585,1.579
21.111,1.579
29.204,1.747
16.708,1.747
16.664,1.529
16.659,1.545
17.171,1.613
16.651,1.596
16.194,1.605
16.475,1.608
21.060,1.617
29.315,1.798
16.511,1.798
18.369,1.538
15.039,1.536
17.291,1.522
16.539,1.622
16.696,1.608
16.050,1.622
16.614,1.594
21.106,1.604
29.183,1.697
16.587,1.697
16.795,1.511
17.587,1.586
16.248,1.650
16.722,1.633
16.739,1.700
16.484,1.624
16.134,1.702
16.562,1.621
21.131,1.539
29.056,1.620
16.795,1.620
16.708,1.531
17.298,1.629
16.578,1.530
16.628,1.592
16.712,1.610
16.036,1.628
16.522,1.707
21.039,1.597
29.257,1.680
16.584,1.680
16.832,1.533
17.115,1.579
16.781,1.641
16.527,1.610
16.837,1.587
16.499,1.592
16.007,1.598
21.056,1.621
29.098,1.660
16.750,1.660
16.820,1.546
16.520,1.594
16.991,1.618
16.634,1.553
16.277,1.609
21.046,1.629
29.013,1.629
17.529,1.629
16.060,1.602
17.351,1.555
16.755,1.548
15.883,1.558
17.492,1.590
16.437,1.555
18.773,1.606
14.517,1.572
16.707,1.577
16.648,1.628
15.979,1.605
21.048,1.594
29.020,1.658
16.856,1.658
16.758,1.547
16.556,1.597
16.760,1.617
17.466,1.681
16.398,1.682
16.692,1.597
16.562,1.707
16.069,1.629
21.044,1.639
29.068,1.688
16.848,1.688
16.686,1.521
16.679,1.574
17.297,1.615
16.542,1.606
16.696,1.657
16.658,1.723
16.082,1.591
16.512,1.622
21.106,1.630
29.266,1.689
16.645,1.689
16.666,1.509
16.646,1.573
18.904,1.622
14.796,1.591
16.767,1.628
16.577,1.655
16.221,1.626
20.922,1.610
29.219,1.715
16.724,1.715
16.709,1.551
16.635,1.615
16.722,1.643
16.713,1.587
17.285,1.608
16.425,1.601
16.834,1.607
15.928,1.623
16.608,1.605
21.060,1.591
29.226,1.694
16.715,1.694
16.663,1.555
16.707,1.538
17.191,1.691
18.011,1.581
15.145,1.607
16.692,1.602
16.080,1.590
16.694,1.618
21.041,1.624
29.196,1.694
16.790,1.694
16.647,1.569
16.679,1.547
17.106,1.725
16.677,1.624
16.756,1.699
16.506,1.623
16.046,1.645
16.705,1.640
21.122,1.587
29.130,1.677
16.732,1.677
16.694,1.575
17.280,1.622
16.550,1.763
16.694,1.546
16.646,1.627
16.027,1.621
16.560,1.638
21.049,1.604
29.331,1.640
17.181,1.640
16.092,1.528
16.600,1.570
17.318,1.685
17.120,1.669
16.263,1.605
16.584,1.609
16.004,1.623
17.197,1.628
20.519,1.613
29.118,1.738
16.760,1.738
16.750,1.574
16.572,1.596
16.703,1.588
16.748,1.630
17.177,1.625
16.568,1.626
16.843,1.611
15.927,1.610
16.581,1.636
21.065,1.619
29.274,1.692
16.641,1.692
16.710,1.559
17.243,1.671
16.664,1.604
18.059,1.618
14.978,1.625
16.820,1.603
16.044,1.609
21.115,1.690
29.026,1.823
17.526,1.823
16.244,1.575
16.403,1.695
17.273,1.599
15.976,1.607
16.608,1.608
21.134,1.602
29.186,1.836
17.165,1.836
16.667,1.663
16.719,1.735
16.767,1.748
15.783,1.633
20.968,1.657
29.173,1.674
16.662,1.763
16.844,1.630
16.676,1.711
17.305,1.677
20.110,1.717
29.254,1.728
16.881,1.763
16.682,1.648
16.315,1.662
21.058,1.688
44.144,1.686
16.702,1.686
18.454,1.641
17.079,1.687
20.261,1.606
29.245,1.726
16.716,1.757
16.710,1.593
17.071,1.674
16.433,1.700
20.657,1.607
29.190,1.692
16.601,1.802
16.742,1.689
17.252,1.675
16.012,1.656
20.936,1.601
29.084,1.760
16.818,1.760
16.709,1.667
18.780,1.641
15.069,1.672
16.486,1.582
16.151,1.597
21.071,1.597
28.998,1.675
16.805,1.675
16.744,1.508
16.631,1.568
17.238,1.555
16.720,1.575
16.512,1.669
16.883,1.665
16.488,1.622
16.590,1.642
16.705,1.633
16.157,1.680
16.599,1.629
21.072,1.531
29.210,1.702
16.714,1.702
16.697,1.555
16.634,1.593
17.278,1.556
16.728,1.539
16.614,1.640
16.567,1.591
16.685,1.598
16.648,1.631
16.117,1.585
16.546,1.600
21.129,1.536
29.164,1.675
18.204,1.675
15.899,1.519
16.000,1.540
17.186,1.675
16.738,1.632
16.556,1.621
16.083,1.590
16.528,1.608
21.073,1.594
29.164,1.658
16.756,1.658
16.656,1.531
17.357,1.617
16.558,1.522
16.668,1.622
16.738,1.592
16.670,1.553
15.935,1.563
16.612,1.614
21.079,1.561
29.211,1.739
16.643,1.739
18.283,1.539
15.672,1.543
16.624,1.552
16.633,1.599
16.432,1.627
16.819,1.612
20.354,1.623
29.360,1.711
16.624,1.711
16.676,1.568
17.037,1.641
16.928,1.609
16.346,1.648
16.167,1.680
21.063,1.615
29.119,1.685
16.835,1.685
16.596,1.564
17.261,1.684
16.581,1.624
15.933,1.662
21.141,1.634
29.362,1.749
16.426,1.781
16.823,1.541
16.801,1.717
16.876,1.649
16.044,1.556
21.092,1.604
29.143,1.768
16.634,1.768
17.610,1.619
17.770,1.690
15.232,1.628
16.796,1.623
15.842,1.641
21.103,1.601
29.220,1.687
16.650,1.738
17.372,1.591
16.627,1.620
16.512,1.667
16.061,1.630
20.943,1.667
29.210,1.706
16.727,1.706
16.670,1.607
16.648,1.676
17.219,1.542
16.037,1.590
16.573,1.554
21.070,1.681
29.213,1.772
18.269,1.716
15.277,1.571
16.541,1.697
17.190,1.638
15.947,1.614
16.592,1.599
21.089,1.657
29.178,1.748
16.639,1.748
17.279,1.569
17.001,1.564
16.263,1.643
16.780,1.624
16.034,1.681
20.953,1.658
29.193,1.721
16.694,1.721
16.709,1.566
16.630,1.682
17.311,1.558
16.544,1.627
16.571,1.605
16.035,1.596
21.067,1.555
29.204,1.684
16.716,1.684
16.638,1.580
16.874,1.612
17.038,1.647
16.681,1.529
16.022,1.538
16.575,1.555
16.689,1.586
21.058,1.663
31.047,1.729
14.906,1.729
16.654,1.536
17.273,1.635
16.370,1.616
16.121,1.638
21.035,1.607
29.069,1.627
16.887,1.627
16.704,1.542
16.672,1.560
16.521,1.611
17.353,1.645
16.592,1.621
16.097,1.665
16.542,1.625
21.056,1.605
29.161,1.553
16.691,1.553
16.799,1.537
18.151,1.552
15.642,1.586
16.756,1.587
16.552,1.638
16.612,1.543
16.033,1.556
21.119,1.542
28.992,1.633
16.886,1.633
16.642,1.527
17.724,1.549
16.328,1.633
16.558,1.646
16.592,1.669
16.014,1.681
16.646,1.628
21.082,1.592
29.182,1.695
17.281,1.695
16.155,1.585
16.684,1.652
17.169,1.632
16.008,1.582
17.327,1.705
16.525,1.643
16.069,1.656
21.171,1.642
29.007,1.711
17.208,1.711
16.335,1.582
16.570,1.620
17.281,1.633
16.583,1.690
16.528,1.726
20.473,1.623
31.015,1.770
14.911,1.770
16.688,1.665
17.173,1.683
16.003,1.613
20.974,1.528
29.235,1.716
16.717,1.716
16.564,1.576
16.749,1.716
17.261,1.577
15.938,1.571
17.130,1.630
20.532,1.545
29.084,1.730
16.845,1.730
16.706,1.612
16.687,1.631
17.179,1.680
18.144,1.648
14.994,1.626
16.554,1.570
20.613,1.615
29.367,1.731
16.556,1.731
16.899,1.524
17.190,1.538
16.394,1.547
16.804,1.598
16.768,1.642
15.980,1.626
16.539,1.637
21.039,1.648
29.040,1.699
16.768,1.699
16.757,1.534
16.701,1.617
17.190,1.570
16.692,1.579
16.653,1.586
16.608,1.570
16.065,1.612
16.550,1.560
21.100,1.651
29.020,1.644
16.801,1.644
16.782,1.581
16.716,1.599
17.444,1.589
16.328,1.616
16.744,1.615
16.548,1.648
16.669,1.653
16.045,1.722
16.667,1.671
22.611,1.664
27.540,1.782
16.843,1.782
16.654,1.580
16.635,1.576
17.348,1.718
16.595,1.581
16.602,1.664
16.600,1.684
16.052,1.594
21.084,1.596
29.256,1.753
16.575,1.753
16.775,1.539
17.281,1.597
16.660,1.648
16.602,1.664
16.610,1.686
16.608,1.589
17.695,1.598
15.024,1.547
21.034,1.693
29.061,1.725
16.807,1.725
16.794,1.588
16.661,1.608
16.557,1.606
17.357,1.602
16.657,1.616
16.691,1.677
16.632,1.653
16.554,1.625
16.843,1.618
15.991,1.543
16.671,1.582
16.556,1.667
21.051,1.691
29.010,1.629
16.891,1.629
16.727,1.654
16.675,1.651
16.553,1.652
17.413,1.632
16.677,1.599
16.713,1.610
16.180,1.642
17.223,1.627
16.731,1.660
16.429,1.654
16.700,1.603
16.659,1.600
16.726,1.630
16.658,1.579
16.607,1.732
16.726,1.687
16.671,1.717
17.636,1.700
14.993,1.546
21.056,1.559
29.153,1.627
16.767,1.627
16.699,1.590
16.656,1.580
17.278,1.602
16.592,1.588
16.641,1.587
16.758,1.672
16.649,1.704
16.651,1.699
16.644,1.641
16.672,1.674
15.990,1.544
16.602,1.597
21.132,1.658
29.476,1.685
18.101,1.785
14.967,1.678
16.705,1.643
17.368,1.634
16.021,1.614
17.190,1.605
16.056,1.610
17.334,1.732
16.569,1.719
16.777,1.779
16.721,1.695
16.045,1.622
16.471,1.641
21.160,1.601
29.209,1.654
16.566,1.654
16.945,1.608
16.483,1.607
17.207,1.708
16.801,1.614
16.458,1.630
16.790,1.604
16.627,1.665
16.628,1.602
16.587,1.778
16.674,1.668
16.049,1.618
21.046,1.621
29.043,1.626
16.794,1.626
16.870,1.618
16.541,1.631
17.475,1.610
16.166,1.691
16.382,1.617
17.466,1.598
16.669,1.615
18.138,1.595
15.071,1.626
16.803,1.614
16.685,1.590
16.569,1.681
16.628,1.600
16.621,1.674
16.665,1.637
16.107,1.706
16.547,1.567
16.657,1.582
21.059,1.611
29.135,1.677
16.704,1.677
16.756,1.623
16.717,1.632
17.319,1.683
16.013,1.698
17.242,1.619
16.577,1.617
17.816,1.641
15.674,1.619
16.634,1.640
16.784,1.650
16.536,1.706
16.713,1.698
16.642,1.722
16.675,1.632
16.739,1.669
15.921,1.622
16.711,1.545
21.108,1.617
28.981,1.616
16.848,1.616
16.704,1.640
16.644,1.703
16.717,1.650
16.818,1.644
17.127,1.641
16.630,1.659
16.622,1.608
16.657,1.610
16.815,1.610
16.799,1.599
16.483,1.586
16.633,1.584
16.837,1.583
16.583,1.609
16.651,1.736
16.666,1.693
16.588,1.675
15.980,1.778
16.662,1.726
21.063,1.695
29.251,1.736
16.648,1.736
16.677,1.606
18.167,1.595
15.194,1.626
17.309,1.607
16.614,1.593
16.673,1.589
16.833,1.602
16.600,1.606
16.692,1.752
16.547,1.678
16.738,1.583
16.629,1.730
16.694,1.773
16.727,1.731
16.604,1.583
16.687,1.634
16.636,1.679
16.065,1.677
16.542,1.628
21.106,1.602
29.162,1.736
18.355,1.736
15.243,1.571
16.482,1.581
17.329,1.606
16.695,1.601
15.992,1.609
17.306,1.584
16.663,1.591
16.625,1.728
16.814,1.580
16.582,1.663
16.724,1.677
16.629,1.688
16.749,1.620
16.680,1.690
16.516,1.679
16.836,1.615
16.586,1.694
16.545,1.709
16.065,1.616
16.665,1.673
21.123,1.679
29.016,1.760
16.844,1.760
17.368,1.567
15.968,1.655
17.245,1.638
16.105,1.666
16.638,1.623
16.807,1.662
17.261,1.601
16.136,1.617
17.138,1.606
16.652,1.630
16.872,1.598
16.488,1.621
16.260,1.596
17.168,1.622
18.029,1.598
15.231,1.662
16.890,1.592
16.076,1.596
17.122,1.784
16.615,1.666
16.610,1.775
16.624,1.732
16.134,1.741
16.604,1.653
21.086,1.672
29.076,1.717
16.822,1.717
16.719,1.591
16.672,1.639
17.173,1.662
16.155,1.661
17.291,1.669
16.065,1.644
17.328,1.634
17.626,1.644
15.066,1.657
16.628,1.603
17.327,1.607
16.799,1.620
16.616,1.623
16.693,1.730
16.077,1.572
17.001,1.622
16.798,1.692
16.758,1.741
16.662,1.722
16.677,1.654
16.002,1.765
16.619,1.696
16.683,1.635
21.052,1.565
29.026,1.604
16.760,1.604
16.813,1.593
16.732,1.638
16.570,1.691
16.853,1.647
17.165,1.663
16.042,1.669
16.836,1.678
16.548,1.646
16.653,1.653
16.661,1.662
17.348,1.640
16.170,1.663
16.566,1.625
16.648,1.612
17.291,1.628
16.608,1.613
16.877,1.598
16.553,1.599
16.608,1.611
18.198,1.586
15.196,1.765
16.693,1.715
16.625,1.722
16.702,1.735
16.621,1.675
16.576,1.699
16.110,1.687
16.619,1.791
16.645,1.669
21.057,1.626
29.057,1.653
16.871,1.653
16.744,1.611
16.667,1.661
16.674,1.639
17.214,1.649
15.960,1.688
17.462,1.651
16.079,1.620
18.302,1.675
14.968,1.666
17.305,1.660
16.668,1.659
16.641,1.595
16.673,1.613
16.698,1.597
16.709,1.705
16.176,1.579
17.057,1.680
16.644,1.688
16.848,1.673
16.616,1.670
16.588,1.787
16.230,1.691
17.133,1.699
16.090,1.760
16.610,1.674
16.674,1.559
21.044,1.643
29.040,1.614
16.880,1.614
16.663,1.600
16.737,1.677
17.265,1.699
16.033,1.670
17.315,1.664
16.663,1.730
15.994,1.698
17.290,1.696
16.700,1.719
16.094,1.712
17.212,1.679
16.177,1.734
17.179,1.675
16.351,1.735
16.523,1.687
17.265,1.747
16.510,1.745
16.249,1.698
17.386,1.718
15.979,1.762
17.311,1.690
16.063,1.730
16.654,1.701
16.733,1.702
16.592,1.665
16.788,1.642
16.759,1.645
16.528,1.650
17.336,1.623
16.061,1.599
17.203,1.634
16.724,1.586
16.025,1.704
17.347,1.588
16.594,1.576
16.747,1.783
16.632,1.726
18.143,1.720
15.081,1.713
16.075,1.727
16.626,1.686
16.850,1.670
20.961,1.665
28.998,1.639
16.844,1.639
16.814,1.605
16.604,1.721
17.263,1.737
16.717,1.800
16.159,1.716
17.336,1.637
16.501,1.656
15.943,1.668
16.781,1.661
17.417,1.671
15.918,1.673
17.352,1.608
16.621,1.584
16.072,1.606
17.243,1.584
16.258,1.673
17.044,1.664
16.762,1.733
16.672,1.722
16.655,1.664
16.675,1.633
16.617,1.704
16.884,1.805
15.879,1.813
17.253,1.691
15.987,1.688
21.062,1.653
29.120,1.619
17.399,1.619
16.851,1.628
15.918,1.624
17.328,1.617
16.681,1.616
16.557,1.625
16.329,1.618
17.123,1.598
16.667,1.636
16.846,1.675
15.734,1.688
16.882,1.667
17.267,1.610
16.626,1.617
16.148,1.603
17.184,1.580
16.860,1.605
16.461,1.616
16.696,1.729
16.676,1.731
16.674,1.722
16.634,1.685
18.205,1.730
14.941,1.627
16.609,1.713
16.190,1.691
21.077,1.600
29.112,1.685
16.863,1.685
16.794,1.606
16.624,1.670
17.231,1.709
16.670,1.722
16.009,1.699
17.365,1.646
16.685,1.655
16.050,1.637
16.670,1.605
17.338,1.632
16.711,1.626
16.526,1.611
16.049,1.611
17.307,1.588
16.686,1.600
15.982,1.675
17.449,1.732
16.590,1.608
16.650,1.720
16.632,1.707
16.622,1.696
16.805,1.718
16.006,1.737
16.618,1.698
16.668,1.683
21.069,1.627
29.056,1.646
16.824,1.646
16.719,1.591
16.638,1.649
17.309,1.647
17.626,1.690
15.086,1.694
16.875,1.680
17.133,1.633
16.677,1.631
16.708,1.668
16.544,1.692
16.121,1.682
17.254,1.649
16.790,1.664
15.995,1.675
17.223,1.657
16.160,1.725
17.244,1.663
16.222,1.721
16.610,1.716
16.699,1.662
17.260,1.665
16.098,1.687
16.799,1.643
18.062,1.610
15.046,1.595
17.511,1.597
16.474,1.618
16.799,1.706
16.559,1.587
16.714,1.672
16.515,1.737
16.774,1.673
16.692,1.651
16.662,1.650
16.714,1.683
16.623,1.766
16.170,1.681
16.507,1.666
16.643,1.678
16.693,1.617
21.057,1.700
29.102,1.617
16.805,1.617
16.713,1.600
16.686,1.625
16.701,1.651
16.738,1.654
17.074,1.650
16.157,1.694
17.308,1.652
16.202,1.693
17.112,1.654
16.872,1.637
16.007,1.684
16.690,1.637
17.193,1.623
16.702,1.632
16.067,1.640
16.573,1.609
17.464,1.590
15.945,1.583
17.308,1.588
18.019,1.613
15.395,1.583
16.564,1.583
16.735,1.636
16.673,1.713
16.648,1.585
16.639,1.673
16.095,1.680
17.311,1.657
16.665,1.632
16.680,1.683
16.777,1.638
16.645,1.750
16.631,1.585
16.692,1.668
16.576,1.717
16.734,1.776
16.536,1.691
16.819,1.692
16.690,1.729
18.042,1.684
15.146,1.682
16.021,1.793
16.691,1.694
21.122,1.682
28.944,1.642
16.913,1.642
16.849,1.618
16.799,1.676
17.156,1.673
16.624,1.696
16.366,1.624
16.953,1.730
16.122,1.676
17.283,1.639
16.178,1.634
17.249,1.664
15.914,1.620
17.268,1.596
16.031,1.625
17.290,1.602
16.710,1.590
16.085,1.667
17.052,1.708
16.881,1.703
16.431,1.658
16.150,1.715
16.659,1.799
16.660,1.723
21.108,1.702
29.082,1.731
16.790,1.731
16.736,1.582
16.650,1.567
17.328,1.597
16.579,1.616
16.893,1.592
16.462,1.601
18.267,1.714
15.082,1.612
16.687,1.684
16.817,1.670
16.458,1.713
16.724,1.704
16.610,1.729
16.723,1.742
16.088,1.705
17.169,1.675
16.002,1.703
16.720,1.684
16.654,1.675
21.059,1.665
29.017,1.628
16.907,1.628
16.724,1.609
16.613,1.668
16.743,1.686
