"record_type","category","rank","name","region","primary_finding","coverage","count","count_scope","update_frequency","license","commercial_use","redistribution","attribution","cost","access_method","key_or_approval","maturity","effort","recommendation","limitations","source_urls","as_of","evidence_status"
"method","all","","Selection scope and proposed ranks","","20 proposed shortlist entries per category across the top20 Census MSAs; 220 place rows total; NOT 20 entries in each metro. Rank is analytical curation for a WorldEngine pilot and does not assert a nationwide empirical ranking.","Top20 US MSAs by July 1 2025 Census Vintage2025 population","220","11 categories x20 curated candidates","","","","","","","","","","","Join actual coordinates or footprints to Census county-based CBSA boundaries before ingestion. Keep category/metro IDs and stable agency IDs; separate name variants.","No universal importance metric. Candidate ranks reflect transport prominence, recognizable footprint and geographic context; no attendance or enrollment numbers are asserted. Dense metros repeat; no requirement that every category represent every metro. Riverside is in top20; Charlotte and Baltimore are excluded.","https://www.census.gov/data/tables/time-series/demo/popest/2020s-total-metro-and-micro-statistical-areas.html | https://www.census.gov/programs-surveys/metro-micro/about/delineation-files.html","2026-10-07","analysis; transparent proposed ranking"
"dataset","airports","","FAA NASR APT; NTAD Aviation Facilities; FAA CY2025 enplanements","United States","NASR includes airports and other landing facilities; use FAA identifiers and public/private/type filters. Enplanements support objective annual importance ranking.","US and territories; official operational aerodromes; airport-only/type filtering required","unclear","Exact current US APT airport-only count not computed; do not confuse landing facilities with airports","28-day NASR/NTAD; NTAD catalog modified2026-09-08; annual enplanements","NTAD Aviation Facilities explicit licence http://www.usa.gov/publicdomain/label/1.0/; federal NASR qualifying works US public domain under17 USC105","yes for qualifying federal data in US","yes for qualifying federal data in US","Credit FAA and release/effective date; attribution recommended rather than statutory copyright condition","public download; no posted fee","CSV/AIXM and annual report tables","no key for public downloads","high","low-medium","Use first for airports; rank only after loading CY2025 actual report and filtering top20 boundaries","Nearly3300 NPIAS airports is a scoped approximation not NASR universe; latest APT count unclear; no aeronautical navigation reliance","https://www.faa.gov/air_traffic/flight_info/aeronav/aero_data/NASR_Subscription/ | https://www.faa.gov/airports/planning_capacity/passenger_allcargo_stats/passenger | https://www.copyright.gov/title17/92chap1.html | https://catalog.data.gov/dataset/aviation-facilities","2026-10-07","primary federal catalog licence/cadence checked; exact airport-only count unclear"
"dataset","major transit hubs/stations","","BTS National Transit Map stops; operator GTFS","United States","National aggregation of GTFS stops and routes; station entrances and stop positions are not deduplicated physical major hubs.","United States; scope details in count_scope","unclear","US unique major hub/station count not published/verified; stop rows must not be presented as hubs","GTFS agency feeds; inspect each release date","BTS states NTD-required submitted GTFS enters public domain; older voluntary feeds granted USDOT CC BY3.0US; confirm specific redistribution metadata","conditional by feed provenance","conditional; do not infer all historical source feeds globally public domain","Credit agency/BTS and date; CC BY obligations when applicable","public catalog; no posted fee","GTFS catalog and geospatial stops","no public-reading key verified; agency submission FACES account is separate","high for stops; medium for hubs","medium-high","Cluster parent_station/stop_id and entrances; cross-check operators; rank by sourced ridership if comparable","Incomplete or changing feed coverage; streetside bus stops inflate counts; agency API/feed licences may differ","https://www.bts.gov/national-transit-map | https://ntmcatalog.bts.gov/","2026-10-07","primary documentation checked; unclear fields explicitly unverified"
"dataset","Amtrak stations","","Amtrak station pages + annual reports; BTS NTAD rail facilities candidate","United States","Operator station directory and reports are authoritative for identity and station usage; no open national Amtrak commercial redistribution licence verified.","United States; scope details in count_scope","unclear","US rail-served station count distinct from Canadian stations and Thruway bus destinations; not computed","operator changes; annual fiscal-year facts","Amtrak terms updated2025-03-05 reserve rights and restrict copying/distributing materials without prior written permission","not blanket permitted for website materials","prior written permission per website terms; seek licensed station facts feed","retain copyright/proprietary notices when authorized","public reference pages; bulk licence cost unclear","manual official lookup; negotiate bulk licence or inspect NTAD metadata","permission for bulk site-material reuse; no public key verified","high reference; medium feed readiness","medium","Use official pages as references; prefer a permitted federal rail-station dataset or written licence for bulk ingestion","Amtrak is not automatically a US public-domain source; do not scrape under presumed federal exemption; report destinations is not station universe","https://www.amtrak.com/reports-documents | https://www.amtrak.com/web-notices-terms-of-use | https://www.bts.gov/ntad","2026-10-07","primary documentation checked; unclear fields explicitly unverified"
"dataset","stadiums/arenas","","Official venue operators; IAVM directory discovery","United States","No verified comprehensive authoritative national open stadium/arena inventory established; federate operators and seek a licensed venue database.","United States; scope details in count_scope","unclear","US stadiums/arenas; define capacity/event class and operational status first","operator changes; directory cadence unclear","operator-specific; no blanket open licence verified","unclear pending terms","unclear; written bulk licence needed for protected directory content","operator-specific","public lookup; directory/licence costs unclear","operator pages; IAVM membership directory discovery","directory membership or provider agreement may be required","medium fragmented","high","Build bounded curated pilot then procure a licence or documented public-agency datasets","IAVM members are people/global venue professionals; do not use member count as US venue count. Naming rights change; historical HIFLD availability must be verified.","https://iavm.org/","2026-10-07","primary documentation checked; unclear fields explicitly unverified"
"dataset","universities/colleges","","NCES IPEDS institutional characteristics HD directory","United States","Institutional directory with UNITID and location; release universe differs from degree-granting-only or TitleIV-only counts.","United States; scope details in count_scope","unclear","Current HD universe US-only count not computed; exclude territories or define inclusion; parent-reporting institutions differ","annual provisional then final releases","US federal-authored works: 17 USC105 US public domain; release-specific notice should be checked","yes for qualifying federal data in US","yes for qualifying federal data in US","Credit NCES/IPEDS and exact survey year/version","public download; no posted fee","IPEDS Data Center zipped CSV with dictionaries","no key for public files","high","low-medium","Use UNITID as institutional key; supplement campus polygons from official campus maps with rights clearance","IPEDS institution != campus; no national campus footprint count; overlaid branch campuses need disambiguation. Current universe count intentionally unclear.","https://nces.ed.gov/ipeds/datacenter/Default.aspx?fromIpeds=true&gotoReportId=7 | https://nces.ed.gov/ipeds/use-the-data | https://www.copyright.gov/title17/92chap1.html","2026-10-07","primary documentation checked; unclear fields explicitly unverified"
"dataset","national/state parks","","USGS PAD-US4.1; NPS unit list and visitor data; state stewards","United States","PAD-US official national protected-area boundary inventory; NPS list reports433 units, not433 national-park-designated parks.","US terrestrial and marine; states/territories","over436000","PAD-US land and marine units including overlapping designations/easements; NOT unique parks. NPS433 system units separately scoped","versioned PAD-US; NPS unit changes and annual visitation","USGS-authored/produced data US public domain; check DOI licence and third-party layer metadata","yes for qualifying USGS data","yes for qualifying USGS data; inspect release metadata","USGS requests source acknowledgement; include DOI/version and data stewards","public download; no posted fee","file geodatabase national/state; web services; official NPS visitor database","no key for public files; NPS API key if using NPS API","high","medium","Use PAD-US polygons and deduplicate site IDs; supplement state inventories. Add a separate nationwide rural-national-parks layer.","PAD-US units overlap and may not be public-access recreation parks. Major rural national parks excluded from metro shortlist. Everglades shortlist is Miami-Dade intersection only.","https://www.usgs.gov/programs/gap-analysis-project/science/pad-us-help-system | https://www.usgs.gov/faqs/are-usgs-reportspublications-copyrighted | https://www.nps.gov/aboutus/national-park-system.htm | https://www.nps.gov/subjects/socialscience/visitor-use-statistics-dashboard.htm","2026-10-07","primary documentation checked; unclear fields explicitly unverified"
"dataset","landmarks/monuments","","NPS National Register public spatial dataset + weekly listings; official operators","United States","NRHP inventory covers listed historic properties/districts/objects; not every contemporary landmark; restricted sites excluded from public spatial dataset.","United States; scope details in count_scope","unclear","Exact unrestricted US geodatabase/listing count not computed; districts != individual buildings/landmarks","download spreadsheet listings through2026-05-22; weekly listings supplement","federal-authored inventory US public domain under17 USC105; inspect metadata and nomination attachments individually","yes qualifying federal factual inventory; attachments conditional","yes qualifying federal inventory; photos/reports may retain third-party copyright","Credit NPS and file/weekly-list snapshot date","public download; no posted fee","NRHP spreadsheet/geodatabase via NPS IRMA; weekly list","no public download key verified","high historic; incomplete modern","medium-high","Use NRHP stable reference numbers; merge modern landmarks manually with official operator evidence","Sensitive locations withheld; spatial export and spreadsheet vintage differ; no blanket licence to images, logos, sculptural works or architectural plans","https://home.nps.gov/subjects/nationalregister/data-downloads.htm | https://www.nps.gov/subjects/nationalregister/weekly-list.htm | https://www.copyright.gov/title17/92chap1.html","2026-10-07","primary documentation checked; unclear fields explicitly unverified"
"dataset","bridges","","FHWA National Bridge Inventory","United States","Official annually submitted public highway bridge inventory; named bridge may comprise multiple structures/records.","United States; scope details in count_scope","unclear","Exact2026 US bridge total not computed from current tables; highway structures scope not all rail/pedestrian bridges","annual spring submissions; final archive byJune15 with interim corrections","US federal-authored compilation:17 USC105 US public domain; inspect source metadata","yes qualifying federal inventory in US","yes qualifying federal inventory in US","Credit FHWA/NBI and archive year; state/source IDs preserved","public tables/download; no posted fee","NBI files; InfoBridge; condition tables","no public download key verified","high","medium","Join state+structure IDs; collapse bridge complexes for landmark places; add rail/pedestrian sources separately","Transition to SNBI affects schema. Counts by structure and by named crossing differ. Exclude collapsed Baltimore Key Bridge; shortlist Washington Key Bridge is distinct.","https://www.fhwa.dot.gov/bridge/nbi.cfm | https://www.fhwa.dot.gov/bridge/britab.cfm | https://www.copyright.gov/title17/92chap1.html","2026-10-07","primary documentation checked; unclear fields explicitly unverified"
"dataset","hospitals","","CMS Hospital General Information xubh-q36u","United States","Medicare-registered hospital list with identifiers/address/type/rating; verified5419 rows in August13 2026 release.","United States; scope details in count_scope","5419","Dataset rows; Medicare-registered list; not all US healthcare buildings nor campuses","modified2026-07-22; released2026-08-13; check CMS release schedule","federal-authored works:17 USC105 US public domain; dataset explicit licence field not visible","yes qualifying federal data in US","yes qualifying federal data in US; explicit release licence field unclear","Credit CMS/dataset ID/release date recommended","public CSV/API; no posted fee","download CSV/Open Data API","no public-reading key requirement shown; check API quotas","high","low-medium","Use CMS FacilityID, retain leading zeros; geocode then verify campus footprint","Hospital systems have multiple facilities/campuses; shortlist is proposed geographic importance not care-quality ranking; changes to rating do not imply building changes","https://data.cms.gov/provider-data/dataset/xubh-q36u | https://data.cms.gov/provider-data/topics/hospitals | https://www.copyright.gov/title17/92chap1.html","2026-10-07","primary documentation checked; unclear fields explicitly unverified"
"dataset","malls","","Directory of Major Malls ShoppingCenters.com; official operator portfolios","United States","Commercial vendor inventory is a candidate for national shopping-center coverage; no authoritative open national mall-only inventory verified.","United States; scope details in count_scope","unclear","US mall-only current count not verified; avoid combined US/Canada shopping-center totals","provider maintained; exact update SLA unclear","commercial contract; no bulk redistribution grant verified","unclear until licensed","unclear until express sublicensing/embedding rights","contract-specific","paid/licence quotation; exact price unclear","vendor database inquiry; operator reference pages","account/licence required for commercial database access","medium-high commercial; licence unresolved","medium-high","Negotiate allowed display, storage, redistribution and derived geometry explicitly; bounded operator-confirmed pilot first","Mall definition matters: regional/superregional enclosed mall vs all shopping centers/outlet centers. Public webpage availability is not dataset licence.","https://shoppingcenters.com/who-we-are/ | https://www.icsc.com/news-and-views/industry-insights/marketplace-perspectives/performance-series/monthly-industry-benchmark","2026-10-07","primary documentation checked; unclear fields explicitly unverified"
"dataset","convention centres","","Official municipal/venue operators; IAVM directory discovery","United States","No verified authoritative comprehensive US open convention-centre inventory; operators establish identities, venue sizes and status.","United States; scope details in count_scope","unclear","US convention centers; define convention vs hotel conference/exhibition/fairground facilities","operator changes; no national cadence verified","operator-specific; no blanket open directory licence verified","unclear pending source licence","unclear; negotiate bulk protected-content reuse","operator-specific","public reference; directory/licence cost unclear","operator directories and public-facility reports","membership/licence may be needed for IAVM; no national open API verified","medium fragmented","high","Start20 official candidates and verify exhibition-space metric and footprint; seek municipalities' open facility data","Global IAVM member count is not US convention-centre count; expansion/name changes require versioning; operator webpages cannot be assumed reusable.","https://iavm.org/ | https://iavm.org/venue-excellence-award/","2026-10-07","primary documentation checked; unclear fields explicitly unverified"
"metro","scope","1","New York-Newark-Jersey City, NY-NJ","CBSA 35620","Official population rank 1 by POPESTIMATE2025; LSAD Metropolitan Statistical Area; sort descending. CBSA 35620","County-based official MSA; use Census delineation counties, not city limits or CSA","20112448","Resident population July1 2025; Census Vintage2025; US MSA ranking; excludes Puerto Rico","annual vintage revises entire series","US federal-authored works US public domain under17 USC105","yes qualifying federal data in US","yes qualifying federal data in US","Credit US Census Bureau, Vintage2025","free","official CSV","none","high","low","Use CBSA 35620 for metro scope","Rank is population only; not economic/cultural importance. Selection of place candidates need not cover every metro.","https://www2.census.gov/programs-surveys/popest/datasets/2020-2025/metro/totals/cbsa-est2025-alldata.csv | https://www.census.gov/data/tables/time-series/demo/popest/2020s-total-metro-and-micro-statistical-areas.html | https://www.census.gov/programs-surveys/metro-micro/about/delineation-files.html","2026-10-07","official CSV computed in memory by coordinating researcher"
"metro","scope","2","Los Angeles-Long Beach-Anaheim, CA","CBSA 31080","Official population rank 2 by POPESTIMATE2025; LSAD Metropolitan Statistical Area; sort descending. CBSA 31080","County-based official MSA; use Census delineation counties, not city limits or CSA","12844441","Resident population July1 2025; Census Vintage2025; US MSA ranking; excludes Puerto Rico","annual vintage revises entire series","US federal-authored works US public domain under17 USC105","yes qualifying federal data in US","yes qualifying federal data in US","Credit US Census Bureau, Vintage2025","free","official CSV","none","high","low","Use CBSA 31080 for metro scope","Rank is population only; not economic/cultural importance. Selection of place candidates need not cover every metro.","https://www2.census.gov/programs-surveys/popest/datasets/2020-2025/metro/totals/cbsa-est2025-alldata.csv | https://www.census.gov/data/tables/time-series/demo/popest/2020s-total-metro-and-micro-statistical-areas.html | https://www.census.gov/programs-surveys/metro-micro/about/delineation-files.html","2026-10-07","official CSV computed in memory by coordinating researcher"
"metro","scope","3","Chicago-Naperville-Elgin, IL-IN","CBSA 16980","Official population rank 3 by POPESTIMATE2025; LSAD Metropolitan Statistical Area; sort descending. CBSA 16980","County-based official MSA; use Census delineation counties, not city limits or CSA","9434123","Resident population July1 2025; Census Vintage2025; US MSA ranking; excludes Puerto Rico","annual vintage revises entire series","US federal-authored works US public domain under17 USC105","yes qualifying federal data in US","yes qualifying federal data in US","Credit US Census Bureau, Vintage2025","free","official CSV","none","high","low","Use CBSA 16980 for metro scope","Rank is population only; not economic/cultural importance. Selection of place candidates need not cover every metro.","https://www2.census.gov/programs-surveys/popest/datasets/2020-2025/metro/totals/cbsa-est2025-alldata.csv | https://www.census.gov/data/tables/time-series/demo/popest/2020s-total-metro-and-micro-statistical-areas.html | https://www.census.gov/programs-surveys/metro-micro/about/delineation-files.html","2026-10-07","official CSV computed in memory by coordinating researcher"
"metro","scope","4","Dallas-Fort Worth-Arlington, TX","CBSA 19100","Official population rank 4 by POPESTIMATE2025; LSAD Metropolitan Statistical Area; sort descending. CBSA 19100","County-based official MSA; use Census delineation counties, not city limits or CSA","8477157","Resident population July1 2025; Census Vintage2025; US MSA ranking; excludes Puerto Rico","annual vintage revises entire series","US federal-authored works US public domain under17 USC105","yes qualifying federal data in US","yes qualifying federal data in US","Credit US Census Bureau, Vintage2025","free","official CSV","none","high","low","Use CBSA 19100 for metro scope","Rank is population only; not economic/cultural importance. Selection of place candidates need not cover every metro.","https://www2.census.gov/programs-surveys/popest/datasets/2020-2025/metro/totals/cbsa-est2025-alldata.csv | https://www.census.gov/data/tables/time-series/demo/popest/2020s-total-metro-and-micro-statistical-areas.html | https://www.census.gov/programs-surveys/metro-micro/about/delineation-files.html","2026-10-07","official CSV computed in memory by coordinating researcher"
"metro","scope","5","Houston-Pasadena-The Woodlands, TX","CBSA 26420","Official population rank 5 by POPESTIMATE2025; LSAD Metropolitan Statistical Area; sort descending. CBSA 26420","County-based official MSA; use Census delineation counties, not city limits or CSA","7904627","Resident population July1 2025; Census Vintage2025; US MSA ranking; excludes Puerto Rico","annual vintage revises entire series","US federal-authored works US public domain under17 USC105","yes qualifying federal data in US","yes qualifying federal data in US","Credit US Census Bureau, Vintage2025","free","official CSV","none","high","low","Use CBSA 26420 for metro scope","Rank is population only; not economic/cultural importance. Selection of place candidates need not cover every metro.","https://www2.census.gov/programs-surveys/popest/datasets/2020-2025/metro/totals/cbsa-est2025-alldata.csv | https://www.census.gov/data/tables/time-series/demo/popest/2020s-total-metro-and-micro-statistical-areas.html | https://www.census.gov/programs-surveys/metro-micro/about/delineation-files.html","2026-10-07","official CSV computed in memory by coordinating researcher"
"metro","scope","6","Atlanta-Sandy Springs-Roswell, GA","CBSA 12060","Official population rank 6 by POPESTIMATE2025; LSAD Metropolitan Statistical Area; sort descending. CBSA 12060","County-based official MSA; use Census delineation counties, not city limits or CSA","6482182","Resident population July1 2025; Census Vintage2025; US MSA ranking; excludes Puerto Rico","annual vintage revises entire series","US federal-authored works US public domain under17 USC105","yes qualifying federal data in US","yes qualifying federal data in US","Credit US Census Bureau, Vintage2025","free","official CSV","none","high","low","Use CBSA 12060 for metro scope","Rank is population only; not economic/cultural importance. Selection of place candidates need not cover every metro.","https://www2.census.gov/programs-surveys/popest/datasets/2020-2025/metro/totals/cbsa-est2025-alldata.csv | https://www.census.gov/data/tables/time-series/demo/popest/2020s-total-metro-and-micro-statistical-areas.html | https://www.census.gov/programs-surveys/metro-micro/about/delineation-files.html","2026-10-07","official CSV computed in memory by coordinating researcher"
"metro","scope","7","Washington-Arlington-Alexandria, DC-VA-MD-WV","CBSA 47900","Official population rank 7 by POPESTIMATE2025; LSAD Metropolitan Statistical Area; sort descending. CBSA 47900","County-based official MSA; use Census delineation counties, not city limits or CSA","6465724","Resident population July1 2025; Census Vintage2025; US MSA ranking; excludes Puerto Rico","annual vintage revises entire series","US federal-authored works US public domain under17 USC105","yes qualifying federal data in US","yes qualifying federal data in US","Credit US Census Bureau, Vintage2025","free","official CSV","none","high","low","Use CBSA 47900 for metro scope","Rank is population only; not economic/cultural importance. Selection of place candidates need not cover every metro.","https://www2.census.gov/programs-surveys/popest/datasets/2020-2025/metro/totals/cbsa-est2025-alldata.csv | https://www.census.gov/data/tables/time-series/demo/popest/2020s-total-metro-and-micro-statistical-areas.html | https://www.census.gov/programs-surveys/metro-micro/about/delineation-files.html","2026-10-07","official CSV computed in memory by coordinating researcher"
"metro","scope","8","Miami-Fort Lauderdale-West Palm Beach, FL","CBSA 33100","Official population rank 8 by POPESTIMATE2025; LSAD Metropolitan Statistical Area; sort descending. CBSA 33100","County-based official MSA; use Census delineation counties, not city limits or CSA","6391072","Resident population July1 2025; Census Vintage2025; US MSA ranking; excludes Puerto Rico","annual vintage revises entire series","US federal-authored works US public domain under17 USC105","yes qualifying federal data in US","yes qualifying federal data in US","Credit US Census Bureau, Vintage2025","free","official CSV","none","high","low","Use CBSA 33100 for metro scope","Rank is population only; not economic/cultural importance. Selection of place candidates need not cover every metro.","https://www2.census.gov/programs-surveys/popest/datasets/2020-2025/metro/totals/cbsa-est2025-alldata.csv | https://www.census.gov/data/tables/time-series/demo/popest/2020s-total-metro-and-micro-statistical-areas.html | https://www.census.gov/programs-surveys/metro-micro/about/delineation-files.html","2026-10-07","official CSV computed in memory by coordinating researcher"
"metro","scope","9","Philadelphia-Camden-Wilmington, PA-NJ-DE-MD","CBSA 37980","Official population rank 9 by POPESTIMATE2025; LSAD Metropolitan Statistical Area; sort descending. CBSA 37980","County-based official MSA; use Census delineation counties, not city limits or CSA","6329118","Resident population July1 2025; Census Vintage2025; US MSA ranking; excludes Puerto Rico","annual vintage revises entire series","US federal-authored works US public domain under17 USC105","yes qualifying federal data in US","yes qualifying federal data in US","Credit US Census Bureau, Vintage2025","free","official CSV","none","high","low","Use CBSA 37980 for metro scope","Rank is population only; not economic/cultural importance. Selection of place candidates need not cover every metro.","https://www2.census.gov/programs-surveys/popest/datasets/2020-2025/metro/totals/cbsa-est2025-alldata.csv | https://www.census.gov/data/tables/time-series/demo/popest/2020s-total-metro-and-micro-statistical-areas.html | https://www.census.gov/programs-surveys/metro-micro/about/delineation-files.html","2026-10-07","official CSV computed in memory by coordinating researcher"
"metro","scope","10","Phoenix-Mesa-Chandler, AZ","CBSA 38060","Official population rank 10 by POPESTIMATE2025; LSAD Metropolitan Statistical Area; sort descending. CBSA 38060","County-based official MSA; use Census delineation counties, not city limits or CSA","5228938","Resident population July1 2025; Census Vintage2025; US MSA ranking; excludes Puerto Rico","annual vintage revises entire series","US federal-authored works US public domain under17 USC105","yes qualifying federal data in US","yes qualifying federal data in US","Credit US Census Bureau, Vintage2025","free","official CSV","none","high","low","Use CBSA 38060 for metro scope","Rank is population only; not economic/cultural importance. Selection of place candidates need not cover every metro.","https://www2.census.gov/programs-surveys/popest/datasets/2020-2025/metro/totals/cbsa-est2025-alldata.csv | https://www.census.gov/data/tables/time-series/demo/popest/2020s-total-metro-and-micro-statistical-areas.html | https://www.census.gov/programs-surveys/metro-micro/about/delineation-files.html","2026-10-07","official CSV computed in memory by coordinating researcher"
"metro","scope","11","Boston-Cambridge-Newton, MA-NH","CBSA 14460","Official population rank 11 by POPESTIMATE2025; LSAD Metropolitan Statistical Area; sort descending. CBSA 14460","County-based official MSA; use Census delineation counties, not city limits or CSA","5034221","Resident population July1 2025; Census Vintage2025; US MSA ranking; excludes Puerto Rico","annual vintage revises entire series","US federal-authored works US public domain under17 USC105","yes qualifying federal data in US","yes qualifying federal data in US","Credit US Census Bureau, Vintage2025","free","official CSV","none","high","low","Use CBSA 14460 for metro scope","Rank is population only; not economic/cultural importance. Selection of place candidates need not cover every metro.","https://www2.census.gov/programs-surveys/popest/datasets/2020-2025/metro/totals/cbsa-est2025-alldata.csv | https://www.census.gov/data/tables/time-series/demo/popest/2020s-total-metro-and-micro-statistical-areas.html | https://www.census.gov/programs-surveys/metro-micro/about/delineation-files.html","2026-10-07","official CSV computed in memory by coordinating researcher"
"metro","scope","12","Riverside-San Bernardino-Ontario, CA","CBSA 40140","Official population rank 12 by POPESTIMATE2025; LSAD Metropolitan Statistical Area; sort descending. CBSA 40140","County-based official MSA; use Census delineation counties, not city limits or CSA","4769007","Resident population July1 2025; Census Vintage2025; US MSA ranking; excludes Puerto Rico","annual vintage revises entire series","US federal-authored works US public domain under17 USC105","yes qualifying federal data in US","yes qualifying federal data in US","Credit US Census Bureau, Vintage2025","free","official CSV","none","high","low","Use CBSA 40140 for metro scope","Rank is population only; not economic/cultural importance. Selection of place candidates need not cover every metro.","https://www2.census.gov/programs-surveys/popest/datasets/2020-2025/metro/totals/cbsa-est2025-alldata.csv | https://www.census.gov/data/tables/time-series/demo/popest/2020s-total-metro-and-micro-statistical-areas.html | https://www.census.gov/programs-surveys/metro-micro/about/delineation-files.html","2026-10-07","official CSV computed in memory by coordinating researcher"
"metro","scope","13","San Francisco-Oakland-Fremont, CA","CBSA 41860","Official population rank 13 by POPESTIMATE2025; LSAD Metropolitan Statistical Area; sort descending. CBSA 41860","County-based official MSA; use Census delineation counties, not city limits or CSA","4630041","Resident population July1 2025; Census Vintage2025; US MSA ranking; excludes Puerto Rico","annual vintage revises entire series","US federal-authored works US public domain under17 USC105","yes qualifying federal data in US","yes qualifying federal data in US","Credit US Census Bureau, Vintage2025","free","official CSV","none","high","low","Use CBSA 41860 for metro scope","Rank is population only; not economic/cultural importance. Selection of place candidates need not cover every metro.","https://www2.census.gov/programs-surveys/popest/datasets/2020-2025/metro/totals/cbsa-est2025-alldata.csv | https://www.census.gov/data/tables/time-series/demo/popest/2020s-total-metro-and-micro-statistical-areas.html | https://www.census.gov/programs-surveys/metro-micro/about/delineation-files.html","2026-10-07","official CSV computed in memory by coordinating researcher"
"metro","scope","14","Detroit-Warren-Dearborn, MI","CBSA 19820","Official population rank 14 by POPESTIMATE2025; LSAD Metropolitan Statistical Area; sort descending. CBSA 19820","County-based official MSA; use Census delineation counties, not city limits or CSA","4390913","Resident population July1 2025; Census Vintage2025; US MSA ranking; excludes Puerto Rico","annual vintage revises entire series","US federal-authored works US public domain under17 USC105","yes qualifying federal data in US","yes qualifying federal data in US","Credit US Census Bureau, Vintage2025","free","official CSV","none","high","low","Use CBSA 19820 for metro scope","Rank is population only; not economic/cultural importance. Selection of place candidates need not cover every metro.","https://www2.census.gov/programs-surveys/popest/datasets/2020-2025/metro/totals/cbsa-est2025-alldata.csv | https://www.census.gov/data/tables/time-series/demo/popest/2020s-total-metro-and-micro-statistical-areas.html | https://www.census.gov/programs-surveys/metro-micro/about/delineation-files.html","2026-10-07","official CSV computed in memory by coordinating researcher"
"metro","scope","15","Seattle-Tacoma-Bellevue, WA","CBSA 42660","Official population rank 15 by POPESTIMATE2025; LSAD Metropolitan Statistical Area; sort descending. CBSA 42660","County-based official MSA; use Census delineation counties, not city limits or CSA","4161883","Resident population July1 2025; Census Vintage2025; US MSA ranking; excludes Puerto Rico","annual vintage revises entire series","US federal-authored works US public domain under17 USC105","yes qualifying federal data in US","yes qualifying federal data in US","Credit US Census Bureau, Vintage2025","free","official CSV","none","high","low","Use CBSA 42660 for metro scope","Rank is population only; not economic/cultural importance. Selection of place candidates need not cover every metro.","https://www2.census.gov/programs-surveys/popest/datasets/2020-2025/metro/totals/cbsa-est2025-alldata.csv | https://www.census.gov/data/tables/time-series/demo/popest/2020s-total-metro-and-micro-statistical-areas.html | https://www.census.gov/programs-surveys/metro-micro/about/delineation-files.html","2026-10-07","official CSV computed in memory by coordinating researcher"
"metro","scope","16","Minneapolis-St. Paul-Bloomington, MN-WI","CBSA 33460","Official population rank 16 by POPESTIMATE2025; LSAD Metropolitan Statistical Area; sort descending. CBSA 33460","County-based official MSA; use Census delineation counties, not city limits or CSA","3790295","Resident population July1 2025; Census Vintage2025; US MSA ranking; excludes Puerto Rico","annual vintage revises entire series","US federal-authored works US public domain under17 USC105","yes qualifying federal data in US","yes qualifying federal data in US","Credit US Census Bureau, Vintage2025","free","official CSV","none","high","low","Use CBSA 33460 for metro scope","Rank is population only; not economic/cultural importance. Selection of place candidates need not cover every metro.","https://www2.census.gov/programs-surveys/popest/datasets/2020-2025/metro/totals/cbsa-est2025-alldata.csv | https://www.census.gov/data/tables/time-series/demo/popest/2020s-total-metro-and-micro-statistical-areas.html | https://www.census.gov/programs-surveys/metro-micro/about/delineation-files.html","2026-10-07","official CSV computed in memory by coordinating researcher"
"metro","scope","17","Tampa-St. Petersburg-Clearwater, FL","CBSA 45300","Official population rank 17 by POPESTIMATE2025; LSAD Metropolitan Statistical Area; sort descending. CBSA 45300","County-based official MSA; use Census delineation counties, not city limits or CSA","3418895","Resident population July1 2025; Census Vintage2025; US MSA ranking; excludes Puerto Rico","annual vintage revises entire series","US federal-authored works US public domain under17 USC105","yes qualifying federal data in US","yes qualifying federal data in US","Credit US Census Bureau, Vintage2025","free","official CSV","none","high","low","Use CBSA 45300 for metro scope","Rank is population only; not economic/cultural importance. Selection of place candidates need not cover every metro.","https://www2.census.gov/programs-surveys/popest/datasets/2020-2025/metro/totals/cbsa-est2025-alldata.csv | https://www.census.gov/data/tables/time-series/demo/popest/2020s-total-metro-and-micro-statistical-areas.html | https://www.census.gov/programs-surveys/metro-micro/about/delineation-files.html","2026-10-07","official CSV computed in memory by coordinating researcher"
"metro","scope","18","San Diego-Chula Vista-Carlsbad, CA","CBSA 41740","Official population rank 18 by POPESTIMATE2025; LSAD Metropolitan Statistical Area; sort descending. CBSA 41740","County-based official MSA; use Census delineation counties, not city limits or CSA","3282248","Resident population July1 2025; Census Vintage2025; US MSA ranking; excludes Puerto Rico","annual vintage revises entire series","US federal-authored works US public domain under17 USC105","yes qualifying federal data in US","yes qualifying federal data in US","Credit US Census Bureau, Vintage2025","free","official CSV","none","high","low","Use CBSA 41740 for metro scope","Rank is population only; not economic/cultural importance. Selection of place candidates need not cover every metro.","https://www2.census.gov/programs-surveys/popest/datasets/2020-2025/metro/totals/cbsa-est2025-alldata.csv | https://www.census.gov/data/tables/time-series/demo/popest/2020s-total-metro-and-micro-statistical-areas.html | https://www.census.gov/programs-surveys/metro-micro/about/delineation-files.html","2026-10-07","official CSV computed in memory by coordinating researcher"
"metro","scope","19","Denver-Aurora-Centennial, CO","CBSA 19740","Official population rank 19 by POPESTIMATE2025; LSAD Metropolitan Statistical Area; sort descending. CBSA 19740","County-based official MSA; use Census delineation counties, not city limits or CSA","3092037","Resident population July1 2025; Census Vintage2025; US MSA ranking; excludes Puerto Rico","annual vintage revises entire series","US federal-authored works US public domain under17 USC105","yes qualifying federal data in US","yes qualifying federal data in US","Credit US Census Bureau, Vintage2025","free","official CSV","none","high","low","Use CBSA 19740 for metro scope","Rank is population only; not economic/cultural importance. Selection of place candidates need not cover every metro.","https://www2.census.gov/programs-surveys/popest/datasets/2020-2025/metro/totals/cbsa-est2025-alldata.csv | https://www.census.gov/data/tables/time-series/demo/popest/2020s-total-metro-and-micro-statistical-areas.html | https://www.census.gov/programs-surveys/metro-micro/about/delineation-files.html","2026-10-07","official CSV computed in memory by coordinating researcher"
"metro","scope","20","Orlando-Kissimmee-Sanford, FL","CBSA 36740","Official population rank 20 by POPESTIMATE2025; LSAD Metropolitan Statistical Area; sort descending. CBSA 36740","County-based official MSA; use Census delineation counties, not city limits or CSA","2957672","Resident population July1 2025; Census Vintage2025; US MSA ranking; excludes Puerto Rico","annual vintage revises entire series","US federal-authored works US public domain under17 USC105","yes qualifying federal data in US","yes qualifying federal data in US","Credit US Census Bureau, Vintage2025","free","official CSV","none","high","low","Use CBSA 36740 for metro scope","Rank is population only; not economic/cultural importance. Selection of place candidates need not cover every metro.","https://www2.census.gov/programs-surveys/popest/datasets/2020-2025/metro/totals/cbsa-est2025-alldata.csv | https://www.census.gov/data/tables/time-series/demo/popest/2020s-total-metro-and-micro-statistical-areas.html | https://www.census.gov/programs-surveys/metro-micro/about/delineation-files.html","2026-10-07","official CSV computed in memory by coordinating researcher"
"method","ranking","","Optional reproducible prominence score","","Proposed score: use comparable official traffic/visits/enrollment/capacity within each category; document coverage and year. If absent use clearly-labelled analyst importance. Wikimedia pageviews can measure online attention only, not visits or institutional importance.","","","","","","","","","","","","","","Freeze a12-month window; join official IDs to Wikidata QIDs; use user pageviews across stated language projects; archive query and score components. No computed score asserted for these220 candidates.","Different categories' metrics are incomparable; bots, redirects, multilingual titles, missing pages and news spikes affect pageviews. Analyst ranks here are not output of this proposed scoring formula.","https://www.faa.gov/airports/planning_capacity/passenger_allcargo_stats/passenger | https://www.nps.gov/subjects/socialscience/visitor-use-statistics-dashboard.htm | https://nces.ed.gov/ipeds/use-the-data | https://doc.wikimedia.org/generated-data-platform/aqs/analytics-api/concepts/page-views.html","2026-10-07","primary legal/provider policy checked; implications are analysis"
"dataset","optional identifiers","","Wikidata structured data","","","global community-maintained entity graph","unclear","US relevant place class count not queried; not authoritative national completeness","continuous edits; pin dump/revision","CC0 for structured namespaces; other namespace text CC BY-SA4.0","yes structured data","yes structured data","not required forCC0; source/provenance credit recommended","free public access","entity JSON/RDF; dumps; query service per policy","no key for public entity/dump access; comply load policies","high identifiers; uneven class coverage","medium","Optional QID crosswalk; validate official-source claims. Do not use as authoritative US category count.","Media and Wikipedia text have separate licences; CC0 structured data does not license linked images/logos.","https://www.wikidata.org/wiki/Wikidata:Licensing | https://www.wikidata.org/wiki/Wikidata:Data_access","2026-10-07","primary legal/provider policy checked; implications are analysis"
"dataset","optional prominence","","Wikimedia Analytics pageviews API","","","Wikimedia article attention by project/access/agent/time","unclear","No US place shortlist pageview query executed","daily/monthly metrics; fix exact period","CC0 1.0 API data","yes","yes","CC0 no mandatory copyright attribution; comply API User-Agent policy","open/free","REST JSON and bulk data","User-Agent required; rate limits apply; no public-reading key documented","high attention metrics; weak place-importance proxy","medium","Use optional tie-breaker after official ID matching; clearly distinguish online attention from footfall","English-only selection biases; redirects not counted toward article; news spikes; no fact authority for identity/boundaries","https://doc.wikimedia.org/generated-data-platform/aqs/analytics-api/documentation/access-policy.html | https://doc.wikimedia.org/generated-data-platform/aqs/analytics-api/documentation/getting-started.html | https://doc.wikimedia.org/generated-data-platform/aqs/analytics-api/concepts/page-views.html","2026-10-07","primary legal/provider policy checked; implications are analysis"
"legal","all","","Government data and factual place records","","17 USC105 excludes qualifying US Government works from US copyright; government possession alone does not establish public domain. Section102(b) excludes ideas/methods; raw facts and creative compilations differ. Federal exemption does not automatically apply to states, municipalities, contractors or Amtrak.","","","","","","conditional on actual rights/provenance","conditional; dataset notices/contracts and foreign rights need review","Statutory public-domain status alone no attribution licence obligation; agencies request credit; honour source-specific terms","","","","","","Track release-specific licence, author, contributors and date; licence photos/maps/logos separately","General research decision rule, not a blanket commercial clearance opinion.","https://www.copyright.gov/title17/92chap1.html | https://www.usgs.gov/data-management/data-licensing | https://www.amtrak.com/web-notices-terms-of-use","2026-10-07","primary legal/provider policy checked; implications are analysis"
"legal","all","","Buildings, artwork, photographs and logos","","17 USC120(a) permits pictorial representations of constructed architectural works located in or ordinarily visible from public places. It does not expressly grant blanket permission for3D model replication or separate sculpture/artwork. Names/short phrases are generally outside copyright; sufficiently creative logos/photos/artworks may be protected and trademark issues remain.","","","","","","asset-specific clearance required","asset-specific; factual inventory licence is not imagery/model licence","","","","","","","Use facts and independently created permissible representations; record separate artwork/logo/photo/plan clearances; obtain legal review for detailed3D reproductions of protected works","Public access to a place or image does not itself convey reproduction rights. Avoid categorical freedom-of-panorama claims covering all public artwork.","https://www.copyright.gov/title17/92chap1.html | https://www.copyright.gov/register/va-architecture.html | https://www.copyright.gov/help/faq/faq-protect.html | https://www.copyright.gov/circs/circ33.pdf","2026-10-07","primary legal/provider policy checked; implications are analysis"
"place","airports","1","Hartsfield-Jackson Atlanta International Airport","Atlanta-Sandy Springs-Roswell, GA | CBSA 12060","Proposed transport prominence candidate; annual FAA enplanements should replace proposed rank when scored.","One of20 nationally shortlisted candidates in this category within top20 MSAs","1","candidate place, not national inventory count","inherit category source row; verify current operator/name before ingestion","inherit category dataset row for underlying data only; operator website/imagery rights separate","inherit category dataset permissions; candidate fact reference is not asset clearance","inherit category dataset permissions; do not copy operator protected content without licence","source operator + agency dataset/version when ingested","inherit category dataset; source webpage reference public, imagery/data licence separate","official operator/public-agency URL; obtain source agency ID and coordinates","inherit category dataset; operator permission may be needed for assets/bulk materials","curated pilot candidate","low identity; medium-high footprint/licensing","Proposed priority 1; validate official ID, name, status and CBSA intersection; rank metric can be refined","Analytical proposed rank, not authoritative nationwide top20. Official coordinate/footprint-to-CBSA join not executed; system-wide homepages do not validate every campus detail. Automated reference response 403; normal browser/manual verification needed. ","https://www.atl.com/","2026-10-07","primary operator URL supplied; automated page blocked or unresolved; proposed candidate needs page/identity verification"
"place","airports","2","Dallas Fort Worth International Airport","Dallas-Fort Worth-Arlington, TX | CBSA 19100","Proposed transport prominence candidate; annual FAA enplanements should replace proposed rank when scored.","One of20 nationally shortlisted candidates in this category within top20 MSAs","1","candidate place, not national inventory count","inherit category source row; verify current operator/name before ingestion","inherit category dataset row for underlying data only; operator website/imagery rights separate","inherit category dataset permissions; candidate fact reference is not asset clearance","inherit category dataset permissions; do not copy operator protected content without licence","source operator + agency dataset/version when ingested","inherit category dataset; source webpage reference public, imagery/data licence separate","official operator/public-agency URL; obtain source agency ID and coordinates","inherit category dataset; operator permission may be needed for assets/bulk materials","curated pilot candidate","low identity; medium-high footprint/licensing","Proposed priority 2; validate official ID, name, status and CBSA intersection; rank metric can be refined","Analytical proposed rank, not authoritative nationwide top20. Official coordinate/footprint-to-CBSA join not executed; system-wide homepages do not validate every campus detail. ","https://www.dfwairport.com/","2026-10-07","primary operator page reachable; identity/title checked; proposed rank; boundary join pending"
"place","airports","3","Chicago O'Hare International Airport","Chicago-Naperville-Elgin, IL-IN | CBSA 16980","Proposed transport prominence candidate; annual FAA enplanements should replace proposed rank when scored.","One of20 nationally shortlisted candidates in this category within top20 MSAs","1","candidate place, not national inventory count","inherit category source row; verify current operator/name before ingestion","inherit category dataset row for underlying data only; operator website/imagery rights separate","inherit category dataset permissions; candidate fact reference is not asset clearance","inherit category dataset permissions; do not copy operator protected content without licence","source operator + agency dataset/version when ingested","inherit category dataset; source webpage reference public, imagery/data licence separate","official operator/public-agency URL; obtain source agency ID and coordinates","inherit category dataset; operator permission may be needed for assets/bulk materials","curated pilot candidate","low identity; medium-high footprint/licensing","Proposed priority 3; validate official ID, name, status and CBSA intersection; rank metric can be refined","Analytical proposed rank, not authoritative nationwide top20. Official coordinate/footprint-to-CBSA join not executed; system-wide homepages do not validate every campus detail. ","https://www.flychicago.com/ohare/","2026-10-07","primary operator page reachable; identity/title checked; proposed rank; boundary join pending"
"place","airports","4","Denver International Airport","Denver-Aurora-Centennial, CO | CBSA 19740","Proposed transport prominence candidate; annual FAA enplanements should replace proposed rank when scored.","One of20 nationally shortlisted candidates in this category within top20 MSAs","1","candidate place, not national inventory count","inherit category source row; verify current operator/name before ingestion","inherit category dataset row for underlying data only; operator website/imagery rights separate","inherit category dataset permissions; candidate fact reference is not asset clearance","inherit category dataset permissions; do not copy operator protected content without licence","source operator + agency dataset/version when ingested","inherit category dataset; source webpage reference public, imagery/data licence separate","official operator/public-agency URL; obtain source agency ID and coordinates","inherit category dataset; operator permission may be needed for assets/bulk materials","curated pilot candidate","low identity; medium-high footprint/licensing","Proposed priority 4; validate official ID, name, status and CBSA intersection; rank metric can be refined","Analytical proposed rank, not authoritative nationwide top20. Official coordinate/footprint-to-CBSA join not executed; system-wide homepages do not validate every campus detail. Automated reference response 403; normal browser/manual verification needed. ","https://www.flydenver.com/","2026-10-07","primary operator URL supplied; automated page blocked or unresolved; proposed candidate needs page/identity verification"
"place","airports","5","Los Angeles International Airport","Los Angeles-Long Beach-Anaheim, CA | CBSA 31080","Proposed transport prominence candidate; annual FAA enplanements should replace proposed rank when scored.","One of20 nationally shortlisted candidates in this category within top20 MSAs","1","candidate place, not national inventory count","inherit category source row; verify current operator/name before ingestion","inherit category dataset row for underlying data only; operator website/imagery rights separate","inherit category dataset permissions; candidate fact reference is not asset clearance","inherit category dataset permissions; do not copy operator protected content without licence","source operator + agency dataset/version when ingested","inherit category dataset; source webpage reference public, imagery/data licence separate","official operator/public-agency URL; obtain source agency ID and coordinates","inherit category dataset; operator permission may be needed for assets/bulk materials","curated pilot candidate","low identity; medium-high footprint/licensing","Proposed priority 5; validate official ID, name, status and CBSA intersection; rank metric can be refined","Analytical proposed rank, not authoritative nationwide top20. Official coordinate/footprint-to-CBSA join not executed; system-wide homepages do not validate every campus detail. Automated reference response 403; normal browser/manual verification needed. ","https://www.flylax.com/","2026-10-07","primary operator URL supplied; automated page blocked or unresolved; proposed candidate needs page/identity verification"
"place","airports","6","John F. Kennedy International Airport","New York-Newark-Jersey City, NY-NJ | CBSA 35620","Proposed transport prominence candidate; annual FAA enplanements should replace proposed rank when scored.","One of20 nationally shortlisted candidates in this category within top20 MSAs","1","candidate place, not national inventory count","inherit category source row; verify current operator/name before ingestion","inherit category dataset row for underlying data only; operator website/imagery rights separate","inherit category dataset permissions; candidate fact reference is not asset clearance","inherit category dataset permissions; do not copy operator protected content without licence","source operator + agency dataset/version when ingested","inherit category dataset; source webpage reference public, imagery/data licence separate","official operator/public-agency URL; obtain source agency ID and coordinates","inherit category dataset; operator permission may be needed for assets/bulk materials","curated pilot candidate","low identity; medium-high footprint/licensing","Proposed priority 6; validate official ID, name, status and CBSA intersection; rank metric can be refined","Analytical proposed rank, not authoritative nationwide top20. Official coordinate/footprint-to-CBSA join not executed; system-wide homepages do not validate every campus detail. ","https://www.jfkairport.com/","2026-10-07","primary operator page reachable; identity/title checked; proposed rank; boundary join pending"
"place","airports","7","Newark Liberty International Airport","New York-Newark-Jersey City, NY-NJ | CBSA 35620","Proposed transport prominence candidate; annual FAA enplanements should replace proposed rank when scored.","One of20 nationally shortlisted candidates in this category within top20 MSAs","1","candidate place, not national inventory count","inherit category source row; verify current operator/name before ingestion","inherit category dataset row for underlying data only; operator website/imagery rights separate","inherit category dataset permissions; candidate fact reference is not asset clearance","inherit category dataset permissions; do not copy operator protected content without licence","source operator + agency dataset/version when ingested","inherit category dataset; source webpage reference public, imagery/data licence separate","official operator/public-agency URL; obtain source agency ID and coordinates","inherit category dataset; operator permission may be needed for assets/bulk materials","curated pilot candidate","low identity; medium-high footprint/licensing","Proposed priority 7; validate official ID, name, status and CBSA intersection; rank metric can be refined","Analytical proposed rank, not authoritative nationwide top20. Official coordinate/footprint-to-CBSA join not executed; system-wide homepages do not validate every campus detail. ","https://www.newarkairport.com/","2026-10-07","primary operator page reachable; identity/title checked; proposed rank; boundary join pending"
"place","airports","8","San Francisco International Airport","San Francisco-Oakland-Fremont, CA | CBSA 41860","Proposed transport prominence candidate; annual FAA enplanements should replace proposed rank when scored.","One of20 nationally shortlisted candidates in this category within top20 MSAs","1","candidate place, not national inventory count","inherit category source row; verify current operator/name before ingestion","inherit category dataset row for underlying data only; operator website/imagery rights separate","inherit category dataset permissions; candidate fact reference is not asset clearance","inherit category dataset permissions; do not copy operator protected content without licence","source operator + agency dataset/version when ingested","inherit category dataset; source webpage reference public, imagery/data licence separate","official operator/public-agency URL; obtain source agency ID and coordinates","inherit category dataset; operator permission may be needed for assets/bulk materials","curated pilot candidate","low identity; medium-high footprint/licensing","Proposed priority 8; validate official ID, name, status and CBSA intersection; rank metric can be refined","Analytical proposed rank, not authoritative nationwide top20. Official coordinate/footprint-to-CBSA join not executed; system-wide homepages do not validate every campus detail. ","https://www.flysfo.com/","2026-10-07","primary operator page reachable; identity/title checked; proposed rank; boundary join pending"
"place","airports","9","Miami International Airport","Miami-Fort Lauderdale-West Palm Beach, FL | CBSA 33100","Proposed transport prominence candidate; annual FAA enplanements should replace proposed rank when scored.","One of20 nationally shortlisted candidates in this category within top20 MSAs","1","candidate place, not national inventory count","inherit category source row; verify current operator/name before ingestion","inherit category dataset row for underlying data only; operator website/imagery rights separate","inherit category dataset permissions; candidate fact reference is not asset clearance","inherit category dataset permissions; do not copy operator protected content without licence","source operator + agency dataset/version when ingested","inherit category dataset; source webpage reference public, imagery/data licence separate","official operator/public-agency URL; obtain source agency ID and coordinates","inherit category dataset; operator permission may be needed for assets/bulk materials","curated pilot candidate","low identity; medium-high footprint/licensing","Proposed priority 9; validate official ID, name, status and CBSA intersection; rank metric can be refined","Analytical proposed rank, not authoritative nationwide top20. Official coordinate/footprint-to-CBSA join not executed; system-wide homepages do not validate every campus detail. ","https://www.miami-airport.com/","2026-10-07","primary operator page reachable; identity/title checked; proposed rank; boundary join pending"
"place","airports","10","Seattle-Tacoma International Airport","Seattle-Tacoma-Bellevue, WA | CBSA 42660","Proposed transport prominence candidate; annual FAA enplanements should replace proposed rank when scored.","One of20 nationally shortlisted candidates in this category within top20 MSAs","1","candidate place, not national inventory count","inherit category source row; verify current operator/name before ingestion","inherit category dataset row for underlying data only; operator website/imagery rights separate","inherit category dataset permissions; candidate fact reference is not asset clearance","inherit category dataset permissions; do not copy operator protected content without licence","source operator + agency dataset/version when ingested","inherit category dataset; source webpage reference public, imagery/data licence separate","official operator/public-agency URL; obtain source agency ID and coordinates","inherit category dataset; operator permission may be needed for assets/bulk materials","curated pilot candidate","low identity; medium-high footprint/licensing","Proposed priority 10; validate official ID, name, status and CBSA intersection; rank metric can be refined","Analytical proposed rank, not authoritative nationwide top20. Official coordinate/footprint-to-CBSA join not executed; system-wide homepages do not validate every campus detail. ","https://www.portseattle.org/sea-tac","2026-10-07","primary operator page reachable; identity/title checked; proposed rank; boundary join pending"
"place","airports","11","Orlando International Airport","Orlando-Kissimmee-Sanford, FL | CBSA 36740","Proposed transport prominence candidate; annual FAA enplanements should replace proposed rank when scored.","One of20 nationally shortlisted candidates in this category within top20 MSAs","1","candidate place, not national inventory count","inherit category source row; verify current operator/name before ingestion","inherit category dataset row for underlying data only; operator website/imagery rights separate","inherit category dataset permissions; candidate fact reference is not asset clearance","inherit category dataset permissions; do not copy operator protected content without licence","source operator + agency dataset/version when ingested","inherit category dataset; source webpage reference public, imagery/data licence separate","official operator/public-agency URL; obtain source agency ID and coordinates","inherit category dataset; operator permission may be needed for assets/bulk materials","curated pilot candidate","low identity; medium-high footprint/licensing","Proposed priority 11; validate official ID, name, status and CBSA intersection; rank metric can be refined","Analytical proposed rank, not authoritative nationwide top20. Official coordinate/footprint-to-CBSA join not executed; system-wide homepages do not validate every campus detail. ","https://www.orlandoairports.net/","2026-10-07","primary operator page reachable; identity/title checked; proposed rank; boundary join pending"
"place","airports","12","Phoenix Sky Harbor International Airport","Phoenix-Mesa-Chandler, AZ | CBSA 38060","Proposed transport prominence candidate; annual FAA enplanements should replace proposed rank when scored.","One of20 nationally shortlisted candidates in this category within top20 MSAs","1","candidate place, not national inventory count","inherit category source row; verify current operator/name before ingestion","inherit category dataset row for underlying data only; operator website/imagery rights separate","inherit category dataset permissions; candidate fact reference is not asset clearance","inherit category dataset permissions; do not copy operator protected content without licence","source operator + agency dataset/version when ingested","inherit category dataset; source webpage reference public, imagery/data licence separate","official operator/public-agency URL; obtain source agency ID and coordinates","inherit category dataset; operator permission may be needed for assets/bulk materials","curated pilot candidate","low identity; medium-high footprint/licensing","Proposed priority 12; validate official ID, name, status and CBSA intersection; rank metric can be refined","Analytical proposed rank, not authoritative nationwide top20. Official coordinate/footprint-to-CBSA join not executed; system-wide homepages do not validate every campus detail. ","https://www.skyharbor.com/","2026-10-07","primary operator page reachable; identity/title checked; proposed rank; boundary join pending"
"place","airports","13","George Bush Intercontinental Airport","Houston-Pasadena-The Woodlands, TX | CBSA 26420","Proposed transport prominence candidate; annual FAA enplanements should replace proposed rank when scored.","One of20 nationally shortlisted candidates in this category within top20 MSAs","1","candidate place, not national inventory count","inherit category source row; verify current operator/name before ingestion","inherit category dataset row for underlying data only; operator website/imagery rights separate","inherit category dataset permissions; candidate fact reference is not asset clearance","inherit category dataset permissions; do not copy operator protected content without licence","source operator + agency dataset/version when ingested","inherit category dataset; source webpage reference public, imagery/data licence separate","official operator/public-agency URL; obtain source agency ID and coordinates","inherit category dataset; operator permission may be needed for assets/bulk materials","curated pilot candidate","low identity; medium-high footprint/licensing","Proposed priority 13; validate official ID, name, status and CBSA intersection; rank metric can be refined","Analytical proposed rank, not authoritative nationwide top20. Official coordinate/footprint-to-CBSA join not executed; system-wide homepages do not validate every campus detail. ","https://www.fly2houston.com/iah","2026-10-07","primary operator page reachable; identity/title checked; proposed rank; boundary join pending"
"place","airports","14","Boston Logan International Airport","Boston-Cambridge-Newton, MA-NH | CBSA 14460","Proposed transport prominence candidate; annual FAA enplanements should replace proposed rank when scored.","One of20 nationally shortlisted candidates in this category within top20 MSAs","1","candidate place, not national inventory count","inherit category source row; verify current operator/name before ingestion","inherit category dataset row for underlying data only; operator website/imagery rights separate","inherit category dataset permissions; candidate fact reference is not asset clearance","inherit category dataset permissions; do not copy operator protected content without licence","source operator + agency dataset/version when ingested","inherit category dataset; source webpage reference public, imagery/data licence separate","official operator/public-agency URL; obtain source agency ID and coordinates","inherit category dataset; operator permission may be needed for assets/bulk materials","curated pilot candidate","low identity; medium-high footprint/licensing","Proposed priority 14; validate official ID, name, status and CBSA intersection; rank metric can be refined","Analytical proposed rank, not authoritative nationwide top20. Official coordinate/footprint-to-CBSA join not executed; system-wide homepages do not validate every campus detail. ","https://www.massport.com/logan-airport","2026-10-07","primary operator page reachable; identity/title checked; proposed rank; boundary join pending"
"place","airports","15","Minneapolis-Saint Paul International Airport","Minneapolis-St. Paul-Bloomington, MN-WI | CBSA 33460","Proposed transport prominence candidate; annual FAA enplanements should replace proposed rank when scored.","One of20 nationally shortlisted candidates in this category within top20 MSAs","1","candidate place, not national inventory count","inherit category source row; verify current operator/name before ingestion","inherit category dataset row for underlying data only; operator website/imagery rights separate","inherit category dataset permissions; candidate fact reference is not asset clearance","inherit category dataset permissions; do not copy operator protected content without licence","source operator + agency dataset/version when ingested","inherit category dataset; source webpage reference public, imagery/data licence separate","official operator/public-agency URL; obtain source agency ID and coordinates","inherit category dataset; operator permission may be needed for assets/bulk materials","curated pilot candidate","low identity; medium-high footprint/licensing","Proposed priority 15; validate official ID, name, status and CBSA intersection; rank metric can be refined","Analytical proposed rank, not authoritative nationwide top20. Official coordinate/footprint-to-CBSA join not executed; system-wide homepages do not validate every campus detail. ","https://www.mspairport.com/","2026-10-07","primary operator page reachable; identity/title checked; proposed rank; boundary join pending"
"place","airports","16","Detroit Metropolitan Wayne County Airport","Detroit-Warren-Dearborn, MI | CBSA 19820","Proposed transport prominence candidate; annual FAA enplanements should replace proposed rank when scored.","One of20 nationally shortlisted candidates in this category within top20 MSAs","1","candidate place, not national inventory count","inherit category source row; verify current operator/name before ingestion","inherit category dataset row for underlying data only; operator website/imagery rights separate","inherit category dataset permissions; candidate fact reference is not asset clearance","inherit category dataset permissions; do not copy operator protected content without licence","source operator + agency dataset/version when ingested","inherit category dataset; source webpage reference public, imagery/data licence separate","official operator/public-agency URL; obtain source agency ID and coordinates","inherit category dataset; operator permission may be needed for assets/bulk materials","curated pilot candidate","low identity; medium-high footprint/licensing","Proposed priority 16; validate official ID, name, status and CBSA intersection; rank metric can be refined","Analytical proposed rank, not authoritative nationwide top20. Official coordinate/footprint-to-CBSA join not executed; system-wide homepages do not validate every campus detail. ","https://www.metroairport.com/","2026-10-07","primary operator page reachable; identity/title checked; proposed rank; boundary join pending"
"place","airports","17","Philadelphia International Airport","Philadelphia-Camden-Wilmington, PA-NJ-DE-MD | CBSA 37980","Proposed transport prominence candidate; annual FAA enplanements should replace proposed rank when scored.","One of20 nationally shortlisted candidates in this category within top20 MSAs","1","candidate place, not national inventory count","inherit category source row; verify current operator/name before ingestion","inherit category dataset row for underlying data only; operator website/imagery rights separate","inherit category dataset permissions; candidate fact reference is not asset clearance","inherit category dataset permissions; do not copy operator protected content without licence","source operator + agency dataset/version when ingested","inherit category dataset; source webpage reference public, imagery/data licence separate","official operator/public-agency URL; obtain source agency ID and coordinates","inherit category dataset; operator permission may be needed for assets/bulk materials","curated pilot candidate","low identity; medium-high footprint/licensing","Proposed priority 17; validate official ID, name, status and CBSA intersection; rank metric can be refined","Analytical proposed rank, not authoritative nationwide top20. Official coordinate/footprint-to-CBSA join not executed; system-wide homepages do not validate every campus detail. ","https://www.phl.org/","2026-10-07","primary operator page reachable; identity/title checked; proposed rank; boundary join pending"
"place","airports","18","LaGuardia Airport","New York-Newark-Jersey City, NY-NJ | CBSA 35620","Proposed transport prominence candidate; annual FAA enplanements should replace proposed rank when scored.","One of20 nationally shortlisted candidates in this category within top20 MSAs","1","candidate place, not national inventory count","inherit category source row; verify current operator/name before ingestion","inherit category dataset row for underlying data only; operator website/imagery rights separate","inherit category dataset permissions; candidate fact reference is not asset clearance","inherit category dataset permissions; do not copy operator protected content without licence","source operator + agency dataset/version when ingested","inherit category dataset; source webpage reference public, imagery/data licence separate","official operator/public-agency URL; obtain source agency ID and coordinates","inherit category dataset; operator permission may be needed for assets/bulk materials","curated pilot candidate","low identity; medium-high footprint/licensing","Proposed priority 18; validate official ID, name, status and CBSA intersection; rank metric can be refined","Analytical proposed rank, not authoritative nationwide top20. Official coordinate/footprint-to-CBSA join not executed; system-wide homepages do not validate every campus detail. ","https://www.laguardiaairport.com/","2026-10-07","primary operator page reachable; identity/title checked; proposed rank; boundary join pending"
"place","airports","19","Fort Lauderdale-Hollywood International Airport","Miami-Fort Lauderdale-West Palm Beach, FL | CBSA 33100","Proposed transport prominence candidate; annual FAA enplanements should replace proposed rank when scored.","One of20 nationally shortlisted candidates in this category within top20 MSAs","1","candidate place, not national inventory count","inherit category source row; verify current operator/name before ingestion","inherit category dataset row for underlying data only; operator website/imagery rights separate","inherit category dataset permissions; candidate fact reference is not asset clearance","inherit category dataset permissions; do not copy operator protected content without licence","source operator + agency dataset/version when ingested","inherit category dataset; source webpage reference public, imagery/data licence separate","official operator/public-agency URL; obtain source agency ID and coordinates","inherit category dataset; operator permission may be needed for assets/bulk materials","curated pilot candidate","low identity; medium-high footprint/licensing","Proposed priority 19; validate official ID, name, status and CBSA intersection; rank metric can be refined","Analytical proposed rank, not authoritative nationwide top20. Official coordinate/footprint-to-CBSA join not executed; system-wide homepages do not validate every campus detail. ","https://www.broward.org/airport/","2026-10-07","primary operator page reachable; identity/title checked; proposed rank; boundary join pending"
"place","airports","20","San Diego International Airport","San Diego-Chula Vista-Carlsbad, CA | CBSA 41740","Proposed transport prominence candidate; annual FAA enplanements should replace proposed rank when scored.","One of20 nationally shortlisted candidates in this category within top20 MSAs","1","candidate place, not national inventory count","inherit category source row; verify current operator/name before ingestion","inherit category dataset row for underlying data only; operator website/imagery rights separate","inherit category dataset permissions; candidate fact reference is not asset clearance","inherit category dataset permissions; do not copy operator protected content without licence","source operator + agency dataset/version when ingested","inherit category dataset; source webpage reference public, imagery/data licence separate","official operator/public-agency URL; obtain source agency ID and coordinates","inherit category dataset; operator permission may be needed for assets/bulk materials","curated pilot candidate","low identity; medium-high footprint/licensing","Proposed priority 20; validate official ID, name, status and CBSA intersection; rank metric can be refined","Analytical proposed rank, not authoritative nationwide top20. Official coordinate/footprint-to-CBSA join not executed; system-wide homepages do not validate every campus detail. ","https://www.san.org/","2026-10-07","primary operator page reachable; identity/title checked; proposed rank; boundary join pending"
"place","major transit hubs/stations","1","Grand Central Terminal","New York-Newark-Jersey City, NY-NJ | CBSA 35620","Proposed interchange/recognizable transport-footprint candidate; no measured comparative ridership claim.","One of20 nationally shortlisted candidates in this category within top20 MSAs","1","candidate place, not national inventory count","inherit category source row; verify current operator/name before ingestion","inherit category dataset row for underlying data only; operator website/imagery rights separate","inherit category dataset permissions; candidate fact reference is not asset clearance","inherit category dataset permissions; do not copy operator protected content without licence","source operator + agency dataset/version when ingested","inherit category dataset; source webpage reference public, imagery/data licence separate","official operator/public-agency URL; obtain source agency ID and coordinates","inherit category dataset; operator permission may be needed for assets/bulk materials","curated pilot candidate","low identity; medium-high footprint/licensing","Proposed priority 1; validate official ID, name, status and CBSA intersection; rank metric can be refined","Analytical proposed rank, not authoritative nationwide top20. Official coordinate/footprint-to-CBSA join not executed; system-wide homepages do not validate every campus detail. Automated reference response 403; normal browser/manual verification needed. ","https://grandcentralterminal.com/","2026-10-07","primary operator URL supplied; automated page blocked or unresolved; proposed candidate needs page/identity verification"
"place","major transit hubs/stations","2","Penn Station","New York-Newark-Jersey City, NY-NJ | CBSA 35620","Proposed interchange/recognizable transport-footprint candidate; no measured comparative ridership claim.","One of20 nationally shortlisted candidates in this category within top20 MSAs","1","candidate place, not national inventory count","inherit category source row; verify current operator/name before ingestion","inherit category dataset row for underlying data only; operator website/imagery rights separate","inherit category dataset permissions; candidate fact reference is not asset clearance","inherit category dataset permissions; do not copy operator protected content without licence","source operator + agency dataset/version when ingested","inherit category dataset; source webpage reference public, imagery/data licence separate","official operator/public-agency URL; obtain source agency ID and coordinates","inherit category dataset; operator permission may be needed for assets/bulk materials","curated pilot candidate","low identity; medium-high footprint/licensing","Proposed priority 2; validate official ID, name, status and CBSA intersection; rank metric can be refined","Analytical proposed rank, not authoritative nationwide top20. Official coordinate/footprint-to-CBSA join not executed; system-wide homepages do not validate every campus detail. ","https://www.mta.info/","2026-10-07","primary operator page reachable; identity/title checked; proposed rank; boundary join pending"
"place","major transit hubs/stations","3","Port Authority Bus Terminal","New York-Newark-Jersey City, NY-NJ | CBSA 35620","Proposed interchange/recognizable transport-footprint candidate; no measured comparative ridership claim.","One of20 nationally shortlisted candidates in this category within top20 MSAs","1","candidate place, not national inventory count","inherit category source row; verify current operator/name before ingestion","inherit category dataset row for underlying data only; operator website/imagery rights separate","inherit category dataset permissions; candidate fact reference is not asset clearance","inherit category dataset permissions; do not copy operator protected content without licence","source operator + agency dataset/version when ingested","inherit category dataset; source webpage reference public, imagery/data licence separate","official operator/public-agency URL; obtain source agency ID and coordinates","inherit category dataset; operator permission may be needed for assets/bulk materials","curated pilot candidate","low identity; medium-high footprint/licensing","Proposed priority 3; validate official ID, name, status and CBSA intersection; rank metric can be refined","Analytical proposed rank, not authoritative nationwide top20. Official coordinate/footprint-to-CBSA join not executed; system-wide homepages do not validate every campus detail. ","https://www.panynj.gov/bus-terminals/en/port-authority.html","2026-10-07","primary operator page reachable; identity/title checked; proposed rank; boundary join pending"
"place","major transit hubs/stations","4","World Trade Center PATH station","New York-Newark-Jersey City, NY-NJ | CBSA 35620","Proposed interchange/recognizable transport-footprint candidate; no measured comparative ridership claim.","One of20 nationally shortlisted candidates in this category within top20 MSAs","1","candidate place, not national inventory count","inherit category source row; verify current operator/name before ingestion","inherit category dataset row for underlying data only; operator website/imagery rights separate","inherit category dataset permissions; candidate fact reference is not asset clearance","inherit category dataset permissions; do not copy operator protected content without licence","source operator + agency dataset/version when ingested","inherit category dataset; source webpage reference public, imagery/data licence separate","official operator/public-agency URL; obtain source agency ID and coordinates","inherit category dataset; operator permission may be needed for assets/bulk materials","curated pilot candidate","low identity; medium-high footprint/licensing","Proposed priority 4; validate official ID, name, status and CBSA intersection; rank metric can be refined","Analytical proposed rank, not authoritative nationwide top20. Official coordinate/footprint-to-CBSA join not executed; system-wide homepages do not validate every campus detail. ","https://www.panynj.gov/path/en/stations/world-trade-center-station.html","2026-10-07","primary operator page reachable; identity/title checked; proposed rank; boundary join pending"
"place","major transit hubs/stations","5","Los Angeles Union Station","Los Angeles-Long Beach-Anaheim, CA | CBSA 31080","Proposed interchange/recognizable transport-footprint candidate; no measured comparative ridership claim.","One of20 nationally shortlisted candidates in this category within top20 MSAs","1","candidate place, not national inventory count","inherit category source row; verify current operator/name before ingestion","inherit category dataset row for underlying data only; operator website/imagery rights separate","inherit category dataset permissions; candidate fact reference is not asset clearance","inherit category dataset permissions; do not copy operator protected content without licence","source operator + agency dataset/version when ingested","inherit category dataset; source webpage reference public, imagery/data licence separate","official operator/public-agency URL; obtain source agency ID and coordinates","inherit category dataset; operator permission may be needed for assets/bulk materials","curated pilot candidate","low identity; medium-high footprint/licensing","Proposed priority 5; validate official ID, name, status and CBSA intersection; rank metric can be refined","Analytical proposed rank, not authoritative nationwide top20. Official coordinate/footprint-to-CBSA join not executed; system-wide homepages do not validate every campus detail. ","https://www.unionstationla.com/","2026-10-07","primary operator page reachable; identity/title checked; proposed rank; boundary join pending"
"place","major transit hubs/stations","6","Chicago Union Station","Chicago-Naperville-Elgin, IL-IN | CBSA 16980","Proposed interchange/recognizable transport-footprint candidate; no measured comparative ridership claim.","One of20 nationally shortlisted candidates in this category within top20 MSAs","1","candidate place, not national inventory count","inherit category source row; verify current operator/name before ingestion","inherit category dataset row for underlying data only; operator website/imagery rights separate","inherit category dataset permissions; candidate fact reference is not asset clearance","inherit category dataset permissions; do not copy operator protected content without licence","source operator + agency dataset/version when ingested","inherit category dataset; source webpage reference public, imagery/data licence separate","official operator/public-agency URL; obtain source agency ID and coordinates","inherit category dataset; operator permission may be needed for assets/bulk materials","curated pilot candidate","low identity; medium-high footprint/licensing","Proposed priority 6; validate official ID, name, status and CBSA intersection; rank metric can be refined","Analytical proposed rank, not authoritative nationwide top20. Official coordinate/footprint-to-CBSA join not executed; system-wide homepages do not validate every campus detail. ","https://chicagounionstation.com/","2026-10-07","primary operator page reachable; identity/title checked; proposed rank; boundary join pending"
"place","major transit hubs/stations","7","Ogilvie Transportation Center","Chicago-Naperville-Elgin, IL-IN | CBSA 16980","Proposed interchange/recognizable transport-footprint candidate; no measured comparative ridership claim.","One of20 nationally shortlisted candidates in this category within top20 MSAs","1","candidate place, not national inventory count","inherit category source row; verify current operator/name before ingestion","inherit category dataset row for underlying data only; operator website/imagery rights separate","inherit category dataset permissions; candidate fact reference is not asset clearance","inherit category dataset permissions; do not copy operator protected content without licence","source operator + agency dataset/version when ingested","inherit category dataset; source webpage reference public, imagery/data licence separate","official operator/public-agency URL; obtain source agency ID and coordinates","inherit category dataset; operator permission may be needed for assets/bulk materials","curated pilot candidate","low identity; medium-high footprint/licensing","Proposed priority 7; validate official ID, name, status and CBSA intersection; rank metric can be refined","Analytical proposed rank, not authoritative nationwide top20. Official coordinate/footprint-to-CBSA join not executed; system-wide homepages do not validate every campus detail. Automated reference response 403; normal browser/manual verification needed. ","https://metra.com/","2026-10-07","primary operator URL supplied; automated page blocked or unresolved; proposed candidate needs page/identity verification"
"place","major transit hubs/stations","8","Washington Union Station","Washington-Arlington-Alexandria, DC-VA-MD-WV | CBSA 47900","Proposed interchange/recognizable transport-footprint candidate; no measured comparative ridership claim.","One of20 nationally shortlisted candidates in this category within top20 MSAs","1","candidate place, not national inventory count","inherit category source row; verify current operator/name before ingestion","inherit category dataset row for underlying data only; operator website/imagery rights separate","inherit category dataset permissions; candidate fact reference is not asset clearance","inherit category dataset permissions; do not copy operator protected content without licence","source operator + agency dataset/version when ingested","inherit category dataset; source webpage reference public, imagery/data licence separate","official operator/public-agency URL; obtain source agency ID and coordinates","inherit category dataset; operator permission may be needed for assets/bulk materials","curated pilot candidate","low identity; medium-high footprint/licensing","Proposed priority 8; validate official ID, name, status and CBSA intersection; rank metric can be refined","Analytical proposed rank, not authoritative nationwide top20. Official coordinate/footprint-to-CBSA join not executed; system-wide homepages do not validate every campus detail. ","https://www.unionstationdc.com/","2026-10-07","primary operator page reachable; identity/title checked; proposed rank; boundary join pending"
"place","major transit hubs/stations","9","Boston South Station","Boston-Cambridge-Newton, MA-NH | CBSA 14460","Proposed interchange/recognizable transport-footprint candidate; no measured comparative ridership claim.","One of20 nationally shortlisted candidates in this category within top20 MSAs","1","candidate place, not national inventory count","inherit category source row; verify current operator/name before ingestion","inherit category dataset row for underlying data only; operator website/imagery rights separate","inherit category dataset permissions; candidate fact reference is not asset clearance","inherit category dataset permissions; do not copy operator protected content without licence","source operator + agency dataset/version when ingested","inherit category dataset; source webpage reference public, imagery/data licence separate","official operator/public-agency URL; obtain source agency ID and coordinates","inherit category dataset; operator permission may be needed for assets/bulk materials","curated pilot candidate","low identity; medium-high footprint/licensing","Proposed priority 9; validate official ID, name, status and CBSA intersection; rank metric can be refined","Analytical proposed rank, not authoritative nationwide top20. Official coordinate/footprint-to-CBSA join not executed; system-wide homepages do not validate every campus detail. ","https://www.mbta.com/stops/place-sstat","2026-10-07","primary operator page reachable; identity/title checked; proposed rank; boundary join pending"
"place","major transit hubs/stations","10","Boston North Station","Boston-Cambridge-Newton, MA-NH | CBSA 14460","Proposed interchange/recognizable transport-footprint candidate; no measured comparative ridership claim.","One of20 nationally shortlisted candidates in this category within top20 MSAs","1","candidate place, not national inventory count","inherit category source row; verify current operator/name before ingestion","inherit category dataset row for underlying data only; operator website/imagery rights separate","inherit category dataset permissions; candidate fact reference is not asset clearance","inherit category dataset permissions; do not copy operator protected content without licence","source operator + agency dataset/version when ingested","inherit category dataset; source webpage reference public, imagery/data licence separate","official operator/public-agency URL; obtain source agency ID and coordinates","inherit category dataset; operator permission may be needed for assets/bulk materials","curated pilot candidate","low identity; medium-high footprint/licensing","Proposed priority 10; validate official ID, name, status and CBSA intersection; rank metric can be refined","Analytical proposed rank, not authoritative nationwide top20. Official coordinate/footprint-to-CBSA join not executed; system-wide homepages do not validate every campus detail. ","https://www.mbta.com/stops/place-north","2026-10-07","primary operator page reachable; identity/title checked; proposed rank; boundary join pending"
"place","major transit hubs/stations","11","30th Street Station","Philadelphia-Camden-Wilmington, PA-NJ-DE-MD | CBSA 37980","Proposed interchange/recognizable transport-footprint candidate; no measured comparative ridership claim.","One of20 nationally shortlisted candidates in this category within top20 MSAs","1","candidate place, not national inventory count","inherit category source row; verify current operator/name before ingestion","inherit category dataset row for underlying data only; operator website/imagery rights separate","inherit category dataset permissions; candidate fact reference is not asset clearance","inherit category dataset permissions; do not copy operator protected content without licence","source operator + agency dataset/version when ingested","inherit category dataset; source webpage reference public, imagery/data licence separate","official operator/public-agency URL; obtain source agency ID and coordinates","inherit category dataset; operator permission may be needed for assets/bulk materials","curated pilot candidate","low identity; medium-high footprint/licensing","Proposed priority 11; validate official ID, name, status and CBSA intersection; rank metric can be refined","Analytical proposed rank, not authoritative nationwide top20. Official coordinate/footprint-to-CBSA join not executed; system-wide homepages do not validate every campus detail. Automated reference response 403; normal browser/manual verification needed. ","https://www.amtrak.com/stations/phl","2026-10-07","primary operator URL supplied; automated page blocked or unresolved; proposed candidate needs page/identity verification"
"place","major transit hubs/stations","12","Denver Union Station","Denver-Aurora-Centennial, CO | CBSA 19740","Proposed interchange/recognizable transport-footprint candidate; no measured comparative ridership claim.","One of20 nationally shortlisted candidates in this category within top20 MSAs","1","candidate place, not national inventory count","inherit category source row; verify current operator/name before ingestion","inherit category dataset row for underlying data only; operator website/imagery rights separate","inherit category dataset permissions; candidate fact reference is not asset clearance","inherit category dataset permissions; do not copy operator protected content without licence","source operator + agency dataset/version when ingested","inherit category dataset; source webpage reference public, imagery/data licence separate","official operator/public-agency URL; obtain source agency ID and coordinates","inherit category dataset; operator permission may be needed for assets/bulk materials","curated pilot candidate","low identity; medium-high footprint/licensing","Proposed priority 12; validate official ID, name, status and CBSA intersection; rank metric can be refined","Analytical proposed rank, not authoritative nationwide top20. Official coordinate/footprint-to-CBSA join not executed; system-wide homepages do not validate every campus detail. ","https://www.rtd-denver.com/","2026-10-07","primary operator page reachable; identity/title checked; proposed rank; boundary join pending"
"place","major transit hubs/stations","13","King Street Station","Seattle-Tacoma-Bellevue, WA | CBSA 42660","Proposed interchange/recognizable transport-footprint candidate; no measured comparative ridership claim.","One of20 nationally shortlisted candidates in this category within top20 MSAs","1","candidate place, not national inventory count","inherit category source row; verify current operator/name before ingestion","inherit category dataset row for underlying data only; operator website/imagery rights separate","inherit category dataset permissions; candidate fact reference is not asset clearance","inherit category dataset permissions; do not copy operator protected content without licence","source operator + agency dataset/version when ingested","inherit category dataset; source webpage reference public, imagery/data licence separate","official operator/public-agency URL; obtain source agency ID and coordinates","inherit category dataset; operator permission may be needed for assets/bulk materials","curated pilot candidate","low identity; medium-high footprint/licensing","Proposed priority 13; validate official ID, name, status and CBSA intersection; rank metric can be refined","Analytical proposed rank, not authoritative nationwide top20. Official coordinate/footprint-to-CBSA join not executed; system-wide homepages do not validate every campus detail. Automated reference response 000; normal browser/manual verification needed. ","https://www.seattle.gov/transportation/projects-and-programs/programs/transit-program/king-street-station","2026-10-07","primary operator URL supplied; automated page blocked or unresolved; proposed candidate needs page/identity verification"
"place","major transit hubs/stations","14","San Francisco Salesforce Transit Center","San Francisco-Oakland-Fremont, CA | CBSA 41860","Proposed interchange/recognizable transport-footprint candidate; no measured comparative ridership claim.","One of20 nationally shortlisted candidates in this category within top20 MSAs","1","candidate place, not national inventory count","inherit category source row; verify current operator/name before ingestion","inherit category dataset row for underlying data only; operator website/imagery rights separate","inherit category dataset permissions; candidate fact reference is not asset clearance","inherit category dataset permissions; do not copy operator protected content without licence","source operator + agency dataset/version when ingested","inherit category dataset; source webpage reference public, imagery/data licence separate","official operator/public-agency URL; obtain source agency ID and coordinates","inherit category dataset; operator permission may be needed for assets/bulk materials","curated pilot candidate","low identity; medium-high footprint/licensing","Proposed priority 14; validate official ID, name, status and CBSA intersection; rank metric can be refined","Analytical proposed rank, not authoritative nationwide top20. Official coordinate/footprint-to-CBSA join not executed; system-wide homepages do not validate every campus detail. ","https://salesforcetransitcenter.com/","2026-10-07","primary operator page reachable; identity/title checked; proposed rank; boundary join pending"
"place","major transit hubs/stations","15","San Francisco Ferry Building","San Francisco-Oakland-Fremont, CA | CBSA 41860","Proposed interchange/recognizable transport-footprint candidate; no measured comparative ridership claim.","One of20 nationally shortlisted candidates in this category within top20 MSAs","1","candidate place, not national inventory count","inherit category source row; verify current operator/name before ingestion","inherit category dataset row for underlying data only; operator website/imagery rights separate","inherit category dataset permissions; candidate fact reference is not asset clearance","inherit category dataset permissions; do not copy operator protected content without licence","source operator + agency dataset/version when ingested","inherit category dataset; source webpage reference public, imagery/data licence separate","official operator/public-agency URL; obtain source agency ID and coordinates","inherit category dataset; operator permission may be needed for assets/bulk materials","curated pilot candidate","low identity; medium-high footprint/licensing","Proposed priority 15; validate official ID, name, status and CBSA intersection; rank metric can be refined","Analytical proposed rank, not authoritative nationwide top20. Official coordinate/footprint-to-CBSA join not executed; system-wide homepages do not validate every campus detail. ","https://www.ferrybuildingmarketplace.com/","2026-10-07","primary operator page reachable; identity/title checked; proposed rank; boundary join pending"
"place","major transit hubs/stations","16","MiamiCentral","Miami-Fort Lauderdale-West Palm Beach, FL | CBSA 33100","Proposed interchange/recognizable transport-footprint candidate; no measured comparative ridership claim.","One of20 nationally shortlisted candidates in this category within top20 MSAs","1","candidate place, not national inventory count","inherit category source row; verify current operator/name before ingestion","inherit category dataset row for underlying data only; operator website/imagery rights separate","inherit category dataset permissions; candidate fact reference is not asset clearance","inherit category dataset permissions; do not copy operator protected content without licence","source operator + agency dataset/version when ingested","inherit category dataset; source webpage reference public, imagery/data licence separate","official operator/public-agency URL; obtain source agency ID and coordinates","inherit category dataset; operator permission may be needed for assets/bulk materials","curated pilot candidate","low identity; medium-high footprint/licensing","Proposed priority 16; validate official ID, name, status and CBSA intersection; rank metric can be refined","Analytical proposed rank, not authoritative nationwide top20. Official coordinate/footprint-to-CBSA join not executed; system-wide homepages do not validate every campus detail. Automated reference response 403; normal browser/manual verification needed. ","https://www.gobrightline.com/train-stations/fl/miami","2026-10-07","primary operator URL supplied; automated page blocked or unresolved; proposed candidate needs page/identity verification"
"place","major transit hubs/stations","17","Dallas Union Station","Dallas-Fort Worth-Arlington, TX | CBSA 19100","Proposed interchange/recognizable transport-footprint candidate; no measured comparative ridership claim.","One of20 nationally shortlisted candidates in this category within top20 MSAs","1","candidate place, not national inventory count","inherit category source row; verify current operator/name before ingestion","inherit category dataset row for underlying data only; operator website/imagery rights separate","inherit category dataset permissions; candidate fact reference is not asset clearance","inherit category dataset permissions; do not copy operator protected content without licence","source operator + agency dataset/version when ingested","inherit category dataset; source webpage reference public, imagery/data licence separate","official operator/public-agency URL; obtain source agency ID and coordinates","inherit category dataset; operator permission may be needed for assets/bulk materials","curated pilot candidate","low identity; medium-high footprint/licensing","Proposed priority 17; validate official ID, name, status and CBSA intersection; rank metric can be refined","Analytical proposed rank, not authoritative nationwide top20. Official coordinate/footprint-to-CBSA join not executed; system-wide homepages do not validate every campus detail. ","https://www.dart.org/","2026-10-07","primary operator page reachable; identity/title checked; proposed rank; boundary join pending"
"place","major transit hubs/stations","18","Five Points station","Atlanta-Sandy Springs-Roswell, GA | CBSA 12060","Proposed interchange/recognizable transport-footprint candidate; no measured comparative ridership claim.","One of20 nationally shortlisted candidates in this category within top20 MSAs","1","candidate place, not national inventory count","inherit category source row; verify current operator/name before ingestion","inherit category dataset row for underlying data only; operator website/imagery rights separate","inherit category dataset permissions; candidate fact reference is not asset clearance","inherit category dataset permissions; do not copy operator protected content without licence","source operator + agency dataset/version when ingested","inherit category dataset; source webpage reference public, imagery/data licence separate","official operator/public-agency URL; obtain source agency ID and coordinates","inherit category dataset; operator permission may be needed for assets/bulk materials","curated pilot candidate","low identity; medium-high footprint/licensing","Proposed priority 18; validate official ID, name, status and CBSA intersection; rank metric can be refined","Analytical proposed rank, not authoritative nationwide top20. Official coordinate/footprint-to-CBSA join not executed; system-wide homepages do not validate every campus detail. ","https://www.itsmarta.com/Five-Points.aspx","2026-10-07","primary operator page reachable; identity/title checked; proposed rank; boundary join pending"
"place","major transit hubs/stations","19","Target Field Station","Minneapolis-St. Paul-Bloomington, MN-WI | CBSA 33460","Proposed interchange/recognizable transport-footprint candidate; no measured comparative ridership claim.","One of20 nationally shortlisted candidates in this category within top20 MSAs","1","candidate place, not national inventory count","inherit category source row; verify current operator/name before ingestion","inherit category dataset row for underlying data only; operator website/imagery rights separate","inherit category dataset permissions; candidate fact reference is not asset clearance","inherit category dataset permissions; do not copy operator protected content without licence","source operator + agency dataset/version when ingested","inherit category dataset; source webpage reference public, imagery/data licence separate","official operator/public-agency URL; obtain source agency ID and coordinates","inherit category dataset; operator permission may be needed for assets/bulk materials","curated pilot candidate","low identity; medium-high footprint/licensing","Proposed priority 19; validate official ID, name, status and CBSA intersection; rank metric can be refined","Analytical proposed rank, not authoritative nationwide top20. Official coordinate/footprint-to-CBSA join not executed; system-wide homepages do not validate every campus detail. Automated reference response 403; normal browser/manual verification needed. ","https://www.metrotransit.org/","2026-10-07","primary operator URL supplied; automated page blocked or unresolved; proposed candidate needs page/identity verification"
"place","major transit hubs/stations","20","Santa Fe Depot","San Diego-Chula Vista-Carlsbad, CA | CBSA 41740","Proposed interchange/recognizable transport-footprint candidate; no measured comparative ridership claim.","One of20 nationally shortlisted candidates in this category within top20 MSAs","1","candidate place, not national inventory count","inherit category source row; verify current operator/name before ingestion","inherit category dataset row for underlying data only; operator website/imagery rights separate","inherit category dataset permissions; candidate fact reference is not asset clearance","inherit category dataset permissions; do not copy operator protected content without licence","source operator + agency dataset/version when ingested","inherit category dataset; source webpage reference public, imagery/data licence separate","official operator/public-agency URL; obtain source agency ID and coordinates","inherit category dataset; operator permission may be needed for assets/bulk materials","curated pilot candidate","low identity; medium-high footprint/licensing","Proposed priority 20; validate official ID, name, status and CBSA intersection; rank metric can be refined","Analytical proposed rank, not authoritative nationwide top20. Official coordinate/footprint-to-CBSA join not executed; system-wide homepages do not validate every campus detail. ","https://www.sdmts.com/","2026-10-07","primary operator page reachable; identity/title checked; proposed rank; boundary join pending"
"place","Amtrak stations","1","New York Penn Station","New York-Newark-Jersey City, NY-NJ | CBSA 35620","Proposed intercity-rail station candidate; no computed fiscal-year passenger ranking.","One of20 nationally shortlisted candidates in this category within top20 MSAs","1","candidate place, not national inventory count","inherit category source row; verify current operator/name before ingestion","inherit category dataset row for underlying data only; operator website/imagery rights separate","inherit category dataset permissions; candidate fact reference is not asset clearance","inherit category dataset permissions; do not copy operator protected content without licence","source operator + agency dataset/version when ingested","inherit category dataset; source webpage reference public, imagery/data licence separate","official operator/public-agency URL; obtain source agency ID and coordinates","inherit category dataset; operator permission may be needed for assets/bulk materials","curated pilot candidate","low identity; medium-high footprint/licensing","Proposed priority 1; validate official ID, name, status and CBSA intersection; rank metric can be refined","Analytical proposed rank, not authoritative nationwide top20. Official coordinate/footprint-to-CBSA join not executed; system-wide homepages do not validate every campus detail. Automated reference response 403; normal browser/manual verification needed.  Amtrak URL returned HTTP403 during reference validation.","https://www.amtrak.com/stations/nyp","2026-10-07","primary operator URL supplied; Amtrak station page HTTP403 blocked; proposed candidate needs manual identity verification"
"place","Amtrak stations","2","Washington Union Station","Washington-Arlington-Alexandria, DC-VA-MD-WV | CBSA 47900","Proposed intercity-rail station candidate; no computed fiscal-year passenger ranking.","One of20 nationally shortlisted candidates in this category within top20 MSAs","1","candidate place, not national inventory count","inherit category source row; verify current operator/name before ingestion","inherit category dataset row for underlying data only; operator website/imagery rights separate","inherit category dataset permissions; candidate fact reference is not asset clearance","inherit category dataset permissions; do not copy operator protected content without licence","source operator + agency dataset/version when ingested","inherit category dataset; source webpage reference public, imagery/data licence separate","official operator/public-agency URL; obtain source agency ID and coordinates","inherit category dataset; operator permission may be needed for assets/bulk materials","curated pilot candidate","low identity; medium-high footprint/licensing","Proposed priority 2; validate official ID, name, status and CBSA intersection; rank metric can be refined","Analytical proposed rank, not authoritative nationwide top20. Official coordinate/footprint-to-CBSA join not executed; system-wide homepages do not validate every campus detail.  Amtrak URL returned HTTP403 during reference validation.","https://www.amtrak.com/stations/was","2026-10-07","primary operator URL supplied; Amtrak station page HTTP403 blocked; proposed candidate needs manual identity verification"
"place","Amtrak stations","3","William H. Gray III 30th Street Station","Philadelphia-Camden-Wilmington, PA-NJ-DE-MD | CBSA 37980","Proposed intercity-rail station candidate; no computed fiscal-year passenger ranking.","One of20 nationally shortlisted candidates in this category within top20 MSAs","1","candidate place, not national inventory count","inherit category source row; verify current operator/name before ingestion","inherit category dataset row for underlying data only; operator website/imagery rights separate","inherit category dataset permissions; candidate fact reference is not asset clearance","inherit category dataset permissions; do not copy operator protected content without licence","source operator + agency dataset/version when ingested","inherit category dataset; source webpage reference public, imagery/data licence separate","official operator/public-agency URL; obtain source agency ID and coordinates","inherit category dataset; operator permission may be needed for assets/bulk materials","curated pilot candidate","low identity; medium-high footprint/licensing","Proposed priority 3; validate official ID, name, status and CBSA intersection; rank metric can be refined","Analytical proposed rank, not authoritative nationwide top20. Official coordinate/footprint-to-CBSA join not executed; system-wide homepages do not validate every campus detail. Automated reference response 403; normal browser/manual verification needed.  Amtrak URL returned HTTP403 during reference validation.","https://www.amtrak.com/stations/phl","2026-10-07","primary operator URL supplied; Amtrak station page HTTP403 blocked; proposed candidate needs manual identity verification"
"place","Amtrak stations","4","Chicago Union Station","Chicago-Naperville-Elgin, IL-IN | CBSA 16980","Proposed intercity-rail station candidate; no computed fiscal-year passenger ranking.","One of20 nationally shortlisted candidates in this category within top20 MSAs","1","candidate place, not national inventory count","inherit category source row; verify current operator/name before ingestion","inherit category dataset row for underlying data only; operator website/imagery rights separate","inherit category dataset permissions; candidate fact reference is not asset clearance","inherit category dataset permissions; do not copy operator protected content without licence","source operator + agency dataset/version when ingested","inherit category dataset; source webpage reference public, imagery/data licence separate","official operator/public-agency URL; obtain source agency ID and coordinates","inherit category dataset; operator permission may be needed for assets/bulk materials","curated pilot candidate","low identity; medium-high footprint/licensing","Proposed priority 4; validate official ID, name, status and CBSA intersection; rank metric can be refined","Analytical proposed rank, not authoritative nationwide top20. Official coordinate/footprint-to-CBSA join not executed; system-wide homepages do not validate every campus detail.  Amtrak URL returned HTTP403 during reference validation.","https://www.amtrak.com/stations/chi","2026-10-07","primary operator URL supplied; Amtrak station page HTTP403 blocked; proposed candidate needs manual identity verification"
"place","Amtrak stations","5","Los Angeles Union Station","Los Angeles-Long Beach-Anaheim, CA | CBSA 31080","Proposed intercity-rail station candidate; no computed fiscal-year passenger ranking.","One of20 nationally shortlisted candidates in this category within top20 MSAs","1","candidate place, not national inventory count","inherit category source row; verify current operator/name before ingestion","inherit category dataset row for underlying data only; operator website/imagery rights separate","inherit category dataset permissions; candidate fact reference is not asset clearance","inherit category dataset permissions; do not copy operator protected content without licence","source operator + agency dataset/version when ingested","inherit category dataset; source webpage reference public, imagery/data licence separate","official operator/public-agency URL; obtain source agency ID and coordinates","inherit category dataset; operator permission may be needed for assets/bulk materials","curated pilot candidate","low identity; medium-high footprint/licensing","Proposed priority 5; validate official ID, name, status and CBSA intersection; rank metric can be refined","Analytical proposed rank, not authoritative nationwide top20. Official coordinate/footprint-to-CBSA join not executed; system-wide homepages do not validate every campus detail.  Amtrak URL returned HTTP403 during reference validation.","https://www.amtrak.com/stations/lax","2026-10-07","primary operator URL supplied; Amtrak station page HTTP403 blocked; proposed candidate needs manual identity verification"
"place","Amtrak stations","6","Boston South Station","Boston-Cambridge-Newton, MA-NH | CBSA 14460","Proposed intercity-rail station candidate; no computed fiscal-year passenger ranking.","One of20 nationally shortlisted candidates in this category within top20 MSAs","1","candidate place, not national inventory count","inherit category source row; verify current operator/name before ingestion","inherit category dataset row for underlying data only; operator website/imagery rights separate","inherit category dataset permissions; candidate fact reference is not asset clearance","inherit category dataset permissions; do not copy operator protected content without licence","source operator + agency dataset/version when ingested","inherit category dataset; source webpage reference public, imagery/data licence separate","official operator/public-agency URL; obtain source agency ID and coordinates","inherit category dataset; operator permission may be needed for assets/bulk materials","curated pilot candidate","low identity; medium-high footprint/licensing","Proposed priority 6; validate official ID, name, status and CBSA intersection; rank metric can be refined","Analytical proposed rank, not authoritative nationwide top20. Official coordinate/footprint-to-CBSA join not executed; system-wide homepages do not validate every campus detail.  Amtrak URL returned HTTP403 during reference validation.","https://www.amtrak.com/stations/bos","2026-10-07","primary operator URL supplied; Amtrak station page HTTP403 blocked; proposed candidate needs manual identity verification"
"place","Amtrak stations","7","Boston Back Bay","Boston-Cambridge-Newton, MA-NH | CBSA 14460","Proposed intercity-rail station candidate; no computed fiscal-year passenger ranking.","One of20 nationally shortlisted candidates in this category within top20 MSAs","1","candidate place, not national inventory count","inherit category source row; verify current operator/name before ingestion","inherit category dataset row for underlying data only; operator website/imagery rights separate","inherit category dataset permissions; candidate fact reference is not asset clearance","inherit category dataset permissions; do not copy operator protected content without licence","source operator + agency dataset/version when ingested","inherit category dataset; source webpage reference public, imagery/data licence separate","official operator/public-agency URL; obtain source agency ID and coordinates","inherit category dataset; operator permission may be needed for assets/bulk materials","curated pilot candidate","low identity; medium-high footprint/licensing","Proposed priority 7; validate official ID, name, status and CBSA intersection; rank metric can be refined","Analytical proposed rank, not authoritative nationwide top20. Official coordinate/footprint-to-CBSA join not executed; system-wide homepages do not validate every campus detail. Automated reference response 403; normal browser/manual verification needed.  Amtrak URL returned HTTP403 during reference validation.","https://www.amtrak.com/stations/bby","2026-10-07","primary operator URL supplied; Amtrak station page HTTP403 blocked; proposed candidate needs manual identity verification"
"place","Amtrak stations","8","Newark Penn Station","New York-Newark-Jersey City, NY-NJ | CBSA 35620","Proposed intercity-rail station candidate; no computed fiscal-year passenger ranking.","One of20 nationally shortlisted candidates in this category within top20 MSAs","1","candidate place, not national inventory count","inherit category source row; verify current operator/name before ingestion","inherit category dataset row for underlying data only; operator website/imagery rights separate","inherit category dataset permissions; candidate fact reference is not asset clearance","inherit category dataset permissions; do not copy operator protected content without licence","source operator + agency dataset/version when ingested","inherit category dataset; source webpage reference public, imagery/data licence separate","official operator/public-agency URL; obtain source agency ID and coordinates","inherit category dataset; operator permission may be needed for assets/bulk materials","curated pilot candidate","low identity; medium-high footprint/licensing","Proposed priority 8; validate official ID, name, status and CBSA intersection; rank metric can be refined","Analytical proposed rank, not authoritative nationwide top20. Official coordinate/footprint-to-CBSA join not executed; system-wide homepages do not validate every campus detail. Automated reference response 403; normal browser/manual verification needed.  Amtrak URL returned HTTP403 during reference validation.","https://www.amtrak.com/stations/nwk","2026-10-07","primary operator URL supplied; Amtrak station page HTTP403 blocked; proposed candidate needs manual identity verification"
"place","Amtrak stations","9","Seattle King Street Station","Seattle-Tacoma-Bellevue, WA | CBSA 42660","Proposed intercity-rail station candidate; no computed fiscal-year passenger ranking.","One of20 nationally shortlisted candidates in this category within top20 MSAs","1","candidate place, not national inventory count","inherit category source row; verify current operator/name before ingestion","inherit category dataset row for underlying data only; operator website/imagery rights separate","inherit category dataset permissions; candidate fact reference is not asset clearance","inherit category dataset permissions; do not copy operator protected content without licence","source operator + agency dataset/version when ingested","inherit category dataset; source webpage reference public, imagery/data licence separate","official operator/public-agency URL; obtain source agency ID and coordinates","inherit category dataset; operator permission may be needed for assets/bulk materials","curated pilot candidate","low identity; medium-high footprint/licensing","Proposed priority 9; validate official ID, name, status and CBSA intersection; rank metric can be refined","Analytical proposed rank, not authoritative nationwide top20. Official coordinate/footprint-to-CBSA join not executed; system-wide homepages do not validate every campus detail. Automated reference response 403; normal browser/manual verification needed.  Amtrak URL returned HTTP403 during reference validation.","https://www.amtrak.com/stations/sea","2026-10-07","primary operator URL supplied; Amtrak station page HTTP403 blocked; proposed candidate needs manual identity verification"
"place","Amtrak stations","10","San Diego Santa Fe Depot","San Diego-Chula Vista-Carlsbad, CA | CBSA 41740","Proposed intercity-rail station candidate; no computed fiscal-year passenger ranking.","One of20 nationally shortlisted candidates in this category within top20 MSAs","1","candidate place, not national inventory count","inherit category source row; verify current operator/name before ingestion","inherit category dataset row for underlying data only; operator website/imagery rights separate","inherit category dataset permissions; candidate fact reference is not asset clearance","inherit category dataset permissions; do not copy operator protected content without licence","source operator + agency dataset/version when ingested","inherit category dataset; source webpage reference public, imagery/data licence separate","official operator/public-agency URL; obtain source agency ID and coordinates","inherit category dataset; operator permission may be needed for assets/bulk materials","curated pilot candidate","low identity; medium-high footprint/licensing","Proposed priority 10; validate official ID, name, status and CBSA intersection; rank metric can be refined","Analytical proposed rank, not authoritative nationwide top20. Official coordinate/footprint-to-CBSA join not executed; system-wide homepages do not validate every campus detail. Automated reference response 403; normal browser/manual verification needed.  Amtrak URL returned HTTP403 during reference validation.","https://www.amtrak.com/stations/san","2026-10-07","primary operator URL supplied; Amtrak station page HTTP403 blocked; proposed candidate needs manual identity verification"
"place","Amtrak stations","11","Emeryville station","San Francisco-Oakland-Fremont, CA | CBSA 41860","Proposed intercity-rail station candidate; no computed fiscal-year passenger ranking.","One of20 nationally shortlisted candidates in this category within top20 MSAs","1","candidate place, not national inventory count","inherit category source row; verify current operator/name before ingestion","inherit category dataset row for underlying data only; operator website/imagery rights separate","inherit category dataset permissions; candidate fact reference is not asset clearance","inherit category dataset permissions; do not copy operator protected content without licence","source operator + agency dataset/version when ingested","inherit category dataset; source webpage reference public, imagery/data licence separate","official operator/public-agency URL; obtain source agency ID and coordinates","inherit category dataset; operator permission may be needed for assets/bulk materials","curated pilot candidate","low identity; medium-high footprint/licensing","Proposed priority 11; validate official ID, name, status and CBSA intersection; rank metric can be refined","Analytical proposed rank, not authoritative nationwide top20. Official coordinate/footprint-to-CBSA join not executed; system-wide homepages do not validate every campus detail. Automated reference response 403; normal browser/manual verification needed.  Amtrak URL returned HTTP403 during reference validation.","https://www.amtrak.com/stations/emy","2026-10-07","primary operator URL supplied; Amtrak station page HTTP403 blocked; proposed candidate needs manual identity verification"
"place","Amtrak stations","12","Oakland Jack London Square station","San Francisco-Oakland-Fremont, CA | CBSA 41860","Proposed intercity-rail station candidate; no computed fiscal-year passenger ranking.","One of20 nationally shortlisted candidates in this category within top20 MSAs","1","candidate place, not national inventory count","inherit category source row; verify current operator/name before ingestion","inherit category dataset row for underlying data only; operator website/imagery rights separate","inherit category dataset permissions; candidate fact reference is not asset clearance","inherit category dataset permissions; do not copy operator protected content without licence","source operator + agency dataset/version when ingested","inherit category dataset; source webpage reference public, imagery/data licence separate","official operator/public-agency URL; obtain source agency ID and coordinates","inherit category dataset; operator permission may be needed for assets/bulk materials","curated pilot candidate","low identity; medium-high footprint/licensing","Proposed priority 12; validate official ID, name, status and CBSA intersection; rank metric can be refined","Analytical proposed rank, not authoritative nationwide top20. Official coordinate/footprint-to-CBSA join not executed; system-wide homepages do not validate every campus detail. Automated reference response 403; normal browser/manual verification needed.  Amtrak URL returned HTTP403 during reference validation.","https://www.amtrak.com/stations/okj","2026-10-07","primary operator URL supplied; Amtrak station page HTTP403 blocked; proposed candidate needs manual identity verification"
"place","Amtrak stations","13","Denver Union Station","Denver-Aurora-Centennial, CO | CBSA 19740","Proposed intercity-rail station candidate; no computed fiscal-year passenger ranking.","One of20 nationally shortlisted candidates in this category within top20 MSAs","1","candidate place, not national inventory count","inherit category source row; verify current operator/name before ingestion","inherit category dataset row for underlying data only; operator website/imagery rights separate","inherit category dataset permissions; candidate fact reference is not asset clearance","inherit category dataset permissions; do not copy operator protected content without licence","source operator + agency dataset/version when ingested","inherit category dataset; source webpage reference public, imagery/data licence separate","official operator/public-agency URL; obtain source agency ID and coordinates","inherit category dataset; operator permission may be needed for assets/bulk materials","curated pilot candidate","low identity; medium-high footprint/licensing","Proposed priority 13; validate official ID, name, status and CBSA intersection; rank metric can be refined","Analytical proposed rank, not authoritative nationwide top20. Official coordinate/footprint-to-CBSA join not executed; system-wide homepages do not validate every campus detail.  Amtrak URL returned HTTP403 during reference validation.","https://www.amtrak.com/stations/den","2026-10-07","primary operator URL supplied; Amtrak station page HTTP403 blocked; proposed candidate needs manual identity verification"
"place","Amtrak stations","14","Fort Worth Central Station","Dallas-Fort Worth-Arlington, TX | CBSA 19100","Proposed intercity-rail station candidate; no computed fiscal-year passenger ranking.","One of20 nationally shortlisted candidates in this category within top20 MSAs","1","candidate place, not national inventory count","inherit category source row; verify current operator/name before ingestion","inherit category dataset row for underlying data only; operator website/imagery rights separate","inherit category dataset permissions; candidate fact reference is not asset clearance","inherit category dataset permissions; do not copy operator protected content without licence","source operator + agency dataset/version when ingested","inherit category dataset; source webpage reference public, imagery/data licence separate","official operator/public-agency URL; obtain source agency ID and coordinates","inherit category dataset; operator permission may be needed for assets/bulk materials","curated pilot candidate","low identity; medium-high footprint/licensing","Proposed priority 14; validate official ID, name, status and CBSA intersection; rank metric can be refined","Analytical proposed rank, not authoritative nationwide top20. Official coordinate/footprint-to-CBSA join not executed; system-wide homepages do not validate every campus detail. Automated reference response 403; normal browser/manual verification needed.  Amtrak URL returned HTTP403 during reference validation.","https://www.amtrak.com/stations/ftw","2026-10-07","primary operator URL supplied; Amtrak station page HTTP403 blocked; proposed candidate needs manual identity verification"
"place","Amtrak stations","15","Dallas Eddie Bernice Johnson Union Station","Dallas-Fort Worth-Arlington, TX | CBSA 19100","Proposed intercity-rail station candidate; no computed fiscal-year passenger ranking.","One of20 nationally shortlisted candidates in this category within top20 MSAs","1","candidate place, not national inventory count","inherit category source row; verify current operator/name before ingestion","inherit category dataset row for underlying data only; operator website/imagery rights separate","inherit category dataset permissions; candidate fact reference is not asset clearance","inherit category dataset permissions; do not copy operator protected content without licence","source operator + agency dataset/version when ingested","inherit category dataset; source webpage reference public, imagery/data licence separate","official operator/public-agency URL; obtain source agency ID and coordinates","inherit category dataset; operator permission may be needed for assets/bulk materials","curated pilot candidate","low identity; medium-high footprint/licensing","Proposed priority 15; validate official ID, name, status and CBSA intersection; rank metric can be refined","Analytical proposed rank, not authoritative nationwide top20. Official coordinate/footprint-to-CBSA join not executed; system-wide homepages do not validate every campus detail. Automated reference response 403; normal browser/manual verification needed.  Amtrak URL returned HTTP403 during reference validation.","https://www.amtrak.com/stations/dal","2026-10-07","primary operator URL supplied; Amtrak station page HTTP403 blocked; proposed candidate needs manual identity verification"
"place","Amtrak stations","16","Atlanta Peachtree Station","Atlanta-Sandy Springs-Roswell, GA | CBSA 12060","Proposed intercity-rail station candidate; no computed fiscal-year passenger ranking.","One of20 nationally shortlisted candidates in this category within top20 MSAs","1","candidate place, not national inventory count","inherit category source row; verify current operator/name before ingestion","inherit category dataset row for underlying data only; operator website/imagery rights separate","inherit category dataset permissions; candidate fact reference is not asset clearance","inherit category dataset permissions; do not copy operator protected content without licence","source operator + agency dataset/version when ingested","inherit category dataset; source webpage reference public, imagery/data licence separate","official operator/public-agency URL; obtain source agency ID and coordinates","inherit category dataset; operator permission may be needed for assets/bulk materials","curated pilot candidate","low identity; medium-high footprint/licensing","Proposed priority 16; validate official ID, name, status and CBSA intersection; rank metric can be refined","Analytical proposed rank, not authoritative nationwide top20. Official coordinate/footprint-to-CBSA join not executed; system-wide homepages do not validate every campus detail. Automated reference response 403; normal browser/manual verification needed.  Amtrak URL returned HTTP403 during reference validation.","https://www.amtrak.com/stations/atl","2026-10-07","primary operator URL supplied; Amtrak station page HTTP403 blocked; proposed candidate needs manual identity verification"
"place","Amtrak stations","17","Houston station","Houston-Pasadena-The Woodlands, TX | CBSA 26420","Proposed intercity-rail station candidate; no computed fiscal-year passenger ranking.","One of20 nationally shortlisted candidates in this category within top20 MSAs","1","candidate place, not national inventory count","inherit category source row; verify current operator/name before ingestion","inherit category dataset row for underlying data only; operator website/imagery rights separate","inherit category dataset permissions; candidate fact reference is not asset clearance","inherit category dataset permissions; do not copy operator protected content without licence","source operator + agency dataset/version when ingested","inherit category dataset; source webpage reference public, imagery/data licence separate","official operator/public-agency URL; obtain source agency ID and coordinates","inherit category dataset; operator permission may be needed for assets/bulk materials","curated pilot candidate","low identity; medium-high footprint/licensing","Proposed priority 17; validate official ID, name, status and CBSA intersection; rank metric can be refined","Analytical proposed rank, not authoritative nationwide top20. Official coordinate/footprint-to-CBSA join not executed; system-wide homepages do not validate every campus detail. Automated reference response 403; normal browser/manual verification needed.  Amtrak URL returned HTTP403 during reference validation.","https://www.amtrak.com/stations/hos","2026-10-07","primary operator URL supplied; Amtrak station page HTTP403 blocked; proposed candidate needs manual identity verification"
"place","Amtrak stations","18","Miami station","Miami-Fort Lauderdale-West Palm Beach, FL | CBSA 33100","Proposed intercity-rail station candidate; no computed fiscal-year passenger ranking.","One of20 nationally shortlisted candidates in this category within top20 MSAs","1","candidate place, not national inventory count","inherit category source row; verify current operator/name before ingestion","inherit category dataset row for underlying data only; operator website/imagery rights separate","inherit category dataset permissions; candidate fact reference is not asset clearance","inherit category dataset permissions; do not copy operator protected content without licence","source operator + agency dataset/version when ingested","inherit category dataset; source webpage reference public, imagery/data licence separate","official operator/public-agency URL; obtain source agency ID and coordinates","inherit category dataset; operator permission may be needed for assets/bulk materials","curated pilot candidate","low identity; medium-high footprint/licensing","Proposed priority 18; validate official ID, name, status and CBSA intersection; rank metric can be refined","Analytical proposed rank, not authoritative nationwide top20. Official coordinate/footprint-to-CBSA join not executed; system-wide homepages do not validate every campus detail. Automated reference response 403; normal browser/manual verification needed.  Amtrak URL returned HTTP403 during reference validation.","https://www.amtrak.com/stations/mia","2026-10-07","primary operator URL supplied; Amtrak station page HTTP403 blocked; proposed candidate needs manual identity verification"
"place","Amtrak stations","19","Orlando station","Orlando-Kissimmee-Sanford, FL | CBSA 36740","Proposed intercity-rail station candidate; no computed fiscal-year passenger ranking.","One of20 nationally shortlisted candidates in this category within top20 MSAs","1","candidate place, not national inventory count","inherit category source row; verify current operator/name before ingestion","inherit category dataset row for underlying data only; operator website/imagery rights separate","inherit category dataset permissions; candidate fact reference is not asset clearance","inherit category dataset permissions; do not copy operator protected content without licence","source operator + agency dataset/version when ingested","inherit category dataset; source webpage reference public, imagery/data licence separate","official operator/public-agency URL; obtain source agency ID and coordinates","inherit category dataset; operator permission may be needed for assets/bulk materials","curated pilot candidate","low identity; medium-high footprint/licensing","Proposed priority 19; validate official ID, name, status and CBSA intersection; rank metric can be refined","Analytical proposed rank, not authoritative nationwide top20. Official coordinate/footprint-to-CBSA join not executed; system-wide homepages do not validate every campus detail. Automated reference response 403; normal browser/manual verification needed.  Amtrak URL returned HTTP403 during reference validation.","https://www.amtrak.com/stations/orl","2026-10-07","primary operator URL supplied; Amtrak station page HTTP403 blocked; proposed candidate needs manual identity verification"
"place","Amtrak stations","20","Tampa Union Station","Tampa-St. Petersburg-Clearwater, FL | CBSA 45300","Proposed intercity-rail station candidate; no computed fiscal-year passenger ranking.","One of20 nationally shortlisted candidates in this category within top20 MSAs","1","candidate place, not national inventory count","inherit category source row; verify current operator/name before ingestion","inherit category dataset row for underlying data only; operator website/imagery rights separate","inherit category dataset permissions; candidate fact reference is not asset clearance","inherit category dataset permissions; do not copy operator protected content without licence","source operator + agency dataset/version when ingested","inherit category dataset; source webpage reference public, imagery/data licence separate","official operator/public-agency URL; obtain source agency ID and coordinates","inherit category dataset; operator permission may be needed for assets/bulk materials","curated pilot candidate","low identity; medium-high footprint/licensing","Proposed priority 20; validate official ID, name, status and CBSA intersection; rank metric can be refined","Analytical proposed rank, not authoritative nationwide top20. Official coordinate/footprint-to-CBSA join not executed; system-wide homepages do not validate every campus detail. Automated reference response 403; normal browser/manual verification needed.  Amtrak URL returned HTTP403 during reference validation.","https://www.amtrak.com/stations/tpa","2026-10-07","primary operator URL supplied; Amtrak station page HTTP403 blocked; proposed candidate needs manual identity verification"
"place","stadiums/arenas","1","MetLife Stadium","New York-Newark-Jersey City, NY-NJ | CBSA 35620","Proposed major sports/event-footprint candidate; no attendance/capacity ranking asserted.","One of20 nationally shortlisted candidates in this category within top20 MSAs","1","candidate place, not national inventory count","inherit category source row; verify current operator/name before ingestion","inherit category dataset row for underlying data only; operator website/imagery rights separate","inherit category dataset permissions; candidate fact reference is not asset clearance","inherit category dataset permissions; do not copy operator protected content without licence","source operator + agency dataset/version when ingested","inherit category dataset; source webpage reference public, imagery/data licence separate","official operator/public-agency URL; obtain source agency ID and coordinates","inherit category dataset; operator permission may be needed for assets/bulk materials","curated pilot candidate","low identity; medium-high footprint/licensing","Proposed priority 1; validate official ID, name, status and CBSA intersection; rank metric can be refined","Analytical proposed rank, not authoritative nationwide top20. Official coordinate/footprint-to-CBSA join not executed; system-wide homepages do not validate every campus detail. Automated reference response unresolved; normal browser/manual verification needed. ","https://www.metlifestadium.com/","2026-10-07","primary operator URL supplied; automated page blocked or unresolved; proposed candidate needs page/identity verification"
"place","stadiums/arenas","2","Madison Square Garden","New York-Newark-Jersey City, NY-NJ | CBSA 35620","Proposed major sports/event-footprint candidate; no attendance/capacity ranking asserted.","One of20 nationally shortlisted candidates in this category within top20 MSAs","1","candidate place, not national inventory count","inherit category source row; verify current operator/name before ingestion","inherit category dataset row for underlying data only; operator website/imagery rights separate","inherit category dataset permissions; candidate fact reference is not asset clearance","inherit category dataset permissions; do not copy operator protected content without licence","source operator + agency dataset/version when ingested","inherit category dataset; source webpage reference public, imagery/data licence separate","official operator/public-agency URL; obtain source agency ID and coordinates","inherit category dataset; operator permission may be needed for assets/bulk materials","curated pilot candidate","low identity; medium-high footprint/licensing","Proposed priority 2; validate official ID, name, status and CBSA intersection; rank metric can be refined","Analytical proposed rank, not authoritative nationwide top20. Official coordinate/footprint-to-CBSA join not executed; system-wide homepages do not validate every campus detail. ","https://www.msg.com/madison-square-garden","2026-10-07","primary operator page reachable; identity/title checked; proposed rank; boundary join pending"
"place","stadiums/arenas","3","Yankee Stadium","New York-Newark-Jersey City, NY-NJ | CBSA 35620","Proposed major sports/event-footprint candidate; no attendance/capacity ranking asserted.","One of20 nationally shortlisted candidates in this category within top20 MSAs","1","candidate place, not national inventory count","inherit category source row; verify current operator/name before ingestion","inherit category dataset row for underlying data only; operator website/imagery rights separate","inherit category dataset permissions; candidate fact reference is not asset clearance","inherit category dataset permissions; do not copy operator protected content without licence","source operator + agency dataset/version when ingested","inherit category dataset; source webpage reference public, imagery/data licence separate","official operator/public-agency URL; obtain source agency ID and coordinates","inherit category dataset; operator permission may be needed for assets/bulk materials","curated pilot candidate","low identity; medium-high footprint/licensing","Proposed priority 3; validate official ID, name, status and CBSA intersection; rank metric can be refined","Analytical proposed rank, not authoritative nationwide top20. Official coordinate/footprint-to-CBSA join not executed; system-wide homepages do not validate every campus detail. ","https://www.mlb.com/yankees/ballpark","2026-10-07","primary operator page reachable; identity/title checked; proposed rank; boundary join pending"
"place","stadiums/arenas","4","SoFi Stadium","Los Angeles-Long Beach-Anaheim, CA | CBSA 31080","Proposed major sports/event-footprint candidate; no attendance/capacity ranking asserted.","One of20 nationally shortlisted candidates in this category within top20 MSAs","1","candidate place, not national inventory count","inherit category source row; verify current operator/name before ingestion","inherit category dataset row for underlying data only; operator website/imagery rights separate","inherit category dataset permissions; candidate fact reference is not asset clearance","inherit category dataset permissions; do not copy operator protected content without licence","source operator + agency dataset/version when ingested","inherit category dataset; source webpage reference public, imagery/data licence separate","official operator/public-agency URL; obtain source agency ID and coordinates","inherit category dataset; operator permission may be needed for assets/bulk materials","curated pilot candidate","low identity; medium-high footprint/licensing","Proposed priority 4; validate official ID, name, status and CBSA intersection; rank metric can be refined","Analytical proposed rank, not authoritative nationwide top20. Official coordinate/footprint-to-CBSA join not executed; system-wide homepages do not validate every campus detail. ","https://www.sofistadium.com/","2026-10-07","primary operator page reachable; identity/title checked; proposed rank; boundary join pending"
"place","stadiums/arenas","5","Dodger Stadium","Los Angeles-Long Beach-Anaheim, CA | CBSA 31080","Proposed major sports/event-footprint candidate; no attendance/capacity ranking asserted.","One of20 nationally shortlisted candidates in this category within top20 MSAs","1","candidate place, not national inventory count","inherit category source row; verify current operator/name before ingestion","inherit category dataset row for underlying data only; operator website/imagery rights separate","inherit category dataset permissions; candidate fact reference is not asset clearance","inherit category dataset permissions; do not copy operator protected content without licence","source operator + agency dataset/version when ingested","inherit category dataset; source webpage reference public, imagery/data licence separate","official operator/public-agency URL; obtain source agency ID and coordinates","inherit category dataset; operator permission may be needed for assets/bulk materials","curated pilot candidate","low identity; medium-high footprint/licensing","Proposed priority 5; validate official ID, name, status and CBSA intersection; rank metric can be refined","Analytical proposed rank, not authoritative nationwide top20. Official coordinate/footprint-to-CBSA join not executed; system-wide homepages do not validate every campus detail. ","https://www.mlb.com/dodgers/ballpark","2026-10-07","primary operator page reachable; identity/title checked; proposed rank; boundary join pending"
"place","stadiums/arenas","6","Rose Bowl Stadium","Los Angeles-Long Beach-Anaheim, CA | CBSA 31080","Proposed major sports/event-footprint candidate; no attendance/capacity ranking asserted.","One of20 nationally shortlisted candidates in this category within top20 MSAs","1","candidate place, not national inventory count","inherit category source row; verify current operator/name before ingestion","inherit category dataset row for underlying data only; operator website/imagery rights separate","inherit category dataset permissions; candidate fact reference is not asset clearance","inherit category dataset permissions; do not copy operator protected content without licence","source operator + agency dataset/version when ingested","inherit category dataset; source webpage reference public, imagery/data licence separate","official operator/public-agency URL; obtain source agency ID and coordinates","inherit category dataset; operator permission may be needed for assets/bulk materials","curated pilot candidate","low identity; medium-high footprint/licensing","Proposed priority 6; validate official ID, name, status and CBSA intersection; rank metric can be refined","Analytical proposed rank, not authoritative nationwide top20. Official coordinate/footprint-to-CBSA join not executed; system-wide homepages do not validate every campus detail. ","https://www.rosebowlstadium.com/","2026-10-07","primary operator page reachable; identity/title checked; proposed rank; boundary join pending"
"place","stadiums/arenas","7","Soldier Field","Chicago-Naperville-Elgin, IL-IN | CBSA 16980","Proposed major sports/event-footprint candidate; no attendance/capacity ranking asserted.","One of20 nationally shortlisted candidates in this category within top20 MSAs","1","candidate place, not national inventory count","inherit category source row; verify current operator/name before ingestion","inherit category dataset row for underlying data only; operator website/imagery rights separate","inherit category dataset permissions; candidate fact reference is not asset clearance","inherit category dataset permissions; do not copy operator protected content without licence","source operator + agency dataset/version when ingested","inherit category dataset; source webpage reference public, imagery/data licence separate","official operator/public-agency URL; obtain source agency ID and coordinates","inherit category dataset; operator permission may be needed for assets/bulk materials","curated pilot candidate","low identity; medium-high footprint/licensing","Proposed priority 7; validate official ID, name, status and CBSA intersection; rank metric can be refined","Analytical proposed rank, not authoritative nationwide top20. Official coordinate/footprint-to-CBSA join not executed; system-wide homepages do not validate every campus detail. Automated reference response unresolved; normal browser/manual verification needed. ","https://www.soldierfield.com/","2026-10-07","primary operator URL supplied; automated page blocked or unresolved; proposed candidate needs page/identity verification"
"place","stadiums/arenas","8","Wrigley Field","Chicago-Naperville-Elgin, IL-IN | CBSA 16980","Proposed major sports/event-footprint candidate; no attendance/capacity ranking asserted.","One of20 nationally shortlisted candidates in this category within top20 MSAs","1","candidate place, not national inventory count","inherit category source row; verify current operator/name before ingestion","inherit category dataset row for underlying data only; operator website/imagery rights separate","inherit category dataset permissions; candidate fact reference is not asset clearance","inherit category dataset permissions; do not copy operator protected content without licence","source operator + agency dataset/version when ingested","inherit category dataset; source webpage reference public, imagery/data licence separate","official operator/public-agency URL; obtain source agency ID and coordinates","inherit category dataset; operator permission may be needed for assets/bulk materials","curated pilot candidate","low identity; medium-high footprint/licensing","Proposed priority 8; validate official ID, name, status and CBSA intersection; rank metric can be refined","Analytical proposed rank, not authoritative nationwide top20. Official coordinate/footprint-to-CBSA join not executed; system-wide homepages do not validate every campus detail. ","https://www.mlb.com/cubs/ballpark","2026-10-07","primary operator page reachable; identity/title checked; proposed rank; boundary join pending"
"place","stadiums/arenas","9","AT&T Stadium","Dallas-Fort Worth-Arlington, TX | CBSA 19100","Proposed major sports/event-footprint candidate; no attendance/capacity ranking asserted.","One of20 nationally shortlisted candidates in this category within top20 MSAs","1","candidate place, not national inventory count","inherit category source row; verify current operator/name before ingestion","inherit category dataset row for underlying data only; operator website/imagery rights separate","inherit category dataset permissions; candidate fact reference is not asset clearance","inherit category dataset permissions; do not copy operator protected content without licence","source operator + agency dataset/version when ingested","inherit category dataset; source webpage reference public, imagery/data licence separate","official operator/public-agency URL; obtain source agency ID and coordinates","inherit category dataset; operator permission may be needed for assets/bulk materials","curated pilot candidate","low identity; medium-high footprint/licensing","Proposed priority 9; validate official ID, name, status and CBSA intersection; rank metric can be refined","Analytical proposed rank, not authoritative nationwide top20. Official coordinate/footprint-to-CBSA join not executed; system-wide homepages do not validate every campus detail. ","https://attstadium.com/","2026-10-07","primary operator page reachable; identity/title checked; proposed rank; boundary join pending"
"place","stadiums/arenas","10","Reliant Stadium (formerly NRG Stadium)","Houston-Pasadena-The Woodlands, TX | CBSA 26420","Proposed major sports/event-footprint candidate; no attendance/capacity ranking asserted.","One of20 nationally shortlisted candidates in this category within top20 MSAs","1","candidate place, not national inventory count","inherit category source row; verify current operator/name before ingestion","inherit category dataset row for underlying data only; operator website/imagery rights separate","inherit category dataset permissions; candidate fact reference is not asset clearance","inherit category dataset permissions; do not copy operator protected content without licence","source operator + agency dataset/version when ingested","inherit category dataset; source webpage reference public, imagery/data licence separate","official operator/public-agency URL; obtain source agency ID and coordinates","inherit category dataset; operator permission may be needed for assets/bulk materials","curated pilot candidate","low identity; medium-high footprint/licensing","Proposed priority 10; validate official ID, name, status and CBSA intersection; rank metric can be refined","Former NRG Stadium; Reliant name returned August2026. Analytical proposed rank, not authoritative nationwide top20. Official coordinate/footprint-to-CBSA join not executed; system-wide homepages do not validate every campus detail. ","https://www.houstontexans.com/stadium/","2026-10-07","primary operator/team documentation checked; current August2026 rename verified; proposed rank"
"place","stadiums/arenas","11","Mercedes-Benz Stadium","Atlanta-Sandy Springs-Roswell, GA | CBSA 12060","Proposed major sports/event-footprint candidate; no attendance/capacity ranking asserted.","One of20 nationally shortlisted candidates in this category within top20 MSAs","1","candidate place, not national inventory count","inherit category source row; verify current operator/name before ingestion","inherit category dataset row for underlying data only; operator website/imagery rights separate","inherit category dataset permissions; candidate fact reference is not asset clearance","inherit category dataset permissions; do not copy operator protected content without licence","source operator + agency dataset/version when ingested","inherit category dataset; source webpage reference public, imagery/data licence separate","official operator/public-agency URL; obtain source agency ID and coordinates","inherit category dataset; operator permission may be needed for assets/bulk materials","curated pilot candidate","low identity; medium-high footprint/licensing","Proposed priority 11; validate official ID, name, status and CBSA intersection; rank metric can be refined","Analytical proposed rank, not authoritative nationwide top20. Official coordinate/footprint-to-CBSA join not executed; system-wide homepages do not validate every campus detail. ","https://www.mercedesbenzstadium.com/","2026-10-07","primary operator page reachable; identity/title checked; proposed rank; boundary join pending"
"place","stadiums/arenas","12","Hard Rock Stadium","Miami-Fort Lauderdale-West Palm Beach, FL | CBSA 33100","Proposed major sports/event-footprint candidate; no attendance/capacity ranking asserted.","One of20 nationally shortlisted candidates in this category within top20 MSAs","1","candidate place, not national inventory count","inherit category source row; verify current operator/name before ingestion","inherit category dataset row for underlying data only; operator website/imagery rights separate","inherit category dataset permissions; candidate fact reference is not asset clearance","inherit category dataset permissions; do not copy operator protected content without licence","source operator + agency dataset/version when ingested","inherit category dataset; source webpage reference public, imagery/data licence separate","official operator/public-agency URL; obtain source agency ID and coordinates","inherit category dataset; operator permission may be needed for assets/bulk materials","curated pilot candidate","low identity; medium-high footprint/licensing","Proposed priority 12; validate official ID, name, status and CBSA intersection; rank metric can be refined","Analytical proposed rank, not authoritative nationwide top20. Official coordinate/footprint-to-CBSA join not executed; system-wide homepages do not validate every campus detail. ","https://www.hardrockstadium.com/","2026-10-07","primary operator page reachable; identity/title checked; proposed rank; boundary join pending"
"place","stadiums/arenas","13","Lincoln Financial Field","Philadelphia-Camden-Wilmington, PA-NJ-DE-MD | CBSA 37980","Proposed major sports/event-footprint candidate; no attendance/capacity ranking asserted.","One of20 nationally shortlisted candidates in this category within top20 MSAs","1","candidate place, not national inventory count","inherit category source row; verify current operator/name before ingestion","inherit category dataset row for underlying data only; operator website/imagery rights separate","inherit category dataset permissions; candidate fact reference is not asset clearance","inherit category dataset permissions; do not copy operator protected content without licence","source operator + agency dataset/version when ingested","inherit category dataset; source webpage reference public, imagery/data licence separate","official operator/public-agency URL; obtain source agency ID and coordinates","inherit category dataset; operator permission may be needed for assets/bulk materials","curated pilot candidate","low identity; medium-high footprint/licensing","Proposed priority 13; validate official ID, name, status and CBSA intersection; rank metric can be refined","Analytical proposed rank, not authoritative nationwide top20. Official coordinate/footprint-to-CBSA join not executed; system-wide homepages do not validate every campus detail. ","https://www.lincolnfinancialfield.com/","2026-10-07","primary operator page reachable; identity/title checked; proposed rank; boundary join pending"
"place","stadiums/arenas","14","Fenway Park","Boston-Cambridge-Newton, MA-NH | CBSA 14460","Proposed major sports/event-footprint candidate; no attendance/capacity ranking asserted.","One of20 nationally shortlisted candidates in this category within top20 MSAs","1","candidate place, not national inventory count","inherit category source row; verify current operator/name before ingestion","inherit category dataset row for underlying data only; operator website/imagery rights separate","inherit category dataset permissions; candidate fact reference is not asset clearance","inherit category dataset permissions; do not copy operator protected content without licence","source operator + agency dataset/version when ingested","inherit category dataset; source webpage reference public, imagery/data licence separate","official operator/public-agency URL; obtain source agency ID and coordinates","inherit category dataset; operator permission may be needed for assets/bulk materials","curated pilot candidate","low identity; medium-high footprint/licensing","Proposed priority 14; validate official ID, name, status and CBSA intersection; rank metric can be refined","Analytical proposed rank, not authoritative nationwide top20. Official coordinate/footprint-to-CBSA join not executed; system-wide homepages do not validate every campus detail. ","https://www.mlb.com/redsox/ballpark","2026-10-07","primary operator page reachable; identity/title checked; proposed rank; boundary join pending"
"place","stadiums/arenas","15","Chase Field","Phoenix-Mesa-Chandler, AZ | CBSA 38060","Proposed major sports/event-footprint candidate; no attendance/capacity ranking asserted.","One of20 nationally shortlisted candidates in this category within top20 MSAs","1","candidate place, not national inventory count","inherit category source row; verify current operator/name before ingestion","inherit category dataset row for underlying data only; operator website/imagery rights separate","inherit category dataset permissions; candidate fact reference is not asset clearance","inherit category dataset permissions; do not copy operator protected content without licence","source operator + agency dataset/version when ingested","inherit category dataset; source webpage reference public, imagery/data licence separate","official operator/public-agency URL; obtain source agency ID and coordinates","inherit category dataset; operator permission may be needed for assets/bulk materials","curated pilot candidate","low identity; medium-high footprint/licensing","Proposed priority 15; validate official ID, name, status and CBSA intersection; rank metric can be refined","Analytical proposed rank, not authoritative nationwide top20. Official coordinate/footprint-to-CBSA join not executed; system-wide homepages do not validate every campus detail. ","https://www.mlb.com/dbacks/ballpark","2026-10-07","primary operator page reachable; identity/title checked; proposed rank; boundary join pending"
"place","stadiums/arenas","16","Lumen Field","Seattle-Tacoma-Bellevue, WA | CBSA 42660","Proposed major sports/event-footprint candidate; no attendance/capacity ranking asserted.","One of20 nationally shortlisted candidates in this category within top20 MSAs","1","candidate place, not national inventory count","inherit category source row; verify current operator/name before ingestion","inherit category dataset row for underlying data only; operator website/imagery rights separate","inherit category dataset permissions; candidate fact reference is not asset clearance","inherit category dataset permissions; do not copy operator protected content without licence","source operator + agency dataset/version when ingested","inherit category dataset; source webpage reference public, imagery/data licence separate","official operator/public-agency URL; obtain source agency ID and coordinates","inherit category dataset; operator permission may be needed for assets/bulk materials","curated pilot candidate","low identity; medium-high footprint/licensing","Proposed priority 16; validate official ID, name, status and CBSA intersection; rank metric can be refined","Analytical proposed rank, not authoritative nationwide top20. Official coordinate/footprint-to-CBSA join not executed; system-wide homepages do not validate every campus detail. ","https://www.lumenfield.com/","2026-10-07","primary operator page reachable; identity/title checked; proposed rank; boundary join pending"
"place","stadiums/arenas","17","U.S. Bank Stadium","Minneapolis-St. Paul-Bloomington, MN-WI | CBSA 33460","Proposed major sports/event-footprint candidate; no attendance/capacity ranking asserted.","One of20 nationally shortlisted candidates in this category within top20 MSAs","1","candidate place, not national inventory count","inherit category source row; verify current operator/name before ingestion","inherit category dataset row for underlying data only; operator website/imagery rights separate","inherit category dataset permissions; candidate fact reference is not asset clearance","inherit category dataset permissions; do not copy operator protected content without licence","source operator + agency dataset/version when ingested","inherit category dataset; source webpage reference public, imagery/data licence separate","official operator/public-agency URL; obtain source agency ID and coordinates","inherit category dataset; operator permission may be needed for assets/bulk materials","curated pilot candidate","low identity; medium-high footprint/licensing","Proposed priority 17; validate official ID, name, status and CBSA intersection; rank metric can be refined","Analytical proposed rank, not authoritative nationwide top20. Official coordinate/footprint-to-CBSA join not executed; system-wide homepages do not validate every campus detail. Automated reference response unresolved; normal browser/manual verification needed. ","https://www.usbankstadium.com/","2026-10-07","primary operator URL supplied; automated page blocked or unresolved; proposed candidate needs page/identity verification"
"place","stadiums/arenas","18","Ford Field","Detroit-Warren-Dearborn, MI | CBSA 19820","Proposed major sports/event-footprint candidate; no attendance/capacity ranking asserted.","One of20 nationally shortlisted candidates in this category within top20 MSAs","1","candidate place, not national inventory count","inherit category source row; verify current operator/name before ingestion","inherit category dataset row for underlying data only; operator website/imagery rights separate","inherit category dataset permissions; candidate fact reference is not asset clearance","inherit category dataset permissions; do not copy operator protected content without licence","source operator + agency dataset/version when ingested","inherit category dataset; source webpage reference public, imagery/data licence separate","official operator/public-agency URL; obtain source agency ID and coordinates","inherit category dataset; operator permission may be needed for assets/bulk materials","curated pilot candidate","low identity; medium-high footprint/licensing","Proposed priority 18; validate official ID, name, status and CBSA intersection; rank metric can be refined","Analytical proposed rank, not authoritative nationwide top20. Official coordinate/footprint-to-CBSA join not executed; system-wide homepages do not validate every campus detail. ","https://www.fordfield.com/","2026-10-07","primary operator page reachable; identity/title checked; proposed rank; boundary join pending"
"place","stadiums/arenas","19","Empower Field at Mile High","Denver-Aurora-Centennial, CO | CBSA 19740","Proposed major sports/event-footprint candidate; no attendance/capacity ranking asserted.","One of20 nationally shortlisted candidates in this category within top20 MSAs","1","candidate place, not national inventory count","inherit category source row; verify current operator/name before ingestion","inherit category dataset row for underlying data only; operator website/imagery rights separate","inherit category dataset permissions; candidate fact reference is not asset clearance","inherit category dataset permissions; do not copy operator protected content without licence","source operator + agency dataset/version when ingested","inherit category dataset; source webpage reference public, imagery/data licence separate","official operator/public-agency URL; obtain source agency ID and coordinates","inherit category dataset; operator permission may be needed for assets/bulk materials","curated pilot candidate","low identity; medium-high footprint/licensing","Proposed priority 19; validate official ID, name, status and CBSA intersection; rank metric can be refined","Analytical proposed rank, not authoritative nationwide top20. Official coordinate/footprint-to-CBSA join not executed; system-wide homepages do not validate every campus detail. ","https://www.empowerfieldatmilehigh.com/","2026-10-07","primary operator page reachable; identity/title checked; proposed rank; boundary join pending"
"place","stadiums/arenas","20","Raymond James Stadium","Tampa-St. Petersburg-Clearwater, FL | CBSA 45300","Proposed major sports/event-footprint candidate; no attendance/capacity ranking asserted.","One of20 nationally shortlisted candidates in this category within top20 MSAs","1","candidate place, not national inventory count","inherit category source row; verify current operator/name before ingestion","inherit category dataset row for underlying data only; operator website/imagery rights separate","inherit category dataset permissions; candidate fact reference is not asset clearance","inherit category dataset permissions; do not copy operator protected content without licence","source operator + agency dataset/version when ingested","inherit category dataset; source webpage reference public, imagery/data licence separate","official operator/public-agency URL; obtain source agency ID and coordinates","inherit category dataset; operator permission may be needed for assets/bulk materials","curated pilot candidate","low identity; medium-high footprint/licensing","Proposed priority 20; validate official ID, name, status and CBSA intersection; rank metric can be refined","Analytical proposed rank, not authoritative nationwide top20. Official coordinate/footprint-to-CBSA join not executed; system-wide homepages do not validate every campus detail. ","https://raymondjamesstadium.com/","2026-10-07","primary operator page reachable; identity/title checked; proposed rank; boundary join pending"
"place","universities/colleges","1","Columbia University","New York-Newark-Jersey City, NY-NJ | CBSA 35620","Proposed campus/institutional-recognition candidate; no enrollment/prestige ranking asserted.","One of20 nationally shortlisted candidates in this category within top20 MSAs","1","candidate place, not national inventory count","inherit category source row; verify current operator/name before ingestion","inherit category dataset row for underlying data only; operator website/imagery rights separate","inherit category dataset permissions; candidate fact reference is not asset clearance","inherit category dataset permissions; do not copy operator protected content without licence","source operator + agency dataset/version when ingested","inherit category dataset; source webpage reference public, imagery/data licence separate","official operator/public-agency URL; obtain source agency ID and coordinates","inherit category dataset; operator permission may be needed for assets/bulk materials","curated pilot candidate","low identity; medium-high footprint/licensing","Proposed priority 1; validate official ID, name, status and CBSA intersection; rank metric can be refined","Analytical proposed rank, not authoritative nationwide top20. Official coordinate/footprint-to-CBSA join not executed; system-wide homepages do not validate every campus detail. Automated reference response 403; normal browser/manual verification needed. ","https://www.columbia.edu/","2026-10-07","primary operator URL supplied; automated page blocked or unresolved; proposed candidate needs page/identity verification"
"place","universities/colleges","2","New York University","New York-Newark-Jersey City, NY-NJ | CBSA 35620","Proposed campus/institutional-recognition candidate; no enrollment/prestige ranking asserted.","One of20 nationally shortlisted candidates in this category within top20 MSAs","1","candidate place, not national inventory count","inherit category source row; verify current operator/name before ingestion","inherit category dataset row for underlying data only; operator website/imagery rights separate","inherit category dataset permissions; candidate fact reference is not asset clearance","inherit category dataset permissions; do not copy operator protected content without licence","source operator + agency dataset/version when ingested","inherit category dataset; source webpage reference public, imagery/data licence separate","official operator/public-agency URL; obtain source agency ID and coordinates","inherit category dataset; operator permission may be needed for assets/bulk materials","curated pilot candidate","low identity; medium-high footprint/licensing","Proposed priority 2; validate official ID, name, status and CBSA intersection; rank metric can be refined","Analytical proposed rank, not authoritative nationwide top20. Official coordinate/footprint-to-CBSA join not executed; system-wide homepages do not validate every campus detail. Automated reference response 403; normal browser/manual verification needed. ","https://www.nyu.edu/","2026-10-07","primary operator URL supplied; automated page blocked or unresolved; proposed candidate needs page/identity verification"
"place","universities/colleges","3","University of California Los Angeles","Los Angeles-Long Beach-Anaheim, CA | CBSA 31080","Proposed campus/institutional-recognition candidate; no enrollment/prestige ranking asserted.","One of20 nationally shortlisted candidates in this category within top20 MSAs","1","candidate place, not national inventory count","inherit category source row; verify current operator/name before ingestion","inherit category dataset row for underlying data only; operator website/imagery rights separate","inherit category dataset permissions; candidate fact reference is not asset clearance","inherit category dataset permissions; do not copy operator protected content without licence","source operator + agency dataset/version when ingested","inherit category dataset; source webpage reference public, imagery/data licence separate","official operator/public-agency URL; obtain source agency ID and coordinates","inherit category dataset; operator permission may be needed for assets/bulk materials","curated pilot candidate","low identity; medium-high footprint/licensing","Proposed priority 3; validate official ID, name, status and CBSA intersection; rank metric can be refined","Analytical proposed rank, not authoritative nationwide top20. Official coordinate/footprint-to-CBSA join not executed; system-wide homepages do not validate every campus detail. ","https://www.ucla.edu/","2026-10-07","primary operator page reachable; identity/title checked; proposed rank; boundary join pending"
"place","universities/colleges","4","University of Southern California","Los Angeles-Long Beach-Anaheim, CA | CBSA 31080","Proposed campus/institutional-recognition candidate; no enrollment/prestige ranking asserted.","One of20 nationally shortlisted candidates in this category within top20 MSAs","1","candidate place, not national inventory count","inherit category source row; verify current operator/name before ingestion","inherit category dataset row for underlying data only; operator website/imagery rights separate","inherit category dataset permissions; candidate fact reference is not asset clearance","inherit category dataset permissions; do not copy operator protected content without licence","source operator + agency dataset/version when ingested","inherit category dataset; source webpage reference public, imagery/data licence separate","official operator/public-agency URL; obtain source agency ID and coordinates","inherit category dataset; operator permission may be needed for assets/bulk materials","curated pilot candidate","low identity; medium-high footprint/licensing","Proposed priority 4; validate official ID, name, status and CBSA intersection; rank metric can be refined","Analytical proposed rank, not authoritative nationwide top20. Official coordinate/footprint-to-CBSA join not executed; system-wide homepages do not validate every campus detail. ","https://www.usc.edu/","2026-10-07","primary operator page reachable; identity/title checked; proposed rank; boundary join pending"
"place","universities/colleges","5","University of Chicago","Chicago-Naperville-Elgin, IL-IN | CBSA 16980","Proposed campus/institutional-recognition candidate; no enrollment/prestige ranking asserted.","One of20 nationally shortlisted candidates in this category within top20 MSAs","1","candidate place, not national inventory count","inherit category source row; verify current operator/name before ingestion","inherit category dataset row for underlying data only; operator website/imagery rights separate","inherit category dataset permissions; candidate fact reference is not asset clearance","inherit category dataset permissions; do not copy operator protected content without licence","source operator + agency dataset/version when ingested","inherit category dataset; source webpage reference public, imagery/data licence separate","official operator/public-agency URL; obtain source agency ID and coordinates","inherit category dataset; operator permission may be needed for assets/bulk materials","curated pilot candidate","low identity; medium-high footprint/licensing","Proposed priority 5; validate official ID, name, status and CBSA intersection; rank metric can be refined","Analytical proposed rank, not authoritative nationwide top20. Official coordinate/footprint-to-CBSA join not executed; system-wide homepages do not validate every campus detail. Automated reference response 403; normal browser/manual verification needed. ","https://www.uchicago.edu/","2026-10-07","primary operator URL supplied; automated page blocked or unresolved; proposed candidate needs page/identity verification"
"place","universities/colleges","6","Northwestern University","Chicago-Naperville-Elgin, IL-IN | CBSA 16980","Proposed campus/institutional-recognition candidate; no enrollment/prestige ranking asserted.","One of20 nationally shortlisted candidates in this category within top20 MSAs","1","candidate place, not national inventory count","inherit category source row; verify current operator/name before ingestion","inherit category dataset row for underlying data only; operator website/imagery rights separate","inherit category dataset permissions; candidate fact reference is not asset clearance","inherit category dataset permissions; do not copy operator protected content without licence","source operator + agency dataset/version when ingested","inherit category dataset; source webpage reference public, imagery/data licence separate","official operator/public-agency URL; obtain source agency ID and coordinates","inherit category dataset; operator permission may be needed for assets/bulk materials","curated pilot candidate","low identity; medium-high footprint/licensing","Proposed priority 6; validate official ID, name, status and CBSA intersection; rank metric can be refined","Analytical proposed rank, not authoritative nationwide top20. Official coordinate/footprint-to-CBSA join not executed; system-wide homepages do not validate every campus detail. ","https://www.northwestern.edu/","2026-10-07","primary operator page reachable; identity/title checked; proposed rank; boundary join pending"
"place","universities/colleges","7","University of Texas at Dallas","Dallas-Fort Worth-Arlington, TX | CBSA 19100","Proposed campus/institutional-recognition candidate; no enrollment/prestige ranking asserted.","One of20 nationally shortlisted candidates in this category within top20 MSAs","1","candidate place, not national inventory count","inherit category source row; verify current operator/name before ingestion","inherit category dataset row for underlying data only; operator website/imagery rights separate","inherit category dataset permissions; candidate fact reference is not asset clearance","inherit category dataset permissions; do not copy operator protected content without licence","source operator + agency dataset/version when ingested","inherit category dataset; source webpage reference public, imagery/data licence separate","official operator/public-agency URL; obtain source agency ID and coordinates","inherit category dataset; operator permission may be needed for assets/bulk materials","curated pilot candidate","low identity; medium-high footprint/licensing","Proposed priority 7; validate official ID, name, status and CBSA intersection; rank metric can be refined","Analytical proposed rank, not authoritative nationwide top20. Official coordinate/footprint-to-CBSA join not executed; system-wide homepages do not validate every campus detail. ","https://www.utdallas.edu/","2026-10-07","primary operator page reachable; identity/title checked; proposed rank; boundary join pending"
"place","universities/colleges","8","University of Houston","Houston-Pasadena-The Woodlands, TX | CBSA 26420","Proposed campus/institutional-recognition candidate; no enrollment/prestige ranking asserted.","One of20 nationally shortlisted candidates in this category within top20 MSAs","1","candidate place, not national inventory count","inherit category source row; verify current operator/name before ingestion","inherit category dataset row for underlying data only; operator website/imagery rights separate","inherit category dataset permissions; candidate fact reference is not asset clearance","inherit category dataset permissions; do not copy operator protected content without licence","source operator + agency dataset/version when ingested","inherit category dataset; source webpage reference public, imagery/data licence separate","official operator/public-agency URL; obtain source agency ID and coordinates","inherit category dataset; operator permission may be needed for assets/bulk materials","curated pilot candidate","low identity; medium-high footprint/licensing","Proposed priority 8; validate official ID, name, status and CBSA intersection; rank metric can be refined","Analytical proposed rank, not authoritative nationwide top20. Official coordinate/footprint-to-CBSA join not executed; system-wide homepages do not validate every campus detail. ","https://www.uh.edu/","2026-10-07","primary operator page reachable; identity/title checked; proposed rank; boundary join pending"
"place","universities/colleges","9","Rice University","Houston-Pasadena-The Woodlands, TX | CBSA 26420","Proposed campus/institutional-recognition candidate; no enrollment/prestige ranking asserted.","One of20 nationally shortlisted candidates in this category within top20 MSAs","1","candidate place, not national inventory count","inherit category source row; verify current operator/name before ingestion","inherit category dataset row for underlying data only; operator website/imagery rights separate","inherit category dataset permissions; candidate fact reference is not asset clearance","inherit category dataset permissions; do not copy operator protected content without licence","source operator + agency dataset/version when ingested","inherit category dataset; source webpage reference public, imagery/data licence separate","official operator/public-agency URL; obtain source agency ID and coordinates","inherit category dataset; operator permission may be needed for assets/bulk materials","curated pilot candidate","low identity; medium-high footprint/licensing","Proposed priority 9; validate official ID, name, status and CBSA intersection; rank metric can be refined","Analytical proposed rank, not authoritative nationwide top20. Official coordinate/footprint-to-CBSA join not executed; system-wide homepages do not validate every campus detail. ","https://www.rice.edu/","2026-10-07","primary operator page reachable; identity/title checked; proposed rank; boundary join pending"
"place","universities/colleges","10","Georgia Institute of Technology","Atlanta-Sandy Springs-Roswell, GA | CBSA 12060","Proposed campus/institutional-recognition candidate; no enrollment/prestige ranking asserted.","One of20 nationally shortlisted candidates in this category within top20 MSAs","1","candidate place, not national inventory count","inherit category source row; verify current operator/name before ingestion","inherit category dataset row for underlying data only; operator website/imagery rights separate","inherit category dataset permissions; candidate fact reference is not asset clearance","inherit category dataset permissions; do not copy operator protected content without licence","source operator + agency dataset/version when ingested","inherit category dataset; source webpage reference public, imagery/data licence separate","official operator/public-agency URL; obtain source agency ID and coordinates","inherit category dataset; operator permission may be needed for assets/bulk materials","curated pilot candidate","low identity; medium-high footprint/licensing","Proposed priority 10; validate official ID, name, status and CBSA intersection; rank metric can be refined","Analytical proposed rank, not authoritative nationwide top20. Official coordinate/footprint-to-CBSA join not executed; system-wide homepages do not validate every campus detail. ","https://www.gatech.edu/","2026-10-07","primary operator page reachable; identity/title checked; proposed rank; boundary join pending"
"place","universities/colleges","11","Georgetown University","Washington-Arlington-Alexandria, DC-VA-MD-WV | CBSA 47900","Proposed campus/institutional-recognition candidate; no enrollment/prestige ranking asserted.","One of20 nationally shortlisted candidates in this category within top20 MSAs","1","candidate place, not national inventory count","inherit category source row; verify current operator/name before ingestion","inherit category dataset row for underlying data only; operator website/imagery rights separate","inherit category dataset permissions; candidate fact reference is not asset clearance","inherit category dataset permissions; do not copy operator protected content without licence","source operator + agency dataset/version when ingested","inherit category dataset; source webpage reference public, imagery/data licence separate","official operator/public-agency URL; obtain source agency ID and coordinates","inherit category dataset; operator permission may be needed for assets/bulk materials","curated pilot candidate","low identity; medium-high footprint/licensing","Proposed priority 11; validate official ID, name, status and CBSA intersection; rank metric can be refined","Analytical proposed rank, not authoritative nationwide top20. Official coordinate/footprint-to-CBSA join not executed; system-wide homepages do not validate every campus detail. ","https://www.georgetown.edu/","2026-10-07","primary operator page reachable; identity/title checked; proposed rank; boundary join pending"
"place","universities/colleges","12","University of Miami","Miami-Fort Lauderdale-West Palm Beach, FL | CBSA 33100","Proposed campus/institutional-recognition candidate; no enrollment/prestige ranking asserted.","One of20 nationally shortlisted candidates in this category within top20 MSAs","1","candidate place, not national inventory count","inherit category source row; verify current operator/name before ingestion","inherit category dataset row for underlying data only; operator website/imagery rights separate","inherit category dataset permissions; candidate fact reference is not asset clearance","inherit category dataset permissions; do not copy operator protected content without licence","source operator + agency dataset/version when ingested","inherit category dataset; source webpage reference public, imagery/data licence separate","official operator/public-agency URL; obtain source agency ID and coordinates","inherit category dataset; operator permission may be needed for assets/bulk materials","curated pilot candidate","low identity; medium-high footprint/licensing","Proposed priority 12; validate official ID, name, status and CBSA intersection; rank metric can be refined","Analytical proposed rank, not authoritative nationwide top20. Official coordinate/footprint-to-CBSA join not executed; system-wide homepages do not validate every campus detail. ","https://www.miami.edu/","2026-10-07","primary operator page reachable; identity/title checked; proposed rank; boundary join pending"
"place","universities/colleges","13","University of Pennsylvania","Philadelphia-Camden-Wilmington, PA-NJ-DE-MD | CBSA 37980","Proposed campus/institutional-recognition candidate; no enrollment/prestige ranking asserted.","One of20 nationally shortlisted candidates in this category within top20 MSAs","1","candidate place, not national inventory count","inherit category source row; verify current operator/name before ingestion","inherit category dataset row for underlying data only; operator website/imagery rights separate","inherit category dataset permissions; candidate fact reference is not asset clearance","inherit category dataset permissions; do not copy operator protected content without licence","source operator + agency dataset/version when ingested","inherit category dataset; source webpage reference public, imagery/data licence separate","official operator/public-agency URL; obtain source agency ID and coordinates","inherit category dataset; operator permission may be needed for assets/bulk materials","curated pilot candidate","low identity; medium-high footprint/licensing","Proposed priority 13; validate official ID, name, status and CBSA intersection; rank metric can be refined","Analytical proposed rank, not authoritative nationwide top20. Official coordinate/footprint-to-CBSA join not executed; system-wide homepages do not validate every campus detail. ","https://www.upenn.edu/","2026-10-07","primary operator page reachable; identity/title checked; proposed rank; boundary join pending"
"place","universities/colleges","14","Harvard University","Boston-Cambridge-Newton, MA-NH | CBSA 14460","Proposed campus/institutional-recognition candidate; no enrollment/prestige ranking asserted.","One of20 nationally shortlisted candidates in this category within top20 MSAs","1","candidate place, not national inventory count","inherit category source row; verify current operator/name before ingestion","inherit category dataset row for underlying data only; operator website/imagery rights separate","inherit category dataset permissions; candidate fact reference is not asset clearance","inherit category dataset permissions; do not copy operator protected content without licence","source operator + agency dataset/version when ingested","inherit category dataset; source webpage reference public, imagery/data licence separate","official operator/public-agency URL; obtain source agency ID and coordinates","inherit category dataset; operator permission may be needed for assets/bulk materials","curated pilot candidate","low identity; medium-high footprint/licensing","Proposed priority 14; validate official ID, name, status and CBSA intersection; rank metric can be refined","Analytical proposed rank, not authoritative nationwide top20. Official coordinate/footprint-to-CBSA join not executed; system-wide homepages do not validate every campus detail. ","https://www.harvard.edu/","2026-10-07","primary operator page reachable; identity/title checked; proposed rank; boundary join pending"
"place","universities/colleges","15","Massachusetts Institute of Technology","Boston-Cambridge-Newton, MA-NH | CBSA 14460","Proposed campus/institutional-recognition candidate; no enrollment/prestige ranking asserted.","One of20 nationally shortlisted candidates in this category within top20 MSAs","1","candidate place, not national inventory count","inherit category source row; verify current operator/name before ingestion","inherit category dataset row for underlying data only; operator website/imagery rights separate","inherit category dataset permissions; candidate fact reference is not asset clearance","inherit category dataset permissions; do not copy operator protected content without licence","source operator + agency dataset/version when ingested","inherit category dataset; source webpage reference public, imagery/data licence separate","official operator/public-agency URL; obtain source agency ID and coordinates","inherit category dataset; operator permission may be needed for assets/bulk materials","curated pilot candidate","low identity; medium-high footprint/licensing","Proposed priority 15; validate official ID, name, status and CBSA intersection; rank metric can be refined","Analytical proposed rank, not authoritative nationwide top20. Official coordinate/footprint-to-CBSA join not executed; system-wide homepages do not validate every campus detail. ","https://www.mit.edu/","2026-10-07","primary operator page reachable; identity/title checked; proposed rank; boundary join pending"
"place","universities/colleges","16","Arizona State University Tempe campus","Phoenix-Mesa-Chandler, AZ | CBSA 38060","Proposed campus/institutional-recognition candidate; no enrollment/prestige ranking asserted.","One of20 nationally shortlisted candidates in this category within top20 MSAs","1","candidate place, not national inventory count","inherit category source row; verify current operator/name before ingestion","inherit category dataset row for underlying data only; operator website/imagery rights separate","inherit category dataset permissions; candidate fact reference is not asset clearance","inherit category dataset permissions; do not copy operator protected content without licence","source operator + agency dataset/version when ingested","inherit category dataset; source webpage reference public, imagery/data licence separate","official operator/public-agency URL; obtain source agency ID and coordinates","inherit category dataset; operator permission may be needed for assets/bulk materials","curated pilot candidate","low identity; medium-high footprint/licensing","Proposed priority 16; validate official ID, name, status and CBSA intersection; rank metric can be refined","Analytical proposed rank, not authoritative nationwide top20. Official coordinate/footprint-to-CBSA join not executed; system-wide homepages do not validate every campus detail. ","https://www.asu.edu/","2026-10-07","primary operator page reachable; identity/title checked; proposed rank; boundary join pending"
"place","universities/colleges","17","University of California Berkeley","San Francisco-Oakland-Fremont, CA | CBSA 41860","Proposed campus/institutional-recognition candidate; no enrollment/prestige ranking asserted.","One of20 nationally shortlisted candidates in this category within top20 MSAs","1","candidate place, not national inventory count","inherit category source row; verify current operator/name before ingestion","inherit category dataset row for underlying data only; operator website/imagery rights separate","inherit category dataset permissions; candidate fact reference is not asset clearance","inherit category dataset permissions; do not copy operator protected content without licence","source operator + agency dataset/version when ingested","inherit category dataset; source webpage reference public, imagery/data licence separate","official operator/public-agency URL; obtain source agency ID and coordinates","inherit category dataset; operator permission may be needed for assets/bulk materials","curated pilot candidate","low identity; medium-high footprint/licensing","Proposed priority 17; validate official ID, name, status and CBSA intersection; rank metric can be refined","Analytical proposed rank, not authoritative nationwide top20. Official coordinate/footprint-to-CBSA join not executed; system-wide homepages do not validate every campus detail. ","https://www.berkeley.edu/","2026-10-07","primary operator page reachable; identity/title checked; proposed rank; boundary join pending"
"place","universities/colleges","18","University of Washington Seattle campus","Seattle-Tacoma-Bellevue, WA | CBSA 42660","Proposed campus/institutional-recognition candidate; no enrollment/prestige ranking asserted.","One of20 nationally shortlisted candidates in this category within top20 MSAs","1","candidate place, not national inventory count","inherit category source row; verify current operator/name before ingestion","inherit category dataset row for underlying data only; operator website/imagery rights separate","inherit category dataset permissions; candidate fact reference is not asset clearance","inherit category dataset permissions; do not copy operator protected content without licence","source operator + agency dataset/version when ingested","inherit category dataset; source webpage reference public, imagery/data licence separate","official operator/public-agency URL; obtain source agency ID and coordinates","inherit category dataset; operator permission may be needed for assets/bulk materials","curated pilot candidate","low identity; medium-high footprint/licensing","Proposed priority 18; validate official ID, name, status and CBSA intersection; rank metric can be refined","Analytical proposed rank, not authoritative nationwide top20. Official coordinate/footprint-to-CBSA join not executed; system-wide homepages do not validate every campus detail. ","https://www.washington.edu/","2026-10-07","primary operator page reachable; identity/title checked; proposed rank; boundary join pending"
"place","universities/colleges","19","University of Minnesota Twin Cities","Minneapolis-St. Paul-Bloomington, MN-WI | CBSA 33460","Proposed campus/institutional-recognition candidate; no enrollment/prestige ranking asserted.","One of20 nationally shortlisted candidates in this category within top20 MSAs","1","candidate place, not national inventory count","inherit category source row; verify current operator/name before ingestion","inherit category dataset row for underlying data only; operator website/imagery rights separate","inherit category dataset permissions; candidate fact reference is not asset clearance","inherit category dataset permissions; do not copy operator protected content without licence","source operator + agency dataset/version when ingested","inherit category dataset; source webpage reference public, imagery/data licence separate","official operator/public-agency URL; obtain source agency ID and coordinates","inherit category dataset; operator permission may be needed for assets/bulk materials","curated pilot candidate","low identity; medium-high footprint/licensing","Proposed priority 19; validate official ID, name, status and CBSA intersection; rank metric can be refined","Analytical proposed rank, not authoritative nationwide top20. Official coordinate/footprint-to-CBSA join not executed; system-wide homepages do not validate every campus detail. ","https://twin-cities.umn.edu/","2026-10-07","primary operator page reachable; identity/title checked; proposed rank; boundary join pending"
"place","universities/colleges","20","University of California San Diego","San Diego-Chula Vista-Carlsbad, CA | CBSA 41740","Proposed campus/institutional-recognition candidate; no enrollment/prestige ranking asserted.","One of20 nationally shortlisted candidates in this category within top20 MSAs","1","candidate place, not national inventory count","inherit category source row; verify current operator/name before ingestion","inherit category dataset row for underlying data only; operator website/imagery rights separate","inherit category dataset permissions; candidate fact reference is not asset clearance","inherit category dataset permissions; do not copy operator protected content without licence","source operator + agency dataset/version when ingested","inherit category dataset; source webpage reference public, imagery/data licence separate","official operator/public-agency URL; obtain source agency ID and coordinates","inherit category dataset; operator permission may be needed for assets/bulk materials","curated pilot candidate","low identity; medium-high footprint/licensing","Proposed priority 20; validate official ID, name, status and CBSA intersection; rank metric can be refined","Analytical proposed rank, not authoritative nationwide top20. Official coordinate/footprint-to-CBSA join not executed; system-wide homepages do not validate every campus detail. ","https://www.ucsd.edu/","2026-10-07","primary operator page reachable; identity/title checked; proposed rank; boundary join pending"
"place","national/state parks","1","Gateway National Recreation Area","New York-Newark-Jersey City, NY-NJ | CBSA 35620","Proposed protected-area candidate with metro footprint; includes NPS national recreation areas/park units as well as state parks.","One of20 nationally shortlisted candidates in this category within top20 MSAs","1","candidate place, not national inventory count","inherit category source row; verify current operator/name before ingestion","inherit category dataset row for underlying data only; operator website/imagery rights separate","inherit category dataset permissions; candidate fact reference is not asset clearance","inherit category dataset permissions; do not copy operator protected content without licence","source operator + agency dataset/version when ingested","inherit category dataset; source webpage reference public, imagery/data licence separate","official operator/public-agency URL; obtain source agency ID and coordinates","inherit category dataset; operator permission may be needed for assets/bulk materials","curated pilot candidate","low identity; medium-high footprint/licensing","Proposed priority 1; validate official ID, name, status and CBSA intersection; rank metric can be refined","Analytical proposed rank, not authoritative nationwide top20. Official coordinate/footprint-to-CBSA join not executed; system-wide homepages do not validate every campus detail. ","https://www.nps.gov/gate/","2026-10-07","primary operator page reachable; identity/title checked; proposed rank; boundary join pending"
"place","national/state parks","2","Harriman State Park","New York-Newark-Jersey City, NY-NJ | CBSA 35620","Proposed protected-area candidate with metro footprint; includes NPS national recreation areas/park units as well as state parks.","One of20 nationally shortlisted candidates in this category within top20 MSAs","1","candidate place, not national inventory count","inherit category source row; verify current operator/name before ingestion","inherit category dataset row for underlying data only; operator website/imagery rights separate","inherit category dataset permissions; candidate fact reference is not asset clearance","inherit category dataset permissions; do not copy operator protected content without licence","source operator + agency dataset/version when ingested","inherit category dataset; source webpage reference public, imagery/data licence separate","official operator/public-agency URL; obtain source agency ID and coordinates","inherit category dataset; operator permission may be needed for assets/bulk materials","curated pilot candidate","low identity; medium-high footprint/licensing","Proposed priority 2; validate official ID, name, status and CBSA intersection; rank metric can be refined","Analytical proposed rank, not authoritative nationwide top20. Official coordinate/footprint-to-CBSA join not executed; system-wide homepages do not validate every campus detail. ","https://parks.ny.gov/parks/harriman","2026-10-07","primary operator page reachable; identity/title checked; proposed rank; boundary join pending"
"place","national/state parks","3","Bear Mountain State Park","New York-Newark-Jersey City, NY-NJ | CBSA 35620","Proposed protected-area candidate with metro footprint; includes NPS national recreation areas/park units as well as state parks.","One of20 nationally shortlisted candidates in this category within top20 MSAs","1","candidate place, not national inventory count","inherit category source row; verify current operator/name before ingestion","inherit category dataset row for underlying data only; operator website/imagery rights separate","inherit category dataset permissions; candidate fact reference is not asset clearance","inherit category dataset permissions; do not copy operator protected content without licence","source operator + agency dataset/version when ingested","inherit category dataset; source webpage reference public, imagery/data licence separate","official operator/public-agency URL; obtain source agency ID and coordinates","inherit category dataset; operator permission may be needed for assets/bulk materials","curated pilot candidate","low identity; medium-high footprint/licensing","Proposed priority 3; validate official ID, name, status and CBSA intersection; rank metric can be refined","Analytical proposed rank, not authoritative nationwide top20. Official coordinate/footprint-to-CBSA join not executed; system-wide homepages do not validate every campus detail. ","https://parks.ny.gov/parks/bearmountain","2026-10-07","primary operator page reachable; identity/title checked; proposed rank; boundary join pending"
"place","national/state parks","4","Santa Monica Mountains National Recreation Area","Los Angeles-Long Beach-Anaheim, CA | CBSA 31080","Proposed protected-area candidate with metro footprint; includes NPS national recreation areas/park units as well as state parks.","One of20 nationally shortlisted candidates in this category within top20 MSAs","1","candidate place, not national inventory count","inherit category source row; verify current operator/name before ingestion","inherit category dataset row for underlying data only; operator website/imagery rights separate","inherit category dataset permissions; candidate fact reference is not asset clearance","inherit category dataset permissions; do not copy operator protected content without licence","source operator + agency dataset/version when ingested","inherit category dataset; source webpage reference public, imagery/data licence separate","official operator/public-agency URL; obtain source agency ID and coordinates","inherit category dataset; operator permission may be needed for assets/bulk materials","curated pilot candidate","low identity; medium-high footprint/licensing","Proposed priority 4; validate official ID, name, status and CBSA intersection; rank metric can be refined","Analytical proposed rank, not authoritative nationwide top20. Official coordinate/footprint-to-CBSA join not executed; system-wide homepages do not validate every campus detail. ","https://www.nps.gov/samo/","2026-10-07","primary operator page reachable; identity/title checked; proposed rank; boundary join pending"
"place","national/state parks","5","Malibu Creek State Park","Los Angeles-Long Beach-Anaheim, CA | CBSA 31080","Proposed protected-area candidate with metro footprint; includes NPS national recreation areas/park units as well as state parks.","One of20 nationally shortlisted candidates in this category within top20 MSAs","1","candidate place, not national inventory count","inherit category source row; verify current operator/name before ingestion","inherit category dataset row for underlying data only; operator website/imagery rights separate","inherit category dataset permissions; candidate fact reference is not asset clearance","inherit category dataset permissions; do not copy operator protected content without licence","source operator + agency dataset/version when ingested","inherit category dataset; source webpage reference public, imagery/data licence separate","official operator/public-agency URL; obtain source agency ID and coordinates","inherit category dataset; operator permission may be needed for assets/bulk materials","curated pilot candidate","low identity; medium-high footprint/licensing","Proposed priority 5; validate official ID, name, status and CBSA intersection; rank metric can be refined","Analytical proposed rank, not authoritative nationwide top20. Official coordinate/footprint-to-CBSA join not executed; system-wide homepages do not validate every campus detail. ","https://www.parks.ca.gov/?page_id=614","2026-10-07","primary operator page reachable; identity/title checked; proposed rank; boundary join pending"
"place","national/state parks","6","Topanga State Park","Los Angeles-Long Beach-Anaheim, CA | CBSA 31080","Proposed protected-area candidate with metro footprint; includes NPS national recreation areas/park units as well as state parks.","One of20 nationally shortlisted candidates in this category within top20 MSAs","1","candidate place, not national inventory count","inherit category source row; verify current operator/name before ingestion","inherit category dataset row for underlying data only; operator website/imagery rights separate","inherit category dataset permissions; candidate fact reference is not asset clearance","inherit category dataset permissions; do not copy operator protected content without licence","source operator + agency dataset/version when ingested","inherit category dataset; source webpage reference public, imagery/data licence separate","official operator/public-agency URL; obtain source agency ID and coordinates","inherit category dataset; operator permission may be needed for assets/bulk materials","curated pilot candidate","low identity; medium-high footprint/licensing","Proposed priority 6; validate official ID, name, status and CBSA intersection; rank metric can be refined","Analytical proposed rank, not authoritative nationwide top20. Official coordinate/footprint-to-CBSA join not executed; system-wide homepages do not validate every campus detail. ","https://www.parks.ca.gov/?page_id=629","2026-10-07","primary operator page reachable; identity/title checked; proposed rank; boundary join pending"
"place","national/state parks","7","Indiana Dunes National Park","Chicago-Naperville-Elgin, IL-IN | CBSA 16980","Proposed protected-area candidate with metro footprint; includes NPS national recreation areas/park units as well as state parks.","One of20 nationally shortlisted candidates in this category within top20 MSAs","1","candidate place, not national inventory count","inherit category source row; verify current operator/name before ingestion","inherit category dataset row for underlying data only; operator website/imagery rights separate","inherit category dataset permissions; candidate fact reference is not asset clearance","inherit category dataset permissions; do not copy operator protected content without licence","source operator + agency dataset/version when ingested","inherit category dataset; source webpage reference public, imagery/data licence separate","official operator/public-agency URL; obtain source agency ID and coordinates","inherit category dataset; operator permission may be needed for assets/bulk materials","curated pilot candidate","low identity; medium-high footprint/licensing","Proposed priority 7; validate official ID, name, status and CBSA intersection; rank metric can be refined","Analytical proposed rank, not authoritative nationwide top20. Official coordinate/footprint-to-CBSA join not executed; system-wide homepages do not validate every campus detail. ","https://www.nps.gov/indu/","2026-10-07","primary operator page reachable; identity/title checked; proposed rank; boundary join pending"
"place","national/state parks","8","Illinois Beach State Park","Chicago-Naperville-Elgin, IL-IN | CBSA 16980","Proposed protected-area candidate with metro footprint; includes NPS national recreation areas/park units as well as state parks.","One of20 nationally shortlisted candidates in this category within top20 MSAs","1","candidate place, not national inventory count","inherit category source row; verify current operator/name before ingestion","inherit category dataset row for underlying data only; operator website/imagery rights separate","inherit category dataset permissions; candidate fact reference is not asset clearance","inherit category dataset permissions; do not copy operator protected content without licence","source operator + agency dataset/version when ingested","inherit category dataset; source webpage reference public, imagery/data licence separate","official operator/public-agency URL; obtain source agency ID and coordinates","inherit category dataset; operator permission may be needed for assets/bulk materials","curated pilot candidate","low identity; medium-high footprint/licensing","Proposed priority 8; validate official ID, name, status and CBSA intersection; rank metric can be refined","Analytical proposed rank, not authoritative nationwide top20. Official coordinate/footprint-to-CBSA join not executed; system-wide homepages do not validate every campus detail. ","https://dnr.illinois.gov/parks/park.ilbeach.html","2026-10-07","primary operator page reachable; identity/title checked; proposed rank; boundary join pending"
"place","national/state parks","9","Boston Harbor Islands National Recreation Area","Boston-Cambridge-Newton, MA-NH | CBSA 14460","Proposed protected-area candidate with metro footprint; includes NPS national recreation areas/park units as well as state parks.","One of20 nationally shortlisted candidates in this category within top20 MSAs","1","candidate place, not national inventory count","inherit category source row; verify current operator/name before ingestion","inherit category dataset row for underlying data only; operator website/imagery rights separate","inherit category dataset permissions; candidate fact reference is not asset clearance","inherit category dataset permissions; do not copy operator protected content without licence","source operator + agency dataset/version when ingested","inherit category dataset; source webpage reference public, imagery/data licence separate","official operator/public-agency URL; obtain source agency ID and coordinates","inherit category dataset; operator permission may be needed for assets/bulk materials","curated pilot candidate","low identity; medium-high footprint/licensing","Proposed priority 9; validate official ID, name, status and CBSA intersection; rank metric can be refined","Analytical proposed rank, not authoritative nationwide top20. Official coordinate/footprint-to-CBSA join not executed; system-wide homepages do not validate every campus detail. ","https://www.nps.gov/boha/","2026-10-07","primary operator page reachable; identity/title checked; proposed rank; boundary join pending"
"place","national/state parks","10","Great Falls Park","Washington-Arlington-Alexandria, DC-VA-MD-WV | CBSA 47900","Proposed protected-area candidate with metro footprint; includes NPS national recreation areas/park units as well as state parks.","One of20 nationally shortlisted candidates in this category within top20 MSAs","1","candidate place, not national inventory count","inherit category source row; verify current operator/name before ingestion","inherit category dataset row for underlying data only; operator website/imagery rights separate","inherit category dataset permissions; candidate fact reference is not asset clearance","inherit category dataset permissions; do not copy operator protected content without licence","source operator + agency dataset/version when ingested","inherit category dataset; source webpage reference public, imagery/data licence separate","official operator/public-agency URL; obtain source agency ID and coordinates","inherit category dataset; operator permission may be needed for assets/bulk materials","curated pilot candidate","low identity; medium-high footprint/licensing","Proposed priority 10; validate official ID, name, status and CBSA intersection; rank metric can be refined","Analytical proposed rank, not authoritative nationwide top20. Official coordinate/footprint-to-CBSA join not executed; system-wide homepages do not validate every campus detail. ","https://www.nps.gov/grfa/","2026-10-07","primary operator page reachable; identity/title checked; proposed rank; boundary join pending"
"place","national/state parks","11","Prince William Forest Park","Washington-Arlington-Alexandria, DC-VA-MD-WV | CBSA 47900","Proposed protected-area candidate with metro footprint; includes NPS national recreation areas/park units as well as state parks.","One of20 nationally shortlisted candidates in this category within top20 MSAs","1","candidate place, not national inventory count","inherit category source row; verify current operator/name before ingestion","inherit category dataset row for underlying data only; operator website/imagery rights separate","inherit category dataset permissions; candidate fact reference is not asset clearance","inherit category dataset permissions; do not copy operator protected content without licence","source operator + agency dataset/version when ingested","inherit category dataset; source webpage reference public, imagery/data licence separate","official operator/public-agency URL; obtain source agency ID and coordinates","inherit category dataset; operator permission may be needed for assets/bulk materials","curated pilot candidate","low identity; medium-high footprint/licensing","Proposed priority 11; validate official ID, name, status and CBSA intersection; rank metric can be refined","Analytical proposed rank, not authoritative nationwide top20. Official coordinate/footprint-to-CBSA join not executed; system-wide homepages do not validate every campus detail. ","https://www.nps.gov/prwi/","2026-10-07","primary operator page reachable; identity/title checked; proposed rank; boundary join pending"
"place","national/state parks","12","Golden Gate National Recreation Area","San Francisco-Oakland-Fremont, CA | CBSA 41860","Proposed protected-area candidate with metro footprint; includes NPS national recreation areas/park units as well as state parks.","One of20 nationally shortlisted candidates in this category within top20 MSAs","1","candidate place, not national inventory count","inherit category source row; verify current operator/name before ingestion","inherit category dataset row for underlying data only; operator website/imagery rights separate","inherit category dataset permissions; candidate fact reference is not asset clearance","inherit category dataset permissions; do not copy operator protected content without licence","source operator + agency dataset/version when ingested","inherit category dataset; source webpage reference public, imagery/data licence separate","official operator/public-agency URL; obtain source agency ID and coordinates","inherit category dataset; operator permission may be needed for assets/bulk materials","curated pilot candidate","low identity; medium-high footprint/licensing","Proposed priority 12; validate official ID, name, status and CBSA intersection; rank metric can be refined","Analytical proposed rank, not authoritative nationwide top20. Official coordinate/footprint-to-CBSA join not executed; system-wide homepages do not validate every campus detail. ","https://www.nps.gov/goga/","2026-10-07","primary operator page reachable; identity/title checked; proposed rank; boundary join pending"
"place","national/state parks","13","Mount Diablo State Park","San Francisco-Oakland-Fremont, CA | CBSA 41860","Proposed protected-area candidate with metro footprint; includes NPS national recreation areas/park units as well as state parks.","One of20 nationally shortlisted candidates in this category within top20 MSAs","1","candidate place, not national inventory count","inherit category source row; verify current operator/name before ingestion","inherit category dataset row for underlying data only; operator website/imagery rights separate","inherit category dataset permissions; candidate fact reference is not asset clearance","inherit category dataset permissions; do not copy operator protected content without licence","source operator + agency dataset/version when ingested","inherit category dataset; source webpage reference public, imagery/data licence separate","official operator/public-agency URL; obtain source agency ID and coordinates","inherit category dataset; operator permission may be needed for assets/bulk materials","curated pilot candidate","low identity; medium-high footprint/licensing","Proposed priority 13; validate official ID, name, status and CBSA intersection; rank metric can be refined","Analytical proposed rank, not authoritative nationwide top20. Official coordinate/footprint-to-CBSA join not executed; system-wide homepages do not validate every campus detail. ","https://www.parks.ca.gov/?page_id=517","2026-10-07","primary operator page reachable; identity/title checked; proposed rank; boundary join pending"
"place","national/state parks","14","Angel Island State Park","San Francisco-Oakland-Fremont, CA | CBSA 41860","Proposed protected-area candidate with metro footprint; includes NPS national recreation areas/park units as well as state parks.","One of20 nationally shortlisted candidates in this category within top20 MSAs","1","candidate place, not national inventory count","inherit category source row; verify current operator/name before ingestion","inherit category dataset row for underlying data only; operator website/imagery rights separate","inherit category dataset permissions; candidate fact reference is not asset clearance","inherit category dataset permissions; do not copy operator protected content without licence","source operator + agency dataset/version when ingested","inherit category dataset; source webpage reference public, imagery/data licence separate","official operator/public-agency URL; obtain source agency ID and coordinates","inherit category dataset; operator permission may be needed for assets/bulk materials","curated pilot candidate","low identity; medium-high footprint/licensing","Proposed priority 14; validate official ID, name, status and CBSA intersection; rank metric can be refined","Analytical proposed rank, not authoritative nationwide top20. Official coordinate/footprint-to-CBSA join not executed; system-wide homepages do not validate every campus detail. ","https://www.parks.ca.gov/?page_id=468","2026-10-07","primary operator page reachable; identity/title checked; proposed rank; boundary join pending"
"place","national/state parks","15","Saint Edward State Park","Seattle-Tacoma-Bellevue, WA | CBSA 42660","Proposed protected-area candidate with metro footprint; includes NPS national recreation areas/park units as well as state parks.","One of20 nationally shortlisted candidates in this category within top20 MSAs","1","candidate place, not national inventory count","inherit category source row; verify current operator/name before ingestion","inherit category dataset row for underlying data only; operator website/imagery rights separate","inherit category dataset permissions; candidate fact reference is not asset clearance","inherit category dataset permissions; do not copy operator protected content without licence","source operator + agency dataset/version when ingested","inherit category dataset; source webpage reference public, imagery/data licence separate","official operator/public-agency URL; obtain source agency ID and coordinates","inherit category dataset; operator permission may be needed for assets/bulk materials","curated pilot candidate","low identity; medium-high footprint/licensing","Proposed priority 15; validate official ID, name, status and CBSA intersection; rank metric can be refined","Analytical proposed rank, not authoritative nationwide top20. Official coordinate/footprint-to-CBSA join not executed; system-wide homepages do not validate every campus detail. ","https://parks.wa.gov/find-parks/state-parks/saint-edward-state-park","2026-10-07","primary operator page reachable; identity/title checked; proposed rank; boundary join pending"
"place","national/state parks","16","Lake Sammamish State Park","Seattle-Tacoma-Bellevue, WA | CBSA 42660","Proposed protected-area candidate with metro footprint; includes NPS national recreation areas/park units as well as state parks.","One of20 nationally shortlisted candidates in this category within top20 MSAs","1","candidate place, not national inventory count","inherit category source row; verify current operator/name before ingestion","inherit category dataset row for underlying data only; operator website/imagery rights separate","inherit category dataset permissions; candidate fact reference is not asset clearance","inherit category dataset permissions; do not copy operator protected content without licence","source operator + agency dataset/version when ingested","inherit category dataset; source webpage reference public, imagery/data licence separate","official operator/public-agency URL; obtain source agency ID and coordinates","inherit category dataset; operator permission may be needed for assets/bulk materials","curated pilot candidate","low identity; medium-high footprint/licensing","Proposed priority 16; validate official ID, name, status and CBSA intersection; rank metric can be refined","Analytical proposed rank, not authoritative nationwide top20. Official coordinate/footprint-to-CBSA join not executed; system-wide homepages do not validate every campus detail. ","https://parks.wa.gov/find-parks/state-parks/lake-sammamish-state-park","2026-10-07","primary operator page reachable; identity/title checked; proposed rank; boundary join pending"
"place","national/state parks","17","Biscayne National Park","Miami-Fort Lauderdale-West Palm Beach, FL | CBSA 33100","Proposed protected-area candidate with metro footprint; includes NPS national recreation areas/park units as well as state parks.","One of20 nationally shortlisted candidates in this category within top20 MSAs","1","candidate place, not national inventory count","inherit category source row; verify current operator/name before ingestion","inherit category dataset row for underlying data only; operator website/imagery rights separate","inherit category dataset permissions; candidate fact reference is not asset clearance","inherit category dataset permissions; do not copy operator protected content without licence","source operator + agency dataset/version when ingested","inherit category dataset; source webpage reference public, imagery/data licence separate","official operator/public-agency URL; obtain source agency ID and coordinates","inherit category dataset; operator permission may be needed for assets/bulk materials","curated pilot candidate","low identity; medium-high footprint/licensing","Proposed priority 17; validate official ID, name, status and CBSA intersection; rank metric can be refined","Analytical proposed rank, not authoritative nationwide top20. Official coordinate/footprint-to-CBSA join not executed; system-wide homepages do not validate every campus detail. ","https://www.nps.gov/bisc/","2026-10-07","primary operator page reachable; identity/title checked; proposed rank; boundary join pending"
"place","national/state parks","18","Everglades National Park Miami-Dade footprint","Miami-Fort Lauderdale-West Palm Beach, FL | CBSA 33100","Proposed protected-area candidate with metro footprint; includes NPS national recreation areas/park units as well as state parks.","One of20 nationally shortlisted candidates in this category within top20 MSAs","1","candidate place, not national inventory count","inherit category source row; verify current operator/name before ingestion","inherit category dataset row for underlying data only; operator website/imagery rights separate","inherit category dataset permissions; candidate fact reference is not asset clearance","inherit category dataset permissions; do not copy operator protected content without licence","source operator + agency dataset/version when ingested","inherit category dataset; source webpage reference public, imagery/data licence separate","official operator/public-agency URL; obtain source agency ID and coordinates","inherit category dataset; operator permission may be needed for assets/bulk materials","curated pilot candidate","low identity; medium-high footprint/licensing","Proposed priority 18; validate official ID, name, status and CBSA intersection; rank metric can be refined","Only Miami-Dade intersection belongs to this MSA; rest of park outside shortlist scope. Analytical proposed rank, not authoritative nationwide top20. Official coordinate/footprint-to-CBSA join not executed; system-wide homepages do not validate every campus detail. ","https://www.nps.gov/ever/","2026-10-07","primary operator page reachable; identity/title checked; proposed rank; boundary join pending"
"place","national/state parks","19","Fort Snelling State Park","Minneapolis-St. Paul-Bloomington, MN-WI | CBSA 33460","Proposed protected-area candidate with metro footprint; includes NPS national recreation areas/park units as well as state parks.","One of20 nationally shortlisted candidates in this category within top20 MSAs","1","candidate place, not national inventory count","inherit category source row; verify current operator/name before ingestion","inherit category dataset row for underlying data only; operator website/imagery rights separate","inherit category dataset permissions; candidate fact reference is not asset clearance","inherit category dataset permissions; do not copy operator protected content without licence","source operator + agency dataset/version when ingested","inherit category dataset; source webpage reference public, imagery/data licence separate","official operator/public-agency URL; obtain source agency ID and coordinates","inherit category dataset; operator permission may be needed for assets/bulk materials","curated pilot candidate","low identity; medium-high footprint/licensing","Proposed priority 19; validate official ID, name, status and CBSA intersection; rank metric can be refined","Analytical proposed rank, not authoritative nationwide top20. Official coordinate/footprint-to-CBSA join not executed; system-wide homepages do not validate every campus detail. ","https://www.dnr.state.mn.us/state_parks/park.html?id=spk00154","2026-10-07","primary operator page reachable; identity/title checked; proposed rank; boundary join pending"
"place","national/state parks","20","Honeymoon Island State Park","Tampa-St. Petersburg-Clearwater, FL | CBSA 45300","Proposed protected-area candidate with metro footprint; includes NPS national recreation areas/park units as well as state parks.","One of20 nationally shortlisted candidates in this category within top20 MSAs","1","candidate place, not national inventory count","inherit category source row; verify current operator/name before ingestion","inherit category dataset row for underlying data only; operator website/imagery rights separate","inherit category dataset permissions; candidate fact reference is not asset clearance","inherit category dataset permissions; do not copy operator protected content without licence","source operator + agency dataset/version when ingested","inherit category dataset; source webpage reference public, imagery/data licence separate","official operator/public-agency URL; obtain source agency ID and coordinates","inherit category dataset; operator permission may be needed for assets/bulk materials","curated pilot candidate","low identity; medium-high footprint/licensing","Proposed priority 20; validate official ID, name, status and CBSA intersection; rank metric can be refined","Analytical proposed rank, not authoritative nationwide top20. Official coordinate/footprint-to-CBSA join not executed; system-wide homepages do not validate every campus detail. Automated reference response 403; normal browser/manual verification needed. ","https://www.floridastateparks.org/parks-and-trails/honeymoon-island-state-park","2026-10-07","primary operator URL supplied; automated page blocked or unresolved; proposed candidate needs page/identity verification"
"place","landmarks/monuments","1","Statue of Liberty","New York-Newark-Jersey City, NY-NJ | CBSA 35620","Proposed recognizable built/historic-landmark candidate; no measured visitor/attention ranking.","One of20 nationally shortlisted candidates in this category within top20 MSAs","1","candidate place, not national inventory count","inherit category source row; verify current operator/name before ingestion","inherit category dataset row for underlying data only; operator website/imagery rights separate","inherit category dataset permissions; candidate fact reference is not asset clearance","inherit category dataset permissions; do not copy operator protected content without licence","source operator + agency dataset/version when ingested","inherit category dataset; source webpage reference public, imagery/data licence separate","official operator/public-agency URL; obtain source agency ID and coordinates","inherit category dataset; operator permission may be needed for assets/bulk materials","curated pilot candidate","low identity; medium-high footprint/licensing","Proposed priority 1; validate official ID, name, status and CBSA intersection; rank metric can be refined","Analytical proposed rank, not authoritative nationwide top20. Official coordinate/footprint-to-CBSA join not executed; system-wide homepages do not validate every campus detail. ","https://www.nps.gov/stli/","2026-10-07","primary operator page reachable; identity/title checked; proposed rank; boundary join pending"
"place","landmarks/monuments","2","Ellis Island","New York-Newark-Jersey City, NY-NJ | CBSA 35620","Proposed recognizable built/historic-landmark candidate; no measured visitor/attention ranking.","One of20 nationally shortlisted candidates in this category within top20 MSAs","1","candidate place, not national inventory count","inherit category source row; verify current operator/name before ingestion","inherit category dataset row for underlying data only; operator website/imagery rights separate","inherit category dataset permissions; candidate fact reference is not asset clearance","inherit category dataset permissions; do not copy operator protected content without licence","source operator + agency dataset/version when ingested","inherit category dataset; source webpage reference public, imagery/data licence separate","official operator/public-agency URL; obtain source agency ID and coordinates","inherit category dataset; operator permission may be needed for assets/bulk materials","curated pilot candidate","low identity; medium-high footprint/licensing","Proposed priority 2; validate official ID, name, status and CBSA intersection; rank metric can be refined","Analytical proposed rank, not authoritative nationwide top20. Official coordinate/footprint-to-CBSA join not executed; system-wide homepages do not validate every campus detail. ","https://www.nps.gov/elis/","2026-10-07","primary operator page reachable; identity/title checked; proposed rank; boundary join pending"
"place","landmarks/monuments","3","Empire State Building","New York-Newark-Jersey City, NY-NJ | CBSA 35620","Proposed recognizable built/historic-landmark candidate; no measured visitor/attention ranking.","One of20 nationally shortlisted candidates in this category within top20 MSAs","1","candidate place, not national inventory count","inherit category source row; verify current operator/name before ingestion","inherit category dataset row for underlying data only; operator website/imagery rights separate","inherit category dataset permissions; candidate fact reference is not asset clearance","inherit category dataset permissions; do not copy operator protected content without licence","source operator + agency dataset/version when ingested","inherit category dataset; source webpage reference public, imagery/data licence separate","official operator/public-agency URL; obtain source agency ID and coordinates","inherit category dataset; operator permission may be needed for assets/bulk materials","curated pilot candidate","low identity; medium-high footprint/licensing","Proposed priority 3; validate official ID, name, status and CBSA intersection; rank metric can be refined","Analytical proposed rank, not authoritative nationwide top20. Official coordinate/footprint-to-CBSA join not executed; system-wide homepages do not validate every campus detail. ","https://www.esbnyc.com/","2026-10-07","primary operator page reachable; identity/title checked; proposed rank; boundary join pending"
"place","landmarks/monuments","4","One World Observatory","New York-Newark-Jersey City, NY-NJ | CBSA 35620","Proposed recognizable built/historic-landmark candidate; no measured visitor/attention ranking.","One of20 nationally shortlisted candidates in this category within top20 MSAs","1","candidate place, not national inventory count","inherit category source row; verify current operator/name before ingestion","inherit category dataset row for underlying data only; operator website/imagery rights separate","inherit category dataset permissions; candidate fact reference is not asset clearance","inherit category dataset permissions; do not copy operator protected content without licence","source operator + agency dataset/version when ingested","inherit category dataset; source webpage reference public, imagery/data licence separate","official operator/public-agency URL; obtain source agency ID and coordinates","inherit category dataset; operator permission may be needed for assets/bulk materials","curated pilot candidate","low identity; medium-high footprint/licensing","Proposed priority 4; validate official ID, name, status and CBSA intersection; rank metric can be refined","Analytical proposed rank, not authoritative nationwide top20. Official coordinate/footprint-to-CBSA join not executed; system-wide homepages do not validate every campus detail. ","https://www.oneworldobservatory.com/","2026-10-07","primary operator page reachable; identity/title checked; proposed rank; boundary join pending"
"place","landmarks/monuments","5","Griffith Observatory","Los Angeles-Long Beach-Anaheim, CA | CBSA 31080","Proposed recognizable built/historic-landmark candidate; no measured visitor/attention ranking.","One of20 nationally shortlisted candidates in this category within top20 MSAs","1","candidate place, not national inventory count","inherit category source row; verify current operator/name before ingestion","inherit category dataset row for underlying data only; operator website/imagery rights separate","inherit category dataset permissions; candidate fact reference is not asset clearance","inherit category dataset permissions; do not copy operator protected content without licence","source operator + agency dataset/version when ingested","inherit category dataset; source webpage reference public, imagery/data licence separate","official operator/public-agency URL; obtain source agency ID and coordinates","inherit category dataset; operator permission may be needed for assets/bulk materials","curated pilot candidate","low identity; medium-high footprint/licensing","Proposed priority 5; validate official ID, name, status and CBSA intersection; rank metric can be refined","Analytical proposed rank, not authoritative nationwide top20. Official coordinate/footprint-to-CBSA join not executed; system-wide homepages do not validate every campus detail. ","https://griffithobservatory.org/","2026-10-07","primary operator page reachable; identity/title checked; proposed rank; boundary join pending"
"place","landmarks/monuments","6","Hollywood Sign","Los Angeles-Long Beach-Anaheim, CA | CBSA 31080","Proposed recognizable built/historic-landmark candidate; no measured visitor/attention ranking.","One of20 nationally shortlisted candidates in this category within top20 MSAs","1","candidate place, not national inventory count","inherit category source row; verify current operator/name before ingestion","inherit category dataset row for underlying data only; operator website/imagery rights separate","inherit category dataset permissions; candidate fact reference is not asset clearance","inherit category dataset permissions; do not copy operator protected content without licence","source operator + agency dataset/version when ingested","inherit category dataset; source webpage reference public, imagery/data licence separate","official operator/public-agency URL; obtain source agency ID and coordinates","inherit category dataset; operator permission may be needed for assets/bulk materials","curated pilot candidate","low identity; medium-high footprint/licensing","Proposed priority 6; validate official ID, name, status and CBSA intersection; rank metric can be refined","Analytical proposed rank, not authoritative nationwide top20. Official coordinate/footprint-to-CBSA join not executed; system-wide homepages do not validate every campus detail. ","https://www.hollywoodsign.org/","2026-10-07","primary operator page reachable; identity/title checked; proposed rank; boundary join pending"
"place","landmarks/monuments","7","Willis Tower Skydeck","Chicago-Naperville-Elgin, IL-IN | CBSA 16980","Proposed recognizable built/historic-landmark candidate; no measured visitor/attention ranking.","One of20 nationally shortlisted candidates in this category within top20 MSAs","1","candidate place, not national inventory count","inherit category source row; verify current operator/name before ingestion","inherit category dataset row for underlying data only; operator website/imagery rights separate","inherit category dataset permissions; candidate fact reference is not asset clearance","inherit category dataset permissions; do not copy operator protected content without licence","source operator + agency dataset/version when ingested","inherit category dataset; source webpage reference public, imagery/data licence separate","official operator/public-agency URL; obtain source agency ID and coordinates","inherit category dataset; operator permission may be needed for assets/bulk materials","curated pilot candidate","low identity; medium-high footprint/licensing","Proposed priority 7; validate official ID, name, status and CBSA intersection; rank metric can be refined","Analytical proposed rank, not authoritative nationwide top20. Official coordinate/footprint-to-CBSA join not executed; system-wide homepages do not validate every campus detail. ","https://theskydeck.com/","2026-10-07","primary operator page reachable; identity/title checked; proposed rank; boundary join pending"
"place","landmarks/monuments","8","Washington Monument","Washington-Arlington-Alexandria, DC-VA-MD-WV | CBSA 47900","Proposed recognizable built/historic-landmark candidate; no measured visitor/attention ranking.","One of20 nationally shortlisted candidates in this category within top20 MSAs","1","candidate place, not national inventory count","inherit category source row; verify current operator/name before ingestion","inherit category dataset row for underlying data only; operator website/imagery rights separate","inherit category dataset permissions; candidate fact reference is not asset clearance","inherit category dataset permissions; do not copy operator protected content without licence","source operator + agency dataset/version when ingested","inherit category dataset; source webpage reference public, imagery/data licence separate","official operator/public-agency URL; obtain source agency ID and coordinates","inherit category dataset; operator permission may be needed for assets/bulk materials","curated pilot candidate","low identity; medium-high footprint/licensing","Proposed priority 8; validate official ID, name, status and CBSA intersection; rank metric can be refined","Analytical proposed rank, not authoritative nationwide top20. Official coordinate/footprint-to-CBSA join not executed; system-wide homepages do not validate every campus detail. ","https://www.nps.gov/wamo/","2026-10-07","primary operator page reachable; identity/title checked; proposed rank; boundary join pending"
"place","landmarks/monuments","9","Lincoln Memorial","Washington-Arlington-Alexandria, DC-VA-MD-WV | CBSA 47900","Proposed recognizable built/historic-landmark candidate; no measured visitor/attention ranking.","One of20 nationally shortlisted candidates in this category within top20 MSAs","1","candidate place, not national inventory count","inherit category source row; verify current operator/name before ingestion","inherit category dataset row for underlying data only; operator website/imagery rights separate","inherit category dataset permissions; candidate fact reference is not asset clearance","inherit category dataset permissions; do not copy operator protected content without licence","source operator + agency dataset/version when ingested","inherit category dataset; source webpage reference public, imagery/data licence separate","official operator/public-agency URL; obtain source agency ID and coordinates","inherit category dataset; operator permission may be needed for assets/bulk materials","curated pilot candidate","low identity; medium-high footprint/licensing","Proposed priority 9; validate official ID, name, status and CBSA intersection; rank metric can be refined","Analytical proposed rank, not authoritative nationwide top20. Official coordinate/footprint-to-CBSA join not executed; system-wide homepages do not validate every campus detail. ","https://www.nps.gov/linc/","2026-10-07","primary operator page reachable; identity/title checked; proposed rank; boundary join pending"
"place","landmarks/monuments","10","Thomas Jefferson Memorial","Washington-Arlington-Alexandria, DC-VA-MD-WV | CBSA 47900","Proposed recognizable built/historic-landmark candidate; no measured visitor/attention ranking.","One of20 nationally shortlisted candidates in this category within top20 MSAs","1","candidate place, not national inventory count","inherit category source row; verify current operator/name before ingestion","inherit category dataset row for underlying data only; operator website/imagery rights separate","inherit category dataset permissions; candidate fact reference is not asset clearance","inherit category dataset permissions; do not copy operator protected content without licence","source operator + agency dataset/version when ingested","inherit category dataset; source webpage reference public, imagery/data licence separate","official operator/public-agency URL; obtain source agency ID and coordinates","inherit category dataset; operator permission may be needed for assets/bulk materials","curated pilot candidate","low identity; medium-high footprint/licensing","Proposed priority 10; validate official ID, name, status and CBSA intersection; rank metric can be refined","Analytical proposed rank, not authoritative nationwide top20. Official coordinate/footprint-to-CBSA join not executed; system-wide homepages do not validate every campus detail. ","https://www.nps.gov/thje/","2026-10-07","primary operator page reachable; identity/title checked; proposed rank; boundary join pending"
"place","landmarks/monuments","11","United States Capitol","Washington-Arlington-Alexandria, DC-VA-MD-WV | CBSA 47900","Proposed recognizable built/historic-landmark candidate; no measured visitor/attention ranking.","One of20 nationally shortlisted candidates in this category within top20 MSAs","1","candidate place, not national inventory count","inherit category source row; verify current operator/name before ingestion","inherit category dataset row for underlying data only; operator website/imagery rights separate","inherit category dataset permissions; candidate fact reference is not asset clearance","inherit category dataset permissions; do not copy operator protected content without licence","source operator + agency dataset/version when ingested","inherit category dataset; source webpage reference public, imagery/data licence separate","official operator/public-agency URL; obtain source agency ID and coordinates","inherit category dataset; operator permission may be needed for assets/bulk materials","curated pilot candidate","low identity; medium-high footprint/licensing","Proposed priority 11; validate official ID, name, status and CBSA intersection; rank metric can be refined","Analytical proposed rank, not authoritative nationwide top20. Official coordinate/footprint-to-CBSA join not executed; system-wide homepages do not validate every campus detail. ","https://www.visitthecapitol.gov/","2026-10-07","primary operator page reachable; identity/title checked; proposed rank; boundary join pending"
"place","landmarks/monuments","12","Independence Hall","Philadelphia-Camden-Wilmington, PA-NJ-DE-MD | CBSA 37980","Proposed recognizable built/historic-landmark candidate; no measured visitor/attention ranking.","One of20 nationally shortlisted candidates in this category within top20 MSAs","1","candidate place, not national inventory count","inherit category source row; verify current operator/name before ingestion","inherit category dataset row for underlying data only; operator website/imagery rights separate","inherit category dataset permissions; candidate fact reference is not asset clearance","inherit category dataset permissions; do not copy operator protected content without licence","source operator + agency dataset/version when ingested","inherit category dataset; source webpage reference public, imagery/data licence separate","official operator/public-agency URL; obtain source agency ID and coordinates","inherit category dataset; operator permission may be needed for assets/bulk materials","curated pilot candidate","low identity; medium-high footprint/licensing","Proposed priority 12; validate official ID, name, status and CBSA intersection; rank metric can be refined","Analytical proposed rank, not authoritative nationwide top20. Official coordinate/footprint-to-CBSA join not executed; system-wide homepages do not validate every campus detail. ","https://www.nps.gov/inde/","2026-10-07","primary operator page reachable; identity/title checked; proposed rank; boundary join pending"
"place","landmarks/monuments","13","Liberty Bell","Philadelphia-Camden-Wilmington, PA-NJ-DE-MD | CBSA 37980","Proposed recognizable built/historic-landmark candidate; no measured visitor/attention ranking.","One of20 nationally shortlisted candidates in this category within top20 MSAs","1","candidate place, not national inventory count","inherit category source row; verify current operator/name before ingestion","inherit category dataset row for underlying data only; operator website/imagery rights separate","inherit category dataset permissions; candidate fact reference is not asset clearance","inherit category dataset permissions; do not copy operator protected content without licence","source operator + agency dataset/version when ingested","inherit category dataset; source webpage reference public, imagery/data licence separate","official operator/public-agency URL; obtain source agency ID and coordinates","inherit category dataset; operator permission may be needed for assets/bulk materials","curated pilot candidate","low identity; medium-high footprint/licensing","Proposed priority 13; validate official ID, name, status and CBSA intersection; rank metric can be refined","Analytical proposed rank, not authoritative nationwide top20. Official coordinate/footprint-to-CBSA join not executed; system-wide homepages do not validate every campus detail. ","https://www.nps.gov/inde/","2026-10-07","primary operator page reachable; identity/title checked; proposed rank; boundary join pending"
"place","landmarks/monuments","14","Space Needle","Seattle-Tacoma-Bellevue, WA | CBSA 42660","Proposed recognizable built/historic-landmark candidate; no measured visitor/attention ranking.","One of20 nationally shortlisted candidates in this category within top20 MSAs","1","candidate place, not national inventory count","inherit category source row; verify current operator/name before ingestion","inherit category dataset row for underlying data only; operator website/imagery rights separate","inherit category dataset permissions; candidate fact reference is not asset clearance","inherit category dataset permissions; do not copy operator protected content without licence","source operator + agency dataset/version when ingested","inherit category dataset; source webpage reference public, imagery/data licence separate","official operator/public-agency URL; obtain source agency ID and coordinates","inherit category dataset; operator permission may be needed for assets/bulk materials","curated pilot candidate","low identity; medium-high footprint/licensing","Proposed priority 14; validate official ID, name, status and CBSA intersection; rank metric can be refined","Analytical proposed rank, not authoritative nationwide top20. Official coordinate/footprint-to-CBSA join not executed; system-wide homepages do not validate every campus detail. ","https://www.spaceneedle.com/","2026-10-07","primary operator page reachable; identity/title checked; proposed rank; boundary join pending"
"place","landmarks/monuments","15","Alcatraz Island","San Francisco-Oakland-Fremont, CA | CBSA 41860","Proposed recognizable built/historic-landmark candidate; no measured visitor/attention ranking.","One of20 nationally shortlisted candidates in this category within top20 MSAs","1","candidate place, not national inventory count","inherit category source row; verify current operator/name before ingestion","inherit category dataset row for underlying data only; operator website/imagery rights separate","inherit category dataset permissions; candidate fact reference is not asset clearance","inherit category dataset permissions; do not copy operator protected content without licence","source operator + agency dataset/version when ingested","inherit category dataset; source webpage reference public, imagery/data licence separate","official operator/public-agency URL; obtain source agency ID and coordinates","inherit category dataset; operator permission may be needed for assets/bulk materials","curated pilot candidate","low identity; medium-high footprint/licensing","Proposed priority 15; validate official ID, name, status and CBSA intersection; rank metric can be refined","Analytical proposed rank, not authoritative nationwide top20. Official coordinate/footprint-to-CBSA join not executed; system-wide homepages do not validate every campus detail. ","https://www.nps.gov/alca/","2026-10-07","primary operator page reachable; identity/title checked; proposed rank; boundary join pending"
"place","landmarks/monuments","16","Fort Point","San Francisco-Oakland-Fremont, CA | CBSA 41860","Proposed recognizable built/historic-landmark candidate; no measured visitor/attention ranking.","One of20 nationally shortlisted candidates in this category within top20 MSAs","1","candidate place, not national inventory count","inherit category source row; verify current operator/name before ingestion","inherit category dataset row for underlying data only; operator website/imagery rights separate","inherit category dataset permissions; candidate fact reference is not asset clearance","inherit category dataset permissions; do not copy operator protected content without licence","source operator + agency dataset/version when ingested","inherit category dataset; source webpage reference public, imagery/data licence separate","official operator/public-agency URL; obtain source agency ID and coordinates","inherit category dataset; operator permission may be needed for assets/bulk materials","curated pilot candidate","low identity; medium-high footprint/licensing","Proposed priority 16; validate official ID, name, status and CBSA intersection; rank metric can be refined","Analytical proposed rank, not authoritative nationwide top20. Official coordinate/footprint-to-CBSA join not executed; system-wide homepages do not validate every campus detail. ","https://www.nps.gov/fopo/","2026-10-07","primary operator page reachable; identity/title checked; proposed rank; boundary join pending"
"place","landmarks/monuments","17","Bunker Hill Monument","Boston-Cambridge-Newton, MA-NH | CBSA 14460","Proposed recognizable built/historic-landmark candidate; no measured visitor/attention ranking.","One of20 nationally shortlisted candidates in this category within top20 MSAs","1","candidate place, not national inventory count","inherit category source row; verify current operator/name before ingestion","inherit category dataset row for underlying data only; operator website/imagery rights separate","inherit category dataset permissions; candidate fact reference is not asset clearance","inherit category dataset permissions; do not copy operator protected content without licence","source operator + agency dataset/version when ingested","inherit category dataset; source webpage reference public, imagery/data licence separate","official operator/public-agency URL; obtain source agency ID and coordinates","inherit category dataset; operator permission may be needed for assets/bulk materials","curated pilot candidate","low identity; medium-high footprint/licensing","Proposed priority 17; validate official ID, name, status and CBSA intersection; rank metric can be refined","Analytical proposed rank, not authoritative nationwide top20. Official coordinate/footprint-to-CBSA join not executed; system-wide homepages do not validate every campus detail. ","https://www.nps.gov/bost/","2026-10-07","primary operator page reachable; identity/title checked; proposed rank; boundary join pending"
"place","landmarks/monuments","18","Martin Luther King Jr. National Historical Park","Atlanta-Sandy Springs-Roswell, GA | CBSA 12060","Proposed recognizable built/historic-landmark candidate; no measured visitor/attention ranking.","One of20 nationally shortlisted candidates in this category within top20 MSAs","1","candidate place, not national inventory count","inherit category source row; verify current operator/name before ingestion","inherit category dataset row for underlying data only; operator website/imagery rights separate","inherit category dataset permissions; candidate fact reference is not asset clearance","inherit category dataset permissions; do not copy operator protected content without licence","source operator + agency dataset/version when ingested","inherit category dataset; source webpage reference public, imagery/data licence separate","official operator/public-agency URL; obtain source agency ID and coordinates","inherit category dataset; operator permission may be needed for assets/bulk materials","curated pilot candidate","low identity; medium-high footprint/licensing","Proposed priority 18; validate official ID, name, status and CBSA intersection; rank metric can be refined","Analytical proposed rank, not authoritative nationwide top20. Official coordinate/footprint-to-CBSA join not executed; system-wide homepages do not validate every campus detail. ","https://www.nps.gov/malu/","2026-10-07","primary operator page reachable; identity/title checked; proposed rank; boundary join pending"
"place","landmarks/monuments","19","San Jacinto Monument","Houston-Pasadena-The Woodlands, TX | CBSA 26420","Proposed recognizable built/historic-landmark candidate; no measured visitor/attention ranking.","One of20 nationally shortlisted candidates in this category within top20 MSAs","1","candidate place, not national inventory count","inherit category source row; verify current operator/name before ingestion","inherit category dataset row for underlying data only; operator website/imagery rights separate","inherit category dataset permissions; candidate fact reference is not asset clearance","inherit category dataset permissions; do not copy operator protected content without licence","source operator + agency dataset/version when ingested","inherit category dataset; source webpage reference public, imagery/data licence separate","official operator/public-agency URL; obtain source agency ID and coordinates","inherit category dataset; operator permission may be needed for assets/bulk materials","curated pilot candidate","low identity; medium-high footprint/licensing","Proposed priority 19; validate official ID, name, status and CBSA intersection; rank metric can be refined","Analytical proposed rank, not authoritative nationwide top20. Official coordinate/footprint-to-CBSA join not executed; system-wide homepages do not validate every campus detail. ","https://www.sanjacinto-museum.org/","2026-10-07","primary operator page reachable; identity/title checked; proposed rank; boundary join pending"
"place","landmarks/monuments","20","Cabrillo National Monument","San Diego-Chula Vista-Carlsbad, CA | CBSA 41740","Proposed recognizable built/historic-landmark candidate; no measured visitor/attention ranking.","One of20 nationally shortlisted candidates in this category within top20 MSAs","1","candidate place, not national inventory count","inherit category source row; verify current operator/name before ingestion","inherit category dataset row for underlying data only; operator website/imagery rights separate","inherit category dataset permissions; candidate fact reference is not asset clearance","inherit category dataset permissions; do not copy operator protected content without licence","source operator + agency dataset/version when ingested","inherit category dataset; source webpage reference public, imagery/data licence separate","official operator/public-agency URL; obtain source agency ID and coordinates","inherit category dataset; operator permission may be needed for assets/bulk materials","curated pilot candidate","low identity; medium-high footprint/licensing","Proposed priority 20; validate official ID, name, status and CBSA intersection; rank metric can be refined","Analytical proposed rank, not authoritative nationwide top20. Official coordinate/footprint-to-CBSA join not executed; system-wide homepages do not validate every campus detail. ","https://www.nps.gov/cabr/","2026-10-07","primary operator page reachable; identity/title checked; proposed rank; boundary join pending"
"place","bridges","1","Golden Gate Bridge","San Francisco-Oakland-Fremont, CA | CBSA 41860","Proposed recognizable crossing/landmark candidate; no traffic/span ranking asserted.","One of20 nationally shortlisted candidates in this category within top20 MSAs","1","candidate place, not national inventory count","inherit category source row; verify current operator/name before ingestion","inherit category dataset row for underlying data only; operator website/imagery rights separate","inherit category dataset permissions; candidate fact reference is not asset clearance","inherit category dataset permissions; do not copy operator protected content without licence","source operator + agency dataset/version when ingested","inherit category dataset; source webpage reference public, imagery/data licence separate","official operator/public-agency URL; obtain source agency ID and coordinates","inherit category dataset; operator permission may be needed for assets/bulk materials","curated pilot candidate","low identity; medium-high footprint/licensing","Proposed priority 1; validate official ID, name, status and CBSA intersection; rank metric can be refined","Analytical proposed rank, not authoritative nationwide top20. Official coordinate/footprint-to-CBSA join not executed; system-wide homepages do not validate every campus detail. ","https://www.goldengate.org/bridge/","2026-10-07","primary operator page reachable; identity/title checked; proposed rank; boundary join pending"
"place","bridges","2","San Francisco-Oakland Bay Bridge","San Francisco-Oakland-Fremont, CA | CBSA 41860","Proposed recognizable crossing/landmark candidate; no traffic/span ranking asserted.","One of20 nationally shortlisted candidates in this category within top20 MSAs","1","candidate place, not national inventory count","inherit category source row; verify current operator/name before ingestion","inherit category dataset row for underlying data only; operator website/imagery rights separate","inherit category dataset permissions; candidate fact reference is not asset clearance","inherit category dataset permissions; do not copy operator protected content without licence","source operator + agency dataset/version when ingested","inherit category dataset; source webpage reference public, imagery/data licence separate","official operator/public-agency URL; obtain source agency ID and coordinates","inherit category dataset; operator permission may be needed for assets/bulk materials","curated pilot candidate","low identity; medium-high footprint/licensing","Proposed priority 2; validate official ID, name, status and CBSA intersection; rank metric can be refined","Analytical proposed rank, not authoritative nationwide top20. Official coordinate/footprint-to-CBSA join not executed; system-wide homepages do not validate every campus detail. ","https://dot.ca.gov/","2026-10-07","primary operator page reachable; identity/title checked; proposed rank; boundary join pending"
"place","bridges","3","Brooklyn Bridge","New York-Newark-Jersey City, NY-NJ | CBSA 35620","Proposed recognizable crossing/landmark candidate; no traffic/span ranking asserted.","One of20 nationally shortlisted candidates in this category within top20 MSAs","1","candidate place, not national inventory count","inherit category source row; verify current operator/name before ingestion","inherit category dataset row for underlying data only; operator website/imagery rights separate","inherit category dataset permissions; candidate fact reference is not asset clearance","inherit category dataset permissions; do not copy operator protected content without licence","source operator + agency dataset/version when ingested","inherit category dataset; source webpage reference public, imagery/data licence separate","official operator/public-agency URL; obtain source agency ID and coordinates","inherit category dataset; operator permission may be needed for assets/bulk materials","curated pilot candidate","low identity; medium-high footprint/licensing","Proposed priority 3; validate official ID, name, status and CBSA intersection; rank metric can be refined","Analytical proposed rank, not authoritative nationwide top20. Official coordinate/footprint-to-CBSA join not executed; system-wide homepages do not validate every campus detail. Automated reference response 403; normal browser/manual verification needed. ","https://www.nyc.gov/html/dot/html/infrastructure/brooklyn-bridge.shtml","2026-10-07","primary operator URL supplied; automated page blocked or unresolved; proposed candidate needs page/identity verification"
"place","bridges","4","Manhattan Bridge","New York-Newark-Jersey City, NY-NJ | CBSA 35620","Proposed recognizable crossing/landmark candidate; no traffic/span ranking asserted.","One of20 nationally shortlisted candidates in this category within top20 MSAs","1","candidate place, not national inventory count","inherit category source row; verify current operator/name before ingestion","inherit category dataset row for underlying data only; operator website/imagery rights separate","inherit category dataset permissions; candidate fact reference is not asset clearance","inherit category dataset permissions; do not copy operator protected content without licence","source operator + agency dataset/version when ingested","inherit category dataset; source webpage reference public, imagery/data licence separate","official operator/public-agency URL; obtain source agency ID and coordinates","inherit category dataset; operator permission may be needed for assets/bulk materials","curated pilot candidate","low identity; medium-high footprint/licensing","Proposed priority 4; validate official ID, name, status and CBSA intersection; rank metric can be refined","Analytical proposed rank, not authoritative nationwide top20. Official coordinate/footprint-to-CBSA join not executed; system-wide homepages do not validate every campus detail. Automated reference response 403; normal browser/manual verification needed. ","https://www.nyc.gov/html/dot/html/infrastructure/manhattan-bridge.shtml","2026-10-07","primary operator URL supplied; automated page blocked or unresolved; proposed candidate needs page/identity verification"
"place","bridges","5","Williamsburg Bridge","New York-Newark-Jersey City, NY-NJ | CBSA 35620","Proposed recognizable crossing/landmark candidate; no traffic/span ranking asserted.","One of20 nationally shortlisted candidates in this category within top20 MSAs","1","candidate place, not national inventory count","inherit category source row; verify current operator/name before ingestion","inherit category dataset row for underlying data only; operator website/imagery rights separate","inherit category dataset permissions; candidate fact reference is not asset clearance","inherit category dataset permissions; do not copy operator protected content without licence","source operator + agency dataset/version when ingested","inherit category dataset; source webpage reference public, imagery/data licence separate","official operator/public-agency URL; obtain source agency ID and coordinates","inherit category dataset; operator permission may be needed for assets/bulk materials","curated pilot candidate","low identity; medium-high footprint/licensing","Proposed priority 5; validate official ID, name, status and CBSA intersection; rank metric can be refined","Analytical proposed rank, not authoritative nationwide top20. Official coordinate/footprint-to-CBSA join not executed; system-wide homepages do not validate every campus detail. Automated reference response 403; normal browser/manual verification needed. ","https://www.nyc.gov/html/dot/html/infrastructure/williamsburg-bridge.shtml","2026-10-07","primary operator URL supplied; automated page blocked or unresolved; proposed candidate needs page/identity verification"
"place","bridges","6","George Washington Bridge","New York-Newark-Jersey City, NY-NJ | CBSA 35620","Proposed recognizable crossing/landmark candidate; no traffic/span ranking asserted.","One of20 nationally shortlisted candidates in this category within top20 MSAs","1","candidate place, not national inventory count","inherit category source row; verify current operator/name before ingestion","inherit category dataset row for underlying data only; operator website/imagery rights separate","inherit category dataset permissions; candidate fact reference is not asset clearance","inherit category dataset permissions; do not copy operator protected content without licence","source operator + agency dataset/version when ingested","inherit category dataset; source webpage reference public, imagery/data licence separate","official operator/public-agency URL; obtain source agency ID and coordinates","inherit category dataset; operator permission may be needed for assets/bulk materials","curated pilot candidate","low identity; medium-high footprint/licensing","Proposed priority 6; validate official ID, name, status and CBSA intersection; rank metric can be refined","Analytical proposed rank, not authoritative nationwide top20. Official coordinate/footprint-to-CBSA join not executed; system-wide homepages do not validate every campus detail. ","https://www.panynj.gov/bridges-tunnels/en/george-washington-bridge.html","2026-10-07","primary operator page reachable; identity/title checked; proposed rank; boundary join pending"
"place","bridges","7","Verrazzano-Narrows Bridge","New York-Newark-Jersey City, NY-NJ | CBSA 35620","Proposed recognizable crossing/landmark candidate; no traffic/span ranking asserted.","One of20 nationally shortlisted candidates in this category within top20 MSAs","1","candidate place, not national inventory count","inherit category source row; verify current operator/name before ingestion","inherit category dataset row for underlying data only; operator website/imagery rights separate","inherit category dataset permissions; candidate fact reference is not asset clearance","inherit category dataset permissions; do not copy operator protected content without licence","source operator + agency dataset/version when ingested","inherit category dataset; source webpage reference public, imagery/data licence separate","official operator/public-agency URL; obtain source agency ID and coordinates","inherit category dataset; operator permission may be needed for assets/bulk materials","curated pilot candidate","low identity; medium-high footprint/licensing","Proposed priority 7; validate official ID, name, status and CBSA intersection; rank metric can be refined","Analytical proposed rank, not authoritative nationwide top20. Official coordinate/footprint-to-CBSA join not executed; system-wide homepages do not validate every campus detail. ","https://www.mta.info/","2026-10-07","primary operator page reachable; identity/title checked; proposed rank; boundary join pending"
"place","bridges","8","Tappan Zee Mario M. Cuomo Bridge","New York-Newark-Jersey City, NY-NJ | CBSA 35620","Proposed recognizable crossing/landmark candidate; no traffic/span ranking asserted.","One of20 nationally shortlisted candidates in this category within top20 MSAs","1","candidate place, not national inventory count","inherit category source row; verify current operator/name before ingestion","inherit category dataset row for underlying data only; operator website/imagery rights separate","inherit category dataset permissions; candidate fact reference is not asset clearance","inherit category dataset permissions; do not copy operator protected content without licence","source operator + agency dataset/version when ingested","inherit category dataset; source webpage reference public, imagery/data licence separate","official operator/public-agency URL; obtain source agency ID and coordinates","inherit category dataset; operator permission may be needed for assets/bulk materials","curated pilot candidate","low identity; medium-high footprint/licensing","Proposed priority 8; validate official ID, name, status and CBSA intersection; rank metric can be refined","Analytical proposed rank, not authoritative nationwide top20. Official coordinate/footprint-to-CBSA join not executed; system-wide homepages do not validate every campus detail. ","https://www.thruway.ny.gov/","2026-10-07","primary operator page reachable; identity/title checked; proposed rank; boundary join pending"
"place","bridges","9","Benjamin Franklin Bridge","Philadelphia-Camden-Wilmington, PA-NJ-DE-MD | CBSA 37980","Proposed recognizable crossing/landmark candidate; no traffic/span ranking asserted.","One of20 nationally shortlisted candidates in this category within top20 MSAs","1","candidate place, not national inventory count","inherit category source row; verify current operator/name before ingestion","inherit category dataset row for underlying data only; operator website/imagery rights separate","inherit category dataset permissions; candidate fact reference is not asset clearance","inherit category dataset permissions; do not copy operator protected content without licence","source operator + agency dataset/version when ingested","inherit category dataset; source webpage reference public, imagery/data licence separate","official operator/public-agency URL; obtain source agency ID and coordinates","inherit category dataset; operator permission may be needed for assets/bulk materials","curated pilot candidate","low identity; medium-high footprint/licensing","Proposed priority 9; validate official ID, name, status and CBSA intersection; rank metric can be refined","Analytical proposed rank, not authoritative nationwide top20. Official coordinate/footprint-to-CBSA join not executed; system-wide homepages do not validate every campus detail. Automated reference response 404; normal browser/manual verification needed. ","https://drpa.org/bridges/","2026-10-07","primary public-agency page checked; proposed rank"
"place","bridges","10","Walt Whitman Bridge","Philadelphia-Camden-Wilmington, PA-NJ-DE-MD | CBSA 37980","Proposed recognizable crossing/landmark candidate; no traffic/span ranking asserted.","One of20 nationally shortlisted candidates in this category within top20 MSAs","1","candidate place, not national inventory count","inherit category source row; verify current operator/name before ingestion","inherit category dataset row for underlying data only; operator website/imagery rights separate","inherit category dataset permissions; candidate fact reference is not asset clearance","inherit category dataset permissions; do not copy operator protected content without licence","source operator + agency dataset/version when ingested","inherit category dataset; source webpage reference public, imagery/data licence separate","official operator/public-agency URL; obtain source agency ID and coordinates","inherit category dataset; operator permission may be needed for assets/bulk materials","curated pilot candidate","low identity; medium-high footprint/licensing","Proposed priority 10; validate official ID, name, status and CBSA intersection; rank metric can be refined","Analytical proposed rank, not authoritative nationwide top20. Official coordinate/footprint-to-CBSA join not executed; system-wide homepages do not validate every campus detail. ","https://www.drpa.org/bridges/walt-whitman-bridge.asp","2026-10-07","primary operator page reachable; identity/title checked; proposed rank; boundary join pending"
"place","bridges","11","Commodore Barry Bridge","Philadelphia-Camden-Wilmington, PA-NJ-DE-MD | CBSA 37980","Proposed recognizable crossing/landmark candidate; no traffic/span ranking asserted.","One of20 nationally shortlisted candidates in this category within top20 MSAs","1","candidate place, not national inventory count","inherit category source row; verify current operator/name before ingestion","inherit category dataset row for underlying data only; operator website/imagery rights separate","inherit category dataset permissions; candidate fact reference is not asset clearance","inherit category dataset permissions; do not copy operator protected content without licence","source operator + agency dataset/version when ingested","inherit category dataset; source webpage reference public, imagery/data licence separate","official operator/public-agency URL; obtain source agency ID and coordinates","inherit category dataset; operator permission may be needed for assets/bulk materials","curated pilot candidate","low identity; medium-high footprint/licensing","Proposed priority 11; validate official ID, name, status and CBSA intersection; rank metric can be refined","Analytical proposed rank, not authoritative nationwide top20. Official coordinate/footprint-to-CBSA join not executed; system-wide homepages do not validate every campus detail. ","https://www.drpa.org/bridges/commodore-barry-bridge.asp","2026-10-07","primary operator page reachable; identity/title checked; proposed rank; boundary join pending"
"place","bridges","12","Arlington Memorial Bridge","Washington-Arlington-Alexandria, DC-VA-MD-WV | CBSA 47900","Proposed recognizable crossing/landmark candidate; no traffic/span ranking asserted.","One of20 nationally shortlisted candidates in this category within top20 MSAs","1","candidate place, not national inventory count","inherit category source row; verify current operator/name before ingestion","inherit category dataset row for underlying data only; operator website/imagery rights separate","inherit category dataset permissions; candidate fact reference is not asset clearance","inherit category dataset permissions; do not copy operator protected content without licence","source operator + agency dataset/version when ingested","inherit category dataset; source webpage reference public, imagery/data licence separate","official operator/public-agency URL; obtain source agency ID and coordinates","inherit category dataset; operator permission may be needed for assets/bulk materials","curated pilot candidate","low identity; medium-high footprint/licensing","Proposed priority 12; validate official ID, name, status and CBSA intersection; rank metric can be refined","Analytical proposed rank, not authoritative nationwide top20. Official coordinate/footprint-to-CBSA join not executed; system-wide homepages do not validate every campus detail. ","https://www.nps.gov/gwmp/","2026-10-07","primary operator page reachable; identity/title checked; proposed rank; boundary join pending"
"place","bridges","13","Francis Scott Key Bridge Washington","Washington-Arlington-Alexandria, DC-VA-MD-WV | CBSA 47900","Proposed recognizable crossing/landmark candidate; no traffic/span ranking asserted.","One of20 nationally shortlisted candidates in this category within top20 MSAs","1","candidate place, not national inventory count","inherit category source row; verify current operator/name before ingestion","inherit category dataset row for underlying data only; operator website/imagery rights separate","inherit category dataset permissions; candidate fact reference is not asset clearance","inherit category dataset permissions; do not copy operator protected content without licence","source operator + agency dataset/version when ingested","inherit category dataset; source webpage reference public, imagery/data licence separate","official operator/public-agency URL; obtain source agency ID and coordinates","inherit category dataset; operator permission may be needed for assets/bulk materials","curated pilot candidate","low identity; medium-high footprint/licensing","Proposed priority 13; validate official ID, name, status and CBSA intersection; rank metric can be refined","Washington Potomac bridge, distinct from collapsed Baltimore bridge. Analytical proposed rank, not authoritative nationwide top20. Official coordinate/footprint-to-CBSA join not executed; system-wide homepages do not validate every campus detail. ","https://www.nps.gov/places/000/francis-scott-key-bridge.htm","2026-10-07","primary public-agency page checked; proposed rank"
"place","bridges","14","Leonard P. Zakim Bunker Hill Memorial Bridge","Boston-Cambridge-Newton, MA-NH | CBSA 14460","Proposed recognizable crossing/landmark candidate; no traffic/span ranking asserted.","One of20 nationally shortlisted candidates in this category within top20 MSAs","1","candidate place, not national inventory count","inherit category source row; verify current operator/name before ingestion","inherit category dataset row for underlying data only; operator website/imagery rights separate","inherit category dataset permissions; candidate fact reference is not asset clearance","inherit category dataset permissions; do not copy operator protected content without licence","source operator + agency dataset/version when ingested","inherit category dataset; source webpage reference public, imagery/data licence separate","official operator/public-agency URL; obtain source agency ID and coordinates","inherit category dataset; operator permission may be needed for assets/bulk materials","curated pilot candidate","low identity; medium-high footprint/licensing","Proposed priority 14; validate official ID, name, status and CBSA intersection; rank metric can be refined","Analytical proposed rank, not authoritative nationwide top20. Official coordinate/footprint-to-CBSA join not executed; system-wide homepages do not validate every campus detail. ","https://www.mass.gov/orgs/massachusetts-department-of-transportation","2026-10-07","primary operator page reachable; identity/title checked; proposed rank; boundary join pending"
"place","bridges","15","Sunshine Skyway Bridge","Tampa-St. Petersburg-Clearwater, FL | CBSA 45300","Proposed recognizable crossing/landmark candidate; no traffic/span ranking asserted.","One of20 nationally shortlisted candidates in this category within top20 MSAs","1","candidate place, not national inventory count","inherit category source row; verify current operator/name before ingestion","inherit category dataset row for underlying data only; operator website/imagery rights separate","inherit category dataset permissions; candidate fact reference is not asset clearance","inherit category dataset permissions; do not copy operator protected content without licence","source operator + agency dataset/version when ingested","inherit category dataset; source webpage reference public, imagery/data licence separate","official operator/public-agency URL; obtain source agency ID and coordinates","inherit category dataset; operator permission may be needed for assets/bulk materials","curated pilot candidate","low identity; medium-high footprint/licensing","Proposed priority 15; validate official ID, name, status and CBSA intersection; rank metric can be refined","Analytical proposed rank, not authoritative nationwide top20. Official coordinate/footprint-to-CBSA join not executed; system-wide homepages do not validate every campus detail. ","https://www.fdot.gov/","2026-10-07","primary operator page reachable; identity/title checked; proposed rank; boundary join pending"
"place","bridges","16","San Diego-Coronado Bridge","San Diego-Chula Vista-Carlsbad, CA | CBSA 41740","Proposed recognizable crossing/landmark candidate; no traffic/span ranking asserted.","One of20 nationally shortlisted candidates in this category within top20 MSAs","1","candidate place, not national inventory count","inherit category source row; verify current operator/name before ingestion","inherit category dataset row for underlying data only; operator website/imagery rights separate","inherit category dataset permissions; candidate fact reference is not asset clearance","inherit category dataset permissions; do not copy operator protected content without licence","source operator + agency dataset/version when ingested","inherit category dataset; source webpage reference public, imagery/data licence separate","official operator/public-agency URL; obtain source agency ID and coordinates","inherit category dataset; operator permission may be needed for assets/bulk materials","curated pilot candidate","low identity; medium-high footprint/licensing","Proposed priority 16; validate official ID, name, status and CBSA intersection; rank metric can be refined","Analytical proposed rank, not authoritative nationwide top20. Official coordinate/footprint-to-CBSA join not executed; system-wide homepages do not validate every campus detail. ","https://dot.ca.gov/","2026-10-07","primary operator page reachable; identity/title checked; proposed rank; boundary join pending"
"place","bridges","17","Tacoma Narrows Bridge","Seattle-Tacoma-Bellevue, WA | CBSA 42660","Proposed recognizable crossing/landmark candidate; no traffic/span ranking asserted.","One of20 nationally shortlisted candidates in this category within top20 MSAs","1","candidate place, not national inventory count","inherit category source row; verify current operator/name before ingestion","inherit category dataset row for underlying data only; operator website/imagery rights separate","inherit category dataset permissions; candidate fact reference is not asset clearance","inherit category dataset permissions; do not copy operator protected content without licence","source operator + agency dataset/version when ingested","inherit category dataset; source webpage reference public, imagery/data licence separate","official operator/public-agency URL; obtain source agency ID and coordinates","inherit category dataset; operator permission may be needed for assets/bulk materials","curated pilot candidate","low identity; medium-high footprint/licensing","Proposed priority 17; validate official ID, name, status and CBSA intersection; rank metric can be refined","Analytical proposed rank, not authoritative nationwide top20. Official coordinate/footprint-to-CBSA join not executed; system-wide homepages do not validate every campus detail. ","https://wsdot.wa.gov/","2026-10-07","primary operator page reachable; identity/title checked; proposed rank; boundary join pending"
"place","bridges","18","SR 520 floating bridge","Seattle-Tacoma-Bellevue, WA | CBSA 42660","Proposed recognizable crossing/landmark candidate; no traffic/span ranking asserted.","One of20 nationally shortlisted candidates in this category within top20 MSAs","1","candidate place, not national inventory count","inherit category source row; verify current operator/name before ingestion","inherit category dataset row for underlying data only; operator website/imagery rights separate","inherit category dataset permissions; candidate fact reference is not asset clearance","inherit category dataset permissions; do not copy operator protected content without licence","source operator + agency dataset/version when ingested","inherit category dataset; source webpage reference public, imagery/data licence separate","official operator/public-agency URL; obtain source agency ID and coordinates","inherit category dataset; operator permission may be needed for assets/bulk materials","curated pilot candidate","low identity; medium-high footprint/licensing","Proposed priority 18; validate official ID, name, status and CBSA intersection; rank metric can be refined","Analytical proposed rank, not authoritative nationwide top20. Official coordinate/footprint-to-CBSA join not executed; system-wide homepages do not validate every campus detail. ","https://wsdot.wa.gov/","2026-10-07","primary operator page reachable; identity/title checked; proposed rank; boundary join pending"
"place","bridges","19","Belle Isle MacArthur Bridge","Detroit-Warren-Dearborn, MI | CBSA 19820","Proposed recognizable crossing/landmark candidate; no traffic/span ranking asserted.","One of20 nationally shortlisted candidates in this category within top20 MSAs","1","candidate place, not national inventory count","inherit category source row; verify current operator/name before ingestion","inherit category dataset row for underlying data only; operator website/imagery rights separate","inherit category dataset permissions; candidate fact reference is not asset clearance","inherit category dataset permissions; do not copy operator protected content without licence","source operator + agency dataset/version when ingested","inherit category dataset; source webpage reference public, imagery/data licence separate","official operator/public-agency URL; obtain source agency ID and coordinates","inherit category dataset; operator permission may be needed for assets/bulk materials","curated pilot candidate","low identity; medium-high footprint/licensing","Proposed priority 19; validate official ID, name, status and CBSA intersection; rank metric can be refined","Analytical proposed rank, not authoritative nationwide top20. Official coordinate/footprint-to-CBSA join not executed; system-wide homepages do not validate every campus detail. Automated reference response 403; normal browser/manual verification needed. ","https://www.michigan.gov/dnr/places/state-parks/belle-isle","2026-10-07","primary operator URL supplied; automated page blocked or unresolved; proposed candidate needs page/identity verification"
"place","bridges","20","Margaret Hunt Hill Bridge","Dallas-Fort Worth-Arlington, TX | CBSA 19100","Proposed recognizable crossing/landmark candidate; no traffic/span ranking asserted.","One of20 nationally shortlisted candidates in this category within top20 MSAs","1","candidate place, not national inventory count","inherit category source row; verify current operator/name before ingestion","inherit category dataset row for underlying data only; operator website/imagery rights separate","inherit category dataset permissions; candidate fact reference is not asset clearance","inherit category dataset permissions; do not copy operator protected content without licence","source operator + agency dataset/version when ingested","inherit category dataset; source webpage reference public, imagery/data licence separate","official operator/public-agency URL; obtain source agency ID and coordinates","inherit category dataset; operator permission may be needed for assets/bulk materials","curated pilot candidate","low identity; medium-high footprint/licensing","Proposed priority 20; validate official ID, name, status and CBSA intersection; rank metric can be refined","Analytical proposed rank, not authoritative nationwide top20. Official coordinate/footprint-to-CBSA join not executed; system-wide homepages do not validate every campus detail. ","https://dallascityhall.com/","2026-10-07","primary operator page reachable; identity/title checked; proposed rank; boundary join pending"
"place","hospitals","1","NewYork-Presbyterian Columbia University Irving Medical Center","New York-Newark-Jersey City, NY-NJ | CBSA 35620","Proposed major hospital-campus candidate; not clinical-quality or size ranking.","One of20 nationally shortlisted candidates in this category within top20 MSAs","1","candidate place, not national inventory count","inherit category source row; verify current operator/name before ingestion","inherit category dataset row for underlying data only; operator website/imagery rights separate","inherit category dataset permissions; candidate fact reference is not asset clearance","inherit category dataset permissions; do not copy operator protected content without licence","source operator + agency dataset/version when ingested","inherit category dataset; source webpage reference public, imagery/data licence separate","official operator/public-agency URL; obtain source agency ID and coordinates","inherit category dataset; operator permission may be needed for assets/bulk materials","curated pilot candidate","low identity; medium-high footprint/licensing","Proposed priority 1; validate official ID, name, status and CBSA intersection; rank metric can be refined","Analytical proposed rank, not authoritative nationwide top20. Official coordinate/footprint-to-CBSA join not executed; system-wide homepages do not validate every campus detail. ","https://www.nyp.org/","2026-10-07","primary operator page reachable; identity/title checked; proposed rank; boundary join pending"
"place","hospitals","2","Mount Sinai Hospital","New York-Newark-Jersey City, NY-NJ | CBSA 35620","Proposed major hospital-campus candidate; not clinical-quality or size ranking.","One of20 nationally shortlisted candidates in this category within top20 MSAs","1","candidate place, not national inventory count","inherit category source row; verify current operator/name before ingestion","inherit category dataset row for underlying data only; operator website/imagery rights separate","inherit category dataset permissions; candidate fact reference is not asset clearance","inherit category dataset permissions; do not copy operator protected content without licence","source operator + agency dataset/version when ingested","inherit category dataset; source webpage reference public, imagery/data licence separate","official operator/public-agency URL; obtain source agency ID and coordinates","inherit category dataset; operator permission may be needed for assets/bulk materials","curated pilot candidate","low identity; medium-high footprint/licensing","Proposed priority 2; validate official ID, name, status and CBSA intersection; rank metric can be refined","Analytical proposed rank, not authoritative nationwide top20. Official coordinate/footprint-to-CBSA join not executed; system-wide homepages do not validate every campus detail. ","https://www.mountsinai.org/","2026-10-07","primary operator page reachable; identity/title checked; proposed rank; boundary join pending"
"place","hospitals","3","NYU Langone Tisch Hospital","New York-Newark-Jersey City, NY-NJ | CBSA 35620","Proposed major hospital-campus candidate; not clinical-quality or size ranking.","One of20 nationally shortlisted candidates in this category within top20 MSAs","1","candidate place, not national inventory count","inherit category source row; verify current operator/name before ingestion","inherit category dataset row for underlying data only; operator website/imagery rights separate","inherit category dataset permissions; candidate fact reference is not asset clearance","inherit category dataset permissions; do not copy operator protected content without licence","source operator + agency dataset/version when ingested","inherit category dataset; source webpage reference public, imagery/data licence separate","official operator/public-agency URL; obtain source agency ID and coordinates","inherit category dataset; operator permission may be needed for assets/bulk materials","curated pilot candidate","low identity; medium-high footprint/licensing","Proposed priority 3; validate official ID, name, status and CBSA intersection; rank metric can be refined","Analytical proposed rank, not authoritative nationwide top20. Official coordinate/footprint-to-CBSA join not executed; system-wide homepages do not validate every campus detail. ","https://nyulangone.org/","2026-10-07","primary operator page reachable; identity/title checked; proposed rank; boundary join pending"
"place","hospitals","4","UCLA Ronald Reagan Medical Center","Los Angeles-Long Beach-Anaheim, CA | CBSA 31080","Proposed major hospital-campus candidate; not clinical-quality or size ranking.","One of20 nationally shortlisted candidates in this category within top20 MSAs","1","candidate place, not national inventory count","inherit category source row; verify current operator/name before ingestion","inherit category dataset row for underlying data only; operator website/imagery rights separate","inherit category dataset permissions; candidate fact reference is not asset clearance","inherit category dataset permissions; do not copy operator protected content without licence","source operator + agency dataset/version when ingested","inherit category dataset; source webpage reference public, imagery/data licence separate","official operator/public-agency URL; obtain source agency ID and coordinates","inherit category dataset; operator permission may be needed for assets/bulk materials","curated pilot candidate","low identity; medium-high footprint/licensing","Proposed priority 4; validate official ID, name, status and CBSA intersection; rank metric can be refined","Analytical proposed rank, not authoritative nationwide top20. Official coordinate/footprint-to-CBSA join not executed; system-wide homepages do not validate every campus detail. ","https://www.uclahealth.org/","2026-10-07","primary operator page reachable; identity/title checked; proposed rank; boundary join pending"
"place","hospitals","5","Cedars-Sinai Medical Center","Los Angeles-Long Beach-Anaheim, CA | CBSA 31080","Proposed major hospital-campus candidate; not clinical-quality or size ranking.","One of20 nationally shortlisted candidates in this category within top20 MSAs","1","candidate place, not national inventory count","inherit category source row; verify current operator/name before ingestion","inherit category dataset row for underlying data only; operator website/imagery rights separate","inherit category dataset permissions; candidate fact reference is not asset clearance","inherit category dataset permissions; do not copy operator protected content without licence","source operator + agency dataset/version when ingested","inherit category dataset; source webpage reference public, imagery/data licence separate","official operator/public-agency URL; obtain source agency ID and coordinates","inherit category dataset; operator permission may be needed for assets/bulk materials","curated pilot candidate","low identity; medium-high footprint/licensing","Proposed priority 5; validate official ID, name, status and CBSA intersection; rank metric can be refined","Analytical proposed rank, not authoritative nationwide top20. Official coordinate/footprint-to-CBSA join not executed; system-wide homepages do not validate every campus detail. Automated reference response 403; normal browser/manual verification needed. ","https://www.cedars-sinai.org/","2026-10-07","primary operator URL supplied; automated page blocked or unresolved; proposed candidate needs page/identity verification"
"place","hospitals","6","Northwestern Memorial Hospital","Chicago-Naperville-Elgin, IL-IN | CBSA 16980","Proposed major hospital-campus candidate; not clinical-quality or size ranking.","One of20 nationally shortlisted candidates in this category within top20 MSAs","1","candidate place, not national inventory count","inherit category source row; verify current operator/name before ingestion","inherit category dataset row for underlying data only; operator website/imagery rights separate","inherit category dataset permissions; candidate fact reference is not asset clearance","inherit category dataset permissions; do not copy operator protected content without licence","source operator + agency dataset/version when ingested","inherit category dataset; source webpage reference public, imagery/data licence separate","official operator/public-agency URL; obtain source agency ID and coordinates","inherit category dataset; operator permission may be needed for assets/bulk materials","curated pilot candidate","low identity; medium-high footprint/licensing","Proposed priority 6; validate official ID, name, status and CBSA intersection; rank metric can be refined","Analytical proposed rank, not authoritative nationwide top20. Official coordinate/footprint-to-CBSA join not executed; system-wide homepages do not validate every campus detail. ","https://www.nm.org/","2026-10-07","primary operator page reachable; identity/title checked; proposed rank; boundary join pending"
"place","hospitals","7","University of Chicago Medical Center","Chicago-Naperville-Elgin, IL-IN | CBSA 16980","Proposed major hospital-campus candidate; not clinical-quality or size ranking.","One of20 nationally shortlisted candidates in this category within top20 MSAs","1","candidate place, not national inventory count","inherit category source row; verify current operator/name before ingestion","inherit category dataset row for underlying data only; operator website/imagery rights separate","inherit category dataset permissions; candidate fact reference is not asset clearance","inherit category dataset permissions; do not copy operator protected content without licence","source operator + agency dataset/version when ingested","inherit category dataset; source webpage reference public, imagery/data licence separate","official operator/public-agency URL; obtain source agency ID and coordinates","inherit category dataset; operator permission may be needed for assets/bulk materials","curated pilot candidate","low identity; medium-high footprint/licensing","Proposed priority 7; validate official ID, name, status and CBSA intersection; rank metric can be refined","Analytical proposed rank, not authoritative nationwide top20. Official coordinate/footprint-to-CBSA join not executed; system-wide homepages do not validate every campus detail. ","https://www.uchicagomedicine.org/","2026-10-07","primary operator page reachable; identity/title checked; proposed rank; boundary join pending"
"place","hospitals","8","UT Southwestern William P. Clements Jr. University Hospital","Dallas-Fort Worth-Arlington, TX | CBSA 19100","Proposed major hospital-campus candidate; not clinical-quality or size ranking.","One of20 nationally shortlisted candidates in this category within top20 MSAs","1","candidate place, not national inventory count","inherit category source row; verify current operator/name before ingestion","inherit category dataset row for underlying data only; operator website/imagery rights separate","inherit category dataset permissions; candidate fact reference is not asset clearance","inherit category dataset permissions; do not copy operator protected content without licence","source operator + agency dataset/version when ingested","inherit category dataset; source webpage reference public, imagery/data licence separate","official operator/public-agency URL; obtain source agency ID and coordinates","inherit category dataset; operator permission may be needed for assets/bulk materials","curated pilot candidate","low identity; medium-high footprint/licensing","Proposed priority 8; validate official ID, name, status and CBSA intersection; rank metric can be refined","Analytical proposed rank, not authoritative nationwide top20. Official coordinate/footprint-to-CBSA join not executed; system-wide homepages do not validate every campus detail. ","https://utswmed.org/","2026-10-07","primary operator page reachable; identity/title checked; proposed rank; boundary join pending"
"place","hospitals","9","Baylor University Medical Center","Dallas-Fort Worth-Arlington, TX | CBSA 19100","Proposed major hospital-campus candidate; not clinical-quality or size ranking.","One of20 nationally shortlisted candidates in this category within top20 MSAs","1","candidate place, not national inventory count","inherit category source row; verify current operator/name before ingestion","inherit category dataset row for underlying data only; operator website/imagery rights separate","inherit category dataset permissions; candidate fact reference is not asset clearance","inherit category dataset permissions; do not copy operator protected content without licence","source operator + agency dataset/version when ingested","inherit category dataset; source webpage reference public, imagery/data licence separate","official operator/public-agency URL; obtain source agency ID and coordinates","inherit category dataset; operator permission may be needed for assets/bulk materials","curated pilot candidate","low identity; medium-high footprint/licensing","Proposed priority 9; validate official ID, name, status and CBSA intersection; rank metric can be refined","Analytical proposed rank, not authoritative nationwide top20. Official coordinate/footprint-to-CBSA join not executed; system-wide homepages do not validate every campus detail. ","https://www.bswhealth.com/","2026-10-07","primary operator page reachable; identity/title checked; proposed rank; boundary join pending"
"place","hospitals","10","Houston Methodist Hospital","Houston-Pasadena-The Woodlands, TX | CBSA 26420","Proposed major hospital-campus candidate; not clinical-quality or size ranking.","One of20 nationally shortlisted candidates in this category within top20 MSAs","1","candidate place, not national inventory count","inherit category source row; verify current operator/name before ingestion","inherit category dataset row for underlying data only; operator website/imagery rights separate","inherit category dataset permissions; candidate fact reference is not asset clearance","inherit category dataset permissions; do not copy operator protected content without licence","source operator + agency dataset/version when ingested","inherit category dataset; source webpage reference public, imagery/data licence separate","official operator/public-agency URL; obtain source agency ID and coordinates","inherit category dataset; operator permission may be needed for assets/bulk materials","curated pilot candidate","low identity; medium-high footprint/licensing","Proposed priority 10; validate official ID, name, status and CBSA intersection; rank metric can be refined","Analytical proposed rank, not authoritative nationwide top20. Official coordinate/footprint-to-CBSA join not executed; system-wide homepages do not validate every campus detail. ","https://www.houstonmethodist.org/","2026-10-07","primary operator page reachable; identity/title checked; proposed rank; boundary join pending"
"place","hospitals","11","Memorial Hermann Texas Medical Center","Houston-Pasadena-The Woodlands, TX | CBSA 26420","Proposed major hospital-campus candidate; not clinical-quality or size ranking.","One of20 nationally shortlisted candidates in this category within top20 MSAs","1","candidate place, not national inventory count","inherit category source row; verify current operator/name before ingestion","inherit category dataset row for underlying data only; operator website/imagery rights separate","inherit category dataset permissions; candidate fact reference is not asset clearance","inherit category dataset permissions; do not copy operator protected content without licence","source operator + agency dataset/version when ingested","inherit category dataset; source webpage reference public, imagery/data licence separate","official operator/public-agency URL; obtain source agency ID and coordinates","inherit category dataset; operator permission may be needed for assets/bulk materials","curated pilot candidate","low identity; medium-high footprint/licensing","Proposed priority 11; validate official ID, name, status and CBSA intersection; rank metric can be refined","Analytical proposed rank, not authoritative nationwide top20. Official coordinate/footprint-to-CBSA join not executed; system-wide homepages do not validate every campus detail. ","https://memorialhermann.org/","2026-10-07","primary operator page reachable; identity/title checked; proposed rank; boundary join pending"
"place","hospitals","12","Emory University Hospital","Atlanta-Sandy Springs-Roswell, GA | CBSA 12060","Proposed major hospital-campus candidate; not clinical-quality or size ranking.","One of20 nationally shortlisted candidates in this category within top20 MSAs","1","candidate place, not national inventory count","inherit category source row; verify current operator/name before ingestion","inherit category dataset row for underlying data only; operator website/imagery rights separate","inherit category dataset permissions; candidate fact reference is not asset clearance","inherit category dataset permissions; do not copy operator protected content without licence","source operator + agency dataset/version when ingested","inherit category dataset; source webpage reference public, imagery/data licence separate","official operator/public-agency URL; obtain source agency ID and coordinates","inherit category dataset; operator permission may be needed for assets/bulk materials","curated pilot candidate","low identity; medium-high footprint/licensing","Proposed priority 12; validate official ID, name, status and CBSA intersection; rank metric can be refined","Analytical proposed rank, not authoritative nationwide top20. Official coordinate/footprint-to-CBSA join not executed; system-wide homepages do not validate every campus detail. ","https://www.emoryhealthcare.org/","2026-10-07","primary operator page reachable; identity/title checked; proposed rank; boundary join pending"
"place","hospitals","13","MedStar Washington Hospital Center","Washington-Arlington-Alexandria, DC-VA-MD-WV | CBSA 47900","Proposed major hospital-campus candidate; not clinical-quality or size ranking.","One of20 nationally shortlisted candidates in this category within top20 MSAs","1","candidate place, not national inventory count","inherit category source row; verify current operator/name before ingestion","inherit category dataset row for underlying data only; operator website/imagery rights separate","inherit category dataset permissions; candidate fact reference is not asset clearance","inherit category dataset permissions; do not copy operator protected content without licence","source operator + agency dataset/version when ingested","inherit category dataset; source webpage reference public, imagery/data licence separate","official operator/public-agency URL; obtain source agency ID and coordinates","inherit category dataset; operator permission may be needed for assets/bulk materials","curated pilot candidate","low identity; medium-high footprint/licensing","Proposed priority 13; validate official ID, name, status and CBSA intersection; rank metric can be refined","Analytical proposed rank, not authoritative nationwide top20. Official coordinate/footprint-to-CBSA join not executed; system-wide homepages do not validate every campus detail. ","https://www.medstarhealth.org/","2026-10-07","primary operator page reachable; identity/title checked; proposed rank; boundary join pending"
"place","hospitals","14","Jackson Memorial Hospital","Miami-Fort Lauderdale-West Palm Beach, FL | CBSA 33100","Proposed major hospital-campus candidate; not clinical-quality or size ranking.","One of20 nationally shortlisted candidates in this category within top20 MSAs","1","candidate place, not national inventory count","inherit category source row; verify current operator/name before ingestion","inherit category dataset row for underlying data only; operator website/imagery rights separate","inherit category dataset permissions; candidate fact reference is not asset clearance","inherit category dataset permissions; do not copy operator protected content without licence","source operator + agency dataset/version when ingested","inherit category dataset; source webpage reference public, imagery/data licence separate","official operator/public-agency URL; obtain source agency ID and coordinates","inherit category dataset; operator permission may be needed for assets/bulk materials","curated pilot candidate","low identity; medium-high footprint/licensing","Proposed priority 14; validate official ID, name, status and CBSA intersection; rank metric can be refined","Analytical proposed rank, not authoritative nationwide top20. Official coordinate/footprint-to-CBSA join not executed; system-wide homepages do not validate every campus detail. ","https://jacksonhealth.org/","2026-10-07","primary operator page reachable; identity/title checked; proposed rank; boundary join pending"
"place","hospitals","15","Hospital of the University of Pennsylvania","Philadelphia-Camden-Wilmington, PA-NJ-DE-MD | CBSA 37980","Proposed major hospital-campus candidate; not clinical-quality or size ranking.","One of20 nationally shortlisted candidates in this category within top20 MSAs","1","candidate place, not national inventory count","inherit category source row; verify current operator/name before ingestion","inherit category dataset row for underlying data only; operator website/imagery rights separate","inherit category dataset permissions; candidate fact reference is not asset clearance","inherit category dataset permissions; do not copy operator protected content without licence","source operator + agency dataset/version when ingested","inherit category dataset; source webpage reference public, imagery/data licence separate","official operator/public-agency URL; obtain source agency ID and coordinates","inherit category dataset; operator permission may be needed for assets/bulk materials","curated pilot candidate","low identity; medium-high footprint/licensing","Proposed priority 15; validate official ID, name, status and CBSA intersection; rank metric can be refined","Analytical proposed rank, not authoritative nationwide top20. Official coordinate/footprint-to-CBSA join not executed; system-wide homepages do not validate every campus detail. ","https://www.pennmedicine.org/","2026-10-07","primary operator page reachable; identity/title checked; proposed rank; boundary join pending"
"place","hospitals","16","Massachusetts General Hospital","Boston-Cambridge-Newton, MA-NH | CBSA 14460","Proposed major hospital-campus candidate; not clinical-quality or size ranking.","One of20 nationally shortlisted candidates in this category within top20 MSAs","1","candidate place, not national inventory count","inherit category source row; verify current operator/name before ingestion","inherit category dataset row for underlying data only; operator website/imagery rights separate","inherit category dataset permissions; candidate fact reference is not asset clearance","inherit category dataset permissions; do not copy operator protected content without licence","source operator + agency dataset/version when ingested","inherit category dataset; source webpage reference public, imagery/data licence separate","official operator/public-agency URL; obtain source agency ID and coordinates","inherit category dataset; operator permission may be needed for assets/bulk materials","curated pilot candidate","low identity; medium-high footprint/licensing","Proposed priority 16; validate official ID, name, status and CBSA intersection; rank metric can be refined","Analytical proposed rank, not authoritative nationwide top20. Official coordinate/footprint-to-CBSA join not executed; system-wide homepages do not validate every campus detail. ","https://www.massgeneral.org/","2026-10-07","primary operator page reachable; identity/title checked; proposed rank; boundary join pending"
"place","hospitals","17","Brigham and Women's Hospital","Boston-Cambridge-Newton, MA-NH | CBSA 14460","Proposed major hospital-campus candidate; not clinical-quality or size ranking.","One of20 nationally shortlisted candidates in this category within top20 MSAs","1","candidate place, not national inventory count","inherit category source row; verify current operator/name before ingestion","inherit category dataset row for underlying data only; operator website/imagery rights separate","inherit category dataset permissions; candidate fact reference is not asset clearance","inherit category dataset permissions; do not copy operator protected content without licence","source operator + agency dataset/version when ingested","inherit category dataset; source webpage reference public, imagery/data licence separate","official operator/public-agency URL; obtain source agency ID and coordinates","inherit category dataset; operator permission may be needed for assets/bulk materials","curated pilot candidate","low identity; medium-high footprint/licensing","Proposed priority 17; validate official ID, name, status and CBSA intersection; rank metric can be refined","Analytical proposed rank, not authoritative nationwide top20. Official coordinate/footprint-to-CBSA join not executed; system-wide homepages do not validate every campus detail. ","https://www.brighamandwomens.org/","2026-10-07","primary operator page reachable; identity/title checked; proposed rank; boundary join pending"
"place","hospitals","18","Harborview Medical Center","Seattle-Tacoma-Bellevue, WA | CBSA 42660","Proposed major hospital-campus candidate; not clinical-quality or size ranking.","One of20 nationally shortlisted candidates in this category within top20 MSAs","1","candidate place, not national inventory count","inherit category source row; verify current operator/name before ingestion","inherit category dataset row for underlying data only; operator website/imagery rights separate","inherit category dataset permissions; candidate fact reference is not asset clearance","inherit category dataset permissions; do not copy operator protected content without licence","source operator + agency dataset/version when ingested","inherit category dataset; source webpage reference public, imagery/data licence separate","official operator/public-agency URL; obtain source agency ID and coordinates","inherit category dataset; operator permission may be needed for assets/bulk materials","curated pilot candidate","low identity; medium-high footprint/licensing","Proposed priority 18; validate official ID, name, status and CBSA intersection; rank metric can be refined","Analytical proposed rank, not authoritative nationwide top20. Official coordinate/footprint-to-CBSA join not executed; system-wide homepages do not validate every campus detail. Automated reference response 403; normal browser/manual verification needed. ","https://www.uwmedicine.org/","2026-10-07","primary operator URL supplied; automated page blocked or unresolved; proposed candidate needs page/identity verification"
"place","hospitals","19","UC San Diego Jacobs Medical Center","San Diego-Chula Vista-Carlsbad, CA | CBSA 41740","Proposed major hospital-campus candidate; not clinical-quality or size ranking.","One of20 nationally shortlisted candidates in this category within top20 MSAs","1","candidate place, not national inventory count","inherit category source row; verify current operator/name before ingestion","inherit category dataset row for underlying data only; operator website/imagery rights separate","inherit category dataset permissions; candidate fact reference is not asset clearance","inherit category dataset permissions; do not copy operator protected content without licence","source operator + agency dataset/version when ingested","inherit category dataset; source webpage reference public, imagery/data licence separate","official operator/public-agency URL; obtain source agency ID and coordinates","inherit category dataset; operator permission may be needed for assets/bulk materials","curated pilot candidate","low identity; medium-high footprint/licensing","Proposed priority 19; validate official ID, name, status and CBSA intersection; rank metric can be refined","Analytical proposed rank, not authoritative nationwide top20. Official coordinate/footprint-to-CBSA join not executed; system-wide homepages do not validate every campus detail. ","https://health.ucsd.edu/","2026-10-07","primary operator page reachable; identity/title checked; proposed rank; boundary join pending"
"place","hospitals","20","Tampa General Hospital","Tampa-St. Petersburg-Clearwater, FL | CBSA 45300","Proposed major hospital-campus candidate; not clinical-quality or size ranking.","One of20 nationally shortlisted candidates in this category within top20 MSAs","1","candidate place, not national inventory count","inherit category source row; verify current operator/name before ingestion","inherit category dataset row for underlying data only; operator website/imagery rights separate","inherit category dataset permissions; candidate fact reference is not asset clearance","inherit category dataset permissions; do not copy operator protected content without licence","source operator + agency dataset/version when ingested","inherit category dataset; source webpage reference public, imagery/data licence separate","official operator/public-agency URL; obtain source agency ID and coordinates","inherit category dataset; operator permission may be needed for assets/bulk materials","curated pilot candidate","low identity; medium-high footprint/licensing","Proposed priority 20; validate official ID, name, status and CBSA intersection; rank metric can be refined","Analytical proposed rank, not authoritative nationwide top20. Official coordinate/footprint-to-CBSA join not executed; system-wide homepages do not validate every campus detail. ","https://www.tgh.org/","2026-10-07","primary operator page reachable; identity/title checked; proposed rank; boundary join pending"
"place","malls","1","American Dream","New York-Newark-Jersey City, NY-NJ | CBSA 35620","Proposed recognizable retail destination candidate; regional malls/outlet/mixed retail destinations included; no area/footfall ranking.","One of20 nationally shortlisted candidates in this category within top20 MSAs","1","candidate place, not national inventory count","inherit category source row; verify current operator/name before ingestion","inherit category dataset row for underlying data only; operator website/imagery rights separate","inherit category dataset permissions; candidate fact reference is not asset clearance","inherit category dataset permissions; do not copy operator protected content without licence","source operator + agency dataset/version when ingested","inherit category dataset; source webpage reference public, imagery/data licence separate","official operator/public-agency URL; obtain source agency ID and coordinates","inherit category dataset; operator permission may be needed for assets/bulk materials","curated pilot candidate","low identity; medium-high footprint/licensing","Proposed priority 1; validate official ID, name, status and CBSA intersection; rank metric can be refined","Analytical proposed rank, not authoritative nationwide top20. Official coordinate/footprint-to-CBSA join not executed; system-wide homepages do not validate every campus detail. ","https://www.americandream.com/","2026-10-07","primary operator page reachable; identity/title checked; proposed rank; boundary join pending"
"place","malls","2","Westfield Garden State Plaza","New York-Newark-Jersey City, NY-NJ | CBSA 35620","Proposed recognizable retail destination candidate; regional malls/outlet/mixed retail destinations included; no area/footfall ranking.","One of20 nationally shortlisted candidates in this category within top20 MSAs","1","candidate place, not national inventory count","inherit category source row; verify current operator/name before ingestion","inherit category dataset row for underlying data only; operator website/imagery rights separate","inherit category dataset permissions; candidate fact reference is not asset clearance","inherit category dataset permissions; do not copy operator protected content without licence","source operator + agency dataset/version when ingested","inherit category dataset; source webpage reference public, imagery/data licence separate","official operator/public-agency URL; obtain source agency ID and coordinates","inherit category dataset; operator permission may be needed for assets/bulk materials","curated pilot candidate","low identity; medium-high footprint/licensing","Proposed priority 2; validate official ID, name, status and CBSA intersection; rank metric can be refined","Analytical proposed rank, not authoritative nationwide top20. Official coordinate/footprint-to-CBSA join not executed; system-wide homepages do not validate every campus detail. ","https://www.westfield.com/en/united-states/gardenstateplaza","2026-10-07","primary operator page reachable; identity/title checked; proposed rank; boundary join pending"
"place","malls","3","Roosevelt Field","New York-Newark-Jersey City, NY-NJ | CBSA 35620","Proposed recognizable retail destination candidate; regional malls/outlet/mixed retail destinations included; no area/footfall ranking.","One of20 nationally shortlisted candidates in this category within top20 MSAs","1","candidate place, not national inventory count","inherit category source row; verify current operator/name before ingestion","inherit category dataset row for underlying data only; operator website/imagery rights separate","inherit category dataset permissions; candidate fact reference is not asset clearance","inherit category dataset permissions; do not copy operator protected content without licence","source operator + agency dataset/version when ingested","inherit category dataset; source webpage reference public, imagery/data licence separate","official operator/public-agency URL; obtain source agency ID and coordinates","inherit category dataset; operator permission may be needed for assets/bulk materials","curated pilot candidate","low identity; medium-high footprint/licensing","Proposed priority 3; validate official ID, name, status and CBSA intersection; rank metric can be refined","Analytical proposed rank, not authoritative nationwide top20. Official coordinate/footprint-to-CBSA join not executed; system-wide homepages do not validate every campus detail. Automated reference response 307; normal browser/manual verification needed. ","https://www.simon.com/mall/roosevelt-field","2026-10-07","primary operator URL supplied; automated page blocked or unresolved; proposed candidate needs page/identity verification"
"place","malls","4","South Coast Plaza","Los Angeles-Long Beach-Anaheim, CA | CBSA 31080","Proposed recognizable retail destination candidate; regional malls/outlet/mixed retail destinations included; no area/footfall ranking.","One of20 nationally shortlisted candidates in this category within top20 MSAs","1","candidate place, not national inventory count","inherit category source row; verify current operator/name before ingestion","inherit category dataset row for underlying data only; operator website/imagery rights separate","inherit category dataset permissions; candidate fact reference is not asset clearance","inherit category dataset permissions; do not copy operator protected content without licence","source operator + agency dataset/version when ingested","inherit category dataset; source webpage reference public, imagery/data licence separate","official operator/public-agency URL; obtain source agency ID and coordinates","inherit category dataset; operator permission may be needed for assets/bulk materials","curated pilot candidate","low identity; medium-high footprint/licensing","Proposed priority 4; validate official ID, name, status and CBSA intersection; rank metric can be refined","Analytical proposed rank, not authoritative nationwide top20. Official coordinate/footprint-to-CBSA join not executed; system-wide homepages do not validate every campus detail. ","https://www.southcoastplaza.com/","2026-10-07","primary operator page reachable; identity/title checked; proposed rank; boundary join pending"
"place","malls","5","Del Amo Fashion Center","Los Angeles-Long Beach-Anaheim, CA | CBSA 31080","Proposed recognizable retail destination candidate; regional malls/outlet/mixed retail destinations included; no area/footfall ranking.","One of20 nationally shortlisted candidates in this category within top20 MSAs","1","candidate place, not national inventory count","inherit category source row; verify current operator/name before ingestion","inherit category dataset row for underlying data only; operator website/imagery rights separate","inherit category dataset permissions; candidate fact reference is not asset clearance","inherit category dataset permissions; do not copy operator protected content without licence","source operator + agency dataset/version when ingested","inherit category dataset; source webpage reference public, imagery/data licence separate","official operator/public-agency URL; obtain source agency ID and coordinates","inherit category dataset; operator permission may be needed for assets/bulk materials","curated pilot candidate","low identity; medium-high footprint/licensing","Proposed priority 5; validate official ID, name, status and CBSA intersection; rank metric can be refined","Analytical proposed rank, not authoritative nationwide top20. Official coordinate/footprint-to-CBSA join not executed; system-wide homepages do not validate every campus detail. Automated reference response 307; normal browser/manual verification needed. ","https://www.simon.com/mall/del-amo-fashion-center","2026-10-07","primary operator URL supplied; automated page blocked or unresolved; proposed candidate needs page/identity verification"
"place","malls","6","Westfield Century City","Los Angeles-Long Beach-Anaheim, CA | CBSA 31080","Proposed recognizable retail destination candidate; regional malls/outlet/mixed retail destinations included; no area/footfall ranking.","One of20 nationally shortlisted candidates in this category within top20 MSAs","1","candidate place, not national inventory count","inherit category source row; verify current operator/name before ingestion","inherit category dataset row for underlying data only; operator website/imagery rights separate","inherit category dataset permissions; candidate fact reference is not asset clearance","inherit category dataset permissions; do not copy operator protected content without licence","source operator + agency dataset/version when ingested","inherit category dataset; source webpage reference public, imagery/data licence separate","official operator/public-agency URL; obtain source agency ID and coordinates","inherit category dataset; operator permission may be needed for assets/bulk materials","curated pilot candidate","low identity; medium-high footprint/licensing","Proposed priority 6; validate official ID, name, status and CBSA intersection; rank metric can be refined","Analytical proposed rank, not authoritative nationwide top20. Official coordinate/footprint-to-CBSA join not executed; system-wide homepages do not validate every campus detail. ","https://www.westfield.com/en/united-states/centurycity","2026-10-07","primary operator page reachable; identity/title checked; proposed rank; boundary join pending"
"place","malls","7","Woodfield Mall","Chicago-Naperville-Elgin, IL-IN | CBSA 16980","Proposed recognizable retail destination candidate; regional malls/outlet/mixed retail destinations included; no area/footfall ranking.","One of20 nationally shortlisted candidates in this category within top20 MSAs","1","candidate place, not national inventory count","inherit category source row; verify current operator/name before ingestion","inherit category dataset row for underlying data only; operator website/imagery rights separate","inherit category dataset permissions; candidate fact reference is not asset clearance","inherit category dataset permissions; do not copy operator protected content without licence","source operator + agency dataset/version when ingested","inherit category dataset; source webpage reference public, imagery/data licence separate","official operator/public-agency URL; obtain source agency ID and coordinates","inherit category dataset; operator permission may be needed for assets/bulk materials","curated pilot candidate","low identity; medium-high footprint/licensing","Proposed priority 7; validate official ID, name, status and CBSA intersection; rank metric can be refined","Analytical proposed rank, not authoritative nationwide top20. Official coordinate/footprint-to-CBSA join not executed; system-wide homepages do not validate every campus detail. Automated reference response 307; normal browser/manual verification needed. ","https://www.simon.com/mall/woodfield-mall","2026-10-07","primary operator URL supplied; automated page blocked or unresolved; proposed candidate needs page/identity verification"
"place","malls","8","NorthPark Center","Dallas-Fort Worth-Arlington, TX | CBSA 19100","Proposed recognizable retail destination candidate; regional malls/outlet/mixed retail destinations included; no area/footfall ranking.","One of20 nationally shortlisted candidates in this category within top20 MSAs","1","candidate place, not national inventory count","inherit category source row; verify current operator/name before ingestion","inherit category dataset row for underlying data only; operator website/imagery rights separate","inherit category dataset permissions; candidate fact reference is not asset clearance","inherit category dataset permissions; do not copy operator protected content without licence","source operator + agency dataset/version when ingested","inherit category dataset; source webpage reference public, imagery/data licence separate","official operator/public-agency URL; obtain source agency ID and coordinates","inherit category dataset; operator permission may be needed for assets/bulk materials","curated pilot candidate","low identity; medium-high footprint/licensing","Proposed priority 8; validate official ID, name, status and CBSA intersection; rank metric can be refined","Analytical proposed rank, not authoritative nationwide top20. Official coordinate/footprint-to-CBSA join not executed; system-wide homepages do not validate every campus detail. ","https://northparkcenter.com/","2026-10-07","primary operator page reachable; identity/title checked; proposed rank; boundary join pending"
"place","malls","9","Galleria Dallas","Dallas-Fort Worth-Arlington, TX | CBSA 19100","Proposed recognizable retail destination candidate; regional malls/outlet/mixed retail destinations included; no area/footfall ranking.","One of20 nationally shortlisted candidates in this category within top20 MSAs","1","candidate place, not national inventory count","inherit category source row; verify current operator/name before ingestion","inherit category dataset row for underlying data only; operator website/imagery rights separate","inherit category dataset permissions; candidate fact reference is not asset clearance","inherit category dataset permissions; do not copy operator protected content without licence","source operator + agency dataset/version when ingested","inherit category dataset; source webpage reference public, imagery/data licence separate","official operator/public-agency URL; obtain source agency ID and coordinates","inherit category dataset; operator permission may be needed for assets/bulk materials","curated pilot candidate","low identity; medium-high footprint/licensing","Proposed priority 9; validate official ID, name, status and CBSA intersection; rank metric can be refined","Analytical proposed rank, not authoritative nationwide top20. Official coordinate/footprint-to-CBSA join not executed; system-wide homepages do not validate every campus detail. ","https://galleriadallas.com/","2026-10-07","primary operator page reachable; identity/title checked; proposed rank; boundary join pending"
"place","malls","10","The Galleria","Houston-Pasadena-The Woodlands, TX | CBSA 26420","Proposed recognizable retail destination candidate; regional malls/outlet/mixed retail destinations included; no area/footfall ranking.","One of20 nationally shortlisted candidates in this category within top20 MSAs","1","candidate place, not national inventory count","inherit category source row; verify current operator/name before ingestion","inherit category dataset row for underlying data only; operator website/imagery rights separate","inherit category dataset permissions; candidate fact reference is not asset clearance","inherit category dataset permissions; do not copy operator protected content without licence","source operator + agency dataset/version when ingested","inherit category dataset; source webpage reference public, imagery/data licence separate","official operator/public-agency URL; obtain source agency ID and coordinates","inherit category dataset; operator permission may be needed for assets/bulk materials","curated pilot candidate","low identity; medium-high footprint/licensing","Proposed priority 10; validate official ID, name, status and CBSA intersection; rank metric can be refined","Analytical proposed rank, not authoritative nationwide top20. Official coordinate/footprint-to-CBSA join not executed; system-wide homepages do not validate every campus detail. Automated reference response 307; normal browser/manual verification needed. ","https://www.simon.com/mall/the-galleria","2026-10-07","primary operator URL supplied; automated page blocked or unresolved; proposed candidate needs page/identity verification"
"place","malls","11","Lenox Square","Atlanta-Sandy Springs-Roswell, GA | CBSA 12060","Proposed recognizable retail destination candidate; regional malls/outlet/mixed retail destinations included; no area/footfall ranking.","One of20 nationally shortlisted candidates in this category within top20 MSAs","1","candidate place, not national inventory count","inherit category source row; verify current operator/name before ingestion","inherit category dataset row for underlying data only; operator website/imagery rights separate","inherit category dataset permissions; candidate fact reference is not asset clearance","inherit category dataset permissions; do not copy operator protected content without licence","source operator + agency dataset/version when ingested","inherit category dataset; source webpage reference public, imagery/data licence separate","official operator/public-agency URL; obtain source agency ID and coordinates","inherit category dataset; operator permission may be needed for assets/bulk materials","curated pilot candidate","low identity; medium-high footprint/licensing","Proposed priority 11; validate official ID, name, status and CBSA intersection; rank metric can be refined","Analytical proposed rank, not authoritative nationwide top20. Official coordinate/footprint-to-CBSA join not executed; system-wide homepages do not validate every campus detail. Automated reference response 307; normal browser/manual verification needed. ","https://www.simon.com/mall/lenox-square","2026-10-07","primary operator URL supplied; automated page blocked or unresolved; proposed candidate needs page/identity verification"
"place","malls","12","Tysons Corner Center","Washington-Arlington-Alexandria, DC-VA-MD-WV | CBSA 47900","Proposed recognizable retail destination candidate; regional malls/outlet/mixed retail destinations included; no area/footfall ranking.","One of20 nationally shortlisted candidates in this category within top20 MSAs","1","candidate place, not national inventory count","inherit category source row; verify current operator/name before ingestion","inherit category dataset row for underlying data only; operator website/imagery rights separate","inherit category dataset permissions; candidate fact reference is not asset clearance","inherit category dataset permissions; do not copy operator protected content without licence","source operator + agency dataset/version when ingested","inherit category dataset; source webpage reference public, imagery/data licence separate","official operator/public-agency URL; obtain source agency ID and coordinates","inherit category dataset; operator permission may be needed for assets/bulk materials","curated pilot candidate","low identity; medium-high footprint/licensing","Proposed priority 12; validate official ID, name, status and CBSA intersection; rank metric can be refined","Analytical proposed rank, not authoritative nationwide top20. Official coordinate/footprint-to-CBSA join not executed; system-wide homepages do not validate every campus detail. ","https://www.tysonscornercenter.com/","2026-10-07","primary operator page reachable; identity/title checked; proposed rank; boundary join pending"
"place","malls","13","Aventura Mall","Miami-Fort Lauderdale-West Palm Beach, FL | CBSA 33100","Proposed recognizable retail destination candidate; regional malls/outlet/mixed retail destinations included; no area/footfall ranking.","One of20 nationally shortlisted candidates in this category within top20 MSAs","1","candidate place, not national inventory count","inherit category source row; verify current operator/name before ingestion","inherit category dataset row for underlying data only; operator website/imagery rights separate","inherit category dataset permissions; candidate fact reference is not asset clearance","inherit category dataset permissions; do not copy operator protected content without licence","source operator + agency dataset/version when ingested","inherit category dataset; source webpage reference public, imagery/data licence separate","official operator/public-agency URL; obtain source agency ID and coordinates","inherit category dataset; operator permission may be needed for assets/bulk materials","curated pilot candidate","low identity; medium-high footprint/licensing","Proposed priority 13; validate official ID, name, status and CBSA intersection; rank metric can be refined","Analytical proposed rank, not authoritative nationwide top20. Official coordinate/footprint-to-CBSA join not executed; system-wide homepages do not validate every campus detail. ","https://aventuramall.com/","2026-10-07","primary operator page reachable; identity/title checked; proposed rank; boundary join pending"
"place","malls","14","Sawgrass Mills","Miami-Fort Lauderdale-West Palm Beach, FL | CBSA 33100","Proposed recognizable retail destination candidate; regional malls/outlet/mixed retail destinations included; no area/footfall ranking.","One of20 nationally shortlisted candidates in this category within top20 MSAs","1","candidate place, not national inventory count","inherit category source row; verify current operator/name before ingestion","inherit category dataset row for underlying data only; operator website/imagery rights separate","inherit category dataset permissions; candidate fact reference is not asset clearance","inherit category dataset permissions; do not copy operator protected content without licence","source operator + agency dataset/version when ingested","inherit category dataset; source webpage reference public, imagery/data licence separate","official operator/public-agency URL; obtain source agency ID and coordinates","inherit category dataset; operator permission may be needed for assets/bulk materials","curated pilot candidate","low identity; medium-high footprint/licensing","Proposed priority 14; validate official ID, name, status and CBSA intersection; rank metric can be refined","Analytical proposed rank, not authoritative nationwide top20. Official coordinate/footprint-to-CBSA join not executed; system-wide homepages do not validate every campus detail. Automated reference response 307; normal browser/manual verification needed. ","https://www.simon.com/mall/sawgrass-mills","2026-10-07","primary operator URL supplied; automated page blocked or unresolved; proposed candidate needs page/identity verification"
"place","malls","15","King of Prussia","Philadelphia-Camden-Wilmington, PA-NJ-DE-MD | CBSA 37980","Proposed recognizable retail destination candidate; regional malls/outlet/mixed retail destinations included; no area/footfall ranking.","One of20 nationally shortlisted candidates in this category within top20 MSAs","1","candidate place, not national inventory count","inherit category source row; verify current operator/name before ingestion","inherit category dataset row for underlying data only; operator website/imagery rights separate","inherit category dataset permissions; candidate fact reference is not asset clearance","inherit category dataset permissions; do not copy operator protected content without licence","source operator + agency dataset/version when ingested","inherit category dataset; source webpage reference public, imagery/data licence separate","official operator/public-agency URL; obtain source agency ID and coordinates","inherit category dataset; operator permission may be needed for assets/bulk materials","curated pilot candidate","low identity; medium-high footprint/licensing","Proposed priority 15; validate official ID, name, status and CBSA intersection; rank metric can be refined","Analytical proposed rank, not authoritative nationwide top20. Official coordinate/footprint-to-CBSA join not executed; system-wide homepages do not validate every campus detail. Automated reference response 307; normal browser/manual verification needed. ","https://www.simon.com/mall/king-of-prussia","2026-10-07","primary operator URL supplied; automated page blocked or unresolved; proposed candidate needs page/identity verification"
"place","malls","16","Scottsdale Fashion Square","Phoenix-Mesa-Chandler, AZ | CBSA 38060","Proposed recognizable retail destination candidate; regional malls/outlet/mixed retail destinations included; no area/footfall ranking.","One of20 nationally shortlisted candidates in this category within top20 MSAs","1","candidate place, not national inventory count","inherit category source row; verify current operator/name before ingestion","inherit category dataset row for underlying data only; operator website/imagery rights separate","inherit category dataset permissions; candidate fact reference is not asset clearance","inherit category dataset permissions; do not copy operator protected content without licence","source operator + agency dataset/version when ingested","inherit category dataset; source webpage reference public, imagery/data licence separate","official operator/public-agency URL; obtain source agency ID and coordinates","inherit category dataset; operator permission may be needed for assets/bulk materials","curated pilot candidate","low identity; medium-high footprint/licensing","Proposed priority 16; validate official ID, name, status and CBSA intersection; rank metric can be refined","Analytical proposed rank, not authoritative nationwide top20. Official coordinate/footprint-to-CBSA join not executed; system-wide homepages do not validate every campus detail. ","https://www.fashionsquare.com/","2026-10-07","primary operator page reachable; identity/title checked; proposed rank; boundary join pending"
"place","malls","17","Mall of America","Minneapolis-St. Paul-Bloomington, MN-WI | CBSA 33460","Proposed recognizable retail destination candidate; regional malls/outlet/mixed retail destinations included; no area/footfall ranking.","One of20 nationally shortlisted candidates in this category within top20 MSAs","1","candidate place, not national inventory count","inherit category source row; verify current operator/name before ingestion","inherit category dataset row for underlying data only; operator website/imagery rights separate","inherit category dataset permissions; candidate fact reference is not asset clearance","inherit category dataset permissions; do not copy operator protected content without licence","source operator + agency dataset/version when ingested","inherit category dataset; source webpage reference public, imagery/data licence separate","official operator/public-agency URL; obtain source agency ID and coordinates","inherit category dataset; operator permission may be needed for assets/bulk materials","curated pilot candidate","low identity; medium-high footprint/licensing","Proposed priority 17; validate official ID, name, status and CBSA intersection; rank metric can be refined","Analytical proposed rank, not authoritative nationwide top20. Official coordinate/footprint-to-CBSA join not executed; system-wide homepages do not validate every campus detail. ","https://www.mallofamerica.com/","2026-10-07","primary operator page reachable; identity/title checked; proposed rank; boundary join pending"
"place","malls","18","Bellevue Square","Seattle-Tacoma-Bellevue, WA | CBSA 42660","Proposed recognizable retail destination candidate; regional malls/outlet/mixed retail destinations included; no area/footfall ranking.","One of20 nationally shortlisted candidates in this category within top20 MSAs","1","candidate place, not national inventory count","inherit category source row; verify current operator/name before ingestion","inherit category dataset row for underlying data only; operator website/imagery rights separate","inherit category dataset permissions; candidate fact reference is not asset clearance","inherit category dataset permissions; do not copy operator protected content without licence","source operator + agency dataset/version when ingested","inherit category dataset; source webpage reference public, imagery/data licence separate","official operator/public-agency URL; obtain source agency ID and coordinates","inherit category dataset; operator permission may be needed for assets/bulk materials","curated pilot candidate","low identity; medium-high footprint/licensing","Proposed priority 18; validate official ID, name, status and CBSA intersection; rank metric can be refined","Analytical proposed rank, not authoritative nationwide top20. Official coordinate/footprint-to-CBSA join not executed; system-wide homepages do not validate every campus detail. ","https://www.bellevuecollection.com/","2026-10-07","primary operator page reachable; identity/title checked; proposed rank; boundary join pending"
"place","malls","19","Fashion Valley","San Diego-Chula Vista-Carlsbad, CA | CBSA 41740","Proposed recognizable retail destination candidate; regional malls/outlet/mixed retail destinations included; no area/footfall ranking.","One of20 nationally shortlisted candidates in this category within top20 MSAs","1","candidate place, not national inventory count","inherit category source row; verify current operator/name before ingestion","inherit category dataset row for underlying data only; operator website/imagery rights separate","inherit category dataset permissions; candidate fact reference is not asset clearance","inherit category dataset permissions; do not copy operator protected content without licence","source operator + agency dataset/version when ingested","inherit category dataset; source webpage reference public, imagery/data licence separate","official operator/public-agency URL; obtain source agency ID and coordinates","inherit category dataset; operator permission may be needed for assets/bulk materials","curated pilot candidate","low identity; medium-high footprint/licensing","Proposed priority 19; validate official ID, name, status and CBSA intersection; rank metric can be refined","Analytical proposed rank, not authoritative nationwide top20. Official coordinate/footprint-to-CBSA join not executed; system-wide homepages do not validate every campus detail. Automated reference response 307; normal browser/manual verification needed. ","https://www.simon.com/mall/fashion-valley","2026-10-07","primary operator URL supplied; automated page blocked or unresolved; proposed candidate needs page/identity verification"
"place","malls","20","The Florida Mall","Orlando-Kissimmee-Sanford, FL | CBSA 36740","Proposed recognizable retail destination candidate; regional malls/outlet/mixed retail destinations included; no area/footfall ranking.","One of20 nationally shortlisted candidates in this category within top20 MSAs","1","candidate place, not national inventory count","inherit category source row; verify current operator/name before ingestion","inherit category dataset row for underlying data only; operator website/imagery rights separate","inherit category dataset permissions; candidate fact reference is not asset clearance","inherit category dataset permissions; do not copy operator protected content without licence","source operator + agency dataset/version when ingested","inherit category dataset; source webpage reference public, imagery/data licence separate","official operator/public-agency URL; obtain source agency ID and coordinates","inherit category dataset; operator permission may be needed for assets/bulk materials","curated pilot candidate","low identity; medium-high footprint/licensing","Proposed priority 20; validate official ID, name, status and CBSA intersection; rank metric can be refined","Analytical proposed rank, not authoritative nationwide top20. Official coordinate/footprint-to-CBSA join not executed; system-wide homepages do not validate every campus detail. Automated reference response 307; normal browser/manual verification needed. ","https://www.simon.com/mall/the-florida-mall","2026-10-07","primary operator URL supplied; automated page blocked or unresolved; proposed candidate needs page/identity verification"
"place","convention centres","1","Jacob K. Javits Convention Center","New York-Newark-Jersey City, NY-NJ | CBSA 35620","Proposed major exhibition/convention venue candidate; no floor-area/attendance ranking.","One of20 nationally shortlisted candidates in this category within top20 MSAs","1","candidate place, not national inventory count","inherit category source row; verify current operator/name before ingestion","inherit category dataset row for underlying data only; operator website/imagery rights separate","inherit category dataset permissions; candidate fact reference is not asset clearance","inherit category dataset permissions; do not copy operator protected content without licence","source operator + agency dataset/version when ingested","inherit category dataset; source webpage reference public, imagery/data licence separate","official operator/public-agency URL; obtain source agency ID and coordinates","inherit category dataset; operator permission may be needed for assets/bulk materials","curated pilot candidate","low identity; medium-high footprint/licensing","Proposed priority 1; validate official ID, name, status and CBSA intersection; rank metric can be refined","Analytical proposed rank, not authoritative nationwide top20. Official coordinate/footprint-to-CBSA join not executed; system-wide homepages do not validate every campus detail. Automated reference response 429; normal browser/manual verification needed. ","https://www.javitscenter.com/","2026-10-07","primary operator URL supplied; automated page blocked or unresolved; proposed candidate needs page/identity verification"
"place","convention centres","2","Los Angeles Convention Center","Los Angeles-Long Beach-Anaheim, CA | CBSA 31080","Proposed major exhibition/convention venue candidate; no floor-area/attendance ranking.","One of20 nationally shortlisted candidates in this category within top20 MSAs","1","candidate place, not national inventory count","inherit category source row; verify current operator/name before ingestion","inherit category dataset row for underlying data only; operator website/imagery rights separate","inherit category dataset permissions; candidate fact reference is not asset clearance","inherit category dataset permissions; do not copy operator protected content without licence","source operator + agency dataset/version when ingested","inherit category dataset; source webpage reference public, imagery/data licence separate","official operator/public-agency URL; obtain source agency ID and coordinates","inherit category dataset; operator permission may be needed for assets/bulk materials","curated pilot candidate","low identity; medium-high footprint/licensing","Proposed priority 2; validate official ID, name, status and CBSA intersection; rank metric can be refined","Analytical proposed rank, not authoritative nationwide top20. Official coordinate/footprint-to-CBSA join not executed; system-wide homepages do not validate every campus detail. ","https://www.lacclink.com/","2026-10-07","primary operator page reachable; identity/title checked; proposed rank; boundary join pending"
"place","convention centres","3","Anaheim Convention Center","Los Angeles-Long Beach-Anaheim, CA | CBSA 31080","Proposed major exhibition/convention venue candidate; no floor-area/attendance ranking.","One of20 nationally shortlisted candidates in this category within top20 MSAs","1","candidate place, not national inventory count","inherit category source row; verify current operator/name before ingestion","inherit category dataset row for underlying data only; operator website/imagery rights separate","inherit category dataset permissions; candidate fact reference is not asset clearance","inherit category dataset permissions; do not copy operator protected content without licence","source operator + agency dataset/version when ingested","inherit category dataset; source webpage reference public, imagery/data licence separate","official operator/public-agency URL; obtain source agency ID and coordinates","inherit category dataset; operator permission may be needed for assets/bulk materials","curated pilot candidate","low identity; medium-high footprint/licensing","Proposed priority 3; validate official ID, name, status and CBSA intersection; rank metric can be refined","Analytical proposed rank, not authoritative nationwide top20. Official coordinate/footprint-to-CBSA join not executed; system-wide homepages do not validate every campus detail. Automated reference response 403; normal browser/manual verification needed. ","https://www.anaheim.net/1117/Anaheim-Convention-Center","2026-10-07","primary operator URL supplied; automated page blocked or unresolved; proposed candidate needs page/identity verification"
"place","convention centres","4","McCormick Place","Chicago-Naperville-Elgin, IL-IN | CBSA 16980","Proposed major exhibition/convention venue candidate; no floor-area/attendance ranking.","One of20 nationally shortlisted candidates in this category within top20 MSAs","1","candidate place, not national inventory count","inherit category source row; verify current operator/name before ingestion","inherit category dataset row for underlying data only; operator website/imagery rights separate","inherit category dataset permissions; candidate fact reference is not asset clearance","inherit category dataset permissions; do not copy operator protected content without licence","source operator + agency dataset/version when ingested","inherit category dataset; source webpage reference public, imagery/data licence separate","official operator/public-agency URL; obtain source agency ID and coordinates","inherit category dataset; operator permission may be needed for assets/bulk materials","curated pilot candidate","low identity; medium-high footprint/licensing","Proposed priority 4; validate official ID, name, status and CBSA intersection; rank metric can be refined","Analytical proposed rank, not authoritative nationwide top20. Official coordinate/footprint-to-CBSA join not executed; system-wide homepages do not validate every campus detail. ","https://www.mccormickplace.com/","2026-10-07","primary operator page reachable; identity/title checked; proposed rank; boundary join pending"
"place","convention centres","5","Kay Bailey Hutchison Convention Center Dallas","Dallas-Fort Worth-Arlington, TX | CBSA 19100","Proposed major exhibition/convention venue candidate; no floor-area/attendance ranking.","One of20 nationally shortlisted candidates in this category within top20 MSAs","1","candidate place, not national inventory count","inherit category source row; verify current operator/name before ingestion","inherit category dataset row for underlying data only; operator website/imagery rights separate","inherit category dataset permissions; candidate fact reference is not asset clearance","inherit category dataset permissions; do not copy operator protected content without licence","source operator + agency dataset/version when ingested","inherit category dataset; source webpage reference public, imagery/data licence separate","official operator/public-agency URL; obtain source agency ID and coordinates","inherit category dataset; operator permission may be needed for assets/bulk materials","curated pilot candidate","low identity; medium-high footprint/licensing","Proposed priority 5; validate official ID, name, status and CBSA intersection; rank metric can be refined","Analytical proposed rank, not authoritative nationwide top20. Official coordinate/footprint-to-CBSA join not executed; system-wide homepages do not validate every campus detail. ","https://www.dallasconventioncenter.com/","2026-10-07","primary operator page reachable; identity/title checked; proposed rank; boundary join pending"
"place","convention centres","6","George R. Brown Convention Center","Houston-Pasadena-The Woodlands, TX | CBSA 26420","Proposed major exhibition/convention venue candidate; no floor-area/attendance ranking.","One of20 nationally shortlisted candidates in this category within top20 MSAs","1","candidate place, not national inventory count","inherit category source row; verify current operator/name before ingestion","inherit category dataset row for underlying data only; operator website/imagery rights separate","inherit category dataset permissions; candidate fact reference is not asset clearance","inherit category dataset permissions; do not copy operator protected content without licence","source operator + agency dataset/version when ingested","inherit category dataset; source webpage reference public, imagery/data licence separate","official operator/public-agency URL; obtain source agency ID and coordinates","inherit category dataset; operator permission may be needed for assets/bulk materials","curated pilot candidate","low identity; medium-high footprint/licensing","Proposed priority 6; validate official ID, name, status and CBSA intersection; rank metric can be refined","Analytical proposed rank, not authoritative nationwide top20. Official coordinate/footprint-to-CBSA join not executed; system-wide homepages do not validate every campus detail. Automated reference response 403; normal browser/manual verification needed. ","https://www.grbhouston.com/","2026-10-07","primary operator URL supplied; automated page blocked or unresolved; proposed candidate needs page/identity verification"
"place","convention centres","7","Georgia World Congress Center","Atlanta-Sandy Springs-Roswell, GA | CBSA 12060","Proposed major exhibition/convention venue candidate; no floor-area/attendance ranking.","One of20 nationally shortlisted candidates in this category within top20 MSAs","1","candidate place, not national inventory count","inherit category source row; verify current operator/name before ingestion","inherit category dataset row for underlying data only; operator website/imagery rights separate","inherit category dataset permissions; candidate fact reference is not asset clearance","inherit category dataset permissions; do not copy operator protected content without licence","source operator + agency dataset/version when ingested","inherit category dataset; source webpage reference public, imagery/data licence separate","official operator/public-agency URL; obtain source agency ID and coordinates","inherit category dataset; operator permission may be needed for assets/bulk materials","curated pilot candidate","low identity; medium-high footprint/licensing","Proposed priority 7; validate official ID, name, status and CBSA intersection; rank metric can be refined","Analytical proposed rank, not authoritative nationwide top20. Official coordinate/footprint-to-CBSA join not executed; system-wide homepages do not validate every campus detail. Automated reference response 403; normal browser/manual verification needed. ","https://www.gwcca.org/","2026-10-07","primary operator URL supplied; automated page blocked or unresolved; proposed candidate needs page/identity verification"
"place","convention centres","8","Walter E. Washington Convention Center","Washington-Arlington-Alexandria, DC-VA-MD-WV | CBSA 47900","Proposed major exhibition/convention venue candidate; no floor-area/attendance ranking.","One of20 nationally shortlisted candidates in this category within top20 MSAs","1","candidate place, not national inventory count","inherit category source row; verify current operator/name before ingestion","inherit category dataset row for underlying data only; operator website/imagery rights separate","inherit category dataset permissions; candidate fact reference is not asset clearance","inherit category dataset permissions; do not copy operator protected content without licence","source operator + agency dataset/version when ingested","inherit category dataset; source webpage reference public, imagery/data licence separate","official operator/public-agency URL; obtain source agency ID and coordinates","inherit category dataset; operator permission may be needed for assets/bulk materials","curated pilot candidate","low identity; medium-high footprint/licensing","Proposed priority 8; validate official ID, name, status and CBSA intersection; rank metric can be refined","Analytical proposed rank, not authoritative nationwide top20. Official coordinate/footprint-to-CBSA join not executed; system-wide homepages do not validate every campus detail. ","https://eventsdc.com/","2026-10-07","primary operator page reachable; identity/title checked; proposed rank; boundary join pending"
"place","convention centres","9","Miami Beach Convention Center","Miami-Fort Lauderdale-West Palm Beach, FL | CBSA 33100","Proposed major exhibition/convention venue candidate; no floor-area/attendance ranking.","One of20 nationally shortlisted candidates in this category within top20 MSAs","1","candidate place, not national inventory count","inherit category source row; verify current operator/name before ingestion","inherit category dataset row for underlying data only; operator website/imagery rights separate","inherit category dataset permissions; candidate fact reference is not asset clearance","inherit category dataset permissions; do not copy operator protected content without licence","source operator + agency dataset/version when ingested","inherit category dataset; source webpage reference public, imagery/data licence separate","official operator/public-agency URL; obtain source agency ID and coordinates","inherit category dataset; operator permission may be needed for assets/bulk materials","curated pilot candidate","low identity; medium-high footprint/licensing","Proposed priority 9; validate official ID, name, status and CBSA intersection; rank metric can be refined","Analytical proposed rank, not authoritative nationwide top20. Official coordinate/footprint-to-CBSA join not executed; system-wide homepages do not validate every campus detail. Automated reference response 403; normal browser/manual verification needed. ","https://www.miamibeachconvention.com/","2026-10-07","primary operator URL supplied; automated page blocked or unresolved; proposed candidate needs page/identity verification"
"place","convention centres","10","Pennsylvania Convention Center","Philadelphia-Camden-Wilmington, PA-NJ-DE-MD | CBSA 37980","Proposed major exhibition/convention venue candidate; no floor-area/attendance ranking.","One of20 nationally shortlisted candidates in this category within top20 MSAs","1","candidate place, not national inventory count","inherit category source row; verify current operator/name before ingestion","inherit category dataset row for underlying data only; operator website/imagery rights separate","inherit category dataset permissions; candidate fact reference is not asset clearance","inherit category dataset permissions; do not copy operator protected content without licence","source operator + agency dataset/version when ingested","inherit category dataset; source webpage reference public, imagery/data licence separate","official operator/public-agency URL; obtain source agency ID and coordinates","inherit category dataset; operator permission may be needed for assets/bulk materials","curated pilot candidate","low identity; medium-high footprint/licensing","Proposed priority 10; validate official ID, name, status and CBSA intersection; rank metric can be refined","Analytical proposed rank, not authoritative nationwide top20. Official coordinate/footprint-to-CBSA join not executed; system-wide homepages do not validate every campus detail. ","https://www.paconvention.com/","2026-10-07","primary operator page reachable; identity/title checked; proposed rank; boundary join pending"
"place","convention centres","11","Thomas M. Menino Convention & Exhibition Center","Boston-Cambridge-Newton, MA-NH | CBSA 14460","Proposed major exhibition/convention venue candidate; no floor-area/attendance ranking.","One of20 nationally shortlisted candidates in this category within top20 MSAs","1","candidate place, not national inventory count","inherit category source row; verify current operator/name before ingestion","inherit category dataset row for underlying data only; operator website/imagery rights separate","inherit category dataset permissions; candidate fact reference is not asset clearance","inherit category dataset permissions; do not copy operator protected content without licence","source operator + agency dataset/version when ingested","inherit category dataset; source webpage reference public, imagery/data licence separate","official operator/public-agency URL; obtain source agency ID and coordinates","inherit category dataset; operator permission may be needed for assets/bulk materials","curated pilot candidate","low identity; medium-high footprint/licensing","Proposed priority 11; validate official ID, name, status and CBSA intersection; rank metric can be refined","Analytical proposed rank, not authoritative nationwide top20. Official coordinate/footprint-to-CBSA join not executed; system-wide homepages do not validate every campus detail. ","https://www.signatureboston.com/","2026-10-07","primary operator page reachable; identity/title checked; proposed rank; boundary join pending"
"place","convention centres","12","Hynes Convention Center","Boston-Cambridge-Newton, MA-NH | CBSA 14460","Proposed major exhibition/convention venue candidate; no floor-area/attendance ranking.","One of20 nationally shortlisted candidates in this category within top20 MSAs","1","candidate place, not national inventory count","inherit category source row; verify current operator/name before ingestion","inherit category dataset row for underlying data only; operator website/imagery rights separate","inherit category dataset permissions; candidate fact reference is not asset clearance","inherit category dataset permissions; do not copy operator protected content without licence","source operator + agency dataset/version when ingested","inherit category dataset; source webpage reference public, imagery/data licence separate","official operator/public-agency URL; obtain source agency ID and coordinates","inherit category dataset; operator permission may be needed for assets/bulk materials","curated pilot candidate","low identity; medium-high footprint/licensing","Proposed priority 12; validate official ID, name, status and CBSA intersection; rank metric can be refined","Analytical proposed rank, not authoritative nationwide top20. Official coordinate/footprint-to-CBSA join not executed; system-wide homepages do not validate every campus detail. ","https://www.signatureboston.com/","2026-10-07","primary operator page reachable; identity/title checked; proposed rank; boundary join pending"
"place","convention centres","13","Phoenix Convention Center","Phoenix-Mesa-Chandler, AZ | CBSA 38060","Proposed major exhibition/convention venue candidate; no floor-area/attendance ranking.","One of20 nationally shortlisted candidates in this category within top20 MSAs","1","candidate place, not national inventory count","inherit category source row; verify current operator/name before ingestion","inherit category dataset row for underlying data only; operator website/imagery rights separate","inherit category dataset permissions; candidate fact reference is not asset clearance","inherit category dataset permissions; do not copy operator protected content without licence","source operator + agency dataset/version when ingested","inherit category dataset; source webpage reference public, imagery/data licence separate","official operator/public-agency URL; obtain source agency ID and coordinates","inherit category dataset; operator permission may be needed for assets/bulk materials","curated pilot candidate","low identity; medium-high footprint/licensing","Proposed priority 13; validate official ID, name, status and CBSA intersection; rank metric can be refined","Analytical proposed rank, not authoritative nationwide top20. Official coordinate/footprint-to-CBSA join not executed; system-wide homepages do not validate every campus detail. ","https://www.phoenixconventioncenter.com/","2026-10-07","primary operator page reachable; identity/title checked; proposed rank; boundary join pending"
"place","convention centres","14","Moscone Center","San Francisco-Oakland-Fremont, CA | CBSA 41860","Proposed major exhibition/convention venue candidate; no floor-area/attendance ranking.","One of20 nationally shortlisted candidates in this category within top20 MSAs","1","candidate place, not national inventory count","inherit category source row; verify current operator/name before ingestion","inherit category dataset row for underlying data only; operator website/imagery rights separate","inherit category dataset permissions; candidate fact reference is not asset clearance","inherit category dataset permissions; do not copy operator protected content without licence","source operator + agency dataset/version when ingested","inherit category dataset; source webpage reference public, imagery/data licence separate","official operator/public-agency URL; obtain source agency ID and coordinates","inherit category dataset; operator permission may be needed for assets/bulk materials","curated pilot candidate","low identity; medium-high footprint/licensing","Proposed priority 14; validate official ID, name, status and CBSA intersection; rank metric can be refined","Analytical proposed rank, not authoritative nationwide top20. Official coordinate/footprint-to-CBSA join not executed; system-wide homepages do not validate every campus detail. ","https://www.moscone.com/","2026-10-07","primary operator page reachable; identity/title checked; proposed rank; boundary join pending"
"place","convention centres","15","Seattle Convention Center","Seattle-Tacoma-Bellevue, WA | CBSA 42660","Proposed major exhibition/convention venue candidate; no floor-area/attendance ranking.","One of20 nationally shortlisted candidates in this category within top20 MSAs","1","candidate place, not national inventory count","inherit category source row; verify current operator/name before ingestion","inherit category dataset row for underlying data only; operator website/imagery rights separate","inherit category dataset permissions; candidate fact reference is not asset clearance","inherit category dataset permissions; do not copy operator protected content without licence","source operator + agency dataset/version when ingested","inherit category dataset; source webpage reference public, imagery/data licence separate","official operator/public-agency URL; obtain source agency ID and coordinates","inherit category dataset; operator permission may be needed for assets/bulk materials","curated pilot candidate","low identity; medium-high footprint/licensing","Proposed priority 15; validate official ID, name, status and CBSA intersection; rank metric can be refined","Analytical proposed rank, not authoritative nationwide top20. Official coordinate/footprint-to-CBSA join not executed; system-wide homepages do not validate every campus detail. ","https://seattleconventioncenter.com/","2026-10-07","primary operator page reachable; identity/title checked; proposed rank; boundary join pending"
"place","convention centres","16","Minneapolis Convention Center","Minneapolis-St. Paul-Bloomington, MN-WI | CBSA 33460","Proposed major exhibition/convention venue candidate; no floor-area/attendance ranking.","One of20 nationally shortlisted candidates in this category within top20 MSAs","1","candidate place, not national inventory count","inherit category source row; verify current operator/name before ingestion","inherit category dataset row for underlying data only; operator website/imagery rights separate","inherit category dataset permissions; candidate fact reference is not asset clearance","inherit category dataset permissions; do not copy operator protected content without licence","source operator + agency dataset/version when ingested","inherit category dataset; source webpage reference public, imagery/data licence separate","official operator/public-agency URL; obtain source agency ID and coordinates","inherit category dataset; operator permission may be needed for assets/bulk materials","curated pilot candidate","low identity; medium-high footprint/licensing","Proposed priority 16; validate official ID, name, status and CBSA intersection; rank metric can be refined","Analytical proposed rank, not authoritative nationwide top20. Official coordinate/footprint-to-CBSA join not executed; system-wide homepages do not validate every campus detail. ","https://www.minneapolismn.gov/government/departments/convention-center/","2026-10-07","primary operator page reachable; identity/title checked; proposed rank; boundary join pending"
"place","convention centres","17","Huntington Place","Detroit-Warren-Dearborn, MI | CBSA 19820","Proposed major exhibition/convention venue candidate; no floor-area/attendance ranking.","One of20 nationally shortlisted candidates in this category within top20 MSAs","1","candidate place, not national inventory count","inherit category source row; verify current operator/name before ingestion","inherit category dataset row for underlying data only; operator website/imagery rights separate","inherit category dataset permissions; candidate fact reference is not asset clearance","inherit category dataset permissions; do not copy operator protected content without licence","source operator + agency dataset/version when ingested","inherit category dataset; source webpage reference public, imagery/data licence separate","official operator/public-agency URL; obtain source agency ID and coordinates","inherit category dataset; operator permission may be needed for assets/bulk materials","curated pilot candidate","low identity; medium-high footprint/licensing","Proposed priority 17; validate official ID, name, status and CBSA intersection; rank metric can be refined","Analytical proposed rank, not authoritative nationwide top20. Official coordinate/footprint-to-CBSA join not executed; system-wide homepages do not validate every campus detail. Automated reference response 403; normal browser/manual verification needed. ","https://www.huntingtonplacedetroit.com/","2026-10-07","primary operator URL supplied; automated page blocked or unresolved; proposed candidate needs page/identity verification"
"place","convention centres","18","San Diego Convention Center","San Diego-Chula Vista-Carlsbad, CA | CBSA 41740","Proposed major exhibition/convention venue candidate; no floor-area/attendance ranking.","One of20 nationally shortlisted candidates in this category within top20 MSAs","1","candidate place, not national inventory count","inherit category source row; verify current operator/name before ingestion","inherit category dataset row for underlying data only; operator website/imagery rights separate","inherit category dataset permissions; candidate fact reference is not asset clearance","inherit category dataset permissions; do not copy operator protected content without licence","source operator + agency dataset/version when ingested","inherit category dataset; source webpage reference public, imagery/data licence separate","official operator/public-agency URL; obtain source agency ID and coordinates","inherit category dataset; operator permission may be needed for assets/bulk materials","curated pilot candidate","low identity; medium-high footprint/licensing","Proposed priority 18; validate official ID, name, status and CBSA intersection; rank metric can be refined","Analytical proposed rank, not authoritative nationwide top20. Official coordinate/footprint-to-CBSA join not executed; system-wide homepages do not validate every campus detail. ","https://www.visitsandiego.com/","2026-10-07","primary operator page reachable; identity/title checked; proposed rank; boundary join pending"
"place","convention centres","19","Colorado Convention Center","Denver-Aurora-Centennial, CO | CBSA 19740","Proposed major exhibition/convention venue candidate; no floor-area/attendance ranking.","One of20 nationally shortlisted candidates in this category within top20 MSAs","1","candidate place, not national inventory count","inherit category source row; verify current operator/name before ingestion","inherit category dataset row for underlying data only; operator website/imagery rights separate","inherit category dataset permissions; candidate fact reference is not asset clearance","inherit category dataset permissions; do not copy operator protected content without licence","source operator + agency dataset/version when ingested","inherit category dataset; source webpage reference public, imagery/data licence separate","official operator/public-agency URL; obtain source agency ID and coordinates","inherit category dataset; operator permission may be needed for assets/bulk materials","curated pilot candidate","low identity; medium-high footprint/licensing","Proposed priority 19; validate official ID, name, status and CBSA intersection; rank metric can be refined","Analytical proposed rank, not authoritative nationwide top20. Official coordinate/footprint-to-CBSA join not executed; system-wide homepages do not validate every campus detail. ","https://denverconvention.com/","2026-10-07","primary operator page reachable; identity/title checked; proposed rank; boundary join pending"
"place","convention centres","20","Orange County Convention Center","Orlando-Kissimmee-Sanford, FL | CBSA 36740","Proposed major exhibition/convention venue candidate; no floor-area/attendance ranking.","One of20 nationally shortlisted candidates in this category within top20 MSAs","1","candidate place, not national inventory count","inherit category source row; verify current operator/name before ingestion","inherit category dataset row for underlying data only; operator website/imagery rights separate","inherit category dataset permissions; candidate fact reference is not asset clearance","inherit category dataset permissions; do not copy operator protected content without licence","source operator + agency dataset/version when ingested","inherit category dataset; source webpage reference public, imagery/data licence separate","official operator/public-agency URL; obtain source agency ID and coordinates","inherit category dataset; operator permission may be needed for assets/bulk materials","curated pilot candidate","low identity; medium-high footprint/licensing","Proposed priority 20; validate official ID, name, status and CBSA intersection; rank metric can be refined","Analytical proposed rank, not authoritative nationwide top20. Official coordinate/footprint-to-CBSA join not executed; system-wide homepages do not validate every campus detail. ","https://www.occc.net/","2026-10-07","primary operator page reachable; identity/title checked; proposed rank; boundary join pending"
