Dataset / source,Country / city / coverage,Licence (GREEN/YELLOW/RED),Licence / attribution assertion,Use in apps,API / onward redistribution,Outreach status,Pack reference,Source URL,Notes / unresolved gates
3DBAG,Netherlands,GREEN,CC BY 4.0,yes,yes,No outreach evidenced,~/Desktop/worldengine-gpt-drop/country-shortlist-v1/datasets.csv,https://docs.3dbag.nl/nl/copyright/,"Credit ©3DBAG by tudelft3d and3DGI; licence link, changes; bottom-right in interactive map"
AHN rasters and point clouds,Netherlands,YELLOW,Open data unrestricted (AHN1/2/3 statement),yes,yes,No outreach evidenced,~/Desktop/worldengine-gpt-drop/country-shortlist-v1/datasets.csv,https://www.ahn.nl/open-data,Version-specific current metadata to verify
KNMI Open Data,Netherlands,GREEN,Most datasets CC BY4.0,yes subject selected dataset,yes subject selected dataset,No outreach evidenced,~/Desktop/worldengine-gpt-drop/country-shortlist-v1/datasets.csv,https://developer.dataplatform.knmi.nl/fair-use,KNMI credit; quota/fairuse; dataset-specific licence
NDOV Loket,Netherlands,YELLOW,CC0 file in directory,unverified selected feed,unverified selected feed,No outreach evidenced,~/Desktop/worldengine-gpt-drop/country-shortlist-v1/datasets.csv,https://data.ndovloket.nl/,Check operator subset and realtime instructions
IGN BD TOPO,France,YELLOW,Licence Ouverte2.0,yes,yes,No outreach evidenced,~/Desktop/worldengine-gpt-drop/country-shortlist-v1/datasets.csv,https://www.data.gouv.fr/datasets/bd-topo-r,Producer/source and update date; indicate modifications
IGN LiDAR HD,France,YELLOW,Open data; IGN states most data LO2,yes subject metadata,yes subject metadata,No outreach evidenced,~/Desktop/worldengine-gpt-drop/country-shortlist-v1/datasets.csv,https://www.ign.fr/lidar-hd-architecture,Exact tile/vintage licence audit
Météo-France Vigilance archive,France,YELLOW,Licence Ouverte2.0,yes,yes,No outreach evidenced,~/Desktop/worldengine-gpt-drop/country-shortlist-v1/datasets.csv,https://www.data.gouv.fr/datasets/vigilance-meteorologique-archivee,Source/date; live API separate verification
France PAN feeds,France,YELLOW,Default Licence Ouverte; exceptions possible,feed-specific,feed-specific,No outreach evidenced,~/Desktop/worldengine-gpt-drop/country-shortlist-v1/datasets.csv,https://doc.transport.data.gouv.fr/type-donnees/operateurs-de-transport-regulier-de-personnes/administration-des-donnees-transport-collectif/publier-des-donnees-temps-reel/temps-reel-des-transports-en-commun,Selected dataset attribution/licence and authentication
EA LiDAR Composite1m DTM,United Kingdom,GREEN,Open Government Licence,yes,yes,No outreach evidenced,~/Desktop/worldengine-gpt-drop/country-shortlist-v1/datasets.csv,https://www.data.gov.uk/dataset/01b3ee39-da3f-47b6-83da-dc98e73a461f/lidar-composite-dtm-2022-1m,EA copyright/database credit2022; source/licence
Met Office Weather DataHub,United Kingdom,YELLOW,Proprietary application-use licence,yes,application display only; no original-form distribution,No outreach evidenced,~/Desktop/worldengine-gpt-drop/country-shortlist-v1/datasets.csv,https://www.metoffice.gov.uk/binaries/content/assets/metofficegovuk/pdf/data/met-office-weatherdatahub-terms-and-conditions.pdf,Powered by Met Office data; no sublicense/raw sale/reverse engineering
TfL Unified API,United Kingdom,YELLOW,TfL Transport Data Service terms,unverified exact terms,unverified exact terms,No outreach evidenced,~/Desktop/worldengine-gpt-drop/country-shortlist-v1/datasets.csv,https://tfl.gov.uk/info-for/open-data-users/our-open-data,Account/quota and feed terms
OS OpenMap Local,United Kingdom,YELLOW,Open product; precise licence capture pending,unverified licence capture,unverified licence capture,No outreach evidenced,~/Desktop/worldengine-gpt-drop/country-shortlist-v1/datasets.csv,https://www.ordnancesurvey.co.uk/products/os-open-map-local,Use product-specific OS OpenData licence
BKG bulk LoD2-DE,Germany,YELLOW,Restricted VGeoBund/VGeoLänder,not available as open commercial bulk route,not open,No outreach evidenced,~/Desktop/worldengine-gpt-drop/country-shortlist-v1/datasets.csv,https://gdz.bkg.bund.de/index.php/default/3d-gebaudemodelle-lod2-deutschland-lod2-de.html,Eligible government users; separate commercial/state options
basemap.de3D Buildings,Germany,YELLOW,CC BY4.0 or dl-de/by2.0,UNVERIFIED for production WorldEngine,UNVERIFIED; linked beta terms prohibit offline download/storage,No outreach evidenced,~/Desktop/worldengine-gpt-drop/country-shortlist-v1/datasets.csv,https://gdz.bkg.bund.de/index.php/default/gdz-basemapde-3d-gebaeude-gdz-basemapde-3d-gebaeude.html,"©GeoBasis-DE/BKG(year), licence link, changes notice; source link Pin specific production endpoint and licence; beta test service not a redistributable asset source."
basemap.de3D DGM5,Germany,YELLOW,Licence PDF not inspected,UNVERIFIED for production WorldEngine,UNVERIFIED; linked beta terms prohibit offline download/storage,No outreach evidenced,~/Desktop/worldengine-gpt-drop/country-shortlist-v1/datasets.csv,https://basemap.de/produkte-und-dienste/3d/,Verify terrain-specific linked PDF Pin specific production endpoint and licence; beta test service not a redistributable asset source.
DWD open georeferenced meteorological data,Germany,YELLOW,GeoNutzV source attribution; selected product metadata,yes,yes,No outreach evidenced,~/Desktop/worldengine-gpt-drop/country-shortlist-v1/datasets.csv,https://kunden.dwd.de/agroprog/STYLES/copyright.jsp,Source attribution; excluded non-geodata contents
GTFS.de aggregate realtime,Germany,GREEN,CC BYSA4.0,yes,yes,No outreach evidenced,~/Desktop/worldengine-gpt-drop/country-shortlist-v1/datasets.csv,https://www.gtfs.de/de/realtime/,Attribution/sharealike; modifications; feed covered providers only
PNOA LiDAR,Spain,GREEN,CC BY4.0 IGN policy,yes,yes,No outreach evidenced,~/Desktop/worldengine-gpt-drop/country-shortlist-v1/datasets.csv,https://pnoa.ign.es/web/portal/pnoa-lidar/productos-a-descarga,IGN/product/year and producer credit; derivative notice
AEMET OpenData,Spain,YELLOW,Public-sector reuse terms,yes,yes with attribution; conditions audit,No outreach evidenced,~/Desktop/worldengine-gpt-drop/country-shortlist-v1/datasets.csv,https://www.aemet.es/es/datos_abiertos,AEMET attribution; key; RISP conditions
EMT Madrid Data Space,Spain,YELLOW,Operator terms,unverified,unverified,No outreach evidenced,~/Desktop/worldengine-gpt-drop/country-shortlist-v1/datasets.csv,https://mobilitylabs.emtmadrid.es/data-space,Current terms and auth review
Tuscany regional lidar,Italy,YELLOW,Creative Commons Attribution version unspecified,unverified version,unverified version,No outreach evidenced,~/Desktop/worldengine-gpt-drop/country-shortlist-v1/datasets.csv,https://dati.toscana.it/dataset/lidar,Selected downloadable resource metadata
Florence DSM2023 WMS,Italy,GREEN,CC BY4.0,yes,yes,No outreach evidenced,~/Desktop/worldengine-gpt-drop/country-shortlist-v1/datasets.csv,https://dati.toscana.it/it/dataset/dsm-lidar-2023/resource/41f9991e-efbd-4709-b24e-2a11629ec82a,Attribution/licence/change notice
Lombardy DBGT,Italy,YELLOW,Resource licence unverified,unverified,unverified,No outreach evidenced,~/Desktop/worldengine-gpt-drop/country-shortlist-v1/datasets.csv,https://www.geoportale.regione.lombardia.it/stato-database-topografici,Do not inherit generic portal licence without metadata
Rome GTFSRT,Italy,YELLOW,Operator open-data terms not fully verified,unverified,unverified,No outreach evidenced,~/Desktop/worldengine-gpt-drop/country-shortlist-v1/datasets.csv,https://romamobilita.it/sistemi-e-tecnologie/open-data/,Trip support use; cautions re misleading aggregate representations
Italian civil protection regional warnings,Italy,YELLOW,Unverified machine-data terms,unverified,unverified,No outreach evidenced,~/Desktop/worldengine-gpt-drop/country-shortlist-v1/datasets.csv,https://rischi.protezionecivile.gov.it/it/approfondimento/rischio-meteo-idro-lallertamento/,Regional warning authority; feed-specific rights
ODB v3,Canada,GREEN,OGL-Canada,yes,yes,No outreach evidenced,~/Desktop/worldengine-gpt-drop/country-shortlist-v1/datasets.csv,https://www150.statcan.gc.ca/n1/daily-quotidien/250415/dq250415d-eng.htm,Credit source/link licence; exclusions apply
HRDEM DTM/DSM,Canada,GREEN,OGL-Canada,yes,yes,No outreach evidenced,~/Desktop/worldengine-gpt-drop/country-shortlist-v1/datasets.csv,https://open.canada.ca/data/en/dataset/957782bf-847c-4644-a757-e383c0057995,Credit source/link licence; exclusions apply
MSC forecasts and CAP alerts,Canada,YELLOW,UNVERIFIED data feed licence,unverified,unverified,No outreach evidenced,~/Desktop/worldengine-gpt-drop/country-shortlist-v1/datasets.csv,https://eccc-msc.github.io/open-data/msc-data/alerts/readme_alerts-datamart_en/,Verify feed-specific legal terms
TransLink GTFS/Open API,Canada,YELLOW,Custom TransLink API terms,conditional,conditional,No outreach evidenced,~/Desktop/worldengine-gpt-drop/country-shortlist-v1/datasets.csv,https://www.translink.ca/about-us/doing-business-with-translink/app-developer-resources,Written application/API key; commercial fees/restrictions possible; disclaimer; default quota
INEGI RNC,Mexico,YELLOW,INEGI free-use terms,yes,yes,No outreach evidenced,~/Desktop/worldengine-gpt-drop/country-shortlist-v1/datasets.csv,https://www.inegi.org.mx/programas/rnc/,Keep metadata; credit INEGI/product/date; disclose modifications; no endorsement
INEGI MDE/terrain-surface continuums,Mexico,YELLOW,INEGI free-use terms,yes,yes,No outreach evidenced,~/Desktop/worldengine-gpt-drop/country-shortlist-v1/datasets.csv,https://www.inegi.org.mx/programas/mde/,Keep metadata; credit INEGI/product/date; disclose modifications; no endorsement
CDMX GTFS,Mexico,GREEN,CC BY 4.0,yes,yes,No outreach evidenced,~/Desktop/worldengine-gpt-drop/country-shortlist-v1/datasets.csv,https://datos.cdmx.gob.mx/tr/dataset/gtfs,"Attribution, link licence, mark changes; confirm package currentness"
SMN forecasts/alerts,Mexico,YELLOW,UNVERIFIED,unverified,unverified,No outreach evidenced,~/Desktop/worldengine-gpt-drop/country-shortlist-v1/datasets.csv,https://smn.conagua.gob.mx/es/,Obtain API and commercial redistribution confirmation
Geoscape National Buildings + height/roof packs,Australia,YELLOW,Commercial contract,Contract required,Contract required,No outreach evidenced,~/Desktop/worldengine-gpt-drop/country-shortlist-v1/datasets.csv,https://docs.geoscape.com.au/projects/buildings_guide/en/stable/,Negotiate client tiles/derivative asset distribution rights; sample data evaluation only
ELVIS + national DEM,Australia,GREEN,Mixed item-specific / CC BY,Yes for indicated CC BY item,Yes for indicated CC BY item,No outreach evidenced,~/Desktop/worldengine-gpt-drop/country-shortlist-v1/datasets.csv,https://www.ga.gov.au/scientific-topics/national-location-information/digital-elevation-data,Check each ELVIS item and attribution; lidar coverage local
BoM public forecasts warnings observations,Australia,YELLOW,Default restricted + commercial agreements,No under default,No under default,No outreach evidenced,~/Desktop/worldengine-gpt-drop/country-shortlist-v1/datasets.csv,https://www.bom.gov.au/copyright,Paid registered-user/product licence or explicit CC BY product required
TfNSW realtime trip updates positions alerts,Australia,GREEN,CC BY 4.0 subject to portal terms,Yes in principle,Yes in principle,No outreach evidenced,~/Desktop/worldengine-gpt-drop/country-shortlist-v1/datasets.csv,https://opendata.transport.nsw.gov.au/sites/default/files/2024-09/TfNSW-Open-Data-Portal-Terms.pdf,API key; CC attribution; verify dataset exceptions and terms before release
Melbourne 3D Textured Mesh 2018,Australia,GREEN,CC BY catalogue label,Yes if full CC BY applies,Yes if full CC BY applies,No outreach evidenced,~/Desktop/worldengine-gpt-drop/country-shortlist-v1/datasets.csv,https://discover.data.vic.gov.au/dataset/city-of-melbourne-3d-textured-mesh-photomesh-2018,Resolve exact version and model metadata; old capture vintage
Vicmap Buildings,Australia,YELLOW,State-owned + commercial input terms,Unverified,Unverified,No outreach evidenced,~/Desktop/worldengine-gpt-drop/country-shortlist-v1/datasets.csv,https://www.land.vic.gov.au/maps-and-spatial/spatial-data/vicmap-catalogue/vicmap-buildings,Request asset-specific permissions
NZ Building Outlines current layer 101290 / All Sources 101292,New Zealand,GREEN,CC BY 4.0,Yes,Yes under CC BY,No outreach evidenced,~/Desktop/worldengine-gpt-drop/country-shortlist-v1/datasets.csv,https://data.linz.govt.nz/layer/101292-nz-building-outlines-all-sources/,Attribution; historical layer contains repeated temporal versions; use current-only layer
LINZ Hamilton LiDAR 2019 representative point cloud,New Zealand,GREEN,CC BY 4.0,Yes,Yes,No outreach evidenced,~/Desktop/worldengine-gpt-drop/country-shortlist-v1/datasets.csv,https://data.linz.govt.nz/layer/d3W53XPQMxsxHNX/waikato-hamilton-lidar-point-cloud-2019/,Attribute each custodian; inspect coverage and capture date
NZ LiDAR 1m DEM / NZ 8m DEM,New Zealand,GREEN,CC-BY catalogue label,Yes in principle,Yes in principle,No outreach evidenced,~/Desktop/worldengine-gpt-drop/country-shortlist-v1/datasets.csv,https://data.linz.govt.nz/data/,Item-specific version/attribution; coverage gaps in 1m mosaic
MetService Open Access warnings + observations,New Zealand,YELLOW,MetService Open Access policy,Yes with conditions,Yes with conditions,No outreach evidenced,~/Desktop/worldengine-gpt-drop/country-shortlist-v1/datasets.csv,https://about.metservice.com/our-data-access-policy,Unchanged text; adjacent prescribed attribution at same-or-larger font; attribution in product terms; no endorsement/misrepresentation
Auckland Transport realtime API,New Zealand,YELLOW,API-specific terms unverified,Unverified,Unverified,No outreach evidenced,~/Desktop/worldengine-gpt-drop/country-shortlist-v1/datasets.csv,https://dev-portal.at.govt.nz/realtime-api,Resolve API terms through sign-up before commercial caching or onward feed distribution
Project PLATEAU municipal 3D city models,Japan,GREEN,PDL1.0 / CC BY4.0 default; item notice may vary,Yes,Yes for CC BY,No outreach evidenced,~/Desktop/worldengine-gpt-drop/country-shortlist-v1/datasets.csv,https://www.mlit.go.jp/plateau/site-policy/,Attribution and edits; check item licence and Survey Act usage procedure; LOD and coverage city-specific
JMA observations forecasts warnings,Japan,GREEN,PDL1.0 / CC BY4.0,Yes copyright-wise,Yes copyright-wise,No outreach evidenced,~/Desktop/worldengine-gpt-drop/country-shortlist-v1/datasets.csv,https://www.jma.go.jp/jma/en/copyright.html,Attribution/edited notices; third parties excluded; Meteorological Service Act Articles17/23 independently constrain forecasting/warnings
GSI Foundation Geospatial Data DEM,Japan,GREEN,PDL1.0 / CC BY compatible plus Survey Act,Conditional,Conditional,No outreach evidenced,~/Desktop/worldengine-gpt-drop/country-shortlist-v1/datasets.csv,https://web2.gsi.go.jp/ENGLISH/page_e30286.html,Use GSI Survey Act navigation; certain duplication/use approvals required
ODPT operator-specific transit feeds,Japan,YELLOW,Basic vs Challenge Limited / specific conditions,Conditional,Unverified for Basic; restricted for Limited,No outreach evidenced,~/Desktop/worldengine-gpt-drop/country-shortlist-v1/datasets.csv,https://developer.odpt.org/terms,Confirm each operator feed and Basic Licence; do not ship Challenge Limited raw/reconstructable feed
KMA AWS observation query,South Korea,GREEN,KOGL Type1,Yes,Yes,No outreach evidenced,~/Desktop/worldengine-gpt-drop/country-shortlist-v1/datasets.csv,https://www.data.go.kr/data/15139433/openapi.do,Attribution under KOGL1; API approval/rate policy
KMA API hub forecasts and weather warnings,South Korea,YELLOW,Individual product terms unverified,Unverified,Unverified,No outreach evidenced,~/Desktop/worldengine-gpt-drop/country-shortlist-v1/datasets.csv,https://apihub.kma.go.kr/apiList.do?seqApi=10,Obtain API key and verify each warning product's licence
MOLIT TAGO bus arrival API,South Korea,YELLOW,No restriction shown in official metadata,Yes per metadata,Yes per metadata,No outreach evidenced,~/Desktop/worldengine-gpt-drop/country-shortlist-v1/datasets.csv,https://www.data.go.kr/data/15098530/openapi.do?recommendDataYn=Y,API registration/quota; confirm portal overarching terms and covered city codes
OpenStreetMap planet/regional extracts,All 12,GREEN,ODbL 1.0,yes,yes; ODbL obligations,No outreach evidenced,~/Desktop/worldengine-gpt-drop/country-shortlist-v1/datasets.csv,https://www.openstreetmap.org/copyright,Attribute contributors and link licence; assess derivative-database share-alike and offer underlying database where required. Commercial app code is not automatically ODbL. Public tile/API services have separate usage policies.
EOG VIIRS Nighttime Lights annual composites (VNL),All 12,GREEN,CC BY 4.0 for VNL products covered by document,yes for covered VNL,yes for covered VNL,No outreach evidenced,~/Desktop/worldengine-gpt-drop/country-shortlist-v1/datasets.csv,https://eogdata.mines.edu/files/EOG_products_CC_License.pdf,Credit EOG; indicate changes; follow marking and relevant paper citation instructions. Do not generalize to all Nightfire/Boat Detection products.
Copernicus DEM GLO-90 Full Free Open,All 12,YELLOW,"COP-DEM-GLO-90-F licence, pp18–20",yes; inference from unrestricted grant to legal/natural persons,yes with notices and downstream obligations,No outreach evidenced,~/Desktop/worldengine-gpt-drop/country-shortlist-v1/datasets.csv,https://dataspace.copernicus.eu/sites/default/files/media/files/2025-06/copernicus_contributing_mission_data_access_v2_cop_dem_licenses.pdf,Source/modified-source notices; no-liability notice; pass obligations downstream; no endorsement. This GLO90 licence does not authorize GLO30/GLO10.
ESA WorldCover 2020/2021 10m,All 12,GREEN,CC BY 4.0,yes under CC BY 4.0,yes with attribution and changes,No outreach evidenced,~/Desktop/worldengine-gpt-drop/country-shortlist-v1/datasets.csv,https://esa-worldcover.org/en/data-access,Acknowledge ESA WorldCover and modified Sentinel inputs; cite dataset and article per product page.
ECMWF open real-time forecast catalogue,All 12,GREEN,CC BY 4.0; service terms separate,yes,yes; attribution,No outreach evidenced,~/Desktop/worldengine-gpt-drop/country-shortlist-v1/datasets.csv,https://www.ecmwf.int/en/about/media-centre/news/2025/ecmwf-makes-its-entire-real-time-catalogue-open-all,"Data openness does not guarantee every delivery channel is free; verify subset, access terms, volume/service costs and attribution wording."
basemap.de service-linked 3D-Beta licence,Germany,YELLOW,Custom beta/test service licence,test purposes only; production unverified,no offline assets under this beta grant,No outreach evidenced,~/Desktop/worldengine-gpt-drop/country-shortlist-v1/datasets.csv,https://basemap.de/data/produkte/3d/lizenzen/lizenz_basemapde_3D-Beta.pdf,Runtime storage only; source credit and modified notice; endpoint applicability must be resolved.
VWorld / NGII national geometry candidates,South Korea,YELLOW,UNVERIFIED,UNVERIFIED,UNVERIFIED,No outreach evidenced,~/Desktop/worldengine-gpt-drop/country-shortlist-v1/datasets.csv,https://www.vworld.kr/dev/v4api.do,"Obtain precise dataset/API grant, export applicability and client derived-asset rights."
NYC BUILDING footprints,New York,YELLOW,GREEN,Allowed subject to the cited licence and conditions,Allowed subject to the cited licence and conditions,No outreach evidenced,~/Desktop/worldengine-gpt-drop/metro-onboarding-v1/datasets.csv,https://data.cityofnewyork.us/City-Government/BUILDING/5zhs-2jue,See README shared NYC permissions and notices. https://cityofnewyork.github.io/opendatatsm/publicpolicies.html Height above ground; reject zero/null and placeholder triangles. https://github.com/CityOfNewYork/nyc-geo-metadata/blob/main/Metadata/Metadata_BuildingFootprints.md
PLUTO / MapPLUTO,New York,YELLOW,GREEN,Allowed subject to the cited licence and conditions,Allowed subject to the cited licence and conditions,No outreach evidenced,~/Desktop/worldengine-gpt-drop/metro-onboarding-v1/datasets.csv,https://www.nyc.gov/assets/planning/download/pdf/data-maps/open-data/pluto_datadictionary.pdf,See README shared NYC permissions and notices. https://cityofnewyork.github.io/opendatatsm/publicpolicies.html YearBuilt is lot-level; do not treat mixed-building lot age as each structure age.
2015 Street Tree Census,New York,YELLOW,GREEN,Allowed subject to the cited licence and conditions,Allowed subject to the cited licence and conditions,No outreach evidenced,~/Desktop/worldengine-gpt-drop/metro-onboarding-v1/datasets.csv,https://data.cityofnewyork.us/Environment/2015-Street-Tree-Census-Tree-Data/uvpi-gqnh/about_data,See README shared NYC permissions and notices. https://cityofnewyork.github.io/opendatatsm/publicpolicies.html Portal directs current population users to ForMS.
Forestry Tree Points (ForMS),New York,YELLOW,YELLOW,unclear; see licence notes,unclear; see licence notes,No outreach evidenced,~/Desktop/worldengine-gpt-drop/metro-onboarding-v1/datasets.csv,https://data.cityofnewyork.us/Environment/Forestry-Tree-Points/hn5i-inap,Current ForMS existence confirmed by 2015 census portal; individual current metadata and agency-specific terms unverified. See README shared NYC permissions and notices. https://cityofnewyork.github.io/opendatatsm/publicpolicies.html
LION street base map,New York,YELLOW,GREEN,Allowed subject to the cited licence and conditions,Allowed subject to the cited licence and conditions,No outreach evidenced,~/Desktop/worldengine-gpt-drop/metro-onboarding-v1/datasets.csv,https://s-media.nyc.gov/agencies/dcp/assets/files/pdf/data-tools/bytes/lion_metadata.pdf,See README shared NYC permissions and notices. https://cityofnewyork.github.io/opendatatsm/publicpolicies.html Centerlines do not encode full curb/roadbed surface.
NYC Planimetric Sidewalk,New York,YELLOW,GREEN,Allowed subject to the cited licence and conditions,Allowed subject to the cited licence and conditions,No outreach evidenced,~/Desktop/worldengine-gpt-drop/metro-onboarding-v1/datasets.csv,https://data.cityofnewyork.us/City-Government/NYC-Planimetric-Database-Sidewalk/52n9-sdep,See README shared NYC permissions and notices. https://cityofnewyork.github.io/opendatatsm/publicpolicies.html Official capture rules include paved ROW sidewalks; geometry not proof of accessibility or current material. https://github.com/CityOfNewYork/nyc-planimetrics/blob/main/Capture_Rules.md
Parks Properties,New York,YELLOW,GREEN,Allowed subject to the cited licence and conditions,Allowed subject to the cited licence and conditions,No outreach evidenced,~/Desktop/worldengine-gpt-drop/metro-onboarding-v1/datasets.csv,https://data.cityofnewyork.us/Recreation/Parks-Properties-Map/krz2-j7bn,See README shared NYC permissions and notices. https://cityofnewyork.github.io/opendatatsm/publicpolicies.html Accuracy limited by secondary source scale; acquisition records are not every publicly accessible green space.
NYC 3D Building Model,New York,YELLOW,YELLOW,unclear; see licence notes,unclear; see licence notes,No outreach evidenced,~/Desktop/worldengine-gpt-drop/metro-onboarding-v1/datasets.csv,https://www.nyc.gov/assets/planning/download/pdf/data-maps/open-data/nyc-3d-model-metadata.pdf,"As-is/no-fitness warranty, public dataset distribution; explicit commercial redistribution grant in model PDF unclear. Confirm chosen artifact agency terms. Rhino model components spread six layers, not distinct buildings; LOD1.5 omits pitched roofs/domes, about 100 iconic buildings LOD2."
2017 NYC Topobathy Lidar DEM,New York,YELLOW,YELLOW,unclear; see licence notes,unclear; see licence notes,No outreach evidenced,~/Desktop/worldengine-gpt-drop/metro-onboarding-v1/datasets.csv,https://noaa-nos-coastal-lidar-pds.s3.amazonaws.com/dem/NYC_topobathy_BE_DEM_2017_9307/index.html,2017 dataset availability established; underlying acquisition/provider redistribution notice and exact attribution unclear; confirm per NOAA metadata.
OpenStreetMap NYC,New York,YELLOW,GREEN,Allowed subject to the cited licence and conditions,Allowed subject to the cited licence and conditions,No outreach evidenced,~/Desktop/worldengine-gpt-drop/metro-onboarding-v1/datasets.csv,https://wiki.openstreetmap.org/wiki/New_York_City,ODbL: attribution and applicable derivative-database share-alike/source offer required; software licence is separate. See shared rights notes.
Overture Buildings,New York,YELLOW,GREEN,Allowed subject to the cited licence and conditions,Allowed subject to the cited licence and conditions,No outreach evidenced,~/Desktop/worldengine-gpt-drop/metro-onboarding-v1/datasets.csv,https://docs.overturemaps.org/guides/buildings/,"Buildings theme under ODbL; retain upstream credits. Global offering, local bbox coverage/height completeness unmeasured. See shared rights notes."
MTA GTFS-RT subway/rail/alerts,New York,YELLOW,YELLOW,unclear; see licence notes,unclear; see licence notes,No outreach evidenced,~/Desktop/worldengine-gpt-drop/metro-onboarding-v1/datasets.csv,https://www.mta.info/developers,"Free feeds; own-server hosting mandatory, direct client-to-MTA prohibited; >1 minute lag needs notice; do not modify/delete original data; no endorsement/accuracy claim. App logo/map/symbol intellectual property licensing separate. https://www.mta.info/developers"
MTA Bus Time GTFS-RT,New York,YELLOW,YELLOW,unclear; see licence notes,unclear; see licence notes,No outreach evidenced,~/Desktop/worldengine-gpt-drop/metro-onboarding-v1/datasets.csv,https://bustime-classic.mta.info/wiki/Developers/GTFSRt,Apply MTA own-server/staleness/no-modification conditions; bus-specific account terms and published rate limit unclear.
LPC district maps,New York,YELLOW,YELLOW,unclear; see licence notes,unclear; see licence notes,No outreach evidenced,~/Desktop/worldengine-gpt-drop/metro-onboarding-v1/datasets.csv,https://www.nyc.gov/site/lpc/designations/historic-district-brooklyn.page,Useful for provenance and context. Landmark designation does not itself establish a reproduction ban. Map graphics and public-art rights separate from underlying factual coordinates; exact grant unclear.
City building footprints / HEIGHT and ELEV,Los Angeles,YELLOW,YELLOW,Unclear or conditional; verify before shipping,Unclear or conditional; separate approval required where noted,No outreach evidenced,~/Desktop/worldengine-gpt-drop/metro-onboarding-v1/datasets.csv,https://maps.lacity.org/lahub/rest/services/Landbase_Information_WFS/MapServer/0,"City terms quote is subordinate-source warning, not permission. OSM historical import wiki says public-domain source, but current direct distribution grant still verify. HEIGHT/ELEV units must verify."
Street centerlines,Los Angeles,YELLOW,YELLOW,Unclear or conditional; verify before shipping,Unclear or conditional; separate approval required where noted,No outreach evidenced,~/Desktop/worldengine-gpt-drop/metro-onboarding-v1/datasets.csv,https://maps.lacity.org/arcgis/rest/services/Mapping/NavigateLA/MapServer/341,
Sidewalks mapped areas,Los Angeles,YELLOW,YELLOW,Unclear or conditional; verify before shipping,Unclear or conditional; separate approval required where noted,No outreach evidenced,~/Desktop/worldengine-gpt-drop/metro-onboarding-v1/datasets.csv,https://www.arcgis.com/home/item.html?id=10854b6040a74950abeab5502c69fe77,"Quote is maintenance warning, not a licence grant. Stale geometry; not accessibility assurance."
Sidewalk geometry API,Los Angeles,YELLOW,YELLOW,Unclear or conditional; verify before shipping,Unclear or conditional; separate approval required where noted,No outreach evidenced,~/Desktop/worldengine-gpt-drop/metro-onboarding-v1/datasets.csv,https://maps.lacity.org/arcgis/rest/services/Mapping/NavigateLA/MapServer/327,
Curbs / driveways / parkways,Los Angeles,YELLOW,YELLOW,Unclear or conditional; verify before shipping,Unclear or conditional; separate approval required where noted,No outreach evidenced,~/Desktop/worldengine-gpt-drop/metro-onboarding-v1/datasets.csv,https://maps.lacity.org/arcgis/rest/services/Mapping/NavigateLA/MapServer,Layer ids verified in service catalogue; licence not verified.
StreetsLA tree inventory,Los Angeles,YELLOW,YELLOW,Unclear or conditional; verify before shipping,Unclear or conditional; separate approval required where noted,No outreach evidenced,~/Desktop/worldengine-gpt-drop/metro-onboarding-v1/datasets.csv; ~/Desktop/worldengine-gpt-drop/street-trees-by-metro-v1/inventories.csv,https://streets.lacity.gov/resources/tree-inventory,Species diversity corroborated https://streets.lacity.gov/resources/biodiversity; citywide species mix must not become uniform palms. Viewer/API bulk export permission unclear.
Park trees,Los Angeles,YELLOW,YELLOW,Unclear or conditional; verify before shipping,Unclear or conditional; separate approval required where noted,No outreach evidenced,~/Desktop/worldengine-gpt-drop/metro-onboarding-v1/datasets.csv,https://maps.lacity.org/arcgis/rest/services/Mapping/NavigateLA/MapServer/227,
Parks polygons/facilities,Los Angeles,YELLOW,YELLOW,Unclear or conditional; verify before shipping,Unclear or conditional; separate approval required where noted,No outreach evidenced,~/Desktop/worldengine-gpt-drop/metro-onboarding-v1/datasets.csv,https://maps.lacity.org/arcgis/rest/services/Mapping/NavigateLA/MapServer/226,Directory corroboration https://recreation.parks.lacity.gov/parks
County assessor parcels / YearBuilt1,Los Angeles,YELLOW,YELLOW,Unclear or conditional; verify before shipping,Unclear or conditional; separate approval required where noted,No outreach evidenced,~/Desktop/worldengine-gpt-drop/metro-onboarding-v1/datasets.csv,https://public.gis.lacounty.gov/public/rest/services/LACounty_Cache/LACounty_Parcel/MapServer/0,YearBuilt differs from effective year https://maps.assessor.lacounty.gov/mapping/help.html. Do not ingest owner/contact/tax/household fields.
SurveyLA/HPOZ architecture evidence,Los Angeles,YELLOW,YELLOW,Unclear or conditional; verify before shipping,Unclear or conditional; separate approval required where noted,No outreach evidenced,~/Desktop/worldengine-gpt-drop/metro-onboarding-v1/datasets.csv,https://planning.lacity.gov/preservation-design/overlays/angelino-heights,Read guidance; copying city document imagery not cleared. Architecture evidence does not establish metro style shares.
USGS3DEP terrain/lidar,Los Angeles,YELLOW,GREEN,Allowed subject to the cited licence and conditions,Allowed subject to the cited licence and conditions,No outreach evidenced,~/Desktop/worldengine-gpt-drop/metro-onboarding-v1/datasets.csv,https://www.usgs.gov/3d-elevation-program,"Free per quoted source; pointcloud sizes and exact projects verify in spatialmetadata, not infer citywide postfirecoverage."
LARIAC consortium imagery/lidar archive,Los Angeles,YELLOW,YELLOW,Unclear or conditional; verify before shipping,Unclear or conditional; separate approval required where noted,No outreach evidenced,~/Desktop/worldengine-gpt-drop/metro-onboarding-v1/datasets.csv,https://lariac-lacounty.hub.arcgis.com/pages/lariac4-archive,Historical2010licensewarning establishes not blanketpublicdomain; product-specific current rights verify. Do not reuseobliqueimagery/textures.
OSM buildings,Los Angeles,YELLOW,GREEN,Allowed subject to the cited licence and conditions,Allowed subject to the cited licence and conditions,No outreach evidenced,~/Desktop/worldengine-gpt-drop/metro-onboarding-v1/datasets.csv,https://wiki.openstreetmap.org/wiki/Los_angeles%2C_California/Buildings_Import,ODbL: attribution and applicable derivative-database share-alike/source offer required; software licence is separate. See shared rights notes.
Overture buildings,Los Angeles,YELLOW,GREEN,Allowed subject to the cited licence and conditions,Allowed subject to the cited licence and conditions,No outreach evidenced,~/Desktop/worldengine-gpt-drop/metro-onboarding-v1/datasets.csv,https://docs.overturemaps.org/attribution/,"Buildings theme under ODbL; retain upstream credits. Global offering, local bbox coverage/height completeness unmeasured. See shared rights notes."
LA Metro realtime API,Los Angeles,YELLOW,YELLOW,Unclear or conditional; verify before shipping,Unclear or conditional; separate approval required where noted,No outreach evidenced,~/Desktop/worldengine-gpt-drop/metro-onboarding-v1/datasets.csv,https://api.metro.net/,Metro https://developer.metro.net/real-time-apis/ and terms page retrieval failed; do not bypass. Swiftly §2permits appdisplay; §4prohibits incrementaldatafees and thirdpartycontentsharing; licensingengine feed onward RED absent writtenoverride. Key/signup/GTFSprotobufendpoint unverifiedofficially. https://lacmta.github.io/metro-api-v2/docs/intro/
Metro logos/art/sitegraphics,Los Angeles,YELLOW,RED,Unclear or conditional; verify before shipping,Unclear or conditional; separate approval required where noted,No outreach evidenced,~/Desktop/worldengine-gpt-drop/metro-onboarding-v1/datasets.csv,https://www.metro.net/about/copyright/,Siteart/logos prohibition; agency feed-specific terms may separately permit data. Do not treat this blanket website grant as realtime licence.
NWS LOX forecast/observations,Los Angeles,YELLOW,GREEN,Allowed subject to the cited licence and conditions,Allowed subject to the cited licence and conditions,No outreach evidenced,~/Desktop/worldengine-gpt-drop/metro-onboarding-v1/datasets.csv,https://www.weather.gov/lox/,"Official API permits open use, no fees; reasonable limits not numerically disclosed; User-Agent required. No agency marks granted."
Street Centerline,Phoenix,YELLOW,YELLOW,unclear; see licence notes,unclear; not established by public access,No outreach evidenced,~/Desktop/worldengine-gpt-drop/metro-onboarding-v1/datasets.csv,https://maps.phoenix.gov/pub/rest/services/public/STR_StreetCenterline/MapServer,"Copyright field quoted; no commercial redistribution grant located. Service maxrecordcount2000 is pagination ceiling, not rate limit. Supporting metadata: https://maps.phoenix.gov/pub/rest/services/public/STR_StreetCenterline/MapServer | https://maps.phoenix.gov/pub/rest/services/public/STR_StreetCenterline/MapServer"
Cool Corridors polygons,Phoenix,YELLOW,YELLOW,unclear; see licence notes,unclear; not established by public access,No outreach evidenced,~/Desktop/worldengine-gpt-drop/metro-onboarding-v1/datasets.csv,https://maps.phoenix.gov/pub/rest/services/Public/STR_CoolCorridors/MapServer/0,Species fields and existing/projected/planted counts verified; polygons are not exact tree installation positions. Licence unclear. Supporting metadata: https://maps.phoenix.gov/pub/rest/services/Public/STR_CoolCorridors/MapServer/0 | https://maps.phoenix.gov/pub/rest/services/Public/STR_CoolCorridors/MapServer/0
Landscape Maintenance Areas,Phoenix,YELLOW,YELLOW,unclear; see licence notes,unclear; not established by public access,No outreach evidenced,~/Desktop/worldengine-gpt-drop/metro-onboarding-v1/datasets.csv,https://maps.phoenix.gov/pub/rest/services/Public/STR_LdscpMaintAreas/MapServer/0,Over10000 polygons incl canals/freeways/streets/retention basins; open-to-public phrase does not grant redistribution. Not individual tree inventory. Supporting metadata: https://maps.phoenix.gov/pub/rest/services/Public/STR_LdscpMaintAreas/MapServer/0 | https://maps.phoenix.gov/pub/rest/services/Public/STR_LdscpMaintAreas/MapServer/0
ParksOpenData / Park Boundaries and amenities,Phoenix,YELLOW,YELLOW,unclear; see licence notes,unclear; not established by public access,No outreach evidenced,~/Desktop/worldengine-gpt-drop/metro-onboarding-v1/datasets.csv,https://maps.phoenix.gov/pub/rest/services/Public/ParksOpenData/MapServer,"Park boundaries layer10, dogparks2, playgrounds4, trails11/14 and sports layers verified. Displayed copyright contact only. Supporting metadata: https://maps.phoenix.gov/pub/rest/services/Public/ParksOpenData/MapServer | https://maps.phoenix.gov/pub/rest/services/Public/ParksOpenData/MapServer"
Planning_Permit service,Phoenix,YELLOW,YELLOW,unclear; see licence notes,unclear; not established by public access,No outreach evidenced,~/Desktop/worldengine-gpt-drop/metro-onboarding-v1/datasets.csv,https://maps.phoenix.gov/pub/rest/services/public/Planning_Permit/MapServer,Service verified; permits/historic properties do not establish comprehensive year-built or footprint coverage; scope website terms separately. Supporting metadata: https://maps.phoenix.gov/pub/rest/services/public/Planning_Permit/MapServer | https://www.phoenix.gov/administration/departments/communications/copyright.html
Historic Properties,Phoenix,YELLOW,YELLOW,unclear; see licence notes,unclear; not established by public access,No outreach evidenced,~/Desktop/worldengine-gpt-drop/metro-onboarding-v1/datasets.csv,https://maps.phoenix.gov/pub/rest/services/public,Service directory verified; use district/survey for style evidence. Exact object coverage and data licence unclear. Supporting metadata: https://maps.phoenix.gov/pub/rest/services/public | https://www.phoenix.gov/administration/departments/communications/copyright.html
Maricopa Assessor property characteristics,Phoenix,YELLOW,YELLOW,unclear; see licence notes,unclear; not established by public access,No outreach evidenced,~/Desktop/worldengine-gpt-drop/metro-onboarding-v1/datasets.csv,https://www.maricopa.gov/509/Data-Requests,Official page explicitly includes square footage/year built/land use and directs to Parcel Data Sales Policy for cost/licensing/attribution. Exclude owners/individual records; no implied open licence. Supporting metadata: https://www.maricopa.gov/509/Data-Requests | https://www.maricopa.gov/509/Data-Requests
Dedicated Phoenix building footprint / 3D release,Phoenix,YELLOW,YELLOW,unclear; see licence notes,unclear; not established by public access,No outreach evidenced,~/Desktop/worldengine-gpt-drop/metro-onboarding-v1/datasets.csv,https://maps.phoenix.gov/pub/rest/services/public,Not located in examined public directory; do not use CityParcels as footprints. OSM/Overture independent fallback. Supporting metadata: https://maps.phoenix.gov/pub/rest/services/public | https://www.phoenix.gov/administration/departments/communications/copyright.html
Dedicated sidewalk/ADA-curb asset GIS release,Phoenix,YELLOW,YELLOW,unclear; see licence notes,unclear; not established by public access,No outreach evidenced,~/Desktop/worldengine-gpt-drop/metro-onboarding-v1/datasets.csv,https://maps.phoenix.gov/pub/rest/services/public,Public sidewalk polygon/line release not verified. City FY2021 report mentions curb-ramp GIS maintenance; existence of internal GIS is not open dataset licence. Supporting metadata: https://maps.phoenix.gov/pub/rest/services/public | https://www.phoenix.gov/administration/departments/communications/copyright.html
PublicArtColl,Phoenix,YELLOW,YELLOW,unclear; see licence notes,unclear; not established by public access,No outreach evidenced,~/Desktop/worldengine-gpt-drop/metro-onboarding-v1/datasets.csv,https://maps.phoenix.gov/pub/rest/services/Public/PublicArtColl/MapServer,Locations verified; metadata licence and artwork reproduction rights separate. Use exclusion IDs before modelling artworks. Supporting metadata: https://maps.phoenix.gov/pub/rest/services/Public/PublicArtColl/MapServer | https://maps.phoenix.gov/pub/rest/services/Public/PublicArtColl/MapServer
GIS Landbase paid data package,Phoenix,YELLOW,RED,commercial licence available but redistribution blocked without consent,prior written consent required,No outreach evidenced,~/Desktop/worldengine-gpt-drop/metro-onboarding-v1/datasets.csv,https://www.phoenix.gov/streetssite/documents/eas_pdf_gis_request_packet.pdf,§2 bans assignment/licensing/distribution/transfer without consent. RED for requested redistribution absent consent; does not automatically govern separate public REST layers. Supporting metadata: https://www.phoenix.gov/streetssite/documents/eas_pdf_gis_request_packet.pdf | https://www.phoenix.gov/streetssite/documents/eas_pdf_gis_request_packet.pdf
Phoenix website text/photos/graphics,Phoenix,YELLOW,RED,commercial licence available but redistribution blocked without consent,prior written consent required,No outreach evidenced,~/Desktop/worldengine-gpt-drop/metro-onboarding-v1/datasets.csv,https://www.phoenix.gov/administration/departments/communications/copyright.html,General website content restrictions; Open Data Portal may have separate terms. Do not copy website photos/text as app assets or city bird symbol. Supporting metadata: https://www.phoenix.gov/administration/departments/communications/copyright.html | https://www.phoenix.gov/administration/departments/communications/copyright.html
USGS 3DEP DEM/lidar via LidarExplorer,Phoenix,YELLOW,GREEN,Allowed subject to the cited licence and conditions,Allowed subject to the cited licence and conditions,No outreach evidenced,~/Desktop/worldengine-gpt-drop/metro-onboarding-v1/datasets.csv,https://www.usgs.gov/tools/lidarexplorer,Public-domain statement only covers USGS-produced/authored products; check third-party metadata. Tool supports EPT web3D quick views/cloud processing. Supporting metadata: https://www.usgs.gov/tools/lidarexplorer | https://www.usgs.gov/information-policies-and-instructions/copyrights-and-credits
NWS Phoenix forecast/alerts,Phoenix,YELLOW,GREEN,Allowed subject to the cited licence and conditions,Allowed subject to the cited licence and conditions,No outreach evidenced,~/Desktop/worldengine-gpt-drop/metro-onboarding-v1/datasets.csv,https://www.weather.gov/psr,"Official API permits open use, no fees; reasonable limits not numerically disclosed; User-Agent required. No agency marks granted."
Valley Metro realtime developer feed,Phoenix,YELLOW,YELLOW,unclear; see licence notes,unclear; not established by public access,No outreach evidenced,~/Desktop/worldengine-gpt-drop/metro-onboarding-v1/datasets.csv,https://www.valleymetro.org/developer-resources,Official developer page retrieval failed; no endpoint/key/GTFSRT assertion licensed. Contact agency developer support before import. Supporting metadata: https://www.valleymetro.org/developer-resources | https://www.valleymetro.org/developer-resources
OSM Seattle buildings,Seattle,YELLOW,GREEN,Allowed subject to the cited licence and conditions,Allowed subject to the cited licence and conditions,No outreach evidenced,~/Desktop/worldengine-gpt-drop/metro-onboarding-v1/datasets.csv,https://wiki.openstreetmap.org/wiki/Seattle,ODbL: attribution and applicable derivative-database share-alike/source offer required; software licence is separate. See shared rights notes.
Overture buildings,Seattle,YELLOW,GREEN,Allowed subject to the cited licence and conditions,Allowed subject to the cited licence and conditions,No outreach evidenced,~/Desktop/worldengine-gpt-drop/metro-onboarding-v1/datasets.csv,https://docs.overturemaps.org/schema/reference/buildings/building/,"Buildings theme under ODbL; retain upstream credits. Global offering, local bbox coverage/height completeness unmeasured. See shared rights notes."
Building Outlines 2023,Seattle,YELLOW,YELLOW,Unclear or conditional; see notes,Unclear or conditional; see notes,No outreach evidenced,~/Desktop/worldengine-gpt-drop/metro-onboarding-v1/datasets.csv,https://catalog.data.gov/dataset/building-outlines-2023,Hand-drawn outlines derived from King County 2023 Eagleview imagery. No height field in inspected service summary. Public access alone is not enough to assume Eagleview imagery licence permits imagery redistribution. Outline-derived-data licence needs explicit confirmation.
SDOT Trees,Seattle,YELLOW,YELLOW,Allowed subject to licence,Allowed subject to licence,No outreach evidenced,~/Desktop/worldengine-gpt-drop/metro-onboarding-v1/datasets.csv,https://catalog.data.gov/dataset/sdot-trees,"Species, size, condition, maintenance responsibility. Filter CURRENT_STATUS=INSVC per metadata. Exact per-item licence not displayed in harvested record; collection PDDL explicit. PDDL declaration source: https://catalog.data.gov/dataset/sdot-gis-datasets ; no mandatory PDDL attribution, acknowledge City/SDOT as source recommendation. Collection-level PDDL is permissive; confirm exact current item inherits it before classifying this delivered item GREEN."
Seattle Streets,Seattle,YELLOW,YELLOW,Allowed subject to licence,Allowed subject to licence,No outreach evidenced,~/Desktop/worldengine-gpt-drop/metro-onboarding-v1/datasets.csv,https://catalog.data.gov/dataset/seattle-streets,"Includes surface width/type, percent slope, one-way, pavement condition. Useful for mapped ground treatment rather than generic street widths. PDDL declaration source: https://catalog.data.gov/dataset/sdot-gis-datasets ; no mandatory PDDL attribution, acknowledge City/SDOT as source recommendation. Collection-level PDDL is permissive; confirm exact current item inherits it before classifying this delivered item GREEN."
Sidewalks / SidewalkObservations / Curb Ramps,Seattle,YELLOW,YELLOW,Allowed subject to licence,Allowed subject to licence,No outreach evidenced,~/Desktop/worldengine-gpt-drop/metro-onboarding-v1/datasets.csv,https://catalog.data.gov/dataset/sdot-gis-datasets,"Individual current layer URLs/measurement completeness unverified; use collection browse. Do not reuse accidentally matching Austin Sidewalks dataset. PDDL declaration source: https://catalog.data.gov/dataset/sdot-gis-datasets ; no mandatory PDDL attribution, acknowledge City/SDOT as source recommendation. Collection-level PDDL is permissive; confirm exact current item inherits it before classifying this delivered item GREEN."
Parks boundaries,Seattle,YELLOW,YELLOW,Unclear or conditional; see notes,Unclear or conditional; see notes,No outreach evidenced,~/Desktop/worldengine-gpt-drop/metro-onboarding-v1/datasets.csv,https://catalog.data.gov/dataset/parks-d1655,"Policy quote seen in official search excerpt, direct PDF returned403; no bypass. Policy intention is not substitute for current dataset licence."
Residential Building Assessor extract,Seattle,YELLOW,YELLOW,Unclear or conditional; see notes,Unclear or conditional; see notes,No outreach evidenced,~/Desktop/worldengine-gpt-drop/metro-onboarding-v1/datasets.csv,https://www5.kingcounty.gov/sdc?Layer=resbldg_extr,Catalogue's earlier detection link now states non-public. Schema documents STORIES and YRBUILT; use authoritative Assessor route only after licence/access verification. No individual owner/resident fields to ingest.
Authoritative Assessor data route,Seattle,YELLOW,YELLOW,Unclear or conditional; see notes,Unclear or conditional; see notes,No outreach evidenced,~/Desktop/worldengine-gpt-drop/metro-onboarding-v1/datasets.csv,https://info.kingcounty.gov/assessor/DataDownload/default.aspx,"Official download landing page found, no ZIP obtained. Restrict future ingestion to building age/stories/physical fields and parcel geometry; never owner, sale-person or contact records."
Washington lidar portal DEM/point cloud,Seattle,YELLOW,YELLOW,Unclear or conditional; see notes,Unclear or conditional; see notes,No outreach evidenced,~/Desktop/worldengine-gpt-drop/metro-onboarding-v1/datasets.csv,https://www.dnr.wa.gov/lidar,DEMs/hillshade/point clouds available; REST image services documented by help. Do not assume city3D roof mesh product exists. Source project resolution/date/licence verify before baking.
King County Metro GTFS / GTFS-RT,Seattle,YELLOW,GREEN,Allowed subject to the cited licence and conditions,Allowed subject to the cited licence and conditions,No outreach evidenced,~/Desktop/worldengine-gpt-drop/metro-onboarding-v1/datasets.csv,https://kingcounty.gov/en/dept/metro/rider-tools/mobile-and-web-apps,"Trip updates/vehicle positions/alerts public PB/JSON links on official page. Required legend: Transit scheduling, geographic, and real-time data provided by permission of King County. Caching/storage and derivative works permitted to extent county owns rights, third-party claims disclaimed; no agency logo use."
Sound Transit OTD OneBusAway GTFS-RT,Seattle,YELLOW,YELLOW,Unclear or conditional; see notes,Unclear or conditional; see notes,No outreach evidenced,~/Desktop/worldengine-gpt-drop/metro-onboarding-v1/datasets.csv,https://www.soundtransit.org/help-contacts/business-information/open-transit-data-otd/otd-downloads,Request API key via official page; request-based. Propagate terms to recipients; usage metrics on request; provide contact email; no transit trademarks/app-name branding. Clarify whether app smoothing/derived positions constitutes prohibited changes. Public ST alerts PB exists. Consolidated GTFS ends end2026; use agency feeds.
NWS Seattle WFO weather,Seattle,YELLOW,GREEN,Allowed subject to the cited licence and conditions,Allowed subject to the cited licence and conditions,No outreach evidenced,~/Desktop/worldengine-gpt-drop/metro-onboarding-v1/datasets.csv,https://www.weather.gov/sew/,"Official API permits open use, no fees; reasonable limits not numerically disclosed; User-Agent required. No agency marks granted."
Space Needle likeness / branding,Seattle,YELLOW,YELLOW,Unclear or conditional; see notes,Unclear or conditional; see notes,No outreach evidenced,~/Desktop/worldengine-gpt-drop/metro-onboarding-v1/datasets.csv,https://www.spaceneedle.com/trademark,Owner advises entire Seattle skyline instead of isolated landmark branding. Avoid isolated app icon/hero marketing use; seek review/permission for distinctive landmark assets. This does not establish blanket legal prohibition on all factual city depictions.
Seattle public artworks,Seattle,YELLOW,YELLOW,Unclear or conditional; see notes,Unclear or conditional; see notes,No outreach evidenced,~/Desktop/worldengine-gpt-drop/metro-onboarding-v1/datasets.csv,https://www.seattle.gov/documents/Departments/Arts/Downloads/Public%20Art%20Roadmap/Roadmap_Section3.pdf,Use public art as exclusion register; artistic3D reproduction permission separate from factual location metadata.
Forestry Tree Points,New York,YELLOW,unclear,unclear,unclear,No outreach evidenced,~/Desktop/worldengine-gpt-drop/data-layers-research-v1/city-portals.csv,https://data.cityofnewyork.us/d/hn5i-inap,"Exclude personal names, owner/applicant/contact data; art inventory licence does not clear artwork reproduction; modified date is not refresh frequency."
Building Footprints (Map),New York,YELLOW,unclear,unclear,unclear,No outreach evidenced,~/Desktop/worldengine-gpt-drop/data-layers-research-v1/city-portals.csv,https://data.cityofnewyork.us/d/jh45-qr5r,"Exclude personal names, owner/applicant/contact data; art inventory licence does not clear artwork reproduction; modified date is not refresh frequency."
DOB Permit Issuance,New York,YELLOW,unclear,unclear,unclear,No outreach evidenced,~/Desktop/worldengine-gpt-drop/data-layers-research-v1/city-portals.csv,https://data.cityofnewyork.us/d/ipu4-2q9a,"Exclude personal names, owner/applicant/contact data; art inventory licence does not clear artwork reproduction; modified date is not refresh frequency."
Parks Properties,New York,YELLOW,unclear,unclear,unclear,No outreach evidenced,~/Desktop/worldengine-gpt-drop/data-layers-research-v1/city-portals.csv,https://data.cityofnewyork.us/d/enfh-gkve,"Exclude personal names, owner/applicant/contact data; art inventory licence does not clear artwork reproduction; modified date is not refresh frequency."
NYCDEP Citywide Hydrants,New York,YELLOW,unclear,unclear,unclear,No outreach evidenced,~/Desktop/worldengine-gpt-drop/data-layers-research-v1/city-portals.csv,https://data.cityofnewyork.us/d/6pui-xhxz,"Exclude personal names, owner/applicant/contact data; art inventory licence does not clear artwork reproduction; modified date is not refresh frequency."
Planimetric Sidewalk,New York,YELLOW,unclear,unclear,unclear,No outreach evidenced,~/Desktop/worldengine-gpt-drop/data-layers-research-v1/city-portals.csv,https://data.cityofnewyork.us/d/vfx9-tbb6,"Exclude personal names, owner/applicant/contact data; art inventory licence does not clear artwork reproduction; modified date is not refresh frequency."
Bike Routes,New York,YELLOW,unclear,unclear,unclear,No outreach evidenced,~/Desktop/worldengine-gpt-drop/data-layers-research-v1/city-portals.csv,https://data.cityofnewyork.us/d/mzxg-pwib,"Exclude personal names, owner/applicant/contact data; art inventory licence does not clear artwork reproduction; modified date is not refresh frequency."
Zoning Tax Lot Database,New York,YELLOW,unclear,unclear,unclear,No outreach evidenced,~/Desktop/worldengine-gpt-drop/data-layers-research-v1/city-portals.csv,https://data.cityofnewyork.us/d/fdkv-4t4z,"Exclude personal names, owner/applicant/contact data; art inventory licence does not clear artwork reproduction; modified date is not refresh frequency."
Construction Street Closures by Block,New York,YELLOW,unclear,unclear,unclear,No outreach evidenced,~/Desktop/worldengine-gpt-drop/data-layers-research-v1/city-portals.csv,https://data.cityofnewyork.us/d/i6b5-j7bu,"Exclude personal names, owner/applicant/contact data; art inventory licence does not clear artwork reproduction; modified date is not refresh frequency."
Permitted Event Information,New York,YELLOW,unclear,unclear,unclear,No outreach evidenced,~/Desktop/worldengine-gpt-drop/data-layers-research-v1/city-portals.csv,https://data.cityofnewyork.us/d/tvpp-9vvx,"Exclude personal names, owner/applicant/contact data; art inventory licence does not clear artwork reproduction; modified date is not refresh frequency."
Street Tree Inventory 1990 s,Los Angeles,YELLOW,CC 0,Permitted for dataset under stated dedication/waiver; third-party rights separate,Permitted for covered data; art/media separate,No outreach evidenced,~/Desktop/worldengine-gpt-drop/data-layers-research-v1/city-portals.csv,https://data.lacity.org/d/vt5t-mscf,"Exclude personal names, owner/applicant/contact data; art inventory licence does not clear artwork reproduction; modified date is not refresh frequency."
Building Permits 2020 to Present,Los Angeles,YELLOW,unclear,unclear,unclear,No outreach evidenced,~/Desktop/worldengine-gpt-drop/data-layers-research-v1/city-portals.csv,https://data.lacity.org/d/pi9x-tg5x,"Exclude personal names, owner/applicant/contact data; art inventory licence does not clear artwork reproduction; modified date is not refresh frequency."
Streetlight locations,Los Angeles,YELLOW,CC 0,Permitted for dataset under stated dedication/waiver; third-party rights separate,Permitted for covered data; art/media separate,No outreach evidenced,~/Desktop/worldengine-gpt-drop/data-layers-research-v1/city-portals.csv,https://data.lacity.org/d/9ei6-svt8,"Exclude personal names, owner/applicant/contact data; art inventory licence does not clear artwork reproduction; modified date is not refresh frequency."
Zoning,Los Angeles,YELLOW,CC 0,Permitted for dataset under stated dedication/waiver; third-party rights separate,Permitted for covered data; art/media separate,No outreach evidenced,~/Desktop/worldengine-gpt-drop/data-layers-research-v1/city-portals.csv,https://data.lacity.org/d/rryw-49uv,"Exclude personal names, owner/applicant/contact data; art inventory licence does not clear artwork reproduction; modified date is not refresh frequency."
Parcels,Los Angeles,YELLOW,CC 0,Permitted for dataset under stated dedication/waiver; third-party rights separate,Permitted for covered data; art/media separate,No outreach evidenced,~/Desktop/worldengine-gpt-drop/data-layers-research-v1/city-portals.csv,https://data.lacity.org/d/qyra-qm2s,"Exclude personal names, owner/applicant/contact data; art inventory licence does not clear artwork reproduction; modified date is not refresh frequency."
Parks,Los Angeles,YELLOW,CC 0,Permitted for dataset under stated dedication/waiver; third-party rights separate,Permitted for covered data; art/media separate,No outreach evidenced,~/Desktop/worldengine-gpt-drop/data-layers-research-v1/city-portals.csv,https://data.lacity.org/d/4jt3-efvk,"Exclude personal names, owner/applicant/contact data; art inventory licence does not clear artwork reproduction; modified date is not refresh frequency."
Recreation/Parks Facility Information,Los Angeles,YELLOW,CC 0,Permitted for dataset under stated dedication/waiver; third-party rights separate,Permitted for covered data; art/media separate,No outreach evidenced,~/Desktop/worldengine-gpt-drop/data-layers-research-v1/city-portals.csv,https://data.lacity.org/d/ax8j-dhzm,"Exclude personal names, owner/applicant/contact data; art inventory licence does not clear artwork reproduction; modified date is not refresh frequency."
Engineering Permit Information,Los Angeles,YELLOW,CC 0,Permitted for dataset under stated dedication/waiver; third-party rights separate,Permitted for covered data; art/media separate,No outreach evidenced,~/Desktop/worldengine-gpt-drop/data-layers-research-v1/city-portals.csv,https://data.lacity.org/d/j7mw-thyc,"Exclude personal names, owner/applicant/contact data; art inventory licence does not clear artwork reproduction; modified date is not refresh frequency."
Parking Meter Occupancy,Los Angeles,GREEN,Public Domain,Permitted for dataset under stated dedication/waiver; third-party rights separate,Permitted for covered data; art/media separate,No outreach evidenced,~/Desktop/worldengine-gpt-drop/data-layers-research-v1/city-portals.csv,https://data.lacity.org/d/e7h6-4a3e,"Exclude personal names, owner/applicant/contact data; art inventory licence does not clear artwork reproduction; modified date is not refresh frequency."
2025 Walk/Bike Count Data,Los Angeles,YELLOW,unclear,unclear,unclear,No outreach evidenced,~/Desktop/worldengine-gpt-drop/data-layers-research-v1/city-portals.csv,https://data.lacity.org/d/hiwe-xzrt,"Exclude personal names, owner/applicant/contact data; art inventory licence does not clear artwork reproduction; modified date is not refresh frequency."
Building Footprints,Chicago,YELLOW,See Terms,unclear,unclear,No outreach evidenced,~/Desktop/worldengine-gpt-drop/data-layers-research-v1/city-portals.csv,https://data.cityofchicago.org/d/syp8-uezg,"Exclude personal names, owner/applicant/contact data; art inventory licence does not clear artwork reproduction; modified date is not refresh frequency."
Building Permits,Chicago,YELLOW,See Terms,unclear,unclear,No outreach evidenced,~/Desktop/worldengine-gpt-drop/data-layers-research-v1/city-portals.csv,https://data.cityofchicago.org/d/ydr8-5enu,"Exclude personal names, owner/applicant/contact data; art inventory licence does not clear artwork reproduction; modified date is not refresh frequency."
Sidewalks,Chicago,YELLOW,unclear,unclear,unclear,No outreach evidenced,~/Desktop/worldengine-gpt-drop/data-layers-research-v1/city-portals.csv,https://data.cityofchicago.org/d/77cn-6x4c,"Exclude personal names, owner/applicant/contact data; art inventory licence does not clear artwork reproduction; modified date is not refresh frequency."
Bike Routes,Chicago,YELLOW,See Terms,unclear,unclear,No outreach evidenced,~/Desktop/worldengine-gpt-drop/data-layers-research-v1/city-portals.csv,https://data.cityofchicago.org/d/hvv9-38ut,"Exclude personal names, owner/applicant/contact data; art inventory licence does not clear artwork reproduction; modified date is not refresh frequency."
Parks Facilities,Chicago,GREEN,Public Domain,Permitted for dataset under stated dedication/waiver; third-party rights separate,Permitted for covered data; art/media separate,No outreach evidenced,~/Desktop/worldengine-gpt-drop/data-layers-research-v1/city-portals.csv,https://data.cityofchicago.org/d/5yyk-qt9y,"Exclude personal names, owner/applicant/contact data; art inventory licence does not clear artwork reproduction; modified date is not refresh frequency."
Park Boundaries,Chicago,GREEN,Public Domain,Permitted for dataset under stated dedication/waiver; third-party rights separate,Permitted for covered data; art/media separate,No outreach evidenced,~/Desktop/worldengine-gpt-drop/data-layers-research-v1/city-portals.csv,https://data.cityofchicago.org/d/ej32-qgdr,"Exclude personal names, owner/applicant/contact data; art inventory licence does not clear artwork reproduction; modified date is not refresh frequency."
Park Artworks,Chicago,GREEN,Public Domain,Permitted for dataset under stated dedication/waiver; third-party rights separate,Permitted for covered data; art/media separate,No outreach evidenced,~/Desktop/worldengine-gpt-drop/data-layers-research-v1/city-portals.csv,https://data.cityofchicago.org/d/e9ef-hrzb,"Exclude personal names, owner/applicant/contact data; art inventory licence does not clear artwork reproduction; modified date is not refresh frequency."
Zoning,Chicago,YELLOW,See Terms,unclear,unclear,No outreach evidenced,~/Desktop/worldengine-gpt-drop/data-layers-research-v1/city-portals.csv,https://data.cityofchicago.org/d/dj47-wfun,"Exclude personal names, owner/applicant/contact data; art inventory licence does not clear artwork reproduction; modified date is not refresh frequency."
Street Center Lines,Chicago,YELLOW,unclear,unclear,unclear,No outreach evidenced,~/Desktop/worldengine-gpt-drop/data-layers-research-v1/city-portals.csv,https://data.cityofchicago.org/d/6imu-meau,"Exclude personal names, owner/applicant/contact data; art inventory licence does not clear artwork reproduction; modified date is not refresh frequency."
Transportation Permits,Chicago,YELLOW,See Terms,unclear,unclear,No outreach evidenced,~/Desktop/worldengine-gpt-drop/data-layers-research-v1/city-portals.csv,https://data.cityofchicago.org/d/pubx-yq2d,"Exclude personal names, owner/applicant/contact data; art inventory licence does not clear artwork reproduction; modified date is not refresh frequency."
Building Permits,Dallas–Fort Worth,YELLOW,unclear,unclear,unclear,No outreach evidenced,~/Desktop/worldengine-gpt-drop/data-layers-research-v1/city-portals.csv,https://www.dallasopendata.com/d/e7gq-4sah,"Exclude personal names, owner/applicant/contact data; art inventory licence does not clear artwork reproduction; modified date is not refresh frequency."
Parcel Shapefile,Dallas–Fort Worth,YELLOW,ODC-BY,Attribution licence permits commercial use; exact version/item exceptions verify,Permitted subject to licence credit/notices; version verify,No outreach evidenced,~/Desktop/worldengine-gpt-drop/data-layers-research-v1/city-portals.csv,https://www.dallasopendata.com/d/hy5f-5hrv,"Exclude personal names, owner/applicant/contact data; art inventory licence does not clear artwork reproduction; modified date is not refresh frequency."
Streets,Dallas–Fort Worth,YELLOW,unclear,unclear,unclear,No outreach evidenced,~/Desktop/worldengine-gpt-drop/data-layers-research-v1/city-portals.csv,https://www.dallasopendata.com/d/aiev-r75a,"Exclude personal names, owner/applicant/contact data; art inventory licence does not clear artwork reproduction; modified date is not refresh frequency."
Bike Trails,Dallas–Fort Worth,YELLOW,unclear,unclear,unclear,No outreach evidenced,~/Desktop/worldengine-gpt-drop/data-layers-research-v1/city-portals.csv,https://www.dallasopendata.com/d/jewx-caad,"Exclude personal names, owner/applicant/contact data; art inventory licence does not clear artwork reproduction; modified date is not refresh frequency."
On Street Bike Routes,Dallas–Fort Worth,YELLOW,unclear,unclear,unclear,No outreach evidenced,~/Desktop/worldengine-gpt-drop/data-layers-research-v1/city-portals.csv,https://www.dallasopendata.com/d/ax7n-9dfm,"Exclude personal names, owner/applicant/contact data; art inventory licence does not clear artwork reproduction; modified date is not refresh frequency."
Base Zoning,Dallas–Fort Worth,YELLOW,unclear,unclear,unclear,No outreach evidenced,~/Desktop/worldengine-gpt-drop/data-layers-research-v1/city-portals.csv,https://www.dallasopendata.com/d/ttts-ajjv,"Exclude personal names, owner/applicant/contact data; art inventory licence does not clear artwork reproduction; modified date is not refresh frequency."
ROW Permits Points,Dallas–Fort Worth,YELLOW,unclear,unclear,unclear,No outreach evidenced,~/Desktop/worldengine-gpt-drop/data-layers-research-v1/city-portals.csv,https://www.dallasopendata.com/d/xum9-x6px,"Exclude personal names, owner/applicant/contact data; art inventory licence does not clear artwork reproduction; modified date is not refresh frequency."
Parks,Dallas–Fort Worth,YELLOW,unclear,unclear,unclear,No outreach evidenced,~/Desktop/worldengine-gpt-drop/data-layers-research-v1/city-portals.csv,https://www.dallasopendata.com/d/9e6m-eru6,"Exclude personal names, owner/applicant/contact data; art inventory licence does not clear artwork reproduction; modified date is not refresh frequency."
Public Art,Dallas–Fort Worth,YELLOW,unclear,unclear,unclear,No outreach evidenced,~/Desktop/worldengine-gpt-drop/data-layers-research-v1/city-portals.csv,https://www.dallasopendata.com/d/mjzi-rhq3,"Exclude personal names, owner/applicant/contact data; art inventory licence does not clear artwork reproduction; modified date is not refresh frequency."
On-Street Bike Facilities,Dallas–Fort Worth,YELLOW,unclear,unclear,unclear,No outreach evidenced,~/Desktop/worldengine-gpt-drop/data-layers-research-v1/city-portals.csv,https://www.dallasopendata.com/d/hbtk-27vs,"Exclude personal names, owner/applicant/contact data; art inventory licence does not clear artwork reproduction; modified date is not refresh frequency."
Fire Hydrants,Houston,GREEN,Public Domain,Permitted for dataset under stated dedication/waiver; third-party rights separate,Permitted for covered data; art/media separate,No outreach evidenced,~/Desktop/worldengine-gpt-drop/data-layers-research-v1/city-portals.csv,https://www.arcgis.com/home/item.html?id=9ed02cd0f1e340e0b7406dd039237605,"Exclude personal names, owner/applicant/contact data; art inventory licence does not clear artwork reproduction; modified date is not refresh frequency."
Parks,Houston,GREEN,Public Domain,Permitted for dataset under stated dedication/waiver; third-party rights separate,Permitted for covered data; art/media separate,No outreach evidenced,~/Desktop/worldengine-gpt-drop/data-layers-research-v1/city-portals.csv,https://www.arcgis.com/home/item.html?id=13a5b57472b040ad85f5a8a74aa07c03,"Exclude personal names, owner/applicant/contact data; art inventory licence does not clear artwork reproduction; modified date is not refresh frequency."
Road Centerline,Houston,YELLOW,unclear; as-is only,unclear,unclear,No outreach evidenced,~/Desktop/worldengine-gpt-drop/data-layers-research-v1/city-portals.csv,https://www.arcgis.com/home/item.html?id=26c92bc89c5d4b048d9bc8bcb7dfbff6,"Exclude personal names, owner/applicant/contact data; art inventory licence does not clear artwork reproduction; modified date is not refresh frequency."
Bikeways Existing LC,Houston,GREEN,Public Domain,Permitted for dataset under stated dedication/waiver; third-party rights separate,Permitted for covered data; art/media separate,No outreach evidenced,~/Desktop/worldengine-gpt-drop/data-layers-research-v1/city-portals.csv,https://www.arcgis.com/home/item.html?id=400162a020e844969a1acf9b7311be0b,Legacycurrencyverify
Sidewalks HPW KL,Houston,YELLOW,unclear; third-party DTSdistributionrequiresclearance,unclear,unclear,No outreach evidenced,~/Desktop/worldengine-gpt-drop/data-layers-research-v1/city-portals.csv,https://www.arcgis.com/home/item.html?id=c55268b97c6f4972ab8c6bc257d2c3d1,"Exclude personal names, owner/applicant/contact data; art inventory licence does not clear artwork reproduction; modified date is not refresh frequency."
Urban Forestry Adopt ATree,Houston,YELLOW,unclear,unclear,unclear,No outreach evidenced,~/Desktop/worldengine-gpt-drop/data-layers-research-v1/city-portals.csv,https://www.arcgis.com/home/item.html?id=5971dafae24544e8a1495b45eda6211f,"Potential planting locations, not existing tree inventory"
Parcels,Houston,GREEN,Public Domain,Permitted for dataset under stated dedication/waiver; third-party rights separate,Permitted for covered data; art/media separate,No outreach evidenced,~/Desktop/worldengine-gpt-drop/data-layers-research-v1/city-portals.csv,https://www.arcgis.com/home/item.html?id=f226c910e7d34f6bb4f2d879c7e4df3e,"Exclude personal names, owner/applicant/contact data; art inventory licence does not clear artwork reproduction; modified date is not refresh frequency."
Special Minimum Building Lines,Houston,GREEN,Public Domain,Permitted for dataset under stated dedication/waiver; third-party rights separate,Permitted for covered data; art/media separate,No outreach evidenced,~/Desktop/worldengine-gpt-drop/data-layers-research-v1/city-portals.csv,https://www.arcgis.com/home/item.html?id=2008f469f4dd4e8ea47aa596a25aa452,"Exclude personal names, owner/applicant/contact data; art inventory licence does not clear artwork reproduction; modified date is not refresh frequency."
METRO Park and Ride Locations,Houston,GREEN,Public Domain,Permitted for dataset under stated dedication/waiver; third-party rights separate,Permitted for covered data; art/media separate,No outreach evidenced,~/Desktop/worldengine-gpt-drop/data-layers-research-v1/city-portals.csv,https://www.arcgis.com/home/item.html?id=c1b24c7ab5fe4ffb844d457f3f4deb35,"Exclude personal names, owner/applicant/contact data; art inventory licence does not clear artwork reproduction; modified date is not refresh frequency."
Market Based Parking,Houston,GREEN,Public Domain,Permitted for dataset under stated dedication/waiver; third-party rights separate,Permitted for covered data; art/media separate,No outreach evidenced,~/Desktop/worldengine-gpt-drop/data-layers-research-v1/city-portals.csv,https://www.arcgis.com/home/item.html?id=33188dd076424d8aae3c185c5cb568d6,"Exclude personal names, owner/applicant/contact data; art inventory licence does not clear artwork reproduction; modified date is not refresh frequency."
Zoning Districts,Atlanta,YELLOW,unclear,unclear,unclear,No outreach evidenced,~/Desktop/worldengine-gpt-drop/data-layers-research-v1/city-portals.csv,https://www.arcgis.com/home/item.html?id=626941263aa34464aaa39e728ed411d9,"Exclude personal names, owner/applicant/contact data; art inventory licence does not clear artwork reproduction; modified date is not refresh frequency."
Tax Parcels 2025,Atlanta,YELLOW,unclear,unclear,unclear,No outreach evidenced,~/Desktop/worldengine-gpt-drop/data-layers-research-v1/city-portals.csv,https://www.arcgis.com/home/item.html?id=ee82525ee33b49778055622c3a3cf534,"Exclude personal names, owner/applicant/contact data; art inventory licence does not clear artwork reproduction; modified date is not refresh frequency."
Building Permit Tracker,Atlanta,YELLOW,unclear,unclear,unclear,No outreach evidenced,~/Desktop/worldengine-gpt-drop/data-layers-research-v1/city-portals.csv,https://www.arcgis.com/home/item.html?id=653881b4cf9148ae947eebaf789b2c06,"Exclude personal names, owner/applicant/contact data; art inventory licence does not clear artwork reproduction; modified date is not refresh frequency."
Landmark Building Site,Atlanta,YELLOW,unclear,unclear,unclear,No outreach evidenced,~/Desktop/worldengine-gpt-drop/data-layers-research-v1/city-portals.csv,https://www.arcgis.com/home/item.html?id=5009ee2c703d4291a21a98cdc03167f3,"Exclude personal names, owner/applicant/contact data; art inventory licence does not clear artwork reproduction; modified date is not refresh frequency."
Building Footprints,Atlanta,YELLOW,unclear; Microsoftupstreamlicenceverify,unclear,unclear,No outreach evidenced,~/Desktop/worldengine-gpt-drop/data-layers-research-v1/city-portals.csv,https://www.arcgis.com/home/item.html?id=f81aa6a402cf4fe1b0597a2a792b0919,"Exclude personal names, owner/applicant/contact data; art inventory licence does not clear artwork reproduction; modified date is not refresh frequency."
Impervious Sidewalks,Atlanta,YELLOW,unclear,unclear,unclear,No outreach evidenced,~/Desktop/worldengine-gpt-drop/data-layers-research-v1/city-portals.csv,https://www.arcgis.com/home/item.html?id=c8babf8e9b664f00af9a677ca68a2602,"Exclude personal names, owner/applicant/contact data; art inventory licence does not clear artwork reproduction; modified date is not refresh frequency."
Urban Tree Canopy 2018,Atlanta,YELLOW,unclear,unclear,unclear,No outreach evidenced,~/Desktop/worldengine-gpt-drop/data-layers-research-v1/city-portals.csv,https://www.arcgis.com/home/item.html?id=019e49adcb5c498893ce41a4623cd2de,"Exclude personal names, owner/applicant/contact data; art inventory licence does not clear artwork reproduction; modified date is not refresh frequency."
Parks,Atlanta,YELLOW,unclear,unclear,unclear,No outreach evidenced,~/Desktop/worldengine-gpt-drop/data-layers-research-v1/city-portals.csv,https://www.arcgis.com/home/item.html?id=fc48f62186ad47fca751480807c8f3fb,"Exclude personal names, owner/applicant/contact data; art inventory licence does not clear artwork reproduction; modified date is not refresh frequency."
Impervious Parking Lots,Atlanta,YELLOW,unclear,unclear,unclear,No outreach evidenced,~/Desktop/worldengine-gpt-drop/data-layers-research-v1/city-portals.csv,https://www.arcgis.com/home/item.html?id=7b61099a73764536ae33e56bf2bc456c,"Exclude personal names, owner/applicant/contact data; art inventory licence does not clear artwork reproduction; modified date is not refresh frequency."
Love Our Places Bike Data,Atlanta,YELLOW,unclear,unclear,unclear,No outreach evidenced,~/Desktop/worldengine-gpt-drop/data-layers-research-v1/city-portals.csv,https://www.arcgis.com/home/item.html?id=f329dd38400841fc83b579019335c8aa,"Exclude personal names, owner/applicant/contact data; art inventory licence does not clear artwork reproduction; modified date is not refresh frequency."
Building Footprints,Washington DC,GREEN,CC-BY 4.0,Attribution licence permits commercial use; exact version/item exceptions verify,Permitted subject to licence credit/notices; version verify,No outreach evidenced,~/Desktop/worldengine-gpt-drop/data-layers-research-v1/city-portals.csv,https://www.arcgis.com/home/item.html?id=a657b34942564aa8b06f293cb0934cbd,"Exclude personal names, owner/applicant/contact data; art inventory licence does not clear artwork reproduction; modified date is not refresh frequency."
Urban Forestry Street Trees,Washington DC,GREEN,CC-BY 4.0,Attribution licence permits commercial use; exact version/item exceptions verify,Permitted subject to licence credit/notices; version verify,No outreach evidenced,~/Desktop/worldengine-gpt-drop/data-layers-research-v1/city-portals.csv,https://www.arcgis.com/home/item.html?id=f6c3c04113944f23a7993f2e603abaf2,"Exclude personal names, owner/applicant/contact data; art inventory licence does not clear artwork reproduction; modified date is not refresh frequency."
Sidewalks,Washington DC,GREEN,CC-BY 4.0,Attribution licence permits commercial use; exact version/item exceptions verify,Permitted subject to licence credit/notices; version verify,No outreach evidenced,~/Desktop/worldengine-gpt-drop/data-layers-research-v1/city-portals.csv,https://www.arcgis.com/home/item.html?id=2347fa1f3fd9412dbf11aa6441ddca8b,"Exclude personal names, owner/applicant/contact data; art inventory licence does not clear artwork reproduction; modified date is not refresh frequency."
Curbs,Washington DC,GREEN,CC-BY 4.0,Attribution licence permits commercial use; exact version/item exceptions verify,Permitted subject to licence credit/notices; version verify,No outreach evidenced,~/Desktop/worldengine-gpt-drop/data-layers-research-v1/city-portals.csv,https://www.arcgis.com/home/item.html?id=36e2f3b0b35646539ea57290eb4bd771,"Exclude personal names, owner/applicant/contact data; art inventory licence does not clear artwork reproduction; modified date is not refresh frequency."
Street Lights,Washington DC,GREEN,CC-BY 4.0,Attribution licence permits commercial use; exact version/item exceptions verify,Permitted subject to licence credit/notices; version verify,No outreach evidenced,~/Desktop/worldengine-gpt-drop/data-layers-research-v1/city-portals.csv,https://www.arcgis.com/home/item.html?id=6cb6520725b0489d9a209a337818fad1,"Exclude personal names, owner/applicant/contact data; art inventory licence does not clear artwork reproduction; modified date is not refresh frequency."
Fire Hydrants,Washington DC,GREEN,CC-BY 4.0,Attribution licence permits commercial use; exact version/item exceptions verify,Permitted subject to licence credit/notices; version verify,No outreach evidenced,~/Desktop/worldengine-gpt-drop/data-layers-research-v1/city-portals.csv,https://www.arcgis.com/home/item.html?id=01d0ff375695466d93d1fa2a976e2bdd,"Exclude personal names, owner/applicant/contact data; art inventory licence does not clear artwork reproduction; modified date is not refresh frequency."
Zoning Boundaries,Washington DC,GREEN,CC-BY 4.0,Attribution licence permits commercial use; exact version/item exceptions verify,Permitted subject to licence credit/notices; version verify,No outreach evidenced,~/Desktop/worldengine-gpt-drop/data-layers-research-v1/city-portals.csv,https://www.arcgis.com/home/item.html?id=fd7c1d709bca4a9295b6fa5ec7d62446,"Exclude personal names, owner/applicant/contact data; art inventory licence does not clear artwork reproduction; modified date is not refresh frequency."
Parks and Recreation Areas,Washington DC,GREEN,CC-BY 4.0,Attribution licence permits commercial use; exact version/item exceptions verify,Permitted subject to licence credit/notices; version verify,No outreach evidenced,~/Desktop/worldengine-gpt-drop/data-layers-research-v1/city-portals.csv,https://www.arcgis.com/home/item.html?id=287eaa2ecbff4d699762bbc6795ffdca,"Exclude personal names, owner/applicant/contact data; art inventory licence does not clear artwork reproduction; modified date is not refresh frequency."
Building Permits 2025,Washington DC,GREEN,CC-BY 4.0,Attribution licence permits commercial use; exact version/item exceptions verify,Permitted subject to licence credit/notices; version verify,No outreach evidenced,~/Desktop/worldengine-gpt-drop/data-layers-research-v1/city-portals.csv,https://www.arcgis.com/home/item.html?id=4aeaaa42c5e04b58b87f07e4511766c1,"Exclude personal names, owner/applicant/contact data; art inventory licence does not clear artwork reproduction; modified date is not refresh frequency."
Bike Trails,Washington DC,GREEN,CC-BY 4.0,Attribution licence permits commercial use; exact version/item exceptions verify,Permitted subject to licence credit/notices; version verify,No outreach evidenced,~/Desktop/worldengine-gpt-drop/data-layers-research-v1/city-portals.csv,https://www.arcgis.com/home/item.html?id=e8c2b7ef54fb43d9a2ed1b0b75d0a14d,"Exclude personal names, owner/applicant/contact data; art inventory licence does not clear artwork reproduction; modified date is not refresh frequency."
Building Footprint 2 D,Miami–Fort Lauderdale–West Palm Beach,YELLOW,unclear,unclear,unclear,No outreach evidenced,~/Desktop/worldengine-gpt-drop/data-layers-research-v1/city-portals.csv,https://www.arcgis.com/home/item.html?id=d511e9ebc5aa4f49a23ff5fa2fb99786,"Exclude personal names, owner/applicant/contact data; art inventory licence does not clear artwork reproduction; modified date is not refresh frequency."
Parcels,Miami–Fort Lauderdale–West Palm Beach,YELLOW,unclear,unclear,unclear,No outreach evidenced,~/Desktop/worldengine-gpt-drop/data-layers-research-v1/city-portals.csv,https://www.arcgis.com/home/item.html?id=347bce97227c4b54b04a3e626b558950,"Exclude personal names, owner/applicant/contact data; art inventory licence does not clear artwork reproduction; modified date is not refresh frequency."
Sidewalks,Miami–Fort Lauderdale–West Palm Beach,YELLOW,unclear,unclear,unclear,No outreach evidenced,~/Desktop/worldengine-gpt-drop/data-layers-research-v1/city-portals.csv,https://www.arcgis.com/home/item.html?id=3b8f8359b0aa4fc08702da57a384d6e9,"Exclude personal names, owner/applicant/contact data; art inventory licence does not clear artwork reproduction; modified date is not refresh frequency."
County Zoning,Miami–Fort Lauderdale–West Palm Beach,YELLOW,unclear,unclear,unclear,No outreach evidenced,~/Desktop/worldengine-gpt-drop/data-layers-research-v1/city-portals.csv,https://www.arcgis.com/home/item.html?id=69bda17d8d1f48e58268103aebf86546,"Exclude personal names, owner/applicant/contact data; art inventory licence does not clear artwork reproduction; modified date is not refresh frequency."
Municipal Park Boundary,Miami–Fort Lauderdale–West Palm Beach,YELLOW,unclear,unclear,unclear,No outreach evidenced,~/Desktop/worldengine-gpt-drop/data-layers-research-v1/city-portals.csv,https://www.arcgis.com/home/item.html?id=16fe02a1defa45b28bf14a29fb5f0428,"Exclude personal names, owner/applicant/contact data; art inventory licence does not clear artwork reproduction; modified date is not refresh frequency."
Urban Tree Canopy GDB,Miami–Fort Lauderdale–West Palm Beach,YELLOW,unclear,unclear,unclear,No outreach evidenced,~/Desktop/worldengine-gpt-drop/data-layers-research-v1/city-portals.csv,https://www.arcgis.com/home/item.html?id=c96894abcb334f4e8a265b42108f9423,Remote canopy; no species
Neighborhood Street Tree Survey,Miami–Fort Lauderdale–West Palm Beach,YELLOW,unclear,unclear,unclear,No outreach evidenced,~/Desktop/worldengine-gpt-drop/data-layers-research-v1/city-portals.csv,https://www.arcgis.com/home/item.html?id=6ea698f43c474ecca0b042988686b7c6,Surveyextent/species/privacy verify
Park Finder,Miami–Fort Lauderdale–West Palm Beach,YELLOW,unclear,unclear,unclear,No outreach evidenced,~/Desktop/worldengine-gpt-drop/data-layers-research-v1/city-portals.csv,https://www.arcgis.com/home/item.html?id=53ab2e1dc49c44c7a8cf8320e8f9adf4,Photos have separate rights
Art in Public Places collection,Miami–Fort Lauderdale–West Palm Beach,YELLOW,unclear,unclear,unclear,No outreach evidenced,~/Desktop/worldengine-gpt-drop/data-layers-research-v1/city-portals.csv,https://miamidadepublicart.org/app/art/collection.page,Official non-ArcGIS catalogue https://miamidadepublicart.org/app/art/collection.page; artworkrightsseparate
County Park Boundary,Miami–Fort Lauderdale–West Palm Beach,YELLOW,unclear,unclear,unclear,No outreach evidenced,~/Desktop/worldengine-gpt-drop/data-layers-research-v1/city-portals.csv,https://www.arcgis.com/home/item.html?id=c50698a147e144b18621fcf6a072eb78,County inventory only; licence/frequency unclear
Building footprints,Philadelphia,YELLOW,unclear; as-is,unclear,unclear,No outreach evidenced,~/Desktop/worldengine-gpt-drop/data-layers-research-v1/city-portals.csv,https://www.arcgis.com/home/item.html?id=83fd50fdc0704488b58ea76e706ec0d7,"Exclude personal names, owner/applicant/contact data; art inventory licence does not clear artwork reproduction; modified date is not refresh frequency."
Bike Network,Philadelphia,YELLOW,unclear; as-is,unclear,unclear,No outreach evidenced,~/Desktop/worldengine-gpt-drop/data-layers-research-v1/city-portals.csv,https://www.arcgis.com/home/item.html?id=b5f660b9f0f44ced915995b6d49f6385,"Exclude personal names, owner/applicant/contact data; art inventory licence does not clear artwork reproduction; modified date is not refresh frequency."
PPR tree inventory 2024,Philadelphia,YELLOW,unclear; as-is,unclear,unclear,No outreach evidenced,~/Desktop/worldengine-gpt-drop/data-layers-research-v1/city-portals.csv,https://www.arcgis.com/home/item.html?id=503632092a0741bb92fbcde496722691,"Exclude personal names, owner/applicant/contact data; art inventory licence does not clear artwork reproduction; modified date is not refresh frequency."
Curblines,Philadelphia,YELLOW,unclear; as-is,unclear,unclear,No outreach evidenced,~/Desktop/worldengine-gpt-drop/data-layers-research-v1/city-portals.csv,https://www.arcgis.com/home/item.html?id=601e57cbc953459489670237f97173e6,"Exclude personal names, owner/applicant/contact data; art inventory licence does not clear artwork reproduction; modified date is not refresh frequency."
PPR Parks,Philadelphia,YELLOW,unclear,unclear,unclear,No outreach evidenced,~/Desktop/worldengine-gpt-drop/data-layers-research-v1/city-portals.csv,https://www.arcgis.com/home/item.html?id=86eedb61874843d0b822e9dea3a74839,"Exclude personal names, owner/applicant/contact data; art inventory licence does not clear artwork reproduction; modified date is not refresh frequency."
Percent for Art,Philadelphia,YELLOW,unclear; artcopyrightseparate,unclear,unclear,No outreach evidenced,~/Desktop/worldengine-gpt-drop/data-layers-research-v1/city-portals.csv,https://www.arcgis.com/home/item.html?id=1010b6a35688487589d08e00c99c0dbc,"Exclude personal names, owner/applicant/contact data; art inventory licence does not clear artwork reproduction; modified date is not refresh frequency."
Permits,Philadelphia,YELLOW,unclear; as-is,unclear,unclear,No outreach evidenced,~/Desktop/worldengine-gpt-drop/data-layers-research-v1/city-portals.csv,https://www.arcgis.com/home/item.html?id=7778f8535c744f9b9000c8be95bb6d84,"Exclude personal names, owner/applicant/contact data; art inventory licence does not clear artwork reproduction; modified date is not refresh frequency."
Street Centerline,Philadelphia,YELLOW,unclear; as-is,unclear,unclear,No outreach evidenced,~/Desktop/worldengine-gpt-drop/data-layers-research-v1/city-portals.csv,https://www.arcgis.com/home/item.html?id=c36d828494cd44b5bd8b038be696c839,"Exclude personal names, owner/applicant/contact data; art inventory licence does not clear artwork reproduction; modified date is not refresh frequency."
PWD Parcels,Philadelphia,YELLOW,unclear; as-is,unclear,unclear,No outreach evidenced,~/Desktop/worldengine-gpt-drop/data-layers-research-v1/city-portals.csv,https://www.arcgis.com/home/item.html?id=84baed491de44f539889f2af178ad85c,"Exclude personal names, owner/applicant/contact data; art inventory licence does not clear artwork reproduction; modified date is not refresh frequency."
Tree Canopy Change 2008–2018,Philadelphia,YELLOW,unclear,unclear,unclear,No outreach evidenced,~/Desktop/worldengine-gpt-drop/data-layers-research-v1/city-portals.csv,https://www.arcgis.com/home/item.html?id=de383e47c72045cbbd9af780d1117ff3,"Exclude personal names, owner/applicant/contact data; art inventory licence does not clear artwork reproduction; modified date is not refresh frequency."
Street Light Poles,Phoenix,YELLOW,CC-BY versionunclear,Attribution licence permits commercial use; exact version/item exceptions verify,Permitted subject to licence credit/notices; version verify,No outreach evidenced,~/Desktop/worldengine-gpt-drop/data-layers-research-v1/city-portals.csv,https://www.phoenixopendata.com/dataset/street-light-poles,"Exclude personal names, owner/applicant/contact data; art inventory licence does not clear artwork reproduction; modified date is not refresh frequency."
Street Lights,Phoenix,YELLOW,CC-BY versionunclear,Attribution licence permits commercial use; exact version/item exceptions verify,Permitted subject to licence credit/notices; version verify,No outreach evidenced,~/Desktop/worldengine-gpt-drop/data-layers-research-v1/city-portals.csv,https://www.phoenixopendata.com/dataset/street-lights,"Exclude personal names, owner/applicant/contact data; art inventory licence does not clear artwork reproduction; modified date is not refresh frequency."
Bikeways,Phoenix,YELLOW,CC-BY versionunclear,Attribution licence permits commercial use; exact version/item exceptions verify,Permitted subject to licence credit/notices; version verify,No outreach evidenced,~/Desktop/worldengine-gpt-drop/data-layers-research-v1/city-portals.csv,https://www.phoenixopendata.com/dataset/str-bikeways,"Exclude personal names, owner/applicant/contact data; art inventory licence does not clear artwork reproduction; modified date is not refresh frequency."
Dog Parks,Phoenix,YELLOW,CC-BY versionunclear,Attribution licence permits commercial use; exact version/item exceptions verify,Permitted subject to licence credit/notices; version verify,No outreach evidenced,~/Desktop/worldengine-gpt-drop/data-layers-research-v1/city-portals.csv,https://www.phoenixopendata.com/dataset/dog-parks,"Exclude personal names, owner/applicant/contact data; art inventory licence does not clear artwork reproduction; modified date is not refresh frequency."
Parks Boundaries,Phoenix,YELLOW,CC-BY versionunclear,Attribution licence permits commercial use; exact version/item exceptions verify,Permitted subject to licence credit/notices; version verify,No outreach evidenced,~/Desktop/worldengine-gpt-drop/data-layers-research-v1/city-portals.csv,https://www.phoenixopendata.com/dataset/parks-boundaries,"Exclude personal names, owner/applicant/contact data; art inventory licence does not clear artwork reproduction; modified date is not refresh frequency."
Street Centerline,Phoenix,YELLOW,CC-BY versionunclear,Attribution licence permits commercial use; exact version/item exceptions verify,Permitted subject to licence credit/notices; version verify,No outreach evidenced,~/Desktop/worldengine-gpt-drop/data-layers-research-v1/city-portals.csv,https://www.phoenixopendata.com/dataset/street-centerline,"Exclude personal names, owner/applicant/contact data; art inventory licence does not clear artwork reproduction; modified date is not refresh frequency."
City Parcels,Phoenix,YELLOW,CC-BY versionunclear,Attribution licence permits commercial use; exact version/item exceptions verify,Permitted subject to licence credit/notices; version verify,No outreach evidenced,~/Desktop/worldengine-gpt-drop/data-layers-research-v1/city-portals.csv,https://www.phoenixopendata.com/dataset/city-parcels,"Exclude personal names, owner/applicant/contact data; art inventory licence does not clear artwork reproduction; modified date is not refresh frequency."
Zoning,Phoenix,YELLOW,CC-BY versionunclear,Attribution licence permits commercial use; exact version/item exceptions verify,Permitted subject to licence credit/notices; version verify,No outreach evidenced,~/Desktop/worldengine-gpt-drop/data-layers-research-v1/city-portals.csv,https://www.phoenixopendata.com/dataset/zoning,"Exclude personal names, owner/applicant/contact data; art inventory licence does not clear artwork reproduction; modified date is not refresh frequency."
Traffic Restrictions Streets,Phoenix,YELLOW,CC-BY versionunclear,Attribution licence permits commercial use; exact version/item exceptions verify,Permitted subject to licence credit/notices; version verify,No outreach evidenced,~/Desktop/worldengine-gpt-drop/data-layers-research-v1/city-portals.csv,https://www.phoenixopendata.com/dataset/traffic-restrictions-streets,"Exclude personal names, owner/applicant/contact data; art inventory licence does not clear artwork reproduction; modified date is not refresh frequency."
Public Art Plan,Phoenix,YELLOW,CC-BY versionunclear,Attribution licence permits commercial use; exact version/item exceptions verify,Permitted subject to licence credit/notices; version verify,No outreach evidenced,~/Desktop/worldengine-gpt-drop/data-layers-research-v1/city-portals.csv,https://www.phoenixopendata.com/dataset/public-art-plan,"Exclude personal names, owner/applicant/contact data; art inventory licence does not clear artwork reproduction; modified date is not refresh frequency."
BPRD Trees,Boston,GREEN,PDDL,Permitted for dataset under stated dedication/waiver; third-party rights separate,Permitted for covered data; art/media separate,No outreach evidenced,~/Desktop/worldengine-gpt-drop/data-layers-research-v1/city-portals.csv,https://data.boston.gov/dataset/bprd-trees,"Exclude personal names, owner/applicant/contact data; art inventory licence does not clear artwork reproduction; modified date is not refresh frequency."
3 D Buildings Existing,Boston,GREEN,PDDL,Permitted for dataset under stated dedication/waiver; third-party rights separate,Permitted for covered data; art/media separate,No outreach evidenced,~/Desktop/worldengine-gpt-drop/data-layers-research-v1/city-portals.csv,https://data.boston.gov/dataset/boston-3d-buildings-existing,"Exclude personal names, owner/applicant/contact data; art inventory licence does not clear artwork reproduction; modified date is not refresh frequency."
Buildings with Roof Breaks,Boston,GREEN,PDDL,Permitted for dataset under stated dedication/waiver; third-party rights separate,Permitted for covered data; art/media separate,No outreach evidenced,~/Desktop/worldengine-gpt-drop/data-layers-research-v1/city-portals.csv,https://data.boston.gov/dataset/boston-buildings-with-roof-breaks,"Exclude personal names, owner/applicant/contact data; art inventory licence does not clear artwork reproduction; modified date is not refresh frequency."
Sidewalk Inventory,Boston,GREEN,PDDL,Permitted for dataset under stated dedication/waiver; third-party rights separate,Permitted for covered data; art/media separate,No outreach evidenced,~/Desktop/worldengine-gpt-drop/data-layers-research-v1/city-portals.csv,https://data.boston.gov/dataset/sidewalk-inventory,"Exclude personal names, owner/applicant/contact data; art inventory licence does not clear artwork reproduction; modified date is not refresh frequency."
Fire Hydrants,Boston,GREEN,PDDL,Permitted for dataset under stated dedication/waiver; third-party rights separate,Permitted for covered data; art/media separate,No outreach evidenced,~/Desktop/worldengine-gpt-drop/data-layers-research-v1/city-portals.csv,https://data.boston.gov/dataset/fire-hydrants,"Exclude personal names, owner/applicant/contact data; art inventory licence does not clear artwork reproduction; modified date is not refresh frequency."
Park Features,Boston,GREEN,PDDL,Permitted for dataset under stated dedication/waiver; third-party rights separate,Permitted for covered data; art/media separate,No outreach evidenced,~/Desktop/worldengine-gpt-drop/data-layers-research-v1/city-portals.csv,https://data.boston.gov/dataset/park-features,"Exclude personal names, owner/applicant/contact data; art inventory licence does not clear artwork reproduction; modified date is not refresh frequency."
Approved Building Permits,Boston,GREEN,PDDL,Permitted for dataset under stated dedication/waiver; third-party rights separate,Permitted for covered data; art/media separate,No outreach evidenced,~/Desktop/worldengine-gpt-drop/data-layers-research-v1/city-portals.csv,https://data.boston.gov/dataset/approved-building-permits,"Exclude personal names, owner/applicant/contact data; art inventory licence does not clear artwork reproduction; modified date is not refresh frequency."
Existing Bike Network 2024,Boston,GREEN,PDDL,Permitted for dataset under stated dedication/waiver; third-party rights separate,Permitted for covered data; art/media separate,No outreach evidenced,~/Desktop/worldengine-gpt-drop/data-layers-research-v1/city-portals.csv,https://data.boston.gov/dataset/existing-bike-network-2024,"Exclude personal names, owner/applicant/contact data; art inventory licence does not clear artwork reproduction; modified date is not refresh frequency."
Parcels 2025,Boston,GREEN,PDDL,Permitted for dataset under stated dedication/waiver; third-party rights separate,Permitted for covered data; art/media separate,No outreach evidenced,~/Desktop/worldengine-gpt-drop/data-layers-research-v1/city-portals.csv,https://data.boston.gov/dataset/parcels-2025,"Exclude personal names, owner/applicant/contact data; art inventory licence does not clear artwork reproduction; modified date is not refresh frequency."
Stair Free Park Entrances,Boston,GREEN,PDDL,Permitted for dataset under stated dedication/waiver; third-party rights separate,Permitted for covered data; art/media separate,No outreach evidenced,~/Desktop/worldengine-gpt-drop/data-layers-research-v1/city-portals.csv,https://data.boston.gov/dataset/bprd-accessible-park-entrances,"Exclude personal names, owner/applicant/contact data; art inventory licence does not clear artwork reproduction; modified date is not refresh frequency."
Building Footprints,Riverside–San Bernardino,YELLOW,unclear; upstream Microsoftverify,unclear,unclear,No outreach evidenced,~/Desktop/worldengine-gpt-drop/data-layers-research-v1/city-portals.csv,https://www.arcgis.com/home/item.html?id=5374678d10a744eb998bc0deec5445ba,"Exclude personal names, owner/applicant/contact data; art inventory licence does not clear artwork reproduction; modified date is not refresh frequency."
Parcels,Riverside–San Bernardino,YELLOW,unclear,unclear,unclear,No outreach evidenced,~/Desktop/worldengine-gpt-drop/data-layers-research-v1/city-portals.csv,https://www.arcgis.com/home/item.html?id=778c8b6ffa4f41fba2e714a132aa3751,"Exclude personal names, owner/applicant/contact data; art inventory licence does not clear artwork reproduction; modified date is not refresh frequency."
Parks,Riverside–San Bernardino,YELLOW,Public use only; commercialscopeunclear,unclear,unclear,No outreach evidenced,~/Desktop/worldengine-gpt-drop/data-layers-research-v1/city-portals.csv,https://www.arcgis.com/home/item.html?id=083a48cbbec24c3da5c7c09f0daab88c,"Exclude personal names, owner/applicant/contact data; art inventory licence does not clear artwork reproduction; modified date is not refresh frequency."
Outer Spatial Trails,Riverside–San Bernardino,YELLOW,unclear,unclear,unclear,No outreach evidenced,~/Desktop/worldengine-gpt-drop/data-layers-research-v1/city-portals.csv,https://www.arcgis.com/home/item.html?id=fc96b53df0d84084940cd4b15bf81526,"Exclude personal names, owner/applicant/contact data; art inventory licence does not clear artwork reproduction; modified date is not refresh frequency."
Outer Spatial POIs,Riverside–San Bernardino,YELLOW,unclear,unclear,unclear,No outreach evidenced,~/Desktop/worldengine-gpt-drop/data-layers-research-v1/city-portals.csv,https://www.arcgis.com/home/item.html?id=94de1edfafe94bd5b04972f27d01da0f,"Exclude personal names, owner/applicant/contact data; art inventory licence does not clear artwork reproduction; modified date is not refresh frequency."
Centerlines,Riverside–San Bernardino,YELLOW,Public use; commercialscopeunclear,unclear,unclear,No outreach evidenced,~/Desktop/worldengine-gpt-drop/data-layers-research-v1/city-portals.csv,https://www.arcgis.com/home/item.html?id=67eb1064609f4a30b4a707413f73d512,"Exclude personal names, owner/applicant/contact data; art inventory licence does not clear artwork reproduction; modified date is not refresh frequency."
Permits,Riverside–San Bernardino,YELLOW,Public use; commercialscopeunclear,unclear,unclear,No outreach evidenced,~/Desktop/worldengine-gpt-drop/data-layers-research-v1/city-portals.csv,https://www.arcgis.com/home/item.html?id=cd4aa86406fd49508f45f3714c14196c,"Exclude personal names, owner/applicant/contact data; art inventory licence does not clear artwork reproduction; modified date is not refresh frequency."
District Tree Inventory 2024,Riverside–San Bernardino,YELLOW,unclear,unclear,unclear,No outreach evidenced,~/Desktop/worldengine-gpt-drop/data-layers-research-v1/city-portals.csv,https://www.arcgis.com/home/item.html?id=331e30a38c094261b00d5cc5cae9a059,"Exclude personal names, owner/applicant/contact data; art inventory licence does not clear artwork reproduction; modified date is not refresh frequency."
Tree Vine 2020,Riverside–San Bernardino,YELLOW,unclear,unclear,unclear,No outreach evidenced,~/Desktop/worldengine-gpt-drop/data-layers-research-v1/city-portals.csv,https://www.arcgis.com/home/item.html?id=6cb468717c994dcaa83ea33d4e802224,Agriculturalinterpretation/purposeverify
RRU Hydrants,Riverside–San Bernardino,YELLOW,unclear,unclear,unclear,No outreach evidenced,~/Desktop/worldengine-gpt-drop/data-layers-research-v1/city-portals.csv,https://www.arcgis.com/home/item.html?id=19b6e31e1482466aaf294b13ce12aec1,"Exclude personal names, owner/applicant/contact data; art inventory licence does not clear artwork reproduction; modified date is not refresh frequency."
Street Tree Inventory,San Francisco–Oakland,GREEN,PDDL,Permitted for dataset under stated dedication/waiver; third-party rights separate,Permitted for covered data; art/media separate,No outreach evidenced,~/Desktop/worldengine-gpt-drop/data-layers-research-v1/city-portals.csv,https://data.sf.gov/d/tkzw-k3nq,"Exclude personal names, owner/applicant/contact data; art inventory licence does not clear artwork reproduction; modified date is not refresh frequency."
Building Footprints,San Francisco–Oakland,GREEN,PDDL,Permitted for dataset under stated dedication/waiver; third-party rights separate,Permitted for covered data; art/media separate,No outreach evidenced,~/Desktop/worldengine-gpt-drop/data-layers-research-v1/city-portals.csv,https://data.sf.gov/d/ynuv-fyni,"Exclude personal names, owner/applicant/contact data; art inventory licence does not clear artwork reproduction; modified date is not refresh frequency."
Tall Building Inventory,San Francisco–Oakland,GREEN,PDDL,Permitted for dataset under stated dedication/waiver; third-party rights separate,Permitted for covered data; art/media separate,No outreach evidenced,~/Desktop/worldengine-gpt-drop/data-layers-research-v1/city-portals.csv,https://data.sf.gov/d/5kya-mfst,"Exclude personal names, owner/applicant/contact data; art inventory licence does not clear artwork reproduction; modified date is not refresh frequency."
Curb Ramps,San Francisco–Oakland,GREEN,PDDL,Permitted for dataset under stated dedication/waiver; third-party rights separate,Permitted for covered data; art/media separate,No outreach evidenced,~/Desktop/worldengine-gpt-drop/data-layers-research-v1/city-portals.csv,https://data.sf.gov/d/ch9w-7kih,"Exclude personal names, owner/applicant/contact data; art inventory licence does not clear artwork reproduction; modified date is not refresh frequency."
Street Signs,San Francisco–Oakland,GREEN,PDDL,Permitted for dataset under stated dedication/waiver; third-party rights separate,Permitted for covered data; art/media separate,No outreach evidenced,~/Desktop/worldengine-gpt-drop/data-layers-research-v1/city-portals.csv,https://data.sf.gov/d/m48z-6ji4,"Exclude personal names, owner/applicant/contact data; art inventory licence does not clear artwork reproduction; modified date is not refresh frequency."
Traffic Signals,San Francisco–Oakland,GREEN,PDDL,Permitted for dataset under stated dedication/waiver; third-party rights separate,Permitted for covered data; art/media separate,No outreach evidenced,~/Desktop/worldengine-gpt-drop/data-layers-research-v1/city-portals.csv,https://data.sf.gov/d/ybh5-27n2,"Exclude personal names, owner/applicant/contact data; art inventory licence does not clear artwork reproduction; modified date is not refresh frequency."
Slow Streets,San Francisco–Oakland,GREEN,PDDL,Permitted for dataset under stated dedication/waiver; third-party rights separate,Permitted for covered data; art/media separate,No outreach evidenced,~/Desktop/worldengine-gpt-drop/data-layers-research-v1/city-portals.csv,https://data.sf.gov/d/hkz3-itiu,"Exclude personal names, owner/applicant/contact data; art inventory licence does not clear artwork reproduction; modified date is not refresh frequency."
RPD Parks,San Francisco–Oakland,GREEN,PDDL,Permitted for dataset under stated dedication/waiver; third-party rights separate,Permitted for covered data; art/media separate,No outreach evidenced,~/Desktop/worldengine-gpt-drop/data-layers-research-v1/city-portals.csv,https://data.sf.gov/d/3nje-yn2u,"Exclude personal names, owner/applicant/contact data; art inventory licence does not clear artwork reproduction; modified date is not refresh frequency."
Civic Art Collection,San Francisco–Oakland,GREEN,PDDL,Permitted for dataset under stated dedication/waiver; third-party rights separate,Permitted for covered data; art/media separate,No outreach evidenced,~/Desktop/worldengine-gpt-drop/data-layers-research-v1/city-portals.csv,https://data.sf.gov/d/r7bn-7v9c,"Exclude personal names, owner/applicant/contact data; art inventory licence does not clear artwork reproduction; modified date is not refresh frequency."
Permit SF Permitting Data,San Francisco–Oakland,GREEN,PDDL,Permitted for dataset under stated dedication/waiver; third-party rights separate,Permitted for covered data; art/media separate,No outreach evidenced,~/Desktop/worldengine-gpt-drop/data-layers-research-v1/city-portals.csv,https://data.sf.gov/d/tyz3-vt28,"Exclude personal names, owner/applicant/contact data; art inventory licence does not clear artwork reproduction; modified date is not refresh frequency."
Parcels Current,Detroit,YELLOW,unclear,unclear,unclear,No outreach evidenced,~/Desktop/worldengine-gpt-drop/data-layers-research-v1/city-portals.csv,https://www.arcgis.com/home/item.html?id=3c784c118e5c4083b37038e9b38573df,"Exclude personal names, owner/applicant/contact data; art inventory licence does not clear artwork reproduction; modified date is not refresh frequency."
Building Footprints Public Safety,Detroit,YELLOW,unclear,unclear,unclear,No outreach evidenced,~/Desktop/worldengine-gpt-drop/data-layers-research-v1/city-portals.csv,https://www.arcgis.com/home/item.html?id=00514a20422a4d089af8bb72129992cc,"Exclude personal names, owner/applicant/contact data; art inventory licence does not clear artwork reproduction; modified date is not refresh frequency."
Zoning,Detroit,YELLOW,unclear,unclear,unclear,No outreach evidenced,~/Desktop/worldengine-gpt-drop/data-layers-research-v1/city-portals.csv,https://www.arcgis.com/home/item.html?id=99527307190240aa98bba80116273fb0,"Exclude personal names, owner/applicant/contact data; art inventory licence does not clear artwork reproduction; modified date is not refresh frequency."
Building Permits,Detroit,YELLOW,unclear,unclear,unclear,No outreach evidenced,~/Desktop/worldengine-gpt-drop/data-layers-research-v1/city-portals.csv,https://www.arcgis.com/home/item.html?id=86d47e86062e4beeb19344eb125b75d2,"Exclude personal names, owner/applicant/contact data; art inventory licence does not clear artwork reproduction; modified date is not refresh frequency."
Parks,Detroit,YELLOW,unclear,unclear,unclear,No outreach evidenced,~/Desktop/worldengine-gpt-drop/data-layers-research-v1/city-portals.csv,https://www.arcgis.com/home/item.html?id=848e3885682a4b1aa9b156c172b1cfda,"Exclude personal names, owner/applicant/contact data; art inventory licence does not clear artwork reproduction; modified date is not refresh frequency."
Bike Lanes,Detroit,YELLOW,unclear,unclear,unclear,No outreach evidenced,~/Desktop/worldengine-gpt-drop/data-layers-research-v1/city-portals.csv,https://data.detroitmi.gov/datasets/detroitmi::bike-lanes/about?layer=0,Replacement https://data.detroitmi.gov/datasets/detroitmi::bike-lanes/about?layer=0; old item deprecated
Demolition Permits,Detroit,YELLOW,unclear,unclear,unclear,No outreach evidenced,~/Desktop/worldengine-gpt-drop/data-layers-research-v1/city-portals.csv,https://www.arcgis.com/home/item.html?id=56b20af695134bd1b4ab65e1876ae79b,"Exclude personal names, owner/applicant/contact data; art inventory licence does not clear artwork reproduction; modified date is not refresh frequency."
ROW Street Alley Vacations,Detroit,YELLOW,unclear,unclear,unclear,No outreach evidenced,~/Desktop/worldengine-gpt-drop/data-layers-research-v1/city-portals.csv,https://www.arcgis.com/home/item.html?id=9e10f5a206224db69af575f49b423271,"Exclude personal names, owner/applicant/contact data; art inventory licence does not clear artwork reproduction; modified date is not refresh frequency."
ROW Street Alley Openings,Detroit,YELLOW,unclear,unclear,unclear,No outreach evidenced,~/Desktop/worldengine-gpt-drop/data-layers-research-v1/city-portals.csv,https://www.arcgis.com/home/item.html?id=b72f629024f84a94a12d673366e912f0,"Exclude personal names, owner/applicant/contact data; art inventory licence does not clear artwork reproduction; modified date is not refresh frequency."
Parks Rec,Detroit,YELLOW,unclear,unclear,unclear,No outreach evidenced,~/Desktop/worldengine-gpt-drop/data-layers-research-v1/city-portals.csv,https://www.arcgis.com/home/item.html?id=0296d27caee741de9c85c24da444941d,"Exclude personal names, owner/applicant/contact data; art inventory licence does not clear artwork reproduction; modified date is not refresh frequency."
Tree Canopy 2016/2021 Block Groups,Seattle,YELLOW,unclear,unclear,unclear,No outreach evidenced,~/Desktop/worldengine-gpt-drop/data-layers-research-v1/city-portals.csv,https://data.seattle.gov/d/az78-wea3,"Exclude personal names, owner/applicant/contact data; art inventory licence does not clear artwork reproduction; modified date is not refresh frequency."
GSP Forest Monitoring Trees,Seattle,YELLOW,unclear,unclear,unclear,No outreach evidenced,~/Desktop/worldengine-gpt-drop/data-layers-research-v1/city-portals.csv,https://data.seattle.gov/d/4cj2-q4dx,Sampleplots notcomplete streettrees
Missing Sidewalks,Seattle,YELLOW,unclear,unclear,unclear,No outreach evidenced,~/Desktop/worldengine-gpt-drop/data-layers-research-v1/city-portals.csv,https://data.seattle.gov/d/eqw3-998w,"Exclude personal names, owner/applicant/contact data; art inventory licence does not clear artwork reproduction; modified date is not refresh frequency."
Substandard Sidewalks,Seattle,YELLOW,unclear,unclear,unclear,No outreach evidenced,~/Desktop/worldengine-gpt-drop/data-layers-research-v1/city-portals.csv,https://data.seattle.gov/d/6dya-3qec,"Exclude personal names, owner/applicant/contact data; art inventory licence does not clear artwork reproduction; modified date is not refresh frequency."
Streetlight Repair Status,Seattle,YELLOW,unclear,unclear,unclear,No outreach evidenced,~/Desktop/worldengine-gpt-drop/data-layers-research-v1/city-portals.csv,https://data.seattle.gov/d/ryje-ciqm,"Exclude personal names, owner/applicant/contact data; art inventory licence does not clear artwork reproduction; modified date is not refresh frequency."
Existing Bike Facilities,Seattle,YELLOW,unclear,unclear,unclear,No outreach evidenced,~/Desktop/worldengine-gpt-drop/data-layers-research-v1/city-portals.csv,https://data.seattle.gov/d/ps9f-mixf,"Exclude personal names, owner/applicant/contact data; art inventory licence does not clear artwork reproduction; modified date is not refresh frequency."
Multi-use Trails Seattle Only,Seattle,YELLOW,unclear,unclear,unclear,No outreach evidenced,~/Desktop/worldengine-gpt-drop/data-layers-research-v1/city-portals.csv,https://data.seattle.gov/d/cffr-vg49,"Exclude personal names, owner/applicant/contact data; art inventory licence does not clear artwork reproduction; modified date is not refresh frequency."
King County Tax Parcels Seattle overlays,Seattle,YELLOW,unclear,unclear,unclear,No outreach evidenced,~/Desktop/worldengine-gpt-drop/data-layers-research-v1/city-portals.csv,https://data.seattle.gov/d/gukm-4mcu,"Exclude personal names, owner/applicant/contact data; art inventory licence does not clear artwork reproduction; modified date is not refresh frequency."
Paid Parking Occupancy Last 30 Days,Seattle,GREEN,Public Domain,Permitted for dataset under stated dedication/waiver; third-party rights separate,Permitted for covered data; art/media separate,No outreach evidenced,~/Desktop/worldengine-gpt-drop/data-layers-research-v1/city-portals.csv,https://data.seattle.gov/d/xkas-9n43,"Exclude personal names, owner/applicant/contact data; art inventory licence does not clear artwork reproduction; modified date is not refresh frequency."
Building Certificates of Occupancy,Seattle,GREEN,Public Domain,Permitted for dataset under stated dedication/waiver; third-party rights separate,Permitted for covered data; art/media separate,No outreach evidenced,~/Desktop/worldengine-gpt-drop/data-layers-research-v1/city-portals.csv,https://data.seattle.gov/d/axkr-2p68,"Exclude personal names, owner/applicant/contact data; art inventory licence does not clear artwork reproduction; modified date is not refresh frequency."
Street Centerline,Minneapolis–St Paul,YELLOW,CC 0,Permitted for dataset under stated dedication/waiver; third-party rights separate,Permitted for covered data; art/media separate,No outreach evidenced,~/Desktop/worldengine-gpt-drop/data-layers-research-v1/city-portals.csv,https://www.arcgis.com/home/item.html?id=ec28f7083c9346bf8a9fe44f8546c055,"Exclude personal names, owner/applicant/contact data; art inventory licence does not clear artwork reproduction; modified date is not refresh frequency."
Public Art Full Inventory,Minneapolis–St Paul,YELLOW,unclear; itemblank/artworkseparate,unclear,unclear,No outreach evidenced,~/Desktop/worldengine-gpt-drop/data-layers-research-v1/city-portals.csv,https://www.arcgis.com/home/item.html?id=80ba8b6ae8a248af8fb8b3e005fd5782,"Exclude personal names, owner/applicant/contact data; art inventory licence does not clear artwork reproduction; modified date is not refresh frequency."
Parks,Minneapolis–St Paul,YELLOW,CC 0,Permitted for dataset under stated dedication/waiver; third-party rights separate,Permitted for covered data; art/media separate,No outreach evidenced,~/Desktop/worldengine-gpt-drop/data-layers-research-v1/city-portals.csv,https://www.arcgis.com/home/item.html?id=a1847c4cc69940f99b46b16e2b4fe7e3,"Exclude personal names, owner/applicant/contact data; art inventory licence does not clear artwork reproduction; modified date is not refresh frequency."
Existing Bikeways,Minneapolis–St Paul,YELLOW,unclear; portal CC 0 scopeverify,unclear,unclear,No outreach evidenced,~/Desktop/worldengine-gpt-drop/data-layers-research-v1/city-portals.csv,https://www.arcgis.com/home/item.html?id=c51b1fc23c3940ff8dc1eacc1783c125,"Exclude personal names, owner/applicant/contact data; art inventory licence does not clear artwork reproduction; modified date is not refresh frequency."
Tree Canopy,Minneapolis–St Paul,YELLOW,unclear; universitypartner/portal CC 0 scopeverify,unclear,unclear,No outreach evidenced,~/Desktop/worldengine-gpt-drop/data-layers-research-v1/city-portals.csv,https://www.arcgis.com/home/item.html?id=586ccb42d78045369a5763ffdc833816,"Exclude personal names, owner/applicant/contact data; art inventory licence does not clear artwork reproduction; modified date is not refresh frequency."
Hydrants,Minneapolis–St Paul,YELLOW,CC 0,Permitted for dataset under stated dedication/waiver; third-party rights separate,Permitted for covered data; art/media separate,No outreach evidenced,~/Desktop/worldengine-gpt-drop/data-layers-research-v1/city-portals.csv,https://www.arcgis.com/home/item.html?id=4d7fc1675df843c7bbf3b63f77bc19dc,"Exclude personal names, owner/applicant/contact data; art inventory licence does not clear artwork reproduction; modified date is not refresh frequency."
Assessing Parcel Data 2025,Minneapolis–St Paul,YELLOW,CC 0,Permitted for dataset under stated dedication/waiver; third-party rights separate,Permitted for covered data; art/media separate,No outreach evidenced,~/Desktop/worldengine-gpt-drop/data-layers-research-v1/city-portals.csv,https://www.arcgis.com/home/item.html?id=64383942df1148bea53db4823770f145,"Exclude personal names, owner/applicant/contact data; art inventory licence does not clear artwork reproduction; modified date is not refresh frequency."
Parking Meter Inventory,Minneapolis–St Paul,YELLOW,unclear; portal CC 0 scopeverify,unclear,unclear,No outreach evidenced,~/Desktop/worldengine-gpt-drop/data-layers-research-v1/city-portals.csv,https://www.arcgis.com/home/item.html?id=ce8f3fa014ae464e861ee74615bae4b0,"Exclude personal names, owner/applicant/contact data; art inventory licence does not clear artwork reproduction; modified date is not refresh frequency."
Primary Zoning,Minneapolis–St Paul,YELLOW,CC 0,Permitted for dataset under stated dedication/waiver; third-party rights separate,Permitted for covered data; art/media separate,No outreach evidenced,~/Desktop/worldengine-gpt-drop/data-layers-research-v1/city-portals.csv,https://www.arcgis.com/home/item.html?id=5dd8138c953a4555b17caf44d777c5fb,"Exclude personal names, owner/applicant/contact data; art inventory licence does not clear artwork reproduction; modified date is not refresh frequency."
ROW Utility Sidewalk Permits,Minneapolis–St Paul,YELLOW,unclear; portal CC 0 scopeverify,unclear,unclear,No outreach evidenced,~/Desktop/worldengine-gpt-drop/data-layers-research-v1/city-portals.csv,https://www.arcgis.com/home/item.html?id=033c8e380fe54fc7a3da596871bcf7e8,"Exclude personal names, owner/applicant/contact data; art inventory licence does not clear artwork reproduction; modified date is not refresh frequency."
Road Centerline,Tampa–St Petersburg,YELLOW,CC 0,Permitted for dataset under stated dedication/waiver; third-party rights separate,Permitted for covered data; art/media separate,No outreach evidenced,~/Desktop/worldengine-gpt-drop/data-layers-research-v1/city-portals.csv,https://www.arcgis.com/home/item.html?id=2d9fb3b3408a44e4b03db351c84a35c5,"Exclude personal names, owner/applicant/contact data; art inventory licence does not clear artwork reproduction; modified date is not refresh frequency."
Water Fire Hydrants,Tampa–St Petersburg,YELLOW,CC 0,Permitted for dataset under stated dedication/waiver; third-party rights separate,Permitted for covered data; art/media separate,No outreach evidenced,~/Desktop/worldengine-gpt-drop/data-layers-research-v1/city-portals.csv,https://www.arcgis.com/home/item.html?id=5db4ba035d304f4886285ae5994f52b2,"Exclude personal names, owner/applicant/contact data; art inventory licence does not clear artwork reproduction; modified date is not refresh frequency."
Sidewalk,Tampa–St Petersburg,YELLOW,CC 0,Permitted for dataset under stated dedication/waiver; third-party rights separate,Permitted for covered data; art/media separate,No outreach evidenced,~/Desktop/worldengine-gpt-drop/data-layers-research-v1/city-portals.csv,https://www.arcgis.com/home/item.html?id=657e05f5df8742318e402ae186575741,"Exclude personal names, owner/applicant/contact data; art inventory licence does not clear artwork reproduction; modified date is not refresh frequency."
Building Footprint,Tampa–St Petersburg,YELLOW,CC 0,Permitted for dataset under stated dedication/waiver; third-party rights separate,Permitted for covered data; art/media separate,No outreach evidenced,~/Desktop/worldengine-gpt-drop/data-layers-research-v1/city-portals.csv,https://www.arcgis.com/home/item.html?id=6717b84e1b7742c894455b7a5dfed41e,"Exclude personal names, owner/applicant/contact data; art inventory licence does not clear artwork reproduction; modified date is not refresh frequency."
Park Recreation Areas,Tampa–St Petersburg,YELLOW,CC 0,Permitted for dataset under stated dedication/waiver; third-party rights separate,Permitted for covered data; art/media separate,No outreach evidenced,~/Desktop/worldengine-gpt-drop/data-layers-research-v1/city-portals.csv,https://www.arcgis.com/home/item.html?id=351c1188773d4416b03f24bc2e85f1a7,"Exclude personal names, owner/applicant/contact data; art inventory licence does not clear artwork reproduction; modified date is not refresh frequency."
Parking Pay Stations,Tampa–St Petersburg,YELLOW,CC 0,Permitted for dataset under stated dedication/waiver; third-party rights separate,Permitted for covered data; art/media separate,No outreach evidenced,~/Desktop/worldengine-gpt-drop/data-layers-research-v1/city-portals.csv,https://www.arcgis.com/home/item.html?id=32093acbe0904b19a5e3ea349525ef0a,"Exclude personal names, owner/applicant/contact data; art inventory licence does not clear artwork reproduction; modified date is not refresh frequency."
Parking Garages/Lots,Tampa–St Petersburg,YELLOW,CC 0,Permitted for dataset under stated dedication/waiver; third-party rights separate,Permitted for covered data; art/media separate,No outreach evidenced,~/Desktop/worldengine-gpt-drop/data-layers-research-v1/city-portals.csv,https://www.arcgis.com/home/item.html?id=d6a95b03aefa42779fb39dfd021f7b19,"Exclude personal names, owner/applicant/contact data; art inventory licence does not clear artwork reproduction; modified date is not refresh frequency."
Single Family Permits,Tampa–St Petersburg,YELLOW,CC 0,Permitted for dataset under stated dedication/waiver; third-party rights separate,Permitted for covered data; art/media separate,No outreach evidenced,~/Desktop/worldengine-gpt-drop/data-layers-research-v1/city-portals.csv,https://www.arcgis.com/home/item.html?id=3a025f4287f14e37b6a9dc55100031f1,"Exclude personal names, owner/applicant/contact data; art inventory licence does not clear artwork reproduction; modified date is not refresh frequency."
Bike Lanes,Tampa–St Petersburg,YELLOW,CC 0,Permitted for dataset under stated dedication/waiver; third-party rights separate,Permitted for covered data; art/media separate,No outreach evidenced,~/Desktop/worldengine-gpt-drop/data-layers-research-v1/city-portals.csv,https://www.arcgis.com/home/item.html?id=d54aac9d4559488fa439e454df5f09ce,"Exclude personal names, owner/applicant/contact data; art inventory licence does not clear artwork reproduction; modified date is not refresh frequency."
Stormwater Curbed Streets,Tampa–St Petersburg,YELLOW,CC 0,Permitted for dataset under stated dedication/waiver; third-party rights separate,Permitted for covered data; art/media separate,No outreach evidenced,~/Desktop/worldengine-gpt-drop/data-layers-research-v1/city-portals.csv,https://www.arcgis.com/home/item.html?id=24a065ddbeed48b3aee855e7310ad69c,"Exclude personal names, owner/applicant/contact data; art inventory licence does not clear artwork reproduction; modified date is not refresh frequency."
Bike route lines,San Diego,YELLOW,Free use/redistribution policy; itemexceptionsverify,Portal FAQ permits use; commercial-specific item exceptions verify,FAQ permits redistribution; terms reserve third-party rights and item conditions,No outreach evidenced,~/Desktop/worldengine-gpt-drop/data-layers-research-v1/city-portals.csv,https://data.sandiego.gov/datasets/gis-bike-routes/,"Exclude personal names, owner/applicant/contact data; art inventory licence does not clear artwork reproduction; modified date is not refresh frequency."
Park Locations,San Diego,YELLOW,Free use/redistribution policy; itemexceptionsverify,Portal FAQ permits use; commercial-specific item exceptions verify,FAQ permits redistribution; terms reserve third-party rights and item conditions,No outreach evidenced,~/Desktop/worldengine-gpt-drop/data-layers-research-v1/city-portals.csv,https://data.sandiego.gov/datasets/gis-park-locations/,"Exclude personal names, owner/applicant/contact data; art inventory licence does not clear artwork reproduction; modified date is not refresh frequency."
Joint use parks,San Diego,YELLOW,Free use/redistribution policy; itemexceptionsverify,Portal FAQ permits use; commercial-specific item exceptions verify,FAQ permits redistribution; terms reserve third-party rights and item conditions,No outreach evidenced,~/Desktop/worldengine-gpt-drop/data-layers-research-v1/city-portals.csv,https://data.sandiego.gov/datasets/gis-joint-use-parks/,"Exclude personal names, owner/applicant/contact data; art inventory licence does not clear artwork reproduction; modified date is not refresh frequency."
Zoning,San Diego,YELLOW,Free use/redistribution policy; itemexceptionsverify,Portal FAQ permits use; commercial-specific item exceptions verify,FAQ permits redistribution; terms reserve third-party rights and item conditions,No outreach evidenced,~/Desktop/worldengine-gpt-drop/data-layers-research-v1/city-portals.csv,https://data.sandiego.gov/datasets/gis-zoning/,"Exclude personal names, owner/applicant/contact data; art inventory licence does not clear artwork reproduction; modified date is not refresh frequency."
Transit Stops,San Diego,YELLOW,Free use/redistribution policy; itemexceptionsverify,Portal FAQ permits use; commercial-specific item exceptions verify,FAQ permits redistribution; terms reserve third-party rights and item conditions,No outreach evidenced,~/Desktop/worldengine-gpt-drop/data-layers-research-v1/city-portals.csv,https://data.sandiego.gov/datasets/gis-transit-stops/,"Exclude personal names, owner/applicant/contact data; art inventory licence does not clear artwork reproduction; modified date is not refresh frequency."
Transit Routes,San Diego,YELLOW,Free use/redistribution policy; itemexceptionsverify,Portal FAQ permits use; commercial-specific item exceptions verify,FAQ permits redistribution; terms reserve third-party rights and item conditions,No outreach evidenced,~/Desktop/worldengine-gpt-drop/data-layers-research-v1/city-portals.csv,https://data.sandiego.gov/datasets/gis-transit-routes/,"Exclude personal names, owner/applicant/contact data; art inventory licence does not clear artwork reproduction; modified date is not refresh frequency."
Development permits,San Diego,YELLOW,Free use/redistribution policy; itemexceptionsverify,Portal FAQ permits use; commercial-specific item exceptions verify,FAQ permits redistribution; terms reserve third-party rights and item conditions,No outreach evidenced,~/Desktop/worldengine-gpt-drop/data-layers-research-v1/city-portals.csv,https://data.sandiego.gov/datasets/development-permits/,"Exclude personal names, owner/applicant/contact data; art inventory licence does not clear artwork reproduction; modified date is not refresh frequency."
Civic Art Collection,San Diego,YELLOW,Free metadatause; artworkseparate,Portal FAQ permits use; commercial-specific item exceptions verify,FAQ permits redistribution; terms reserve third-party rights and item conditions,No outreach evidenced,~/Desktop/worldengine-gpt-drop/data-layers-research-v1/city-portals.csv,https://data.sandiego.gov/datasets/civic-art-collection/,"Exclude personal names, owner/applicant/contact data; art inventory licence does not clear artwork reproduction; modified date is not refresh frequency."
Parking Meters,San Diego,YELLOW,Free use/redistribution policy; itemexceptionsverify,Portal FAQ permits use; commercial-specific item exceptions verify,FAQ permits redistribution; terms reserve third-party rights and item conditions,No outreach evidenced,~/Desktop/worldengine-gpt-drop/data-layers-research-v1/city-portals.csv,https://data.sandiego.gov/datasets/parking-meters-locations/,"Exclude personal names, owner/applicant/contact data; art inventory licence does not clear artwork reproduction; modified date is not refresh frequency."
Special Events,San Diego,YELLOW,Free use/redistribution policy; itemexceptionsverify,Portal FAQ permits use; commercial-specific item exceptions verify,FAQ permits redistribution; terms reserve third-party rights and item conditions,No outreach evidenced,~/Desktop/worldengine-gpt-drop/data-layers-research-v1/city-portals.csv,https://data.sandiego.gov/datasets/special-events/,"Exclude personal names, owner/applicant/contact data; art inventory licence does not clear artwork reproduction; modified date is not refresh frequency."
Parks Medians Parkway Trees,Denver,YELLOW,unclear,unclear,unclear,No outreach evidenced,~/Desktop/worldengine-gpt-drop/data-layers-research-v1/city-portals.csv,https://www.arcgis.com/home/item.html?id=f90e355dd3874744a25c30fd2ddfd45b,"Exclude personal names, owner/applicant/contact data; art inventory licence does not clear artwork reproduction; modified date is not refresh frequency.; focused licence check overrides older generic grant pending clarification"
Building Outlines 2022,Denver,YELLOW,unclear,unclear,unclear,No outreach evidenced,~/Desktop/worldengine-gpt-drop/data-layers-research-v1/city-portals.csv,https://www.arcgis.com/home/item.html?id=04e5069b4cf843d2bfe15ad0d1c66e00,"Roofprints,heightfeet,groundelevation; focused licence check overrides older generic grant pending clarification"
Sidewalks Current,Denver,YELLOW,unclear,unclear,unclear,No outreach evidenced,~/Desktop/worldengine-gpt-drop/data-layers-research-v1/city-portals.csv,https://www.arcgis.com/home/item.html?id=bd48b3fabbf24ee9affff7f770881d64,"Exclude personal names, owner/applicant/contact data; art inventory licence does not clear artwork reproduction; modified date is not refresh frequency."
Curb Ramps 2022,Denver,YELLOW,unclear,unclear,unclear,No outreach evidenced,~/Desktop/worldengine-gpt-drop/data-layers-research-v1/city-portals.csv,https://www.arcgis.com/home/item.html?id=7a286f9cd36f41e382696db4eeffebc2,Explicitlynot ADAcertification
Bike Facilities,Denver,YELLOW,unclear,unclear,unclear,No outreach evidenced,~/Desktop/worldengine-gpt-drop/data-layers-research-v1/city-portals.csv,https://www.arcgis.com/home/item.html?id=5e7ce4f28b4b408aac59de8d7950adbf,Current ANDproposed; filterbuilt
Residential Construction Permits,Denver,YELLOW,unclear,unclear,unclear,No outreach evidenced,~/Desktop/worldengine-gpt-drop/data-layers-research-v1/city-portals.csv,https://www.arcgis.com/home/item.html?id=014a873bf7444a658fc2ea0da7ad0704,"Exclude personal names, owner/applicant/contact data; art inventory licence does not clear artwork reproduction; modified date is not refresh frequency."
Public Art,Denver,YELLOW,unclear,unclear,unclear,No outreach evidenced,~/Desktop/worldengine-gpt-drop/data-layers-research-v1/city-portals.csv,https://www.arcgis.com/home/item.html?id=9b840fd2095b4847b586f3f14e542e2b,"Exclude personal names, owner/applicant/contact data; art inventory licence does not clear artwork reproduction; modified date is not refresh frequency."
Playgrounds,Denver,YELLOW,unclear,unclear,unclear,No outreach evidenced,~/Desktop/worldengine-gpt-drop/data-layers-research-v1/city-portals.csv,https://www.arcgis.com/home/item.html?id=c1753ee138574d2a81da04147b30ecea,"Exclude personal names, owner/applicant/contact data; art inventory licence does not clear artwork reproduction; modified date is not refresh frequency."
Dog Parks,Denver,YELLOW,unclear,unclear,unclear,No outreach evidenced,~/Desktop/worldengine-gpt-drop/data-layers-research-v1/city-portals.csv,https://www.arcgis.com/home/item.html?id=13b3ea41f7b54c42bb06bc6b3b1b1c03,"Exclude personal names, owner/applicant/contact data; art inventory licence does not clear artwork reproduction; modified date is not refresh frequency."
Additional Parcel Data,Denver,YELLOW,unclear,unclear,unclear,No outreach evidenced,~/Desktop/worldengine-gpt-drop/data-layers-research-v1/city-portals.csv,https://www.arcgis.com/home/item.html?id=b4db1c42972a4068b996254a4d263dd0,Affordablehousingmap source; yearbuiltnotverified; omitowners; focused licence check overrides older generic grant pending clarification
Permit Applications,Orlando,YELLOW,unclear,unclear,unclear,No outreach evidenced,~/Desktop/worldengine-gpt-drop/data-layers-research-v1/city-portals.csv,https://data.cityoforlando.net/d/ryhf-m453,"Exclude personal names, owner/applicant/contact data; art inventory licence does not clear artwork reproduction; modified date is not refresh frequency."
Business Tax Receipts,Orlando,YELLOW,unclear,unclear,unclear,No outreach evidenced,~/Desktop/worldengine-gpt-drop/data-layers-research-v1/city-portals.csv,https://data.cityoforlando.net/d/7388-4re5,"Exclude personal names, owner/applicant/contact data; art inventory licence does not clear artwork reproduction; modified date is not refresh frequency."
City Owned Vacant Lots,Orlando,YELLOW,unclear,unclear,unclear,No outreach evidenced,~/Desktop/worldengine-gpt-drop/data-layers-research-v1/city-portals.csv,https://data.cityoforlando.net/d/bkpt-5h2w,"Exclude personal names, owner/applicant/contact data; art inventory licence does not clear artwork reproduction; modified date is not refresh frequency."
BEWES Building Data,Orlando,YELLOW,unclear,unclear,unclear,No outreach evidenced,~/Desktop/worldengine-gpt-drop/data-layers-research-v1/city-portals.csv,https://data.cityoforlando.net/d/f63n-kp6t,"Exclude personal names, owner/applicant/contact data; art inventory licence does not clear artwork reproduction; modified date is not refresh frequency."
Planning Applications,Orlando,YELLOW,unclear,unclear,unclear,No outreach evidenced,~/Desktop/worldengine-gpt-drop/data-layers-research-v1/city-portals.csv,https://data.cityoforlando.net/d/bhxy-4rji,"Exclude personal names, owner/applicant/contact data; art inventory licence does not clear artwork reproduction; modified date is not refresh frequency."
Main Streets,Orlando,YELLOW,unclear,unclear,unclear,No outreach evidenced,~/Desktop/worldengine-gpt-drop/data-layers-research-v1/city-portals.csv,https://data.cityoforlando.net/d/38c3-xmnz,"Exclude personal names, owner/applicant/contact data; art inventory licence does not clear artwork reproduction; modified date is not refresh frequency."
Hydrology,Orlando,YELLOW,unclear,unclear,unclear,No outreach evidenced,~/Desktop/worldengine-gpt-drop/data-layers-research-v1/city-portals.csv,https://data.cityoforlando.net/d/j3uy-fhhx,"Exclude personal names, owner/applicant/contact data; art inventory licence does not clear artwork reproduction; modified date is not refresh frequency."
Street Centerlines,Orlando,YELLOW,unclear,unclear,unclear,No outreach evidenced,~/Desktop/worldengine-gpt-drop/data-layers-research-v1/city-portals.csv,https://data.cityoforlando.net/d/dnki-2im5,"Exclude personal names, owner/applicant/contact data; art inventory licence does not clear artwork reproduction; modified date is not refresh frequency."
ROW/Sidewalk Cafe Use Permits,Orlando,YELLOW,unclear,unclear,unclear,No outreach evidenced,~/Desktop/worldengine-gpt-drop/data-layers-research-v1/city-portals.csv,https://data.cityoforlando.net/d/6sbc-v4b9,"Exclude personal names, owner/applicant/contact data; art inventory licence does not clear artwork reproduction; modified date is not refresh frequency."
City Limits,Orlando,YELLOW,unclear,unclear,unclear,No outreach evidenced,~/Desktop/worldengine-gpt-drop/data-layers-research-v1/city-portals.csv,https://data.cityoforlando.net/d/adpi-29a3,"Exclude personal names, owner/applicant/contact data; art inventory licence does not clear artwork reproduction; modified date is not refresh frequency."
Overture Buildings,Global including target countries,GREEN,ODbL,Yes with obligations,Adapted database obligations apply,No outreach evidenced,~/Desktop/worldengine-gpt-drop/building-heights-v1/sources.csv,https://docs.overturemaps.org/guides/buildings/,Metro completeness; building-height error/calibration; actual compute cost; acquisition metadata; package exceptions unless explicitly established in sources.md
Microsoft GlobalMLBuildingFootprints,Global; partial North America/Western Europe heights,YELLOW,CDLA Permissive 2.0,Yes,Data sharing includes license; results unrestricted by section 3,No outreach evidenced,~/Desktop/worldengine-gpt-drop/building-heights-v1/sources.csv,https://github.com/microsoft/GlobalMLBuildingFootprints,Metro completeness; building-height error/calibration; actual compute cost; acquisition metadata; package exceptions unless explicitly established in sources.md
Google Open Buildings Temporal V1,Global South; Caribbean territories need extent check,GREEN,CC BY 4.0 or ODbL,Yes via selected license,CC BY attribution/changes; ODbL obligations if chosen,No outreach evidenced,~/Desktop/worldengine-gpt-drop/building-heights-v1/sources.csv,https://developers.google.cn/earth-engine/datasets/catalog/GOOGLE_Research_open-buildings-temporal_v1?hl=en,Metro completeness; building-height error/calibration; actual compute cost; acquisition metadata; package exceptions unless explicitly established in sources.md
Netherlands 3DBAG,NL,GREEN,CC BY 4.0,Yes,Redistribution/adaptation with attribution and changes,No outreach evidenced,~/Desktop/worldengine-gpt-drop/building-heights-v1/sources.csv,https://3dbag.nl/download,Metro completeness; building-height error/calibration; actual compute cost; acquisition metadata; package exceptions unless explicitly established in sources.md
Canada StatCan ODB,CA,GREEN,OGL Canada,Yes,Commercial copy/adapt/distribute with attribution/exceptions,No outreach evidenced,~/Desktop/worldengine-gpt-drop/building-heights-v1/sources.csv,https://www150.statcan.gc.ca/n1/pub/34-26-0001/2018001/metadata-eng.htm,Metro completeness; building-height error/calibration; actual compute cost; acquisition metadata; package exceptions unless explicitly established in sources.md
Vancouver 2009 building footprints,CA,GREEN,OGL Vancouver,Yes,Copy/adapt/distribute with attribution/exceptions,No outreach evidenced,~/Desktop/worldengine-gpt-drop/building-heights-v1/sources.csv,https://opendata.vancouver.ca/explore/dataset/building-footprints-2009/,Metro completeness; building-height error/calibration; actual compute cost; acquisition metadata; package exceptions unless explicitly established in sources.md
Japan PLATEAU,JP,GREEN,CC BY/government terms/ODC BY/ODbL per package,Yes generally; package check,Redistribute/adapt with credits and exact terms; Survey Act check,No outreach evidenced,~/Desktop/worldengine-gpt-drop/building-heights-v1/sources.csv,https://www.mlit.go.jp/plateau/open-data/,Metro completeness; building-height error/calibration; actual compute cost; acquisition metadata; package exceptions unless explicitly established in sources.md
UK OS MasterMap/NGD building heights,UK-GB,YELLOW,Commercial contract; not verified open,Negotiated,Redistribution/derivation rights unverified; contract required,No outreach evidenced,~/Desktop/worldengine-gpt-drop/building-heights-v1/sources.csv,https://docs.os.uk/osngd,Metro completeness; building-height error/calibration; actual compute cost; acquisition metadata; package exceptions unless explicitly established in sources.md
NYC BUILDING municipal height,US-NYC,YELLOW,NYC portal terms; exact exceptions unverified,Public resource generally; verify terms,Exact redistribution/derived rights unverified in pass,No outreach evidenced,~/Desktop/worldengine-gpt-drop/building-heights-v1/sources.csv,https://data.cityofnewyork.us/City-Government/BUILDING/5zhs-2jue,Metro completeness; building-height error/calibration; actual compute cost; acquisition metadata; package exceptions unless explicitly established in sources.md
GlobalBuildingAtlas,Global,GREEN,CC BY-NC 4.0 dataset; separate code Commons Clause,NO without separate permission,Noncommercial only; OSM compatibility issue documented,No outreach evidenced,~/Desktop/worldengine-gpt-drop/building-heights-v1/sources.csv,https://tubvsig-so2sat-vm1.srv.mwn.de/terms_of_use.html,Metro completeness; building-height error/calibration; actual compute cost; acquisition metadata; package exceptions unless explicitly established in sources.md
USGS 3DEP lidar and bare-earth DEM,US,YELLOW,Free without use restrictions per USGS; commercial redistribution derivatives supported,Yes under stated provider policy; exact package/external partner exceptions check,Free without use restrictions per USGS; commercial redistribution derivatives supported,No outreach evidenced,~/Desktop/worldengine-gpt-drop/building-heights-v1/sources.csv,https://www.usgs.gov/3d-elevation-program,Metro completeness; building-height error/calibration; actual compute cost; acquisition metadata; package exceptions unless explicitly established in sources.md
NRCan HRDEM DSM/DTM,CA,GREEN,Open Government Licence - Canada (official catalog verified by lead),Yes with OGL terms,Yes with attribution and terms/exclusions,No outreach evidenced,~/Desktop/worldengine-gpt-drop/building-heights-v1/sources.csv,https://open.canada.ca/data/en/dataset/957782bf-847c-4644-a757-e383c0057995?res_page=1,Metro completeness; building-height error/calibration; actual compute cost; acquisition metadata; package exceptions unless explicitly established in sources.md
NRCan LiDAR Point Clouds,CA,GREEN,Open Government Licence; commercial redistribution derivatives with attribution,Yes under stated provider policy; exact package/external partner exceptions check,Open Government Licence; commercial redistribution derivatives with attribution,No outreach evidenced,~/Desktop/worldengine-gpt-drop/building-heights-v1/sources.csv,https://natural-resources.canada.ca/science-data/science-research/geomatics/new-lidar-point-clouds-product-canada-you-ve-never-seen,Metro completeness; building-height error/calibration; actual compute cost; acquisition metadata; package exceptions unless explicitly established in sources.md
AHN DTM DSM LAZ,NL,YELLOW,Official AHN says open without conditions; exact CC0 metadata unverified,Yes under stated provider policy; exact package/external partner exceptions check,Official AHN says open without conditions; exact CC0 metadata unverified,No outreach evidenced,~/Desktop/worldengine-gpt-drop/building-heights-v1/sources.csv,https://www.ahn.nl/dataroom,Metro completeness; building-height error/calibration; actual compute cost; acquisition metadata; package exceptions unless explicitly established in sources.md
Environment Agency Composite DSM/DTM,UK-England,GREEN,OGL; commercial redistribution derived permitted with EA attribution,Yes under stated provider policy; exact package/external partner exceptions check,OGL; commercial redistribution derived permitted with EA attribution,No outreach evidenced,~/Desktop/worldengine-gpt-drop/building-heights-v1/sources.csv,https://www.data.gov.uk/dataset/cf3f1137-c12b-44a1-a835-e80fe4a60b92/lidar-composite-dsm-2022-1m,Metro completeness; building-height error/calibration; actual compute cost; acquisition metadata; package exceptions unless explicitly established in sources.md
Welsh Government lidar DSM DTM,UK-Wales,GREEN,OGL in Data Map Wales; commercial redistribution derived with attribution,Yes under stated provider policy; exact package/external partner exceptions check,OGL in Data Map Wales; commercial redistribution derived with attribution,No outreach evidenced,~/Desktop/worldengine-gpt-drop/building-heights-v1/sources.csv,https://datamap.gov.wales/maps/lidar-viewer/,Metro completeness; building-height error/calibration; actual compute cost; acquisition metadata; package exceptions unless explicitly established in sources.md
GSI high precision DEM1A and point clouds,JP,YELLOW,UNVERIFIED reuse/redistribution/derived and Survey Act workflow for downloaded cloud,UNVERIFIED for downloaded cloud and Survey Act workflow,UNVERIFIED reuse/redistribution/derived and Survey Act workflow for downloaded cloud,No outreach evidenced,~/Desktop/worldengine-gpt-drop/building-heights-v1/sources.csv,https://www.gsi.go.jp/gazochosa/gazochosa41022.html,Metro completeness; building-height error/calibration; actual compute cost; acquisition metadata; package exceptions unless explicitly established in sources.md
OpenStreetMap height / building:levels,Global,GREEN,ODbL 1.0,Allowed with obligations,OSM and derivative databases under ODbL; attribution,No outreach evidenced,~/Desktop/worldengine-gpt-drop/building-heights-v1/sources.csv,https://wiki.openstreetmap.org/wiki/Key:building:levels,Metro completeness; building-height error/calibration; actual compute cost; acquisition metadata; package exceptions unless explicitly established in sources.md
Milojevic-Dupont et al. 2020 urban-form inference,France; Italy; NL; Germany study; method transferable after validation,GREEN,Article CC BY; input datasets retain their own licences; code/output licence must be checked separately,Method can be implemented; input rights required,Input/output licence dependent; paper licence is not data licence,No outreach evidenced,~/Desktop/worldengine-gpt-drop/building-heights-v1/sources.csv,https://journals.plos.org/plosone/article?id=10.1371/journal.pone.0242010,Metro completeness; building-height error/calibration; actual compute cost; acquisition metadata; package exceptions unless explicitly established in sources.md
Dabrock et al. 2024 height imputation methodology,Germany study; extrapolation to requested countries unverified,GREEN,Article CC BY 4.0; input/output data licences separate,Method implementable; input rights required,Dataset and code terms require separate verification,No outreach evidenced,~/Desktop/worldengine-gpt-drop/building-heights-v1/sources.csv,https://publications.rwth-aachen.de/record/992601/files/992601.pdf,Metro completeness; building-height error/calibration; actual compute cost; acquisition metadata; package exceptions unless explicitly established in sources.md
Biljecki et al. 2017 cadastral / footprint inference,NL study,GREEN,Author manuscript CC BY-NC-ND; method is a research description; dataset/input/code licences separate,Do not redistribute manuscript commercially under NC terms; independent method implementation requires usable data rights,Input/output terms require separate review,No outreach evidenced,~/Desktop/worldengine-gpt-drop/building-heights-v1/sources.csv,https://3d.bk.tudelft.nl/news/2017/01/17/inferring-heights-ceus-paper.html,Metro completeness; building-height error/calibration; actual compute cost; acquisition metadata; package exceptions unless explicitly established in sources.md
Scottish Remote Sensing Portal,UK-Scotland,GREEN,OGL v3 unless otherwise stated; per-package exception check,Yes under OGL terms unless exception,OGL terms and attribution unless exception,No outreach evidenced,~/Desktop/worldengine-gpt-drop/building-heights-v1/sources.csv,https://remotesensingdata.gov.scot/about,"Exact tile/metro coverage, observation vintage, local roof error, exceptions, actual cost"
Northern Ireland lidar project inventory,UK-NI,YELLOW,UNVERIFIED per project; no blanket redistribution permission established,UNVERIFIED exact inputs/package rights,Input/package dependent; UNVERIFIED,No outreach evidenced,~/Desktop/worldengine-gpt-drop/building-heights-v1/sources.csv,https://admin.opendatani.gov.uk/tl/dataset/?_res_format_limit=0&res_format=LAS,"Exact tile/metro coverage, observation vintage, local roof error, exceptions, actual cost"
WorldEngine proposed levels/vintage/archetype fallback,All five target countries,YELLOW,Implementation/input/model licences separately checked,UNVERIFIED exact inputs/package rights,Input/package dependent; UNVERIFIED,No outreach evidenced,~/Desktop/worldengine-gpt-drop/building-heights-v1/sources.csv,https://wiki.openstreetmap.org/wiki/Key:building:levels,"Exact tile/metro coverage, observation vintage, local roof error, exceptions, actual cost"
Chicago’s urban forest 2019 / Urban FIA,Chicago,YELLOW,unverified dataset terms,unverified,unverified,No outreach evidenced,~/Desktop/worldengine-gpt-drop/street-trees-by-metro-v1/inventories.csv,https://research.fs.usda.gov/treesearch/69755,2026 article: all-tree buckthorn41.5%;white mulberry13.1%;Siberianelm6.6%;boxelder5.5%;Norwaymaple5%. These are all-city trees not street+yard. >=5in dominant Norway/silvermaple/honeylocust.
Urban trees and forests of the Chicago region,Chicago,YELLOW,unverified dataset terms,unverified,unverified,No outreach evidenced,~/Desktop/worldengine-gpt-drop/street-trees-by-metro-v1/inventories.csv,https://research.fs.usda.gov/treesearch/44566,157142000estimated regionaltrees; land types mixed. Never substitute invasive understory regional abundance for maintained street/yard canopy.
Chicago’s Urban Forest Ecosystem: Results of the Chicago Urban Forest Climate Project,Chicago,YELLOW,unverified redistribution terms,unverified,unverified,No outreach evidenced,~/Desktop/worldengine-gpt-drop/street-trees-by-metro-v1/inventories.csv,https://www.csu.edu/cerc/documents/ChicagosUrbanForestEcosystem-ResultsoftheChicagoUrbanForestClimateProject.pdf,Table11 has street denominators: Chicago416000;Cook854300;DuPage193400; study1463700. Rankings not recovered reliably; ash group and lindens not converted to species shares.
Tree Inventory Denver,Denver,YELLOW,unverified,unverified,unverified,No outreach evidenced,~/Desktop/worldengine-gpt-drop/street-trees-by-metro-v1/inventories.csv,https://data.colorado.gov/Natural-Resources/Tree-Inventory-Denver/wz8h-dap6,No license inferred from open portal; focused licence check overrides older generic grant pending clarification
Miami DDA Downtown Tree Inventory,Miami,YELLOW,not specified on inspected page,unknown; seek permission,unknown; seek permission,No outreach evidenced,~/Desktop/worldengine-gpt-drop/street-trees-by-metro-v1/inventories.csv,https://www.miamidda.com/Urban-Planning/Resilience/Downtown-Tree-Inventory,No inference of open license from public page
Miami-Dade Urban Tree Canopy Assessment,Miami,YELLOW,unverified,unknown,unknown,No outreach evidenced,~/Desktop/worldengine-gpt-drop/street-trees-by-metro-v1/inventories.csv,https://www.miamidade.gov/global/service.page%3FMduid_service%3Dser1540499461234959,Do not use canopy coverage as species frequency
2015 Street Tree Census - Tree Data,NewYork,YELLOW,unverified NYC terms,unverified,unverified,No outreach evidenced,~/Desktop/worldengine-gpt-drop/street-trees-by-metro-v1/inventories.csv,https://data.cityofnewyork.us/Environment/2015-Street-Tree-Census-Tree-Data/uvpi-gqnh/about_data,2007 historical table preview supports candidates only; direct2007PDF405. Modern live map differs from2015snapshot.
Dallas Urban Forest Master Plan,Dallas,YELLOW,unverified,unknown,unknown,No outreach evidenced,~/Desktop/worldengine-gpt-drop/street-trees-by-metro-v1/inventories.csv,https://dallascityhall.com/projects/forestry/dch%20documents/city%20of%20dallas%202021%20urban%20forest%20master%20plan.pdf,Species rows use explicitly weak Texas regional candidates
Houston's Urban Forest 2015,Houston,YELLOW,no raw inventory license inspected,unknown for raw data,unknown for raw data,No outreach evidenced,~/Desktop/worldengine-gpt-drop/street-trees-by-metro-v1/inventories.csv,https://research.fs.usda.gov/treesearch/54109,Most-common five supported; remaining five regional candidates
City of Atlanta Tree Reports and Data,Atlanta,YELLOW,unverified,unknown,unknown,No outreach evidenced,~/Desktop/worldengine-gpt-drop/street-trees-by-metro-v1/inventories.csv,https://www.atlantaga.gov/government/departments/city-planning/metrics-reporting/tree-reports-and-data,No bypass; no actual top10 assigned
Street Tree Archive,WashingtonDC,GREEN,CC BY 4.0 stated datasetmetadata,allowed underCCBY4.0; attributionrequired,allowed underCCBY4.0; attributionrequired,No outreach evidenced,~/Desktop/worldengine-gpt-drop/street-trees-by-metro-v1/inventories.csv,https://catalog.data.gov/dataset/street-tree-archive,Archivehasnogeometry; multiyearaggregationduplicatespopulation. Catalog180000managedtrees is not a denominator for any selected year.
Philadelphia Tree Inventory,Philadelphia,YELLOW,City of Philadelphia License; fullterms unverified,unverified,unverified,No outreach evidenced,~/Desktop/worldengine-gpt-drop/street-trees-by-metro-v1/inventories.csv,https://opendataphilly.org/datasets/philadelphia-tree-inventory/,Source reservesdatabase rights; donotinferpublicdomain. No frequencyaggregationverified.
Phoenix Urban Forest inventory summary,Phoenix,YELLOW,City all rights reserved; dataset terms unverified,unverified,unverified,No outreach evidenced,~/Desktop/worldengine-gpt-drop/street-trees-by-metro-v1/inventories.csv,https://web-prod.phoenix.gov/administration/departments/parks/about-us/phoenixs-urban-forest.html,Tie 3.1 percent; rank8/9 order follows source listing; not necessarily strict tie break
Boston street and park tree inventory,Boston,YELLOW,unverified,unverified,unverified,No outreach evidenced,~/Desktop/worldengine-gpt-drop/street-trees-by-metro-v1/inventories.csv,https://content.boston.gov/urban-forestry,Recommended plantinglist not observedtop10; 2021neighborhoodsnapshot is not city/metro ranking.
Urban Forestry Street Trees layer,Riverside,YELLOW,Copyright City of Riverside CA; dataset reuse license unstated,unverified,unverified,No outreach evidenced,~/Desktop/worldengine-gpt-drop/street-trees-by-metro-v1/inventories.csv,https://mapriverside.riversideca.gov/server/rest/services/Arboriculture/UrbanForestry/MapServer/1,TreeCount may differ from record count; do not assume species proportions from row count
StreetTreeSF map,San Francisco,YELLOW,unverified,unverified,unverified,No outreach evidenced,~/Desktop/worldengine-gpt-drop/street-trees-by-metro-v1/inventories.csv,https://sfpublicworks.org/services/street-tree-map,2013 composition table used separately is limited neighborhood sample
Forestry Division tree inventory and mapping,Detroit,YELLOW,unverified,unverified,unverified,No outreach evidenced,~/Desktop/worldengine-gpt-drop/street-trees-by-metro-v1/inventories.csv,https://detroitmi.gov/departments/general-services-department/forestry-division,CSO2011plantedpalette used forcandidates; citywideandmetrofrequencyunknown.
Seattle Tree Inventory Map,Seattle,YELLOW,unverified,unverified,unverified,No outreach evidenced,~/Desktop/worldengine-gpt-drop/street-trees-by-metro-v1/inventories.csv,https://seattle.gov/transportation/projects-and-programs/programs/trees-and-landscaping-program/seattle-tree-inventory-map,Do not interpret inventoried city subset as entire city tree population
MPRB boulevard and park tree management,Minneapolis,YELLOW,unverified,unverified,unverified,No outreach evidenced,~/Desktop/worldengine-gpt-drop/street-trees-by-metro-v1/inventories.csv,https://www.minneapolisparks.org/park-care-improvements/trees/,Streetplantingcase studies support candidates. Emeraldashborerdiscovered2010;historicashcountsnotcurrentmix.
Glen Avenue Tree Inventory,Tampa,YELLOW,restricted-purpose statement p3; no open license,not cleared: purpose restriction,not cleared: purpose restriction,No outreach evidenced,~/Desktop/worldengine-gpt-drop/street-trees-by-metro-v1/inventories.csv,https://www.tampa.gov/sites/default/files/project-doc/2024-02/glen_avenue_tree_inventory_report.doc.pdf,p3 restricts data/recommendations to proposal purposes; research species facts only; no raw inventory redistributed
City of Tampa Tree Canopy and Urban Forest Analysis 2021,Tampa,YELLOW,unverified,unknown,unknown,No outreach evidenced,~/Desktop/worldengine-gpt-drop/street-trees-by-metro-v1/inventories.csv,https://www.tampa.gov/document/city-tampa-tree-canopy-and-urban-forest-analysis-2021-132846,No current top10 inferred from summary
Street Trees layer,San Diego,YELLOW,unverified,unverified,unverified,No outreach evidenced,~/Desktop/worldengine-gpt-drop/street-trees-by-metro-v1/inventories.csv,https://webmaps.sandiego.gov/arcgis/rest/services/DSD/Environment/MapServer/20,2024 contractor PDF inaccessible; not an authorized redistribution conclusion
Orlando Municipal Forest Resource Analysis,Orlando,YELLOW,report copyright/reuse not inspected; raw municipal inventory license unknown,unknown for raw city inventory,unknown for raw city inventory,No outreach evidenced,~/Desktop/worldengine-gpt-drop/street-trees-by-metro-v1/inventories.csv,https://research.fs.usda.gov/download/treesearch/60591.pdf,Report access is not evidence of city data open license
Charlotte Plant Tree Cityworks Work Orders,Charlotte,YELLOW,no license displayed on service landing page,unknown,unknown,No outreach evidenced,~/Desktop/worldengine-gpt-drop/street-trees-by-metro-v1/inventories.csv,https://gis.charlottenc.gov/arcgis/rest/services/Cityworks/PlantTrees/MapServer,Do not mistake planned planting for complete existing-tree inventory
Baltimore Urban FIA / Cooperating Experimental Forest,Baltimore,YELLOW,unverifieddatasetterms,unverified,unverified,No outreach evidenced,~/Desktop/worldengine-gpt-drop/street-trees-by-metro-v1/inventories.csv,https://research.fs.usda.gov/nrs/forestsandranges/locations/baltimore,Tenforestproxycandidates do notrepresentmaintainedstreet/yardfrequency.
City Trees (Planting Sites) WMS,StLouis,YELLOW,unverified,unverified,unverified,No outreach evidenced,~/Desktop/worldengine-gpt-drop/street-trees-by-metro-v1/inventories.csv,https://www.stlouis-mo.gov/data/datasets/distribution.cfm?id=209,Commonstreetplantinglist2016supports10candidates;plantingsitescanincludeemptypositions.
Discover the Trees of San Antonio,SanAntonio,YELLOW,no bulk-data license verified,unknown,unknown,No outreach evidenced,~/Desktop/worldengine-gpt-drop/street-trees-by-metro-v1/inventories.csv,https://www.sa.gov/Directory/Initiatives/Urban-Forestry/Discover-the-Trees,Guide is candidate/botanical evidence; not species frequency
Austin Urban Forest Youth Education,Austin,YELLOW,no raw inventory license inspected,unknown,unknown,No outreach evidenced,~/Desktop/worldengine-gpt-drop/street-trees-by-metro-v1/inventories.csv,https://www.austintexas.gov/climate/programs/urban-forest-youth-education,Page says hackberry; USDA2014 says sugarberry; keep taxon-resolution caveat
Tree Species & Information List,Austin,YELLOW,no open redistribution license verified,unknown,unknown,No outreach evidenced,~/Desktop/worldengine-gpt-drop/street-trees-by-metro-v1/inventories.csv,https://www.austintexas.gov/sites/default/files/files/Development_Services/forestry/Tree_Species_Information_English.pdf,No abundance ranking implied
City Tree Inventory,Las Vegas,YELLOW,unverified,unverified,unverified,No outreach evidenced,~/Desktop/worldengine-gpt-drop/street-trees-by-metro-v1/inventories.csv,https://lasvegasnv.treekeepersoftware.com/index.cfm?deviceWidth=1024,No actual top ten; UNR palms are suitability palette
SNWA plant finder,Las Vegas,YELLOW,copyrightSNWA; raw database licence unverified,unclear for bulk profile reuse,unclear; no prose/photo asset grant,No outreach evidenced,~/Desktop/worldengine-gpt-drop/street-trees-by-metro-v1/inventories.csv,https://www.snwa.com/landscapes/plants/?id=14665,"Supports supplementary agave form, not city share."
USA-NPN National Phenology Database,All covered metros,GREEN,CC BY4.0 data; site images separate,allowed with licence compliance,allowed with attribution/licence compliance,No outreach evidenced,~/Desktop/worldengine-gpt-drop/street-trees-by-metro-v1/inventories.csv,https://data.usanpn.org/observations/,"Next calibration source, not basis for measured local dates in this package."
USA-NPN Extended Spring Indices,All covered metros,GREEN,CC BY4.0 data; separate content conditions,allowed with licence compliance,allowed with attribution/licence compliance,No outreach evidenced,~/Desktop/worldengine-gpt-drop/street-trees-by-metro-v1/inventories.csv,https://usanpn.org/data/maps/spring,Not actual leafout of every street-tree species.
JMA observations/history,Japan stations/product-dependent,GREEN,PDL1.0 / CC BY4.0; excluded notices,GO audited observations,GO copyright grant,No outreach evidenced,~/Desktop/worldengine-gpt-drop/japan-showcase-v1/datasets.csv,https://www.jma.go.jp/jma/en/copyright.html | https://www.data.jma.go.jp/developer/,GO product-specific. Endpoint cadence/quota not tested; third-party content excluded; source and editing credit.
Official JMA forecasts,Japan official forecast regions,GREEN,PDL1.0 / CC BY4 plus forecast-service law,GO faithful relay,CONDITIONAL faithful relay API,No outreach evidenced,~/Desktop/worldengine-gpt-drop/japan-showcase-v1/datasets.csv,https://www.jma.go.jp/jma/kishou/minkan/q_a_m.html | https://www.data.jma.go.jp/developer/ryuui.pdf | https://www.jma.go.jp/jma/kishou/minkan/kyoka_en.html,GO faithful official relay. Minute feed refresh is not forecast issuance rate or delivery SLA. Do not change values/regions into own repeated forecasts.
JMA weather/tsunami warnings and earthquake information,Japan affected official regions,GREEN,PDL1.0 copyright plus Article23,GO attributed official relay,CONDITIONAL official relay,No outreach evidenced,~/Desktop/worldengine-gpt-drop/japan-showcase-v1/datasets.csv,https://www.jma.go.jp/jma/kishou/minkan/q_a_m.html | https://www.jma.go.jp/jma/kishou/info/ml-23.html | https://www.data.jma.go.jp/developer/ryuui.pdf,GO contextual relay; HOLD emergency push/EEW. Selected public feed EEW inclusion and emergency-grade delivery not verified; no custom tsunami prediction without applicable permission.
JMA GPV / high-resolution precipitation nowcast,Japan modeled weather,GREEN,Product-specific PDL/CC BY; Meteorological Service Act,CONDITIONAL clearly identified model output,CONDITIONAL product and presentation,No outreach evidenced,~/Desktop/worldengine-gpt-drop/japan-showcase-v1/datasets.csv,https://www.jma.go.jp/jma/kishou/minkan/q_a_m.html | https://www.data.jma.go.jp/developer/weatherdataguide/appendix/2-1-b.html,"HOLD future immersive forecast interpretation. Nowcast 250m to30min, 1km35–60min, five-minute updates; production fees/delivery unresolved."
ECMWF IFS/AIFS open subset,Global Japan included; presently documented0.25 degree subset,GREEN,CC BY4.0 + ECMWF terms,GO copyright; Japan forecast law conditional,GO with notices,No outreach evidenced,~/Desktop/worldengine-gpt-drop/japan-showcase-v1/datasets.csv,https://www.ecmwf.int/en/forecasts/datasets/open-data | https://apps.ecmwf.int/datasets/licences/general/ | https://forum.ecmwf.int/t/ecmwf-free-and-open-data-at-9-km-soon-to-come/15366,GO model fallback; HOLD independent Japan forecast. Four runs/day00/06/12/18UTC; recent12runs about2–3days; 9km subset upgrade forthcoming not assumed active. Open catalog does not mean every delivery service free.
ODPT Basic participating rail/bus data,Participating operators; not nationwide uniform realtime,YELLOW,Basic + guidelines + specific terms,CONDITIONAL commercial app,NO-GO reusable raw/reconstructable data without written permission,No outreach evidenced,~/Desktop/worldengine-gpt-drop/japan-showcase-v1/datasets.csv,https://developer.odpt.org/terms/data_basic_license.html | https://developer.odpt.org/terms/data_basic_use_guideline.html | https://ckan.odpt.org/,"CONDITIONAL app; NO-GO raw API. Article8(4); frontend coordinates may reconstruct data. API key/review required; numeric cadence per odpt:frequency, validity dct:valid; none registered."
Toei bus GTFS-JP,Tokyo Toei bus routes/stops/timetables,GREEN,CC BY4.0 catalog,GO,GO with attribution,No outreach evidenced,~/Desktop/worldengine-gpt-drop/japan-showcase-v1/datasets.csv,https://ckan.odpt.org/dataset/b_bus_gtfs_jp-toei | https://developer.odpt.org/en/faq-info,GO preferred transit foundation. Chosen route coverage/freshness and endpoint limits unverified; credit Bureau of Transportation Tokyo Metropolitan Government / ODPT association.
Toei bus VehiclePosition,Tokyo Toei bus realtime positions,GREEN,CC BY4.0 catalog,GO,GO with attribution,No outreach evidenced,~/Desktop/worldengine-gpt-drop/japan-showcase-v1/datasets.csv,https://ckan.odpt.org/dataset/b_bus_gtfs_rt-toei,GO preferred first live transit. Numeric cadence/SLA and Yanaka route matching unverified. Expose message timestamps; avoid private/passenger linkage.
Kyoto City Bus,Kyoto municipal bus static schedules; listed20260930resource,YELLOW,ODPT Basic + provider specific terms,CONDITIONAL,NO-GO reusable API absent permission,No outreach evidenced,~/Desktop/worldengine-gpt-drop/japan-showcase-v1/datasets.csv,https://ckan.odpt.org/dataset/kyoto_municipal_transportation_kyoto_city_bus_gtfs | https://data.city.kyoto.lg.jp/dataset/00656/,CONDITIONAL static app; NO-GO raw API. Provider specifics not fully verified; realtime Kyoto bus GPS not established.
ODPT Challenge2026 limited operators,JR East/Keio/Kyoto subway and other listed operators; resource-specific,YELLOW,Limited license updated2026-08-28,CONDITIONAL contest entry/free public functionality,NO-GO raw/reconstructable redistribution,No outreach evidenced,~/Desktop/worldengine-gpt-drop/japan-showcase-v1/datasets.csv,https://developer.odpt.org/challenge_license | https://challenge2026.odpt.org/,NO-GO durable launch foundation. Authorization expires2027-03-12; provider invention/competition clauses need review; not permanent JR East rail rights.
GSI terrain/maps,Japan product-specific basic/public survey results,GREEN,PDL1.0 copyright + Survey Act,CONDITIONAL live attributed display exemption scope,HOLD selected derivative approval/provenance,No outreach evidenced,~/Desktop/worldengine-gpt-drop/japan-showcase-v1/datasets.csv,https://web2.gsi.go.jp/ENGLISH/page_e30286.html | https://www.gsi.go.jp/LAW/2930-qa.html | https://service.gsi.go.jp/onestop/navi/nav6-1/,HOLD self-hosted derivative until approval status pinned. Articles29/30 basic-survey and43/44 public-survey; server tile display exemption not blanket mesh exemption; no general foreign map export ban established.
JMA phenological station observations,Japan station cherry/ginkgo/maple records,GREEN,JMA content PDL1.0 / CC BY4.0,GO observed/normals,GO copyright-wise,No outreach evidenced,~/Desktop/worldengine-gpt-drop/japan-showcase-v1/datasets.csv,https://www.jma.go.jp/jma/en/copyright.html | https://www.data.jma.go.jp/sakura/data/download_ruinenchi.html,GO observed season baseline. Reference tree milestones are not every tree or scenic peak; missing local species/location data remains inference.
PLATEAU municipal 3D open models,"306 directory entries in45prefectures, not306distinct municipalities",GREEN,PDL1.0 default; CC BY4.0-compatible or selected ODC BY/ODbL; item notices govern,GO licensed scope,GO copyright; HOLD selected Survey Act procedure,No outreach evidenced,~/Desktop/worldengine-gpt-drop/japan-showcase-v1/datasets.csv,https://www.mlit.go.jp/plateau/site-policy/ | https://www.mlit.go.jp/plateau/faq/ | https://www.mlit.go.jp/plateau/open-data/,CONDITIONAL GO geometry. Municipal copyright; commercial storage/redistribution/transformation allowed by selected open grant; third-party notices and public-survey rules remain. General updates1–5years.
PLATEAU delivery catalog / tiles,7776catalog records checked2026-10-07; notcity/building count,YELLOW,Inherited municipal/source license,GO,GO source terms; survey gate,No outreach evidenced,~/Desktop/worldengine-gpt-drop/japan-showcase-v1/datasets.csv,https://api.plateauview.mlit.go.jp/datacatalog/plateau-datasets | https://docs.plateauview.mlit.go.jp/datasets/3d-tiles/ | https://docs.plateauview.mlit.go.jp/datasets/citygml/,GO discovery. Public quota/SLA/bulk terms unverified; choose exact year/LOD/texture; spec5.0 does not mean CityGML encoding5.
Tokyo Taito/Bunkyo FY2025,TaitoLOD1/2/3/4;BunkyoLOD1/2; extent by layer,YELLOW,PLATEAU policy; exact resource notices need pinning,CONDITIONAL GO,CONDITIONAL GO copyright; survey check,No outreach evidenced,~/Desktop/worldengine-gpt-drop/japan-showcase-v1/datasets.csv,https://www.geospatial.jp/ckan/dataset/plateau-13106-taito-ku-2025 | https://api.plateauview.mlit.go.jp/datacatalog/plateau-datasets | https://www.mlit.go.jp/plateau/site-policy/,CONDITIONAL GO bounded extract. FY is package label not survey date. Directory/API verified; CKAN item pages403; exact exceptions and pilot high-LOD intersection UNVERIFIED.
Kyoto FY2025,LOD1urbanized185km2; LOD2building21.89km2; LOD3combined feature0.022km2,YELLOW,PLATEAU policy; exact resource notices need pinning,CONDITIONAL GO,CONDITIONAL GO copyright; survey check,No outreach evidenced,~/Desktop/worldengine-gpt-drop/japan-showcase-v1/datasets.csv,https://www.geospatial.jp/ckan/dataset/plateau-26100-kyoto-shi-2025 | https://api.plateauview.mlit.go.jp/datacatalog/plateau-datasets | https://www.mlit.go.jp/plateau/site-policy/,CONDITIONAL GO bounded extract. FY is package label not survey date. Directory/API verified; CKAN item pages403; exact exceptions and pilot high-LOD intersection UNVERIFIED.
Osaka FY2025,LOD1/2/3 asset records; high-LOD extent not quantified,YELLOW,PLATEAU policy; exact resource notices need pinning,CONDITIONAL GO,CONDITIONAL GO copyright; survey check,No outreach evidenced,~/Desktop/worldengine-gpt-drop/japan-showcase-v1/datasets.csv,https://www.geospatial.jp/ckan/dataset/plateau-27100-osaka-shi-2025 | https://api.plateauview.mlit.go.jp/datacatalog/plateau-datasets | https://www.mlit.go.jp/plateau/site-policy/,CONDITIONAL GO bounded extract. FY is package label not survey date. Directory/API verified; CKAN item pages403; exact exceptions and pilot high-LOD intersection UNVERIFIED.
Kyoto municipal supplementary FY2025 exports,Urbanized area; LOD1;27catalog resources,GREEN,CC BY4.0,GO,GO copyright; survey check,No outreach evidenced,~/Desktop/worldengine-gpt-drop/japan-showcase-v1/datasets.csv,https://data.city.kyoto.lg.jp/dataset/00661/?page=1,GO attributed exports. FY2025 resources updated2026-08-31; source copyright Kyoto City; no pipeline conversion tested.
OpenStreetMap,Tokyo/Kyoto/Osaka network/POIs/buildings; completeness not measured,GREEN,ODbL1.0,GO Produced Work attribution,GO applicable database/share-alike obligations,No outreach evidenced,~/Desktop/worldengine-gpt-drop/japan-showcase-v1/datasets.csv,https://www.openstreetmap.org/copyright | https://osmfoundation.org/wiki/Licence/Licence_and_Legal_FAQ | https://wiki.openstreetmap.org/wiki/JA:MLIT_PLATEAU/imports_outline,GO with architecture audit. Visible © OpenStreetMap contributors; combined database duties fact-specific. PLATEAU imports do not establish complete/current coverage.
CC BY4.0 legal framework,Applies only selected licensed resources,YELLOW,CC BY4.0,GO,GO attribution/license; no additional restrictions on licensed material,No outreach evidenced,~/Desktop/worldengine-gpt-drop/japan-showcase-v1/datasets.csv,https://creativecommons.org/licenses/by/4.0/deed.en | https://creativecommons.org/licenses/by/4.0/legalcode.en,GO copyright scope. Does not waive privacy/trademark/moral rights/Survey Act; no automatic whole-app share-alike; cannot promise exclusive source ownership.
NWS API,"US forecasts, alerts and observations",YELLOW,NWS source and issue time; no endorsement; altered data not official,GREEN,GREEN,No outreach evidenced,~/Desktop/worldengine-gpt-drop/live-layers-catalog-v1/sources.csv,https://www.weather.gov/documentation/services-web-api | https://www.weather.gov/disclaimer,Partner observations and logos excluded from blanket clearance. Historical completeness not guaranteed.
NOAA MRMS precipitation / radar,CONUS operational multi-radar products,YELLOW,NOAA/NSSL; product and valid time,GREEN,GREEN,No outreach evidenced,~/Desktop/worldengine-gpt-drop/live-layers-catalog-v1/sources.csv,https://www.nssl.noaa.gov/projects/mrms/operational/tables.php | https://www.weather.gov/disclaimer,Whitelist NOAA-produced precipitation/radar outputs. NLDN/private lightning inputs and separate lightning products require rights audit.
NOHRSC / SNODAS,"CONUS modeled snow depth, SWE, melt",YELLOW,NOAA/NOHRSC; model date,GREEN,GREEN,No outreach evidenced,~/Desktop/worldengine-gpt-drop/live-layers-catalog-v1/sources.csv,https://www.nohrsc.noaa.gov/technology/ | https://www.nohrsc.noaa.gov/help/ | https://www.weather.gov/disclaimer,"Model output is not measured neighborhood snow, grooming or ski quality; raw partner inputs excluded."
WorldEngine sun / shadow,Worldwide position and timing,YELLOW,WorldEngine,GREEN,GREEN,No outreach evidenced,~/Desktop/worldengine-gpt-drop/live-layers-catalog-v1/sources.csv,,User-supplied stack context; algorithm/library IP audit not performed. GREEN depends on ownership.
NOAA CO-OPS,"US coasts and Great Lakes station water levels, tides, currents",YELLOW,"NOAA CO-OPS; datum, units, timezone, observed vs predicted",GREEN,GREEN,No outreach evidenced,~/Desktop/worldengine-gpt-drop/live-layers-catalog-v1/sources.csv,https://api.tidesandcurrents.noaa.gov/api/dev | https://tidesandcurrents.noaa.gov/web_services_info.html | https://oceanservice.noaa.gov/disclaimer.html,latest lookup within 18 minutes is not a latency SLA. Request-span caps; partner station rights separate.
USGS modern Water Data,"US river stage, discharge, monitoring sites and water quality",YELLOW,USGS; provisional/approved flag and station provider,GREEN,GREEN,No outreach evidenced,~/Desktop/worldengine-gpt-drop/live-layers-catalog-v1/sources.csv,https://api.waterdata.usgs.gov/docs/ | https://www.usgs.gov/faqs/how-often-are-real-time-streamflow-data-updated | https://www.usgs.gov/data-management/data-licensing | https://waterdata.usgs.gov/blog/api-waterservices-decom/,Use modern OGC API; legacy WaterServices retirement Q1 2027. Free key increases limits; partner records require separate clearance.
NWS National Water Prediction Service,"US gauge observations, flood forecasts and thresholds; modeled reaches",YELLOW,NWS; original gauge provider; forecast issue time,GREEN,GREEN,No outreach evidenced,~/Desktop/worldengine-gpt-drop/live-layers-catalog-v1/sources.csv,https://water.noaa.gov/about/api | https://api.water.noaa.gov/nwps/v1/docs/ | https://www.weather.gov/disclaimer,Main API is not a historical observation archive. Experimental NWM guidance is not official forecast or 24/7 supported; partner raw observations audited separately.
NOAA NDBC,US and ocean buoy / C-MAN marine stations,YELLOW,NOAA/NDBC and actual station operator,GREEN,GREEN,No outreach evidenced,~/Desktop/worldengine-gpt-drop/live-layers-catalog-v1/sources.csv,https://www.ndbc.noaa.gov/faq/rt_data_access.shtml | https://www.weather.gov/disclaimer,Shared HTTP retrieval preferred; realtime files approximately 45 days. Offshore wave data does not directly describe breaking waves on a beach.
NRCS SNOTEL / AWDB,Western US and Alaska snow and climate stations,YELLOW,USDA NRCS; station/network operator,GREEN,GREEN,No outreach evidenced,~/Desktop/worldengine-gpt-drop/live-layers-catalog-v1/sources.csv,https://www.nrcs.usda.gov/state-offices/montana/montana-snow-survey/frequently-asked-snow-survey-questions-montana | https://www.usda.gov/about-usda/policies-and-links,Hourly readings generally unedited; daily QA differs. AWDB external networks excluded from blanket rights.
Mountain News / OnTheSnow partner API,"Global resort-reported snow, trail and lift status",YELLOW,UNVERIFIED: partner contract,YELLOW,YELLOW,No outreach evidenced,~/Desktop/worldengine-gpt-drop/live-layers-catalog-v1/sources.csv,https://partner.docs.onthesnow.com/ | https://partner.docs.onthesnow.com/api-reference/resorts/batch-apis/snowreports-and-snowfall-api,Fee-based API. Website access is not redistribution permission; grooming/lift truth requires resort timestamps.
Chicago beach lab / swim conditions,Chicago beaches in swim season,YELLOW,Chicago Park District / City dataset and sample date,YELLOW,YELLOW,No outreach evidenced,~/Desktop/worldengine-gpt-drop/live-layers-catalog-v1/sources.csv,https://www.chicagoparkdistrict.com/beach-faqs | https://www.chicagoparkdistrict.com/beach-dashboard | https://data.cityofchicago.org/Parks-Recreation/Beach-Lab-Data-Culture-Tests-For-Plenario/84eh-sf3p,"Offseason is stale by design. Separate sample result, prediction and official advisory."
EPA BEACON / Water Quality Portal,US beach advisory history and multi-agency discrete water samples,YELLOW,EPA/USGS and contributor; query date/DOI where required,GREEN: federal subset,YELLOW: aggregate partners,No outreach evidenced,~/Desktop/worldengine-gpt-drop/live-layers-catalog-v1/sources.csv,https://www.epa.gov/waterdata/fact-sheet-beach-act-locational-data | https://www.waterqualitydata.us/ | https://pasteur.epa.gov/license/sciencehub-license-non-epa-generated.html,Whole collection rights unresolved. Old WQX2.2 UI omits USGS additions after March 11 2024; use current WQX3/modern services.
MobilityDatabase,6000+ GTFS/GTFS-rt/GBFS feeds in 99+ countries; catalog not universal entitlement,YELLOW,Metadata credit optional; operator-specific attribution,GREEN: metadata / YELLOW: feeds,GREEN: metadata / YELLOW: feeds,No outreach evidenced,~/Desktop/worldengine-gpt-drop/live-layers-catalog-v1/sources.csv,https://mobilitydatabase.org/faq | https://mobilitydatabase.org/terms-and-conditions,"GTFS-rt is a format, not a nationwide license. Catalog coverage does not ensure active feed or accurate positions."
Transitland,"Global aggregate static/realtime transit, US all-state discovery",YELLOW,"Transitland name/logo, terms link and source operator",YELLOW,YELLOW,No outreach evidenced,~/Desktop/worldengine-gpt-drop/live-layers-catalog-v1/sources.csv,https://www.transit.land/plans-pricing/ | https://www.transit.land/terms | https://www.transit.land/documentation/rest-api/feeds,Free 10k REST; Pro 200k; feed downloads count. Aggregator plan does not clear source feed storage/resale.
BART direct,San Francisco Bay Area BART schedules/realtime/alerts,YELLOW,BART credit/link requested; trademarks/maps separate,GREEN,GREEN,No outreach evidenced,~/Desktop/worldengine-gpt-drop/live-layers-catalog-v1/sources.csv,https://www.bart.gov/schedules/developers/developer-license-agreement | https://www.bart.gov/schedules/developers/gtfs-realtime,No universal SLA; read operator agreement and preserve freshness.
CTA direct,"Chicago bus/train realtime, schedules and alerts",YELLOW,CTA developer branding conditions; no endorsement,YELLOW: ambient use; GREEN: rider use,RED: standalone resale,No outreach evidenced,~/Desktop/worldengine-gpt-drop/live-layers-catalog-v1/sources.csv,https://www.transitchicago.com/downloads/sch_data/developers_license_agreement.htm | https://www.transitchicago.com/developers/bustracker/,Current-stack audit: integration does not establish World State resale rights. Cross-domain derivatives need permission.
RTD direct,Denver regional transit GTFS and realtime,YELLOW,No RTD trademarks/copyrighted materials without permission; no endorsement,GREEN,YELLOW,No outreach evidenced,~/Desktop/worldengine-gpt-drop/live-layers-catalog-v1/sources.csv,https://www.rtd-denver.com/open-records/open-spatial-information/gtfs | https://www.rtd-denver.com/open-records/open-spatial-information/gtfs-realtime-license-agreement,Broader than CTA; agreement reserves ownership and may revoke/change. Paid API resale scope needs confirmation before GREEN.
TomTom Traffic,Global supported markets; flow/incidents/tiles,YELLOW,TomTom and underlying provider attribution; exact contract unverified,YELLOW,YELLOW,No outreach evidenced,~/Desktop/worldengine-gpt-drop/live-layers-catalog-v1/sources.csv,https://docs.tomtom.com/pricing | https://docs.tomtom.com/intermediate-traffic-service/documentation/introduction | https://docs.tomtom.com/legal/terms-and-conditions,"Monthly free: flow 20k, incidents 2.5k, tiles 200k. Current paid tariff not verified. Intermediate Traffic server feed does not itself grant redistribution."
HERE Traffic v7,70+ countries; flow and incidents,YELLOW,HERE and third-party notices,YELLOW,RED: standard terms,No outreach evidenced,~/Desktop/worldengine-gpt-drop/live-layers-catalog-v1/sources.csv,https://docs.here.com/traffic-api/docs/real-time-traffic-here-traffic-api-v7-concepts | https://legal.here.com/us-en/terms/here-platform-terms | https://www.here.com/get-started/pricing/rps-limits-excluded-use-cases,Base plan excluded use cases apply; obtain express distribution rights.
INRIX traffic / parking,Global contractual territories; traffic and parking products,YELLOW,INRIX copyright/logo and underlying provider notices,YELLOW,RED: standard terms,No outreach evidenced,~/Desktop/worldengine-gpt-drop/live-layers-catalog-v1/sources.csv,https://docs.inrix.com/ | https://inrix.com/products/ai-traffic/ | https://inrix.com/wp-content/uploads/2023/08/INRIX-Standard-License-Terms-and-Conditions-v.8-General-2023.0807.pdf,Data combination restrictions; distinguish modeled parking probability from measured occupancy.
Parkopedia,"90M spaces, 20k cities, 90 countries marketed",YELLOW,UNVERIFIED: contract,YELLOW,YELLOW,No outreach evidenced,~/Desktop/worldengine-gpt-drop/live-layers-catalog-v1/sources.csv,https://business.parkopedia.com/home | https://business.parkopedia.com/analytics,API/feed available; observed vs predicted occupancy must be labeled. Coverage totals do not mean realtime sensors everywhere.
Google Routes Pro,"Global supported routing; traffic-aware ETA, not bulk traffic field",GREEN,Google Maps and third-party notices; nonmap allowed with attribution,RED: OSM world overlay,RED,No outreach evidenced,~/Desktop/worldengine-gpt-drop/live-layers-catalog-v1/sources.csv,https://developers.google.com/maps/billing-and-pricing/pricing | https://developers.google.com/maps/documentation/routes/policies | https://cloud.google.com/maps-platform/terms,Costs baseline 30 calls/user/month and current graduated Pro tiers. Matrix bills elements. At 1800 calls/user/month: $9550/$150400/$1365400; polling routes not recommended.
OpenSky,Global receiver-dependent aircraft positions; uneven low-altitude coverage,YELLOW,Commercial license attribution UNVERIFIED,YELLOW,YELLOW,No outreach evidenced,~/Desktop/worldengine-gpt-drop/live-layers-catalog-v1/sources.csv,https://opensky-network.org/about/terms-of-use | https://opensky-network.org/about/faq,Free research/personal access is not commercial operational permission.
ADS-B Exchange Enterprise,Global receiver-dependent ADS-B/MLAT,YELLOW,Contract UNVERIFIED,YELLOW,YELLOW,No outreach evidenced,~/Desktop/worldengine-gpt-drop/live-layers-catalog-v1/sources.csv,https://www.adsbexchange.com/data-products/ | https://www.adsbexchange.com/community/developer-hub/,Annual minimum commitments; personal $10/10k community offer is not company production pricing.
FlightAware AeroAPI,185+ countries; positions/status/gates; Premium space-based coverage,YELLOW,Contains AeroAPI data © FlightAware LLC [year],GREEN: Standard scope,RED: Standard raw API,No outreach evidenced,~/Desktop/worldengine-gpt-drop/live-layers-catalog-v1/sources.csv,https://www.flightaware.com/commercial/aeroapi/ | https://www.flightaware.com/commercial/aeroapi/AeroAPI_Standard_License.pdf,"Illustration $0.05 per 15-record result batch, one batch per baseline request; not universal endpoint tariff. Mixing/backfill with other live providers requires written permission."
NOAA Aviation Weather Center,Global airport METAR/TAF weather; not aircraft movement,YELLOW,NOAA/NWS and observation origin,GREEN,GREEN,No outreach evidenced,~/Desktop/worldengine-gpt-drop/live-layers-catalog-v1/sources.csv,https://aviationweather.gov/data/api/ | https://www.weather.gov/disclaimer,Cached file refresh does not mean every airport measured each minute; partner records separately audited.
FAA NAS airport status,US ground stops/delays/closure summaries; no individual flight tracks,YELLOW,FAA; unofficial source and update time,GREEN,YELLOW,No outreach evidenced,~/Desktop/worldengine-gpt-drop/live-layers-catalog-v1/sources.csv,https://www.fly.faa.gov/fly/FAQ/faq | https://www.fly.faa.gov/ois/oisedit/summary_pub | https://www.faa.gov/web_policies/linking_policy,Airport operational status is not individual airline schedule or movement data.
Schiphol Airport Flight API,Single airport arrival/departure schedule and status,YELLOW,Airport contractual requirements,RED: generic WorldEngine,RED,No outreach evidenced,~/Desktop/worldengine-gpt-drop/live-layers-catalog-v1/sources.csv,https://developer.schiphol.nl/apis/flight-api/conditions,Airport ownership does not establish unrestricted feed rights. Portal migration in 2026; no signup performed.
AirNow,"US and partner reporting-area AQI, observations and forecasts",YELLOW,AirNow/EPA and contributing agencies; AQI colors; preliminary status,GREEN,YELLOW,No outreach evidenced,~/Desktop/worldengine-gpt-drop/live-layers-catalog-v1/sources.csv,https://docs.airnowapi.org/faq | https://docs.airnowapi.org/account/request/,API caps not increased; bulk files preferred. Surface AQI is different from aloft smoke. Do not assume all partner data EPA-owned.
PurpleAir,Global community PM sensors; uneven coverage,YELLOW,Current license/contract UNVERIFIED,YELLOW,YELLOW,No outreach evidenced,~/Desktop/worldengine-gpt-drop/live-layers-catalog-v1/sources.csv,https://community.purpleair.com/t/api-pricing/4523 | https://community.purpleair.com/t/how-do-i-calculate-my-api-calls-point-cost/8736 | https://community.purpleair.com/t/any-legal-issues-with-re-using-or-re-hosting-purple-air-data/1743 | https://www.purpleair.com/license,Point costs and current $/point not verified; 2023 pricing is not a 2026 quote. Historical staff posts do not substitute for current license.
NOAA HMS smoke,North America analyst smoke extent; smoke can be aloft,YELLOW,NOAA HMS; analysis valid time,GREEN,GREEN,No outreach evidenced,~/Desktop/worldengine-gpt-drop/live-layers-catalog-v1/sources.csv,https://www.ospo.noaa.gov/products/land/hms.html | https://www.ospo.noaa.gov/data/messages/2026/03/MSG_20260312_1400.html,2026 manual fire-verification retirement is separate from smoke product. Never convert smoke polygon into verified ground exposure.
Copernicus CAMS,Global atmospheric composition; European AQ/pollen approximately 10km,YELLOW,"Copernicus/CAMS; product/version, license, modifications",GREEN,GREEN,No outreach evidenced,~/Desktop/worldengine-gpt-drop/live-layers-catalog-v1/sources.csv,https://ads.atmosphere.copernicus.eu/datasets/cams-europe-air-quality-forecasts?tab=overview | https://cds.climate.copernicus.eu/licences/licence-to-use-copernicus-products,"Europe pollen is not global street-level pollen. Operational download account/key needed, none created. Inspect license attached to exact dataset."
Google Pollen,"65+ countries; 1km; 3 types, 15 species; 5-day forecast",GREEN,Google Maps / Source: Includes pollen data from Google; exact presentation per terms,YELLOW: OSM use audit,RED: raw API,No outreach evidenced,~/Desktop/worldengine-gpt-drop/live-layers-catalog-v1/sources.csv,https://developers.google.com/maps/documentation/pollen/policies | https://cloud.google.com/maps-platform/terms/maps-service-terms | https://developers.google.com/maps/billing-and-pricing/pricing,Specific caching clauses override generic rules; do not generalize across Google SKUs. Derived permission does not clear a reconstructable raw feed.
Google Air Quality,100+ countries; 500m; current/history/forecast,GREEN,Google Maps and required source notices,YELLOW: OSM use audit,RED: raw API,No outreach evidenced,~/Desktop/worldengine-gpt-drop/live-layers-catalog-v1/sources.csv,https://developers.google.com/maps/documentation/air-quality/reference/rest | https://cloud.google.com/maps-platform/terms/maps-service-terms | https://developers.google.com/maps/billing-and-pricing/pricing,Read product-specific terms; modeled grid is not a sensor at every 500m cell.
Ambee Pollen,"Global land coverage; 30+ allergens; approximately 5km, finer by contract",YELLOW,Contract UNVERIFIED,YELLOW,YELLOW,No outreach evidenced,~/Desktop/worldengine-gpt-drop/live-layers-catalog-v1/sources.csv,https://www.getambee.com/api/pollen | https://www.getambee.com/pricing | https://www.getambee.com/terms-and-conditions,"Product claims verified as marketing; accuracy, SLA, independent retention and resale rights require contract."
EPA Envirofacts UV,US city/ZIP UV forecasts,YELLOW,EPA; forecast date and location,GREEN,GREEN,No outreach evidenced,~/Desktop/worldengine-gpt-drop/live-layers-catalog-v1/sources.csv,https://www.epa.gov/enviro/web-services | https://pasteur.epa.gov/license/sciencehub-license-non-epa-generated.html,Federal-origin subset only; forecast not measured street-level UV or canopy exposure.
CelesTrak GP / SupGP,Global tracked satellite orbital elements,YELLOW,CelesTrak and element source; requested time and element epoch,YELLOW,YELLOW,No outreach evidenced,~/Desktop/worldengine-gpt-drop/live-layers-catalog-v1/sources.csv,https://www.celestrak.org/usage-policy.php | https://celestrak.org/NORAD/documentation/gp-data-formats.php | https://www.celestrak.org/software/tutorials/sgp4.php,Elements are not measured realtime positions. Propagate with SGP4; use OMM/JSON/CSV for larger catalog IDs. Public access is not an explicit resale license.
NASA Black Marble,Global approximately 500m nighttime lights,YELLOW,"NASA/Black Marble; DOI, version and date",GREEN,GREEN,No outreach evidenced,~/Desktop/worldengine-gpt-drop/live-layers-catalog-v1/sources.csv,https://science.data.nasa.gov/about/license | https://science.gsfc.nasa.gov/earth/terrestrialinfo/projects/586/ | https://data.nasa.gov/dataset/viirs-npp-daily-gridded-day-night-band-500m-linear-lat-lon-grid-night,"NASA hosting does not clear third-party data. Use as baseline sky glow/light pollution proxy, not realtime electrical activity."
Ticketmaster Discovery API,230k+ international music/sports and other events,YELLOW,Purchase URLs and branding requirements; general attribution not conclusively verified,YELLOW,RED: standard resale,No outreach evidenced,~/Desktop/worldengine-gpt-drop/live-layers-catalog-v1/sources.csv,https://developer.ticketmaster.com/products-and-docs/apis/discovery/v2/ | https://developer.ticketmaster.com/support/faq/ | https://developer.ticketmaster.com/support/terms-of-use/,30k/month can fit daily quota only if distributed; 100k/1M user baseline exceeds it. Deep paging capped at 1000; event schedule is not observed attendance.
Ticketmaster Discovery Feed,Country event CSV/JSON feeds,YELLOW,Contract and purchase links,YELLOW,RED: standard resale,No outreach evidenced,~/Desktop/worldengine-gpt-drop/live-layers-catalog-v1/sources.csv,https://www.developer.ticketmaster.com/products-and-docs/apis/discovery-feed/ | https://developer.ticketmaster.com/support/faq/ | https://developer.ticketmaster.com/support/terms-of-use/,Public feed documentation does not itself clear partner eligibility or downstream distribution.
SeatGeek API,Ticketed event inventory; exact global boundaries unverified,YELLOW,Linked SeatGeek logo,YELLOW,RED,No outreach evidenced,~/Desktop/worldengine-gpt-drop/live-layers-catalog-v1/sources.csv,https://seatgeek.com/api-terms | https://support.seatgeek.com/hc/en-us/articles/4409765051283-Can-I-Use-SeatGeek-Data-or-an-API | https://portal.seatgeek.com/,March 17 2025 terms; no unofficial marketplace price used.
PredictHQ,Global events across 19 categories; attendance predictions,YELLOW,UNVERIFIED: contract,YELLOW,RED: standard raw API,No outreach evidenced,~/Desktop/worldengine-gpt-drop/live-layers-catalog-v1/sources.csv,https://www.predicthq.com/pricing | https://www.predicthq.com/legal/terms | https://docs.predicthq.com/integrations/integration-guides/keep-data-updated-via-api,Predicted attendance is not measured crowd. Delete/sync behavior and historical retention must be negotiated.
MLB Stats API,MLB schedules and game data,YELLOW,Commercial license requirements unverified,RED,RED,No outreach evidenced,~/Desktop/worldengine-gpt-drop/live-layers-catalog-v1/sources.csv,https://gdx.mlb.com/components/copyright.txt,Negotiate official commercial feed; do not infer open rights from callable endpoints.
NYC permitted events,Forthcoming permitted street and park events,YELLOW,"NYC source, dataset and retrieval date",GREEN,GREEN,No outreach evidenced,~/Desktop/worldengine-gpt-drop/live-layers-catalog-v1/sources.csv,https://dev.socrata.com/foundry/data.cityofnewyork.us/tvpp-9vvx | https://data.cityofnewyork.us/stories/s/Terms-of-Use/k9k7-3cje | https://www.nyc.gov/opendata/get-started/FAQs,Permits omit unofficial/unpermitted gatherings; cancellations and coverage gaps must be handled.
Seattle city calendar,Moderated events within approximately 30 miles,YELLOW,City/source event credit; actual license unverified,YELLOW,YELLOW,No outreach evidenced,~/Desktop/worldengine-gpt-drop/live-layers-catalog-v1/sources.csv,https://www.seattle.gov/event-calendar | https://www.seattle.gov/event-calendar/policy-and-disclaimer,"Public webpage viewing is free, but automated ingestion/store/resale not conclusively granted."
GOV.UK bank holidays,UK nations; JSON and ICS,GREEN,Source and Open Government Licence; no endorsement,GREEN,GREEN,No outreach evidenced,~/Desktop/worldengine-gpt-drop/live-layers-catalog-v1/sources.csv,https://www.api.gov.uk/gds/bank-holidays/ | https://www.gov.uk/help/terms-conditions | https://www.nationalarchives.gov.uk/information-management/re-using-public-sector-information/uk-government-licensing-framework/open-government-licence/,"Exclude restricted third-party content. Useful global schema exemplar, not US event coverage."
USDOT WZDx / Connected Work Zones registry,Multiple US jurisdictions; not all roads or all states,YELLOW,Publisher-specific; specification credit optional,YELLOW,YELLOW,No outreach evidenced,~/Desktop/worldengine-gpt-drop/live-layers-catalog-v1/sources.csv,https://data.transportation.gov/stories/s/Work-Zone-Data-Initiative-Partnership/jixs-h7uw/ | https://github.com/usdot-jpo-ode/wzdx,FeedInfo license URL must gate ingestion. CC0 project/schema license does not license every published road-work record.
511 MTC,San Francisco Bay Area highway incidents/closures and local work zones,YELLOW,"powered by 511.org or data provided by 511.org, linked near data",GREEN: agreement scope,RED: raw standalone / YELLOW: transformed,No outreach evidenced,~/Desktop/worldengine-gpt-drop/live-layers-catalog-v1/sources.csv,https://511.org/open-data/token | https://511.org/sites/default/files/pdfs/511_Data_Agreement_Final.pdf,"Approved shared quota needed. Current linked agreement retrieved 2026-10-07, not assumed to be a 2026-issued contract."
Caltrans CWWP2,"California 12 highway districts; lane/chain controls, signs and weather",YELLOW,Caltrans; source and time; no endorsement,GREEN,GREEN,No outreach evidenced,~/Desktop/worldengine-gpt-drop/live-layers-catalog-v1/sources.csv,https://cwwp2.dot.ca.gov/ | https://dot.ca.gov/conditions-of-use | https://quickmap.dot.ca.gov/trafficMapFaqMobile.html,GREEN only selected tabular records; photographs/CCTV and third-party inputs not automatically cleared.
COtrip / CDOT,"Colorado highway conditions, closures and incidents",YELLOW,UNVERIFIED: developer agreement,YELLOW,YELLOW,No outreach evidenced,~/Desktop/worldengine-gpt-drop/live-layers-catalog-v1/sources.csv,https://manage-api.cotrip.org/ | https://data.colorado.gov/Transportation/CDOT-Real-Time-Data-Feed-XML-/j3ch-zsvz/about_data | https://maps.cotrip.org/help/section/for-developers.html,Public API portal exists; client-rendered current agreement not verified. Do not infer all third-party traffic rights or zero commercial fee.
Chicago CDOT permits,"Chicago authorized transportation work, current/future permits",YELLOW,Chicago CDOT; permit and issue date,YELLOW,YELLOW,No outreach evidenced,~/Desktop/worldengine-gpt-drop/live-layers-catalog-v1/sources.csv,https://data.cityofchicago.org/Transportation/Transportation-Department-Permits/pubx-yq2d | https://chicago.github.io/dev.cityofchicago.org/open%20data/data%20portal/2015/11/11/new-department-of-transportation-permits-dataset.html,Authorization is not proof of active closure or construction. Do not generalize special terms of unrelated police datasets.
Denver residential construction permits,Denver residential permits,GREEN,City of Denver Open Data Catalog; CC BY 3.0; modifications,GREEN,GREEN,No outreach evidenced,~/Desktop/worldengine-gpt-drop/live-layers-catalog-v1/sources.csv,https://opendata-geospatialdenver.hub.arcgis.com/ | https://opendata-geospatialdenver.hub.arcgis.com/datasets/geospatialDenver::residential-construction-permits/explore,Verify license follows selected dataset/version. Omit contact names and unnecessary contractor/personal fields; permit is not live activity.
NYC DOT construction permits,NYC street construction permits 2022–present,YELLOW,"NYC DOT; dataset, permit dates and retrieval date",GREEN,GREEN,No outreach evidenced,~/Desktop/worldengine-gpt-drop/live-layers-catalog-v1/sources.csv,https://data.cityofnewyork.us/Transportation/Street-Construction-Permits-2022-Present-/tqtj-sjs8 | https://cityofnewyork.github.io/opendatatsm/publicpolicies.html,Avoid PII; scheduled permit validity is not confirmation crews are on site. Older last update despite daily metadata must be surfaced.
api.weather.gov,US domains,GREEN,NOAA/NWS credit; no endorsement,Allowed subject to third-party exceptions,Allowed public-domain data; label derived products,No outreach evidenced,~/Desktop/worldengine-gpt-drop/hyperlocal-weather-v1/sources.csv,https://www.weather.gov/documentation/services-web-api ; https://www.weather.gov/disclaimer,VERIFIED_SPEC; NO_BLOCK_ACCURACY_BENCHMARK
Operational radar precipitation/QPE,CONUS primary; other regional products field-dependent,GREEN,NOAA/NWS credit; no endorsement,Allowed subject to third-party exceptions,Allowed public-domain data; label derived products,No outreach evidenced,~/Desktop/worldengine-gpt-drop/hyperlocal-weather-v1/sources.csv,https://www.nssl.noaa.gov/projects/mrms/ ; https://www.nssl.noaa.gov/projects/mrms/operational/tables.php ; https://registry.opendata.aws/noaa-mrms-pds/ ; https://inside.nssl.noaa.gov/mrms/2018/03/when-radar-observed-precipitation-does-not-reach-the-ground/,VERIFIED_PRODUCT_SPEC; FIELD_RIGHTS_CHECK
HRRR forecast,CONUS/Alaska; Alaska cadence unverified,GREEN,NOAA/NWS credit; no endorsement,Allowed subject to third-party exceptions,Allowed public-domain data; label derived products,No outreach evidenced,~/Desktop/worldengine-gpt-drop/hyperlocal-weather-v1/sources.csv,https://www.nco.ncep.noaa.gov/pmb/products/hrrr/ ; https://rapidrefresh.noaa.gov/hrrr/ ; https://repository.library.noaa.gov/view/noaa/53800,VERIFIED_CONUS; ALASKA_CADENCE_UNVERIFIED
NDFD grids/XML,US domains vary,GREEN,NOAA/NWS credit; no endorsement,Allowed subject to third-party exceptions,Allowed public-domain data; label derived products,No outreach evidenced,~/Desktop/worldengine-gpt-drop/hyperlocal-weather-v1/sources.csv,https://www.weather.gov/media/directives/010_pdfs/pd01002001curr.pdf ; https://digital.weather.gov/xml/rest.php ; https://www.weather.gov/disclaimer,VERIFIED_SPEC
HPN/FFP prototype nowcasts,Historical mid-Atlantic tests,GREEN,NOAA/NWS credit; no endorsement,Allowed subject to third-party exceptions,Allowed public-domain data; label derived products,No outreach evidenced,~/Desktop/worldengine-gpt-drop/hyperlocal-weather-v1/sources.csv,https://www.weather.gov/owp/oh_hrl_hag_empe_mpn,HISTORICAL_ONLY
RRFS planned transition,US regional; operational status recheck,GREEN,NOAA/NWS credit; no endorsement,Allowed subject to third-party exceptions,Allowed public-domain data; label derived products,No outreach evidenced,~/Desktop/worldengine-gpt-drop/hyperlocal-weather-v1/sources.csv,https://gsl.noaa.gov/rrfs/ ; https://www.weather.gov/notification,TRANSITION_DATE_RECHECK_REQUIRED
Gridded snowfall analyses,CONUS,GREEN,NOAA/NWS credit; no endorsement,Allowed subject to third-party exceptions,Allowed public-domain data; label derived products,No outreach evidenced,~/Desktop/worldengine-gpt-drop/hyperlocal-weather-v1/sources.csv,https://www.nohrsc.noaa.gov/snowfall_v2/ ; https://www.nohrsc.noaa.gov/technology/pdf/PDD_National_Gridded_Snowfall_Analysis.pdf ; https://www.nohrsc.noaa.gov/technology/pdf/Proposal_for_National_Snowfall_Analysis_Phase_II.pdf,CADENCE_VERIFIED; CURRENT_RESOLUTION_UNVERIFIED
SNODAS snowpack,Principally CONUS,GREEN,SNODAS dataset DOI citation condition,Allowed subject to third-party exceptions,Allowed public-domain data; label derived products,No outreach evidenced,~/Desktop/worldengine-gpt-drop/hyperlocal-weather-v1/sources.csv,https://nsidc.org/data/g02158/versions/1 ; https://doi.org/10.7265/N5TB14TC ; https://www.nohrsc.noaa.gov/technology/,VERIFIED_SPEC
WeatherKit,Global general; next-hour select regions,YELLOW,Apple Weather/source legal link; modifications notice for transformed data,Original/derived display with required credit,No raw feeds or secondary/derived weather databases,No outreach evidenced,~/Desktop/worldengine-gpt-drop/hyperlocal-weather-v1/sources.csv,https://developer.apple.com/weatherkit/ ; https://developer.apple.com/support/terms/apple-developer-program-license-agreement/ ; https://developer.apple.com/documentation/weatherkitrestapi ; https://developer.apple.com/videos/play/wwdc2022/10003/ ; https://developer.apple.com/weatherkit/data-source-attribution/,PRICES_VERIFIED; ONE_BUNDLE_ONE_BILLABLE_CALL_ASSUMED
Commercial Timelines,Global fields; regional snow/nowcast entitlements vary,YELLOW,Linked Powered by Tomorrow.io near data/derived data,Commercial use specified in Order,No standalone raw redistribution,No outreach evidenced,~/Desktop/worldengine-gpt-drop/hyperlocal-weather-v1/sources.csv,https://docs.tomorrow.io/reference/weather-data-layers ; https://support.tomorrow.io/hc/en-us/articles/20273728362644-Free-API-Plan-Rate-Limits ; https://www.tomorrow.io/legal/terms-of-service/ ; https://docs.tomorrow.io/reference/data-layers-core ; https://docs.tomorrow.io/reference/land,SPEC_VERIFIED_FIELD_DEPENDENT; PRICE_QUOTE
Paid forecast/history API,Global model blend,GREEN,Open-Meteo credit and indicate modifications,Commercial paid endpoint,CC BY4.0 allows reuse/modification/redistribution,No outreach evidenced,~/Desktop/worldengine-gpt-drop/hyperlocal-weather-v1/sources.csv,https://open-meteo.com/en/pricing ; https://open-meteo.com/en/terms ; https://open-meteo.com/en/docs/gfs-api ; https://open-meteo.com/en/docs,CURRENT_QUOTAS_VERIFIED; USD_PRICES_UNVERIFIED
Core + MinuteCast,Global core; MinuteCast coverage contract/location dependent,YELLOW,AccuWeather name/logo/link per content requirements,Licensed display with logo,Raw API resale/redistribution prohibited,No outreach evidenced,~/Desktop/worldengine-gpt-drop/hyperlocal-weather-v1/sources.csv,https://developer.accuweather.com/pricing ; https://developer.accuweather.com/minutecast/geoposition-minutecast ; https://developer.accuweather.com/documentation/terms-of-use ; https://developer.accuweather.com/documentation/best-practices,CURRENT_TERMS_VERIFIED; CUSTOM_LICENCE_REQUIRED
Weather API,Global general; PAYG offer US/Canada,YELLOW,Provider/source credits,Product licence needed,Raw redistribution entitlement unverified,No outreach evidenced,~/Desktop/worldengine-gpt-drop/hyperlocal-weather-v1/sources.csv,https://www.xweather.com/products/weather-api ; https://www.xweather.com/docs/weather-api/endpoints/conditions ; https://www.xweather.com/docs/weather-api/resources/credits ; https://www.xweather.com/docs/maps/getting-started/accesses ; https://www.xweather.com/legal,ALLOWANCE_VERIFIED; RATES_AND_API_RIGHTS_UNVERIFIED
OneCall4 modular timelines,Global claims; regional minutely skill/coverage unverified,GREEN,OpenWeather credit per selected licence,Attribution and current plan licence,ODbL/CC BY-SA old-product explainer;4 confirmation needed,No outreach evidenced,~/Desktop/worldengine-gpt-drop/hyperlocal-weather-v1/sources.csv,https://openweathermap.org/price ; https://openweathermap.org/api ; https://openweathermap.org/faq ; https://openweather.uk/api/one-call-4 ; https://openweathermap.org/storage/app/media/documents/License_explainer_25%20Feb_25.pdf ; https://openweather.co.uk/api/files/file/OpenWeather_T&C_of_sale.pdf ; https://openweathermap.org/api/one-call-4-desciption,PRICE_VERIFIED; 4_REQUEST_BUNDLE_AND_UNIFORM_DAY_ASSUMPTIONS
Paid API + minutely,Global general; radar nowcast regional,YELLOW,Credit per current terms; exact format check,Paid commercial tier required,Raw resale/licence scope needs confirmation,No outreach evidenced,~/Desktop/worldengine-gpt-drop/hyperlocal-weather-v1/sources.csv,https://www.weatherbit.io/api/weather-forecast-minutely ; https://www.weatherbit.io/pricing ; https://www.weatherbit.io/ ; https://www.weatherbit.io/terms,QUOTAS_VERIFIED; CURRENT_TIER_PRICES_UNVERIFIED
Timeline LLX Core,Global general,YELLOW,Credit/branding exact plan conditions confirm,Public display plan-dependent,Raw redistribution requires appropriate licence,No outreach evidenced,~/Desktop/worldengine-gpt-drop/hyperlocal-weather-v1/sources.csv,https://www.visualcrossing.com/weather-data-pricing/ ; https://www.visualcrossing.com/resources/news/visual-crossing-launches-timeline-llx-weather-api-providing-ultra-low-latency-weather-data-for-next-gen-applications/ ; https://www.visualcrossing.com/resources/documentation/weather-api/timeline-llx-weather-api/ ; https://www.visualcrossing.com/weather-services-terms/,LLX_SPEC_AND_PRICE_VERIFIED; NOWCAST_SKILL_CACHE_METERING_UNRESOLVED
Denver Open Data Catalog — default licence,"Denver, United States",YELLOW,CC BY 3.0 default; incorporated website terms conflict,YES under CC BY; conflict needs clarification,YES under CC BY; conflict needs clarification,No outreach evidenced,~/Desktop/worldengine-gpt-drop/data-licence-check-v1/licence-check.csv,https://opendata-geospatialdenver.hub.arcgis.com/,Does the specific CC BY grant override incorporated website commercial-use/copy restrictions for the data?; focused licence check overrides older generic grant pending clarification
"Parks, Medians, and Parkway Trees — current city layer",United States,YELLOW,CC BY 3.0 catalogue default plus item Custom License,Conditional; commercial cartographic use needs confirmation,CC BY default permits; item applicability needs confirmation,No outreach evidenced,~/Desktop/worldengine-gpt-drop/data-licence-check-v1/licence-check.csv,https://opendata-geospatialdenver.hub.arcgis.com/datasets/f90e355dd3874744a25c30fd2ddfd45b_241/about,Confirm commercial stylized maps and raw/derived redistribution under CC BY despite Custom License/purpose wording
Tree Inventory Denver — Colorado mirror,"Denver, United States",YELLOW,Mirror labels Public Domain; Denver source default CC BY 3.0,Mirror says public domain; conflicting source needs clarification,Mirror says public domain; conflicting source needs clarification,No outreach evidenced,~/Desktop/worldengine-gpt-drop/data-licence-check-v1/licence-check.csv,https://data.colorado.gov/Natural-Resources/Tree-Inventory-Denver/wz8h-dap6,"Who authorized the public-domain designation, and which dated source release does it cover?; focused licence check overrides older generic grant pending clarification"
Building Outlines 2022 — roofprints,United States,YELLOW,CC BY 3.0 catalogue default plus item Custom License,Conditional; confirm incorporated website restrictions,CC BY default permits; applicability needs confirmation,No outreach evidenced,~/Desktop/worldengine-gpt-drop/data-licence-check-v1/licence-check.csv,https://opendata-geospatialdenver.hub.arcgis.com/datasets/04e5069b4cf843d2bfe15ad0d1c66e00_111/about,"Confirm licence applies to this exact release and derived geometry, not imagery or basemap content"
Denver Parcels — assessor year-built fields,"Denver, United States",YELLOW,Source Custom License/CC BY 3.0 default; mirror Public Domain,Conditional; source/mirror terms conflict,Conditional; source/mirror terms conflict,No outreach evidenced,~/Desktop/worldengine-gpt-drop/data-licence-check-v1/licence-check.csv,https://opendata-geospatialdenver.hub.arcgis.com/datasets/7c53bd0894134e80ae1e478c0789bf49_245/about,Confirm year-built reuse rights and cadence; identify an authorized stories/floors table; focused licence check overrides older generic grant pending clarification
Denver assessor stories/storeys structural table — exact release not verified,"Denver, United States",RED,Unknown for a separately published stories table,UNKNOWN,UNKNOWN,No outreach evidenced,~/Desktop/worldengine-gpt-drop/data-licence-check-v1/licence-check.csv,https://opendata-geospatialdenver.hub.arcgis.com/,Provide exact stories dataset/schema/terms; does a licensed bulk structural release exist?
Chicago Data Portal — Data Terms of Use,"Chicago, United States",YELLOW,Custom Data Terms of Use; not a blanket public-domain declaration,Conditional; Q-CHI-USE,Revocable; Q-CHI-STOP,No outreach evidenced,~/Desktop/worldengine-gpt-drop/data-licence-check-v1/licence-check.csv,https://data.cityofchicago.org/,Confirm commercial raw/derived rights and termination obligations
Current citywide street-tree species point inventory — not verified,United States,RED,Unknown for exact inventory,UNKNOWN,UNKNOWN,No outreach evidenced,~/Desktop/worldengine-gpt-drop/data-licence-check-v1/licence-check.csv,https://data.cityofchicago.org/browse?q=tree,"Does Streets and Sanitation publish a current citywide species-point inventory, and under which item licence?"
Building Footprints — current portal release,United States,YELLOW,See Terms of Use / custom Chicago terms,See CHI-01,See CHI-01,No outreach evidenced,~/Desktop/worldengine-gpt-drop/data-licence-check-v1/licence-check.csv,https://data.cityofchicago.org/d/syp8-uezg,Confirm current item licence and geometry cadence
Historical Chicago building footprints — City GitHub release,"Chicago, United States",GREEN,MIT; README explicitly applies it to released data,YES,YES,No outreach evidenced,~/Desktop/worldengine-gpt-drop/data-licence-check-v1/licence-check.csv,https://github.com/Chicago/osd-building-footprints,Pin a release later and retain notices; do not describe historical geometry as current
Evanston Trees — parkways and parks,"Evanston, United States",GREEN,CC BY 4.0 default; tree item links these custom portal terms,"YES, with attribution",YES; metadata entry must remain intact,Automated acquisition authorization pending; no sent outreach evidence,~/Desktop/worldengine-gpt-drop/data-licence-check-v1/licence-check.csv,https://data.cityofevanston.org/datasets/845a3acb3dc0442a80b219691889f992_8/about,Confirm authorized API/bulk automation method and which release reflects current living trees
Miami DDA Downtown Tree Inventory / 2019 assessment,"Miami / Miami-Dade, United States",RED,No data licence verified,UNKNOWN,UNKNOWN,No outreach evidenced,~/Desktop/worldengine-gpt-drop/data-licence-check-v1/licence-check.csv,https://www.miamidda.com/Urban-Planning/Resilience/Downtown-Tree-Inventory,Ask DDA for exact export/release and commercial raw/derived licence including contractor rights
Miami-Dade Open Data Hub — default policy,"Miami / Miami-Dade, United States",GREEN,"Public domain unless otherwise noted; policy calls it Creative Commons Universal standard, without version/URL",YES for County-published portal data with no contrary item notice,YES for County-published portal data with no contrary item notice,No outreach evidenced,~/Desktop/worldengine-gpt-drop/data-licence-check-v1/licence-check.csv,https://gis-mdc.opendata.arcgis.com/,Identify the exact CC Universal instrument and any item override for a chosen tree dataset
Miami-Dade Urban Tree Canopy Assessment / map,"Miami / Miami-Dade, United States",RED,County portal default PD does not establish licence of this linked assessment/map,UNKNOWN for exact assessment/data layer,UNKNOWN for exact assessment/data layer,No outreach evidenced,~/Desktop/worldengine-gpt-drop/data-licence-check-v1/licence-check.csv,https://www.miamidade.gov/global/service.page?Mduid_service=ser1540499461234959,"Which exact canopy layer is County-published portal PD, and which report/maps require separate permission?"
Miami-Dade current live-tree species point inventory — not verified,"Miami / Miami-Dade, United States",RED,Unknown for exact inventory; conditional County portal default PD,UNKNOWN until item verified,UNKNOWN until item verified,No outreach evidenced,~/Desktop/worldengine-gpt-drop/data-licence-check-v1/licence-check.csv,https://gis-mdc.opendata.arcgis.com/,"Provide exact species/lifecycle point inventory, owner, currentness and licence exception status"
City of Miami tree inventory/project data — public export not verified,"Miami / Miami-Dade, United States",RED,"No exact tree dataset licence verified; City copyright page is DMCA procedure, not data grant",UNKNOWN,UNKNOWN,No outreach evidenced,~/Desktop/worldengine-gpt-drop/data-licence-check-v1/licence-check.csv,https://www.miami.gov/My-Government/Departments/Planning/Urban-Design-Main-Landing-Page/Neighborhood-Revitalization-Districts/Southwest-SW-Streetscape-and-Street-Tree-Master-Plan,"Provide City tree inventory item/export, licence and contractor rights; distinguish planted/dead/site records"
USA-NPN contemporary Nature’s Notebook observation data,United States,GREEN,CC BY 4.0,YES,YES,No outreach evidenced,~/Desktop/worldengine-gpt-drop/data-licence-check-v1/licence-check.csv,https://www.usanpn.org/data/observational,Confirm service access and app-credit placement
USA-NPN gridded Spring Indices / phenology products,United States,GREEN,CC BY 4.0 data,YES,YES,No outreach evidenced,~/Desktop/worldengine-gpt-drop/data-licence-check-v1/licence-check.csv,https://www.usanpn.org/data/maps/spring,Confirm service and product citation
OpenSky Network,Receiver-dependent worldwide coverage; strongest Europe/US; low-altitude gaps [https://opensky-network.org/about/faq],YELLOW,"Research publications/web pages must cite Bringing up OpenSky: A large-scale ADS-B sensor network for research (Schäfer et al., IPSN 2014) and provide publication copy/link; commercial wording unclear [https://opensky-network.org/about/terms-of-use]","Written license required for for-profit and operational use, including testing [https://opensky-network.org/about/terms-of-use]",Unclear; negotiate downstream rights [https://opensky-network.org/about/terms-of-use],No outreach evidenced,~/Desktop/worldengine-gpt-drop/live-aircraft-research/aircraft-sources.csv,https://opensky-network.org/about/faq ; https://opensky-network.org/about/terms-of-use ; https://openskynetwork.github.io/opensky-api/rest.html,Commercial and operational license required. ORD/MDW/DEN surface completeness and commercial contract terms unclear.
ADS-B Exchange,Global/regional aircraft positions; optional local operations product within 50 NM [https://www.adsbexchange.com/products/enterprise-api/],YELLOW,Preserve proprietary notices; exact app credit phrase unclear [https://www.adsbexchange.com/acceptable-use-policy/],Enterprise commercial offering; WorldEngine public display must be expressly authorized [https://www.adsbexchange.com/community/developer-hub/ ; https://www.adsbexchange.com/acceptable-use-policy/],"Default policy prohibits resale, SaaS/service-bureau and redistribution; negotiated permission required [https://www.adsbexchange.com/acceptable-use-policy/]",No outreach evidenced,~/Desktop/worldengine-gpt-drop/live-aircraft-research/aircraft-sources.csv,https://www.adsbexchange.com/community/developer-hub/ ; https://www.adsbexchange.com/products/enterprise-api/ ; https://www.adsbexchange.com/acceptable-use-policy/,Own-app production recommendation #1; downstream licensing candidate #1 only with explicit contract overriding default restrictions. Airport-level coverage/SLA unclear.
FlightAware,Worldwide; terrestrial network and optional Premium space-based ADS-B [https://www.flightaware.com/commercial/aeroapi/],YELLOW,Preserve notices/brand requirements; research credit substantially similar to Contains AeroAPI data © FlightAware LLC [year]. Exact general consumer-app wording unclear [https://uk.flightaware.com/commercial/aeroapi/AeroAPI_Standard_License_Jan2025.pdf ; https://www.flightaware.com/commercial/aeroapi/AeroAPI_Premium_License_Jan2025.pdf],"Standard B2C/Premium B2C+B2B embedded applications allowed, but both January 2025 licenses prohibit commercial aircraft situational displays; WorldEngine classification/permission unclear [https://uk.flightaware.com/commercial/aeroapi/AeroAPI_Standard_License_Jan2025.pdf ; https://www.flightaware.com/commercial/aeroapi/AeroAPI_Premium_License_Jan2025.pdf]",Premium B2B embedded products permitted; raw data resale/pass-through prohibited. Not blanket sublicensing [https://www.flightaware.com/commercial/aeroapi/AeroAPI_Premium_License_Jan2025.pdf],No outreach evidenced,~/Desktop/worldengine-gpt-drop/live-aircraft-research/aircraft-sources.csv,https://www.flightaware.com/commercial/aeroapi/ ; https://uk.flightaware.com/commercial/aeroapi/AeroAPI_Standard_License_Jan2025.pdf ; https://www.flightaware.com/commercial/aeroapi/AeroAPI_Premium_License_Jan2025.pdf ; https://www.flightaware.com/commercial/termsandconditions,"Position search can be costly. Aircraft count, pagination and display permission unresolved; do not treat ordinary AeroAPI tier as approved WorldEngine aircraft map."
Flightradar24,"Worldwide tracking, including ADS-B, MLAT and estimated positions; local completeness unclear [https://fr24api.flightradar24.com/docs/faq]",YELLOW,Preserve proprietary notices; fixed consumer credit text unclear [https://www.flightradar24.com/terms-of-service],API tiers permit commercial use subject to terms; noncompeting added-value use required [https://www.flightradar24.com/terms-of-service],"Raw resale/transfer/sublicensing prohibited; derivative integration is conditional, not permission for a position-data SDK [https://www.flightradar24.com/terms-of-service]",No outreach evidenced,~/Desktop/worldengine-gpt-drop/live-aircraft-research/aircraft-sources.csv,https://fr24api.flightradar24.com/subscriptions-and-credits ; https://fr24api.flightradar24.com/docs/credit-overview ; https://fr24api.flightradar24.com/docs/faq ; https://www.flightradar24.com/terms-of-service ; https://fr24api.flightradar24.com/docs/storage-rules ; https://fr24api.flightradar24.com/docs/getting-started ; https://fr24api.flightradar24.com/double-credits-deal-terms,Cannot supplement/backfill with other live providers; WorldEngine added-value/competition classification unclear. Aircraft-based billing makes broad persistent polling expensive [https://www.flightradar24.com/terms-of-service]
FAA SWIM,"STDDS: 38 TRACONs, >200 airports, >400 systems across different services; not surface-position coverage at every airport. SFDPS: 20 continental ARTCCs. Exact current ORD/MDW/DEN subscribed position products unclear [https://www.faa.gov/air_traffic/technology/swim/stdds ; https://www.faa.gov/air_traffic/technology/swim/sfdps]",YELLOW,Preserve notices; redistributed product must not be characterized as FAA data. Exact positive credit phrase unclear [https://support.swim.faa.gov/hc/en-us/article_attachments/29623502764692],"Business products possible under SAA and service-specific terms; approval required, not NAS-impacting operation [https://support.swim.faa.gov/hc/en-us/article_attachments/29623502764692 ; https://www.faa.gov/sites/faa.gov/files/air_traffic/technology/swim/governance/SCDS-Guideline-Document_v1.1_09.11.2024]",Redistribution contemplated; pass through LADD obligations to indirect consumers; no ownership transferred; per-service terms still control [https://support.swim.faa.gov/hc/en-us/article_attachments/29623502764692],No outreach evidenced,~/Desktop/worldengine-gpt-drop/live-aircraft-research/aircraft-sources.csv,https://www.faa.gov/air_traffic/technology/swim/products/get_connected ; https://support.swim.faa.gov/hc/en-us/article_attachments/29623502764692 ; https://www.faa.gov/sites/faa.gov/files/air_traffic/technology/swim/governance/SCDS-Guideline-Document_v1.1_09.11.2024 ; https://www.faa.gov/air_traffic/technology/swim/stdds ; https://www.faa.gov/air_traffic/technology/swim/sfdps ; https://www.faa.gov/sites/faa.gov/files/2022-01/PL_115-254_Sec_502_Air_Traffic_Control_Modernization_NextGen_COMPLETE.pdf,"Downstream licensing recommendation #2 for US-focused products after service approval and current coverage verification; higher integration effort. SCDS is transport, STDDS/SFDPS are separate source services."
adsb.lol,Community receiver network; unfiltered tracking. Exact ORD/MDW/DEN low-altitude and surface completeness unclear [https://api.adsb.lol/api/openapi.json],YELLOW,Use ODbL-compliant source/license-linked notice; see exact example in README [https://opendatacommons.org/licenses/odbl/1-0/],"Outbound API/data offered under ODbL 1.0, which permits commercial use [https://www.adsb.lol/docs/open-data/api/ ; https://opendatacommons.org/licenses/odbl/1-0/]","ODbL redistribution permitted; recipients receive ODbL rights directly, not a restrictive proprietary sublicense [https://opendatacommons.org/licenses/odbl/1-0/]",No outreach evidenced,~/Desktop/worldengine-gpt-drop/live-aircraft-research/aircraft-sources.csv,https://www.adsb.lol/docs/open-data/api/ ; https://api.adsb.lol/api/openapi.json ; https://www.adsb.lol/privacy-license/ ; https://opendatacommons.org/licenses/odbl/1-0/,Own-app recommendation #2 when ODbL is acceptable and community availability meets needs. Input-feeder CC0 is not the outbound API license.
airplanes.live,Community ADS-B/MLAT network; unfiltered received traffic. Actual local completeness unclear [https://airplanes.live/about/ ; https://airplanes.live/faq/],YELLOW,Unclear for data/app use [https://airplanes.live/terms-of-use/],"Unclear; API documentation labels Apache-2.0, but whether that licenses returned position data is unclear; accessible Terms page did not supply operative data terms [https://airplanes.live/api-docs/ ; https://airplanes.live/terms-of-use/]",Unclear; do not infer resale rights from software/API-spec license [https://airplanes.live/api-docs/ ; https://airplanes.live/terms-of-use/],No outreach evidenced,~/Desktop/worldengine-gpt-drop/live-aircraft-research/aircraft-sources.csv,https://airplanes.live/about/ ; https://airplanes.live/faq/ ; https://airplanes.live/api-docs/ ; https://airplanes.live/terms-of-use/,"Not selected until commercial data permissions, pricing and traffic limits are supplied. Omit rough estimated coordinates when real positions are required."
FlightAware,"Global fused terrestrial/space ADS-B, radar, ACARS and MLAT; surface/near-surface data [https://www.flightaware.com/commercial/firehose/]",YELLOW,Exact consumer-app attribution unclear; settle in Order [https://www.flightaware.com/commercial/termsandconditions],Aircraft situational display use marketed; exact consumer license must be in Order [https://www.flightaware.com/commercial/firehose/ ; https://www.flightaware.com/commercial/termsandconditions],No default resale/redistribution. Aireon data has non-negotiable restrictions on third-party/data-service use; a terrestrial-only licensed product may require different terms [https://www.flightaware.com/commercial/termsandconditions],No outreach evidenced,~/Desktop/worldengine-gpt-drop/live-aircraft-research/aircraft-sources.csv,https://www.flightaware.com/commercial/firehose/ ; https://www.flightaware.com/commercial/termsandconditions,Useful enterprise alternative to AeroAPI for displays; consumer rights/retention quoted separately. Not selected for B2B without resolving third-party restrictions.
adsb.fi,Public radius queries up to 250 NM; full-network snapshot restricted to feeders; local completeness unclear [https://github.com/adsbfi/opendata/blob/main/README.md],YELLOW,Credit adsb.fi and link https://adsb.fi [https://github.com/adsbfi/opendata/blob/main/README.md],Public data personal/noncommercial only; contact for commercial permission [https://github.com/adsbfi/opendata/blob/main/README.md],Public terms prohibit sale/rent/lease of service/data; commercial exceptions unclear [https://github.com/adsbfi/opendata/blob/main/README.md],No outreach evidenced,~/Desktop/worldengine-gpt-drop/live-aircraft-research/aircraft-sources.csv,https://github.com/adsbfi/opendata/blob/main/README.md,"Public feed is not eligible for WorldEngine consumer commerce. Twenty metros require 2 fetches/second before retries, exceeding public limit."
MTA — NYC Transit,US / agency-specific,YELLOW,Fixed attribution text unclear; no endorsement claims; disclose non-realtime data when lag exceeds one minute [https://www.mta.info/developers/terms-and-conditions],Data use granted; commercial use of MTA logos/maps requires separate licensing [https://www.mta.info/developers],Serve downloaded data from own server; do not modify/delete data (subsets allowed) [https://www.mta.info/developers/terms-and-conditions],No outreach evidenced,~/Desktop/worldengine-gpt-drop/transit-feeds-top20/transit-feeds-top20.csv,GTFS-RT subway and bus; subway portal https://api.mta.info/; bus TU/VP/alerts https://gtfsrt.prod.obanyc.com/{tripUpdates|vehiclePositions|alerts}?key=<KEY> [https://bustime-classic.mta.info/wiki/Developers/GTFSRt]; Subway line feeds and alerts [https://api.mta.info/],Bus ZIP basenames share https://rrgtfsfeeds.s3.amazonaws.com/; subway feed list in README.
MTA — LIRR,US / agency-specific,YELLOW,Fixed attribution text unclear; no endorsement claims; disclose non-realtime data when lag exceeds one minute [https://www.mta.info/developers/terms-and-conditions],Data use granted; commercial use of MTA logos/maps requires separate licensing [https://www.mta.info/developers],Serve downloaded data from own server; do not modify/delete data (subsets allowed) [https://www.mta.info/developers/terms-and-conditions],No outreach evidenced,~/Desktop/worldengine-gpt-drop/transit-feeds-top20/transit-feeds-top20.csv,GTFS-RT https://api-endpoint.mta.info/Dataservice/mtagtfsfeeds/lirr%2Fgtfs-lirr [https://api.mta.info/],
MTA — Metro-North,US / agency-specific,YELLOW,Fixed attribution text unclear; no endorsement claims; disclose non-realtime data when lag exceeds one minute [https://www.mta.info/developers/terms-and-conditions],Data use granted; commercial use of MTA logos/maps requires separate licensing [https://www.mta.info/developers],Serve downloaded data from own server; do not modify/delete data (subsets allowed) [https://www.mta.info/developers/terms-and-conditions],No outreach evidenced,~/Desktop/worldengine-gpt-drop/transit-feeds-top20/transit-feeds-top20.csv,GTFS-RT https://api-endpoint.mta.info/Dataservice/mtagtfsfeeds/mnr%2Fgtfs-mnr [https://api.mta.info/],
LA Metro,US / agency-specific,YELLOW,Preserve proprietary notices; fixed phrase unclear [https://www.goswift.ly/api-license-agreement],"unclear for WorldEngine; conditional app display rights, see shared Swiftly terms in README [https://www.goswift.ly/api-license-agreement]",Content sharing/resale restricted; see README [https://www.goswift.ly/api-license-agreement],No outreach evidenced,~/Desktop/worldengine-gpt-drop/transit-feeds-top20/transit-feeds-top20.csv,"Swiftly GTFS-RT protobuf/JSON; bus agencyKey lametro, rail lametro-rail [https://developer.metro.net/api/]",Agency terms also require accurate display and Metro acknowledgement; exact wording unclear [https://developer.metro.net/terms-conditions/]
DART,US / agency-specific,YELLOW,unclear,unclear,unclear,No outreach evidenced,~/Desktop/worldengine-gpt-drop/transit-feeds-top20/transit-feeds-top20.csv,GTFS-RT shared with Google and Transit; public endpoint unclear [https://www.dart.org/about/news-and-events/newsreleases/newsrelease-detail/dart-begins-sharing-gtfs-realtime-feed-to-google-and-transit-apps],
Trinity Metro,US / agency-specific,YELLOW,Data provided by Trinity Metro is not warranted by Trinity Metro for accuracy or completeness and data is subject to change without notice. [https://ridetrinitymetro.org/gtfs-data/],unclear,unclear,No outreach evidenced,~/Desktop/worldengine-gpt-drop/transit-feeds-top20/transit-feeds-top20.csv,unclear,Published static link timed out during check; download success unclear.
METRO Houston,US / agency-specific,YELLOW,Route and arrival data provided by permission of METRO [https://api-portal.ridemetro.org/],unclear,Limited revocable use/reproduce/redistribute grant [https://api-portal.ridemetro.org/],No outreach evidenced,~/Desktop/worldengine-gpt-drop/transit-feeds-top20/transit-feeds-top20.csv,GTFS-RT arrivals; JSON transit API; alerts https://api.ridemetro.org/v2alertspb/alerts.pb?subscription-key=<KEY> [https://api-portal.ridemetro.org/],Trademark usage has additional conditions in portal.
WMATA,US / agency-specific,YELLOW,Fixed text unclear; do not imply affiliation or claim ownership [https://developer.wmata.com/license],unclear,In-app redistribution allowed; third-party API relay needs written approval [https://developer.wmata.com/license],No outreach evidenced,~/Desktop/worldengine-gpt-drop/transit-feeds-top20/transit-feeds-top20.csv,Bus/rail GTFS-RT and API; endpoint catalogue https://developer.wmata.com/ [https://www.wmata.com/about/developers.html],
SEPTA,US / agency-specific,YELLOW,Fixed required text unclear; trademarks not licensed [https://www3.septa.org/developer/],unclear,Trip-planning data use/reproduce/redistribute granted; RT licence scope unclear [https://www3.septa.org/developer/],No outreach evidenced,~/Desktop/worldengine-gpt-drop/transit-feeds-top20/transit-feeds-top20.csv,GTFS-RT service/trip/vehicle feeds for septa-pa-us and septarail-pa-us; API catalogue [https://app.septa.org/],
MARTA,US / agency-specific,YELLOW,Fixed phrase unclear; marks need written consent [https://itsmarta.com/app-developer-resources.aspx],unclear,Rail feed transfer allowed after recipient accepts EULA and MARTA is notified with recipient/use/date [https://itsmarta.com/developer-reg-rtt.aspx],No outreach evidenced,~/Desktop/worldengine-gpt-drop/transit-feeds-top20/transit-feeds-top20.csv,Bus GTFS-RT https://gtfs-rt.itsmarta.com/TMGTFSRealTimeWebService/vehicle/vehiclepositions.pb and /tripupdate/tripupdates.pb; rail arrivals API [https://itsmarta.com/app-developer-resources.aspx],Rail endpoint: https://developerservices.itsmarta.com:18096/itsmarta/railrealtimearrivals/developerservices/traindata?apiKey=<KEY> [https://itsmarta.com/app-developer-resources.aspx]
Miami-Dade Transit,US / agency-specific,YELLOW,Preserve proprietary notices; fixed phrase unclear [https://www.goswift.ly/api-license-agreement],"unclear for WorldEngine; conditional app display rights, see shared Swiftly terms in README [https://www.goswift.ly/api-license-agreement]",Content sharing/resale restricted; see README [https://www.goswift.ly/api-license-agreement],No outreach evidenced,~/Desktop/worldengine-gpt-drop/transit-feeds-top20/transit-feeds-top20.csv,"Swiftly GTFS-RT for bus, Metrorail and Metromover [https://www.miamidade.gov/global/transportation/open-data-feeds.page]",Swiftly conditions cover realtime; static licence unclear.
Broward County Transit,US / agency-specific,YELLOW,unclear,unclear,unclear,No outreach evidenced,~/Desktop/worldengine-gpt-drop/transit-feeds-top20/transit-feeds-top20.csv,unclear,Official GTFS use mentioned but public developer access not established; legacy ZIP returned HTML [https://www.broward.org/BCT/Documents/BCT_2024-2033_TDPAnnualUpdate.pdf]
Tri-Rail,US / agency-specific,YELLOW,unclear,unclear,unclear,No outreach evidenced,~/Desktop/worldengine-gpt-drop/transit-feeds-top20/transit-feeds-top20.csv,"GTFS-RT TU, VP, alerts: https://gtfsr.tri-rail.com/download.aspx?file=trip_updates.pb ; file=position_updates.pb ; file=alerts.pb [https://gtfsr.tri-rail.com/]",
Valley Metro (Phoenix),US / agency-specific,YELLOW,"Static ODC produced-work example: ""Contains information from DATABASE NAME which is made available under the ODC Attribution License."" Link database and licence; preserve notices for database distribution [https://opendatacommons.org/licenses/by/1-0/]; RT exact phrase/version unclear [https://www.phoenixopendata.com/dataset/general-transit-feed-specification]","Static: allowed under ODC-BY 1.0 [https://www.phoenixopendata.com/dataset/valley-metro-bus-schedule] [http://www.opendefinition.org/licenses/odc-by] [https://opendatacommons.org/licenses/by/1-0/]; RT: Creative Commons Attribution listed, exact licence version unclear [https://www.phoenixopendata.com/dataset/general-transit-feed-specification]",Static: allowed with licence/notices [https://opendatacommons.org/licenses/by/1-0/]; RT: CC Attribution listed; exact version-specific conditions unclear [https://www.phoenixopendata.com/dataset/general-transit-feed-specification],No outreach evidenced,~/Desktop/worldengine-gpt-drop/transit-feeds-top20/transit-feeds-top20.csv,"Bus GTFS-RT; JSON views for vehicles/alerts/realtime at mna.mecatran.com, linked on dataset page [https://www.phoenixopendata.com/dataset/general-transit-feed-specification]",Published dataset describes buses; rail realtime/public static coverage unclear.
MBTA,US / agency-specific,YELLOW,Clearly acknowledge MassDOT as provider; fixed phrase unclear; no logos [https://cdn.mbta.com/sites/default/files/2023-08/mbta-massdot-develop-license-agreement.pdf],Profitable apps supported [https://www.mass.gov/doc/massdot-developers-relationship-principles-11132009/download],Revocable use/reproduce/redistribute grant [https://cdn.mbta.com/sites/default/files/2023-08/mbta-massdot-develop-license-agreement.pdf],No outreach evidenced,~/Desktop/worldengine-gpt-drop/transit-feeds-top20/transit-feeds-top20.csv,GTFS-RT https://cdn.mbta.com/realtime/TripUpdates.pb ; VehiclePositions.pb ; Alerts.pb; V3 JSON API [https://github.com/mbta/gtfs-documentation/blob/master/reference/gtfs-realtime.md],
RTA (Riverside),US / agency-specific,YELLOW,Fixed text unclear; no logo/endorsement rights [https://www.riversidetransit.com/index.php/riding-the-bus/buswatch-transit-apps],unclear,unclear,No outreach evidenced,~/Desktop/worldengine-gpt-drop/transit-feeds-top20/transit-feeds-top20.csv,unclear,Consumer realtime tracker is documented; public developer feed unclear [https://www.riversidetransit.com/index.php/riding-the-bus/buswatch-transit-apps]
Omnitrans,US / agency-specific,YELLOW,unclear,unclear,unclear,No outreach evidenced,~/Desktop/worldengine-gpt-drop/transit-feeds-top20/transit-feeds-top20.csv,unclear,Download described as free subject to terms; full licence unclear [https://www.omnitrans.org/google/gis/gis-files-download.html]
Metrolink,US / agency-specific,YELLOW,unclear,unclear,unclear,No outreach evidenced,~/Desktop/worldengine-gpt-drop/transit-feeds-top20/transit-feeds-top20.csv,GTFS-RT https://metrolink-gtfsrt.gbsdigital.us/feed/gtfsrt-trips ; /feed/gtfsrt-vehicles ; alerts https://cdn.simplifytransit.com/metrolink/alerts/service-alerts.pb [https://metrolinktrains.com/about/gtfs/gtfs-rt-access/],Key handling wording conflicts; GTFS-RT specification licence is not a data licence.
BART,US / agency-specific,YELLOW,No fixed phrase in agreement; feed page requests acknowledgement/link [https://www.bart.gov/schedules/developers/gtfs-realtime],unclear,Revocable use/reproduce/redistribute grant [https://www.bart.gov/schedules/developers/developer-license-agreement],No outreach evidenced,~/Desktop/worldengine-gpt-drop/transit-feeds-top20/transit-feeds-top20.csv,GTFS-RT http://api.bart.gov/gtfsrt/tripupdate.aspx ; http://api.bart.gov/gtfsrt/alerts.aspx ; VP unclear [https://www.bart.gov/schedules/developers/gtfs-realtime],Antioch trip IDs do not match static feed IDs [https://www.bart.gov/schedules/developers/gtfs-realtime]
SFMTA Muni / 511 SF Bay,US / agency-specific,YELLOW,"""powered by 511.org"" OR ""data provided by 511.org""; link http://www.511.org in visual proximity [https://511.org/sites/default/files/pdfs/511_Data_Agreement_Final.pdf]",Commercial vendors allowed; standalone data sale requires written consent [https://511.org/sites/default/files/pdfs/511_Data_Agreement_Final.pdf],Copy/distribute/sublicense allowed subject to agreement and recipients accepting terms [https://511.org/sites/default/files/pdfs/511_Data_Agreement_Final.pdf],No outreach evidenced,~/Desktop/worldengine-gpt-drop/transit-feeds-top20/transit-feeds-top20.csv,GTFS-RT TU/VP/alerts and SIRI API; agency SF; http://api.511.org/transit/{tripupdates|vehiclepositions|servicealerts}?api_key=<KEY>&agency=SF [https://511.org/open-data/transit],
DDOT,US / agency-specific,YELLOW,unclear,unclear,unclear,No outreach evidenced,~/Desktop/worldengine-gpt-drop/transit-feeds-top20/transit-feeds-top20.csv,unclear,ZIP retrieved successfully; currency of schedule unclear.
SMART (Detroit),US / agency-specific,YELLOW,unclear,unclear,unclear,No outreach evidenced,~/Desktop/worldengine-gpt-drop/transit-feeds-top20/transit-feeds-top20.csv,unclear,
QLine,US / agency-specific,YELLOW,unclear,unclear,unclear,No outreach evidenced,~/Desktop/worldengine-gpt-drop/transit-feeds-top20/transit-feeds-top20.csv,unclear,"Agency website provides rider tracking, but public developer feed/access/terms not established [https://www.qlinedetroit.com/]"
King County Metro,US / agency-specific,YELLOW,"Transit scheduling, geographic, and real-time data provided by permission of King County [https://kingcounty.gov/en/dept/metro/rider-tools/mobile-and-web-apps]",unclear,Use/reproduce/redistribute and derivatives permitted [https://kingcounty.gov/en/dept/metro/rider-tools/mobile-and-web-apps],No outreach evidenced,~/Desktop/worldengine-gpt-drop/transit-feeds-top20/transit-feeds-top20.csv,GTFS-RT https://s3.amazonaws.com/kcm-alerts-realtime-prod/tripupdates.pb ; vehiclepositions.pb ; alerts.pb [https://kingcounty.gov/en/dept/metro/rider-tools/mobile-and-web-apps],
Sound Transit,US / agency-specific,YELLOW,Fixed required phrase unclear; no marks or endorsement claims [https://www.soundtransit.org/help-contacts/business-information/open-transit-data-otd/transit-data-terms-use],Any use allowed subject to stated exceptions/terms [https://www.soundtransit.org/help-contacts/business-information/open-transit-data-otd/transit-data-terms-use],Pass similar terms to recipients; do not change data [https://www.soundtransit.org/help-contacts/business-information/open-transit-data-otd/transit-data-terms-use],No outreach evidenced,~/Desktop/worldengine-gpt-drop/transit-feeds-top20/transit-feeds-top20.csv,OneBusAway regional API TU/VP (agency 40); GTFS-RT rail alerts https://s3.amazonaws.com/st-service-alerts-prod/alerts.pb [https://www.soundtransit.org/help-contacts/business-information/open-transit-data-otd/otd-downloads],Regional consolidated GTFS decommissioned at end of 2026; use agency files [https://www.soundtransit.org/help-contacts/business-information/open-transit-data-otd/otd-downloads]
Metro Transit (Minneapolis),US / agency-specific,YELLOW,unclear,unclear,unclear,No outreach evidenced,~/Desktop/worldengine-gpt-drop/transit-feeds-top20/transit-feeds-top20.csv,GTFS-RT https://svc.metrotransit.org/mtgtfs/tripupdates.pb ; vehiclepositions.pb ; alerts.pb; NexTrip API [https://svc.metrotransit.org/],
MTS (San Diego),US / agency-specific,YELLOW,Fixed required phrase unclear; no trademark rights [https://www.sdmts.com/business-center/app-developers/terms-and-conditions],Request form supports commercial/public use (approval unaffected) [https://www.sdmts.com/business-center/app-developers/real-time-data],Use/reproduce/redistribute static and realtime allowed [https://www.sdmts.com/business-center/app-developers/terms-and-conditions],No outreach evidenced,~/Desktop/worldengine-gpt-drop/transit-feeds-top20/transit-feeds-top20.csv,GTFS-RT https://realtime.sdmts.com/api/api/gtfs_realtime/trip-updates-for-agency/MTS.pb?key=<KEY> ; vehicle-positions-for-agency/MTS.pb?key=<KEY>; separate public alerts feed [https://www.sdmts.com/business-center/app-developers/real-time-data],General developer page says realtime forthcoming; dedicated realtime page documents active access.
NCTD,US / agency-specific,YELLOW,unclear,unclear,unclear,No outreach evidenced,~/Desktop/worldengine-gpt-drop/transit-feeds-top20/transit-feeds-top20.csv,Swiftly GTFS-RT in agency operations; public endpoint unclear [https://lfportal.nctd.org/WebLink/0/doc/220158/Page1.aspx],Public developer entitlement not established; consumer tracking does not establish public API access.
HART,US / agency-specific,YELLOW,unclear,unclear,unclear,No outreach evidenced,~/Desktop/worldengine-gpt-drop/transit-feeds-top20/transit-feeds-top20.csv,unclear,Official rider page links realtime tracking; developer format/access unclear [https://www.gohart.org/Pages/maps-real-time.aspx]
PSTA,US / agency-specific,YELLOW,unclear,unclear,unclear,No outreach evidenced,~/Desktop/worldengine-gpt-drop/transit-feeds-top20/transit-feeds-top20.csv,unclear,Legacy developer and static URLs returned agency missing-page HTML; current access unclear [https://www.psta.net/developers/ridepsta_API.php]; https://www.psta.net/latest/Google_transit.zip
MTA Maryland,US / agency-specific,YELLOW,Preserve proprietary notices; fixed phrase unclear [https://www.goswift.ly/api-license-agreement],"unclear for WorldEngine; conditional app display rights, see shared Swiftly terms in README [https://www.goswift.ly/api-license-agreement]",Content sharing/resale restricted; see README [https://www.goswift.ly/api-license-agreement],No outreach evidenced,~/Desktop/worldengine-gpt-drop/transit-feeds-top20/transit-feeds-top20.csv,Swiftly GTFS-RT bus/light rail/metro/commuter bus; MARC https://mdotmta-gtfs-rt.s3.amazonaws.com/MARC+RT/marc-tu.pb and marc-vp.pb; alerts https://feeds.mta.maryland.gov/alerts.pb [https://www.mta.maryland.gov/developer-resources],Swiftly terms apply to Swiftly realtime; static and open MARC/alert reuse terms unclear.
Metra,US / agency-specific,YELLOW,unclear,unclear,unclear,No outreach evidenced,~/Desktop/worldengine-gpt-drop/transit-feeds-top20/transit-feeds-top20.csv,unclear,
FAA NASR APT; NTAD Aviation Facilities; FAA CY2025 enplanements,United States,GREEN,NTAD Aviation Facilities explicit licence http://www.usa.gov/publicdomain/label/1.0/; federal NASR qualifying works US public domain under17 USC105,yes for qualifying federal data in US,yes for qualifying federal data in US,No outreach evidenced,~/Desktop/worldengine-gpt-drop/strategic-research-v1/ws3-places.csv,https://www.faa.gov/air_traffic/flight_info/aeronav/aero_data/NASR_Subscription/ | https://www.faa.gov/airports/planning_capacity/passenger_allcargo_stats/passenger | https://www.copyright.gov/title17/92chap1.html | https://catalog.data.gov/dataset/aviation-facilities,Nearly3300 NPIAS airports is a scoped approximation not NASR universe; latest APT count unclear; no aeronautical navigation reliance
BTS National Transit Map stops; operator GTFS,United States,GREEN,BTS states NTD-required submitted GTFS enters public domain; older voluntary feeds granted USDOT CC BY3.0US; confirm specific redistribution metadata,conditional by feed provenance,conditional; do not infer all historical source feeds globally public domain,No outreach evidenced,~/Desktop/worldengine-gpt-drop/strategic-research-v1/ws3-places.csv,https://www.bts.gov/national-transit-map | https://ntmcatalog.bts.gov/,Incomplete or changing feed coverage; streetside bus stops inflate counts; agency API/feed licences may differ
Amtrak station pages + annual reports; BTS NTAD rail facilities candidate,United States,YELLOW,Amtrak terms updated2025-03-05 reserve rights and restrict copying/distributing materials without prior written permission,not blanket permitted for website materials,prior written permission per website terms; seek licensed station facts feed,No outreach evidenced,~/Desktop/worldengine-gpt-drop/strategic-research-v1/ws3-places.csv,https://www.amtrak.com/reports-documents | https://www.amtrak.com/web-notices-terms-of-use | https://www.bts.gov/ntad,Amtrak is not automatically a US public-domain source; do not scrape under presumed federal exemption; report destinations is not station universe
Official venue operators; IAVM directory discovery,United States,YELLOW,operator-specific; no blanket open licence verified,unclear pending terms,unclear; written bulk licence needed for protected directory content,No outreach evidenced,~/Desktop/worldengine-gpt-drop/strategic-research-v1/ws3-places.csv,https://iavm.org/,IAVM members are people/global venue professionals; do not use member count as US venue count. Naming rights change; historical HIFLD availability must be verified.
NCES IPEDS institutional characteristics HD directory,United States,GREEN,US federal-authored works: 17 USC105 US public domain; release-specific notice should be checked,yes for qualifying federal data in US,yes for qualifying federal data in US,No outreach evidenced,~/Desktop/worldengine-gpt-drop/strategic-research-v1/ws3-places.csv,https://nces.ed.gov/ipeds/datacenter/Default.aspx?fromIpeds=true&gotoReportId=7 | https://nces.ed.gov/ipeds/use-the-data | https://www.copyright.gov/title17/92chap1.html,IPEDS institution != campus; no national campus footprint count; overlaid branch campuses need disambiguation. Current universe count intentionally unclear.
USGS PAD-US4.1; NPS unit list and visitor data; state stewards,United States,GREEN,USGS-authored/produced data US public domain; check DOI licence and third-party layer metadata,yes for qualifying USGS data,yes for qualifying USGS data; inspect release metadata,No outreach evidenced,~/Desktop/worldengine-gpt-drop/strategic-research-v1/ws3-places.csv,https://www.usgs.gov/programs/gap-analysis-project/science/pad-us-help-system | https://www.usgs.gov/faqs/are-usgs-reportspublications-copyrighted | https://www.nps.gov/aboutus/national-park-system.htm | https://www.nps.gov/subjects/socialscience/visitor-use-statistics-dashboard.htm,PAD-US units overlap and may not be public-access recreation parks. Major rural national parks excluded from metro shortlist. Everglades shortlist is Miami-Dade intersection only.
NPS National Register public spatial dataset + weekly listings; official operators,United States,GREEN,federal-authored inventory US public domain under17 USC105; inspect metadata and nomination attachments individually,yes qualifying federal factual inventory; attachments conditional,yes qualifying federal inventory; photos/reports may retain third-party copyright,No outreach evidenced,~/Desktop/worldengine-gpt-drop/strategic-research-v1/ws3-places.csv,https://home.nps.gov/subjects/nationalregister/data-downloads.htm | https://www.nps.gov/subjects/nationalregister/weekly-list.htm | https://www.copyright.gov/title17/92chap1.html,"Sensitive locations withheld; spatial export and spreadsheet vintage differ; no blanket licence to images, logos, sculptural works or architectural plans"
FHWA National Bridge Inventory,United States,GREEN,US federal-authored compilation:17 USC105 US public domain; inspect source metadata,yes qualifying federal inventory in US,yes qualifying federal inventory in US,No outreach evidenced,~/Desktop/worldengine-gpt-drop/strategic-research-v1/ws3-places.csv,https://www.fhwa.dot.gov/bridge/nbi.cfm | https://www.fhwa.dot.gov/bridge/britab.cfm | https://www.copyright.gov/title17/92chap1.html,Transition to SNBI affects schema. Counts by structure and by named crossing differ. Exclude collapsed Baltimore Key Bridge; shortlist Washington Key Bridge is distinct.
CMS Hospital General Information xubh-q36u,United States,YELLOW,federal-authored works:17 USC105 US public domain; dataset explicit licence field not visible,yes qualifying federal data in US,yes qualifying federal data in US; explicit release licence field unclear,No outreach evidenced,~/Desktop/worldengine-gpt-drop/strategic-research-v1/ws3-places.csv,https://data.cms.gov/provider-data/dataset/xubh-q36u | https://data.cms.gov/provider-data/topics/hospitals | https://www.copyright.gov/title17/92chap1.html,Hospital systems have multiple facilities/campuses; shortlist is proposed geographic importance not care-quality ranking; changes to rating do not imply building changes
Directory of Major Malls ShoppingCenters.com; official operator portfolios,United States,YELLOW,commercial contract; no bulk redistribution grant verified,unclear until licensed,unclear until express sublicensing/embedding rights,No outreach evidenced,~/Desktop/worldengine-gpt-drop/strategic-research-v1/ws3-places.csv,https://shoppingcenters.com/who-we-are/ | https://www.icsc.com/news-and-views/industry-insights/marketplace-perspectives/performance-series/monthly-industry-benchmark,Mall definition matters: regional/superregional enclosed mall vs all shopping centers/outlet centers. Public webpage availability is not dataset licence.
Official municipal/venue operators; IAVM directory discovery,United States,YELLOW,operator-specific; no blanket open directory licence verified,unclear pending source licence,unclear; negotiate bulk protected-content reuse,No outreach evidenced,~/Desktop/worldengine-gpt-drop/strategic-research-v1/ws3-places.csv,https://iavm.org/ | https://iavm.org/venue-excellence-award/,Global IAVM member count is not US convention-centre count; expansion/name changes require versioning; operator webpages cannot be assumed reusable.
Wikidata structured data,,GREEN,CC0 for structured namespaces; other namespace text CC BY-SA4.0,yes structured data,yes structured data,No outreach evidenced,~/Desktop/worldengine-gpt-drop/strategic-research-v1/ws3-places.csv,https://www.wikidata.org/wiki/Wikidata:Licensing | https://www.wikidata.org/wiki/Wikidata:Data_access,Media and Wikipedia text have separate licences; CC0 structured data does not license linked images/logos.
Wikimedia Analytics pageviews API,,GREEN,CC0 1.0 API data,yes,yes,No outreach evidenced,~/Desktop/worldengine-gpt-drop/strategic-research-v1/ws3-places.csv,https://doc.wikimedia.org/generated-data-platform/aqs/analytics-api/documentation/access-policy.html | https://doc.wikimedia.org/generated-data-platform/aqs/analytics-api/documentation/getting-started.html | https://doc.wikimedia.org/generated-data-platform/aqs/analytics-api/concepts/page-views.html,English-only selection biases; redirects not counted toward article; news spikes; no fact authority for identity/boundaries
Annual crop type — USDA NASS Cropland Data Layer,CONUS incl initial-city rural fringes; Hawaii separate products; not all Alaska,YELLOW,USDA NASS/year/version,Metadata Public Domain,Explicitly free redistribution,No outreach evidenced,~/Desktop/worldengine-gpt-drop/data-layers-research-v1/layers.csv,https://www.nass.usda.gov/Research_and_Science/Cropland/Release/index.php;https://www.nass.usda.gov/Research_and_Science/Cropland/sarsfaqs2.php;https://www.nass.usda.gov/Research_and_Science/Cropland/metadata/metadata_CDL25_FGDC-STD-001-1998.htm,Crop class not ownership; no farmer identities
Seasonal phenology — USA National Phenology Network,CONUS initial cities; indices not species-specific Miami calendar,YELLOW,USA-NPN product/date/region/DOI/access date,CC BY 4.0,Sharing/adaptation permitted with credit/licence/change indication,No outreach evidenced,~/Desktop/worldengine-gpt-drop/data-layers-research-v1/layers.csv,https://www.usanpn.org/about/terms;https://www.usanpn.org/data/new_data_products;https://usanpn.org/data/maps/spring;https://data.usanpn.org/,Model-to-species calibration; not observed individual trees
Water bodies and streams — USGS 3 DHP with legacy NHD fallback,National services; new 3 DHP coverage progressive,YELLOW,USGS dataset/version,USGS-produced data Public Domain; third-party notices verify,Reusable with acknowledgement requested,No outreach evidenced,~/Desktop/worldengine-gpt-drop/data-layers-research-v1/layers.csv,https://www.usgs.gov/3d-hydrography-program/access-3dhp-data-products;https://www.usgs.gov/ngp-standards-and-specifications/3d-hydrography-program-products-3dhpall-2023-service-specification;https://www.usgs.gov/faqs/are-usgs-reportspublications-copyrighted,Check fresh versus legacy provenance; align terrain
Terrain and slope — USGS 3 DEP,National seamless DEM; 1 m/project lidar coverage must be checked for initial tiles,YELLOW,USGS 3 DEP product/acquisition date,USGS-produced data public domain; inspect contributions,Reusable with acknowledgement requested,No outreach evidenced,~/Desktop/worldengine-gpt-drop/data-layers-research-v1/layers.csv,https://www.usgs.gov/3d-elevation-program/about-3dep-products-services;https://www.usgs.gov/faqs/what-coverage-3d-elevation-program-3dep-dems;https://www.usgs.gov/faqs/are-usgs-reportspublications-copyrighted,Bare-earth DEM is not building surface/height; vertical datum
Tides and water levels — NOAA CO-OPS,Miami coastalstations; Chicago Great Lakeslevels; Denverno; UScoast/Great Lakes,YELLOW,NOS/NOAA station/datum/time/source requested,Governmentinfo Public Domain unless annotatedotherwise,Reusable; modified output not labelled official,No outreach evidenced,~/Desktop/worldengine-gpt-drop/data-layers-research-v1/layers.csv,https://api.tidesandcurrents.noaa.gov/api/dev;https://api.tidesandcurrents.noaa.gov/mdapi/prod/;https://tidesandcurrents.noaa.gov/disclaimers.html,Astronomical tide !=storm/wind level; neareststationrepresentativeness
Building footprints and heights — Denver 2022; Overture,"Denver roofprints 2022; Overture global including initial cities, heights incomplete",YELLOW,Theme/source notices and OSM credit,Denver unclear; Overture ODb L,ODb L database obligations; Denver unclear,No outreach evidenced,~/Desktop/worldengine-gpt-drop/data-layers-research-v1/layers.csv,https://www.arcgis.com/sharing/rest/content/items/04e5069b4cf843d2bfe15ad0d1c66e00?f=json;https://docs.overturemaps.org/guides/buildings/;https://docs.overturemaps.org/attribution/,Roofprints versus footprint; heights units; ODb L architecture; focused licence check overrides older generic grant pending clarification
Business places — Overture Places,Global places including initial cities; local completeness unmeasured,YELLOW,Constituent credits and Apache NOTICE as applicable,"Sources mix CDLA-Permissive 2.0, Apache 2.0, CC 0; not one theme-wide assumed licence",Preserve constituent obligations/NOTICE; rights separate from Buildings ODb L,No outreach evidenced,~/Desktop/worldengine-gpt-drop/data-layers-research-v1/layers.csv,https://docs.overturemaps.org/guides/places/;https://docs.overturemaps.org/attribution/;https://docs.overturemaps.org/getting-data/,No quantified comparison to Google established; confidence not guaranteed accuracy; logos/media separate
Park amenities — Chicago; Denver; Miami parks,Three initial cities; inventories jurisdiction-specific,YELLOW,Agency credit; requirement unclear,Chicago Public Domain; Denver/Miami unclear,Chicago data reusable; other rights unclear; photos separate,No outreach evidenced,~/Desktop/worldengine-gpt-drop/data-layers-research-v1/layers.csv,https://data.cityofchicago.org/d/5yyk-qt9y;https://data.cityofchicago.org/d/ej32-qgdr;https://www.arcgis.com/sharing/rest/content/items/13b3ea41f7b54c42bb06bc6b3b1b1c03?f=json;https://www.arcgis.com/sharing/rest/content/items/53ab2e1dc49c44c7a8cf8320e8f9adf4?f=json,Amenities status/hours and media rights
Estimated field boundaries and rotations — USDA NASS/ERS Crop Sequence Boundaries,CONUS fields,YELLOW,USDA NASS/year/window,Explicit Public Domain,Explicitly free redistribution,No outreach evidenced,~/Desktop/worldengine-gpt-drop/data-layers-research-v1/layers.csv,https://www.nass.usda.gov/Research_and_Science/Crop-Sequence-Boundaries/index.php;https://www.nass.usda.gov/Research_and_Science/Crop-Sequence-Boundaries/metadata_Crop-Sequence-Boundaries-2025.htm,Synthetic boundaries not property parcels; no ownershipjoins
Planting and harvest progression — NASS Crop Progress / Quick Stats,State/national crops; Illinois/Colorado; Florida series availabilityverify,YELLOW,USDA NASS/series/referenceweek,Published aggregates Public Domain,Reusable government aggregates,No outreach evidenced,~/Desktop/worldengine-gpt-drop/data-layers-research-v1/layers.csv,https://www.nass.usda.gov/Surveys/Guide_to_NASS_Surveys/Crop_Progress_and_Condition/;https://agdatacommons.nal.usda.gov/articles/dataset/NASS_-_Quick_Stats/24660792;https://data.nass.usda.gov/developer/index.php;https://www.nass.usda.gov/Data_and_Statistics/Citation_Request/,No particular field harvest assertion; holiday schedule
River stage and streamflow — USGS modern Water Data APIs,National stations; initial city specific gauges must be selected,YELLOW,USGS station/parameter/datum/time,USGS-produced Public Domain,Reusable; third-party notices verify,No outreach evidenced,~/Desktop/worldengine-gpt-drop/data-layers-research-v1/layers.csv,https://api.waterdata.usgs.gov/;https://waterservices.usgs.gov/;https://www.usgs.gov/faqs/are-usgs-reportspublications-copyrighted,Stage is not street inundation depth; migrate from legacy API
Rip currents and marine forecasts — NOAA NWS,Miami surfzone; Great Lakes officeproducts; exact Chicagoproductmappingverify; Denverno,YELLOW,NOAA/NWS office/product/issuetime,API freefor anypurpose; NWS Public Domain exceptnotices,Reusable; preservewarning/source/time and distinguishmodifiedscene,No outreach evidenced,~/Desktop/worldengine-gpt-drop/data-layers-research-v1/layers.csv,https://www.weather.gov/documentation/services-web-api;https://www.weather.gov/disclaimer;https://www.weather.gov/media/mfl/news/SWAW2026/RipWeb_2026.pdf;https://www.weather.gov/cle/great_lakes_rip_currents,No pinpointdangerouscurrentdepiction; zone/validtime verification
Sea-surface temperature — NOAA NCEI OISSTv 2.1,Globalocean including Miami offshore; Chicago use GLSEA; Denverno,YELLOW,NOAA/NCEI version/subset/DOI/accessdate,CDR useagreement no use restrictions,Data reusable; software rightsseparate,No outreach evidenced,~/Desktop/worldengine-gpt-drop/data-layers-research-v1/layers.csv,https://www.ncei.noaa.gov/products/optimum-interpolation-sst;https://www.ncei.noaa.gov/pub/data/sds/cdr/CDRs/Sea_Surface_Temperature_Optimum_Interpolation/UseAgreement_01B-09.pdf,Temperature is not observed watercolour; coarsebeachpixels
Buoy waves and temperature — NOAA NDBC,Miami/Great Lakes marine stations; Denverno; exact operationalbuoysverify,YELLOW,NOAA/NDBC station/time/parameter,NWS Public Domain except notices; partnerstationsverify,Reusable applicable governmentdata; no endorsement,No outreach evidenced,~/Desktop/worldengine-gpt-drop/data-layers-research-v1/layers.csv,https://www.ndbc.noaa.gov/faq/rt_data_access.shtml;https://www.ndbc.noaa.gov/faq/measdes.shtml;https://www.ndbc.noaa.gov/faq/rss_access.shtml;https://www.weather.gov/disclaimer,Significantheight not exact beachsurf; seasonalbuoy availability
Coastal bathymetry — NOAA NCEI CUDEM,UScoastaltiles; Miami actualfootprintsverify; Chicago prefer Great Lakes; Denverno,YELLOW,NOAA/NCEI tile/version/citation,NOAA-producedproducts no UScopyright; selectedpartnernoticesverify,Reuse applicable NOAAproducts,No outreach evidenced,~/Desktop/worldengine-gpt-drop/data-layers-research-v1/layers.csv,https://www.ncei.noaa.gov/products/coastal-elevation-models;https://www.ncei.noaa.gov/access/metadata/landing-page/bin/iso?id=gov.noaa.ngdc%3Angdc_dems;https://www.ncei.noaa.gov/maps/bathymetry/,Verticaldatums and selectedtilecoverage; notnavigation
Great Lakes wave forecast — NOAA NCEP Great Lakes Wave,Chicago/Lake Michigan; Miami/Denverno,YELLOW,NOAA/NWS/NCEP/cycle/validtime,NWS Public Domain except notices,Reusable governmentproduct; no endorsement,No outreach evidenced,~/Desktop/worldengine-gpt-drop/data-layers-research-v1/layers.csv,https://www.emc.ncep.noaa.gov/emc/pages/numerical_forecast_systems/wavemodels.php;https://www.weather.gov/disclaimer,Current GLWUgrid/nearshore validation
On-demand public-data audio briefs — Amazon Polly,Voice/region availability service-specific; usable city-independent,YELLOW,Fixed Polly credit unclear; source-data credits retained,Commercial applications contemplated; AWS terms apply,FAQ permits storing/reusing generated speech without restriction; underlying text/data rights separate,No outreach evidenced,~/Desktop/worldengine-gpt-drop/data-layers-research-v1/layers.csv,https://aws.amazon.com/polly/pricing/;https://aws.amazon.com/polly/faqs/,Never invent source claims; no cloning/individual voices; onward agreements verify
Historical topo — USGS Historical Topographic Map Collection,"US quadrangles, initial cities edition-dependent",YELLOW,USGS map/date requested,Historical USGS maps Public Domain,Reusable; modern US Topo third-party exceptions separate,No outreach evidenced,~/Desktop/worldengine-gpt-drop/data-layers-research-v1/layers.csv,https://www.usgs.gov/programs/national-geospatial-program/topographic-maps;https://pubs.usgs.gov/fs/2011/3009/pdf/fs2011-3009.pdf;https://www.usgs.gov/faqs/are-usgs-topographic-maps-copyrighted?items_per_page=6&page=0&qt-news_science_products=0,Survey/publication/revision dates differ
Lake Michigan bathymetry — NOAA NCEI Great Lakes Bathymetry,Lake Michigan/Chicago; not Miami/Denver,YELLOW,NCEI/NGDC Lake Michigan DOI 10.7289/V 5 B 85627/accessdate,Applicable NCEIproducts no UScopyright,Reusable applicableproducts,No outreach evidenced,~/Desktop/worldengine-gpt-drop/data-layers-research-v1/layers.csv,https://www.ncei.noaa.gov/products/great-lakes-bathymetry,5 mcontourinterval not 5 mhorizontalresolution; datumconversion
Ocean wave forecast — NOAA NCEP GFS-Wave / WWIII,Miami Atlantic; global ocean; Chicago uses separate Great Lakes model; Denverno,YELLOW,NOAA/NWS/NCEP/cycle/validtime,NWS Public Domain except annotatedcontent,Reusable applicable governmentproducts; modified scene notofficial,No outreach evidenced,~/Desktop/worldengine-gpt-drop/data-layers-research-v1/layers.csv,https://www.emc.ncep.noaa.gov/emc/pages/numerical_forecast_systems/wavemodels.php;https://polar.ncep.noaa.gov/waves/Model_Description.pdf;https://polar.ncep.noaa.gov/waves/wavewatch/;https://www.weather.gov/disclaimer,WWIII developmentgraphics not operational feed; beach-scale skillunclear
Urban surface heat — USGS Landsat Collection 2 Surface Temperature,Global scenes including Chicago/Denver/Miami; clouds/data gaps,YELLOW,USGS EROS Landsat collection/version DOI,No restrictions on Landsat product use,Reusable; follow dataset citation guidance,No outreach evidenced,~/Desktop/worldengine-gpt-drop/data-layers-research-v1/layers.csv,https://www.usgs.gov/landsat-missions/landsat-collection-2-surface-temperature,"Surface versus air temperature, scale factors, clouds/emissivity gaps"
Historic street/building fabric — LOC Sanborn online collection,Chicago/Denver finder entries; exact Miami street/year unclear; US cities incomplete,YELLOW,LOC Geography and Map Division/Sanborn collection,Online collection expressly Public Domain,Reuse permitted; later proprietary editions not covered,No outreach evidenced,~/Desktop/worldengine-gpt-drop/data-layers-research-v1/layers.csv,https://www.loc.gov/collections/sanborn-maps/about-this-collection/rights-and-access/;https://guides.loc.gov/fire-insurance-maps/sanborn-searching;https://data.labs.loc.gov/sanborn/,Exact amended item/date; 1950 not automatically public domain; focused licence check overrides older generic grant pending clarification
Population and households / decennial — Census 2020 Decennial products,National tract/block-group aggregate population/housing; initial cities covered,YELLOW,Exact Census API non-endorsement notice in README,APIuse permitted under terms; no reidentification/endorsement,Aggregate results; preserve source integrity and API non-endorsement notice,No outreach evidenced,~/Desktop/worldengine-gpt-drop/data-layers-research-v1/layers.csv,https://www.census.gov/data/developers/data-sets/decennial-census.html;https://www.census.gov/data/developers/about/terms-of-service.html,No race/demographic overlays consumer; counts do not establish observed foot traffic
Earthquake context — USGS Geo JSON feeds,Global events; initial cities present only when event occurs,YELLOW,USGS event/time/magnitude/version,USGS-produced Public Domain,Reusable with source acknowledgement requested,No outreach evidenced,~/Desktop/worldengine-gpt-drop/data-layers-research-v1/layers.csv,https://earthquake.usgs.gov/earthquakes/feed/v1.0/geojson.php;https://www.usgs.gov/faqs/are-usgs-reportspublications-copyrighted,Magnitude/location revisions and non-events handling
Air quality / AQI — Air Now EPA and partner agencies,US reporting areas/monitors including initial regions; not block-level,YELLOW,EPA and appropriate reporting agency; preserve AQI colours/values,Product use covered by guidelines; explicit commercial grant from all owners unclear,"Cache latest; disseminate values as received, preliminary and nonregulatory; notify relevant agencies for derived products",No outreach evidenced,~/Desktop/worldengine-gpt-drop/data-layers-research-v1/layers.csv,https://docs.airnowapi.org/faq;https://docs.airnowapi.org/docs/DataUseGuidelines.pdf,"Agency ownership, current per-service limits and derived display clearance"
Barns and silos — OSMtags / Overture Buildings,Global footprints; rural-use tags uneven in initial regions,YELLOW,OSMcontributors plus applicable Overturebuilding sources,ODb L,Database obligations and source credits,No outreach evidenced,~/Desktop/worldengine-gpt-drop/data-layers-research-v1/layers.csv,https://docs.overturemaps.org/guides/buildings/;https://docs.overturemaps.org/attribution/;https://www.openstreetmap.org/copyright;https://wiki.openstreetmap.org/wiki/Tag:man_made=silo,Generic roofprint does not certify use; no farm-owner data
Bike-share station availability — GBFS / Divvy,Chicago Divvy; Denver operator feeds/licence unclear; national operator-specific,YELLOW,Operator requirements; logos separate; exact text unclear,Divvy royalty-free product uses permitted; operator-specific elsewhere,Divvy forbids standalone raw dataset resale/sublicensing; GBFS format grants no general feed licence,No outreach evidenced,~/Desktop/worldengine-gpt-drop/data-layers-research-v1/layers.csv,https://gbfs.org/documentation/reference/;https://divvybikes.com/system-data;https://divvybikes.com/data-license-agreement,No trip history/IDs; verify feed version and licence for each operator
Streetlights — LA lights; OSM,LA; OSM global uneven; initial-city inventories unclear,YELLOW,OSM credit; CC 0 no mandatory credit,LA CC 0; OSM ODb L,CC 0 data reusable; ODb L obligations,No outreach evidenced,~/Desktop/worldengine-gpt-drop/data-layers-research-v1/layers.csv,https://data.lacity.org/d/9ei6-svt8;https://www.openstreetmap.org/copyright,Colour/brightness not documented
OSM POIs and legal gap filling — Open Street Map; city business licences; first-party submissions,OSMglobal uneven; city licences jurisdiction-specific; Google coverage superiority unmeasured,YELLOW,Open Street Map contributors; municipal and first-party rights notices,OSMODb L; municipal terms vary; Google API under separate restricted agreement,ODb L obligations; no Google scraping/database copying; merchant-supplied facts/media need permission,No outreach evidenced,~/Desktop/worldengine-gpt-drop/data-layers-research-v1/layers.csv,https://www.openstreetmap.org/copyright;https://developers.google.com/maps/documentation/places/web-service/policies;https://data.cityoforlando.net/d/7388-4re5,No official quantitative Chicago/Denver/Miami completeness benchmark; audit samples rather than guess
Street-tree species — Denver DPR trees,Denver DPR parks/medians/parkways only; Chicago complete inventory unclear; Miami survey requires validation,YELLOW,City and County of Denver; mandatory text unclear,unclear; disclaimer only,unclear,No outreach evidenced,~/Desktop/worldengine-gpt-drop/data-layers-research-v1/layers.csv,https://www.arcgis.com/sharing/rest/content/items/f90e355dd3874744a25c30fd2ddfd45b?f=json,Managed-area coverage and species completeness; focused licence check overrides older generic grant pending clarification
Storm-surge forecast scenarios — NOAA NHC SLOSH/P-Surge,Miami/Atlantic/Gulf threats whenactive; Chicago/Denverno,YELLOW,NOAA/NHC advisory/time/probability,Applicable NWSproducts Public Domain,Reusable; do notpresentas deterministicofficialscene,No outreach evidenced,~/Desktop/worldengine-gpt-drop/data-layers-research-v1/layers.csv,https://www.nhc.noaa.gov/templates/graphics_inundation_inc.shtml;https://www.nhc.noaa.gov/pdf/PDD-PotentialStormSurgeFloodingMap.pdf;https://www.nhc.noaa.gov/gis/inundation/potential_storm_surge_flooding_downloads_guide.pdf;https://www.weather.gov/disclaimer,10%exceedance product not mostlikelyexactpropertydepth; datum/terrain
Historical county election returns — MIT Election Data + Science Lab / Harvard Dataverse,US county presidential returns 2000–2024,YELLOW,CC 0 no mandatory credit; cite MEDSL/dataset DOI recommended,Dataset explicitly CC 0 1.0,Commercial reuse/redistribution allowed; dataset-specific licence,No outreach evidenced,~/Desktop/worldengine-gpt-drop/data-layers-research-v1/layers.csv,https://electionlab.mit.edu/data;https://doi.org/10.7910/DVN/VOQCHQ;https://dataverse.harvard.edu/api/datasets/:persistentId/?persistentId=doi:10.7910/DVN/VOQCHQ,No voter lists/cast-vote records; historical feed not live; precinct dataset licence separate
Housing age and commute modes — Census ACS 5-year,National detailed tables to blockgroups; profiles/subjecttables to tracts; initial cities covered,YELLOW,Exact Census API non-endorsement notice in README,APIterms permit use; no endorsement/reidentification,Keep margins of error/vintage; Census notice; source integrity,No outreach evidenced,~/Desktop/worldengine-gpt-drop/data-layers-research-v1/layers.csv,https://www.census.gov/data/developers/data-sets/acs-5year.html;https://www.census.gov/data/developers/about/terms-of-service.html;https://api.census.gov/data/2024/acs/acs5/groups/B08301.html;https://api.census.gov/data/2024/acs/acs5/groups/B25034.html,Five-year estimates not current counts/hourly busyness; no demographic consumer layers
Public-art exclusion register — Chicago; Denver; Miami public art,Chicago park works; Denver; Miami-Dade,YELLOW,Artist/title/agency contract-specific,Chicago data Public Domain; artwork copyright separate; others unclear,Metadata rights do not clear artwork/models/photos,No outreach evidenced,~/Desktop/worldengine-gpt-drop/data-layers-research-v1/layers.csv,https://data.cityofchicago.org/d/e9ef-hrzb;https://www.arcgis.com/sharing/rest/content/items/9b840fd2095b4847b586f3f14e542e2b?f=json;https://miamidadepublicart.org/app/art/collection.page,Artwork copyright and onward reproduction
Bike facilities — Chicago; Denver,Chicago/Denver; other metros in city-portals.csv,YELLOW,Agency credit; requirement unclear,unclear,unclear,No outreach evidenced,~/Desktop/worldengine-gpt-drop/data-layers-research-v1/layers.csv,https://data.cityofchicago.org/d/hvv9-38ut;https://www.arcgis.com/sharing/rest/content/items/5e7ce4f28b4b408aac59de8d7950adbf?f=json,Filter proposed facilities; no safety inference
Canopy change — USGS/USFS NLCD Tree Canopy products,US landcover products; precise selected canopy product extent must be checked,YELLOW,USGS/USFS product and dates,USGS-produced data public domain; selected USFS metadata verify,Reusable for cleared government product; third-party notices separate,No outreach evidenced,~/Desktop/worldengine-gpt-drop/data-layers-research-v1/layers.csv,https://data.usgs.gov/datacatalog/data/USGS%3A649595e9d34ef77fcb01dca3;https://www.usgs.gov/centers/eros/science/about-annual-nlcd;https://www.usgs.gov/faqs/are-usgs-reportspublications-copyrighted,Do not equate annual landcover with annual per-tree canopy inventories
Western snowpack — USDA NRCS SNOTEL/AWDB,"Western USmountain network; Colorado mountains, not Denver urban snow; Chicago/Miami no equivalent network coverage",YELLOW,USDA NRCS station/parameter/date,Dataset-specific explicit rights unclear,unclear,No outreach evidenced,~/Desktop/worldengine-gpt-drop/data-layers-research-v1/layers.csv,https://www.nrcs.usda.gov/programs-initiatives/sswsf-snow-survey-and-water-supply-forecasting-program;https://www.nrcs.usda.gov/resources/data-and-reports/snow-and-water-interactive-map;https://www.nrcs.usda.gov/sites/default/files/2023-03/AWDB%20Web%20Service%20User%20Guide.pdf,Station altitude/representativeness; SWE differs from snowdepth
Windbreaks and field pattern — USDA NAIP / USGS NAIPPlus,CONUS; initial regions acquisition-dependent,YELLOW,USDA NAIP/USGS/acquisitionyear,NAIP Public Domain; other high-res components metadata verify,Government imagery reusable; component exceptions separate,No outreach evidenced,~/Desktop/worldengine-gpt-drop/data-layers-research-v1/layers.csv,https://imagery.nationalmap.gov/arcgis/rest/services/USGSNAIPPlus/ImageServer;https://www.usgs.gov/media/images/tnmcorps-naip-imagery-layer;https://www.usda.gov/sites/default/files/documents/fpac-midas-pia.pdf,Segmentation is inference not inventory; no people/vehicles/household inference
Sidewalks and curbs — Chicago; Denver; Miami-Dade,Chicago city; Denver current sidewalks/2022 ramps; Miami county roads only,YELLOW,Municipal credit; requirement unclear,unclear,unclear,No outreach evidenced,~/Desktop/worldengine-gpt-drop/data-layers-research-v1/layers.csv,https://data.cityofchicago.org/d/77cn-6x4c;https://www.arcgis.com/sharing/rest/content/items/bd48b3fabbf24ee9affff7f770881d64?f=json;https://www.arcgis.com/sharing/rest/content/items/7a286f9cd36f41e382696db4eeffebc2?f=json;https://www.arcgis.com/sharing/rest/content/items/3b8f8359b0aa4fc08702da57a384d6e9?f=json,Denver ramps do not certify ADA accessibility; Miami stale coverage
Civic boundaries and density denominators — Census TIGER/Line,National geography including initial cities,YELLOW,US Census Bureau/year,Dataset-specific terms verify before shipping,Geometry reuse terms unclear in this review,No outreach evidenced,~/Desktop/worldengine-gpt-drop/data-layers-research-v1/layers.csv,https://www.census.gov/geographies/mapping-files/time-series/geo/tiger-line-file.html,Boundary vintages and land/water areas; no individual-level joins
Night light / light pollution proxy — NASA Black Marble (existing World Engine source),Global; includes initial cities,YELLOW,NASA Black Marble/product DOI; exact wording verify,Selected product terms unclear in this review,Selected product redistribution terms unclear,No outreach evidenced,~/Desktop/worldengine-gpt-drop/data-layers-research-v1/layers.csv,https://blackmarble.gsfc.nasa.gov/,Radiance differs from sky brightness; existing NASA licence and product version
Great Lakes ice and temperature — NOAA GLERL / Coast Watch GLSEA,Great Lakes/Lake Michigan; Chicago; Miami/Denverno,YELLOW,NOAA GLERL/Coast Watch/NIC/partnercitation,Exactproduct rightsunclear; somepartnerinterpolations usedwithpermission,Selected-productpermissionverify,No outreach evidenced,~/Desktop/worldengine-gpt-drop/data-layers-research-v1/layers.csv,https://www.glerl.noaa.gov/data/ice/index.html;https://www.glerl.noaa.gov/data/ice/glicd.php;https://coastwatch.glerl.noaa.gov/statistics/great-lakes-ice-concentration/;https://glerl.noaa.gov/res/glcfs/,Never apply wholelakepercentuniformly; rights and localresolution
Events and street closures — NYC permitted events/closures; Chicago transportation permits,NYC/Chicago public permits; other metros see city-portals,YELLOW,Municipal data credit; required wording unclear,unclear,unclear; omit permit applicants/contacts,No outreach evidenced,~/Desktop/worldengine-gpt-drop/data-layers-research-v1/layers.csv,https://data.cityofnewyork.us/d/tvpp-9vvx;https://data.cityofnewyork.us/d/i6b5-j7bu;https://data.cityofchicago.org/d/pubx-yq2d,Permitted is not confirmed event/closure; cancellation checks
Farmers markets — USDA AMS Local Food Directories,US directory; initial-city completeness/hours unverified,YELLOW,USDA AMS suggested; mandatory text unclear,Listing/media reuse unclear,Production data-sharing terms unclear; endpoint 403 during review,No outreach evidenced,~/Desktop/worldengine-gpt-drop/data-layers-research-v1/layers.csv,https://www.ams.usda.gov/services/local-regional/food-directories-listings;https://www.usdalocalfoodportal.com/fe/datasharing/,No personal contact names/emails; directoryhours not guaranteed current
Alternative TTS — Google Cloud Text-to-Speech,City-independent; languages/voices vary,YELLOW,Fixed display attribution unclear,Paid service; output/onward terms unclear in reviewed pricing source,Storage/redistribution rules require service terms verification,No outreach evidenced,~/Desktop/worldengine-gpt-drop/data-layers-research-v1/layers.csv,https://cloud.google.com/text-to-speech/pricing,Pricing is not an output-rights grant
EV charging locations — AFDC / National Laboratory of the Rockies developer API,National station directory; initial metro completeness unmeasured,YELLOW,AFDC/DOE/NLR source and date; exact requirement unclear,Current downloaded terms require review; supplied sources not assumed Public Domain,unclear until accepted data terms reviewed,No outreach evidenced,~/Desktop/worldengine-gpt-drop/data-layers-research-v1/layers.csv,https://developer.nlr.gov/docs/transportation/alt-fuel-stations-v1/;https://afdc.energy.gov/data_download,Station operating status is not live free-port occupancy
Parking availability — Seattle paid parking; LA meter occupancy,Seattle last 30 days; LA meter dataset; initial metros live parking unclear,YELLOW,Voluntary city/dataset credit; mandatory text unclear,Selected datasets Public Domain declarations,Reusable data; verify actual vintage/completeness,No outreach evidenced,~/Desktop/worldengine-gpt-drop/data-layers-research-v1/layers.csv,https://data.seattle.gov/d/xkas-9n43;https://data.lacity.org/d/e7h6-4a3e,Do not represent old sampled data as current available spaces
Commercial ambient library — BBC Sound Effects / Pro Sound Effects,"Global recordings, not local measurements",YELLOW,Contract-specific unclear,BBC public access not commercial grant; buy commercial licence via PSE,App-bundled/raw/onward asset rights need explicit quote; metadata OGL is not audio licence,No outreach evidenced,~/Desktop/worldengine-gpt-drop/data-layers-research-v1/layers.csv,https://sound-effects.bbcrewind.co.uk/licensing;https://sound-effects.bbcrewind.co.uk/faqs;https://blog.prosoundeffects.com/how-to-license-bbc-sound-effects-to-use-in-your-commercial-productions,Recording versus metadata rights; reusable sound-pack distribution
Parcels and zoning — Miami-Dade parcels/zoning,Miami-Dade parcels; county zoning jurisdiction; others see city-portals.csv,YELLOW,County credit; requirement unclear,unclear,unclear,No outreach evidenced,~/Desktop/worldengine-gpt-drop/data-layers-research-v1/layers.csv,https://www.arcgis.com/sharing/rest/content/items/347bce97227c4b54b04a3e626b558950?f=json;https://www.arcgis.com/sharing/rest/content/items/69bda17d8d1f48e58268103aebf86546?f=json,Exclude owner data; zoning is allowed use not observed activity
Precinct and current election results — Official Denver/Miami archives; MIT precinct catalogue,Denver/Miami official historical precinct results; MIT national 2024 precinct product; Chicago current source verification incomplete,YELLOW,Electionboard/jurisdiction/election/time; MEDSL DOI when verified,Official result redistribution terms unclear; MIT precise precinct dataset licence unverified,Do not infer CC 0 from other MEDSL dataset; opt-in professional only,No outreach evidenced,~/Desktop/worldengine-gpt-drop/data-layers-research-v1/layers.csv,https://www.denvergov.org/Government/Agencies-Departments-Offices/Agencies-Departments-Offices-Directory/Clerk-and-Recorder/Elections-Division/Data-and-Maps?lang_update=638716965197553458;https://www.miamidade.gov/global/elections/election-results-archive.page;https://electionlab.mit.edu/data,"Certified/unofficial distinction, boundaries, candidate labels; never individuals or inferred politics; focused licence check overrides older generic grant pending clarification"
Shorelines and beach geometry — NOAA NGS CUSP / Shoreline Explorer,UScoast/Great Lakes; Miami/Chicago selecteddatesverify; Denverno,YELLOW,NOAA/NGS selecteddataset/date; exacttextunclear,Selectedcompilation rightsunclear,unclear untilmetadatareview,No outreach evidenced,~/Desktop/worldengine-gpt-drop/data-layers-research-v1/layers.csv,https://nsde.ngs.noaa.gov/;https://nsde.ngs.noaa.gov/more.html;https://www.ngs.noaa.gov/RSD/shoredata/c_coast_att.htm,Surveyed shoreline definitions not currentwet/dryline; beachamenities/closures needmunicipalsources
Historical aerials /1950 feasibility — USGS EROS Aerial Photo Single Frames,US/territories from 1930 s; exact three-city 1950 frames unverified,YELLOW,USGS/EROS collection/flight/frame/date,USGS-created Public Domain; frame origin/third-party terms verify,Item-specific reusable government frames,No outreach evidenced,~/Desktop/worldengine-gpt-drop/data-layers-research-v1/layers.csv,https://www.usgs.gov/centers/eros/science/usgs-eros-archive-aerial-photography-aerial-photo-single-frames;https://pubs.usgs.gov/publication/tm11C11/full;https://www.usgs.gov/faqs/are-usgs-reportspublications-copyrighted,Not already orthorectified; never promise every street 1950
Fire hydrants — NYC DEP,NYC; initial-city inventories unclear,YELLOW,Agency credit; requirement unclear,unclear,unclear,No outreach evidenced,~/Desktop/worldengine-gpt-drop/data-layers-research-v1/layers.csv,https://data.cityofnewyork.us/d/6pui-xhxz,No emergency accuracy guarantee
Transportation noise — US DOT BTS National Transportation Noise Map,CONUS/Alaska/Hawaii; initial metros covered by national products,YELLOW,US DOT/BTS dataset/version; exact mandatory wording unclear,unclear pending selected download metadata,unclear,No outreach evidenced,~/Desktop/worldengine-gpt-drop/data-layers-research-v1/layers.csv,https://www.bts.gov/geospatial/national-transportation-noise-map,Explicitly unsuitable for individual-location/time noise; no shielding effects
UV forecast — EPA Envirofacts UV services,US ZIP/city forecasts; target ZIPs require endpoint check,YELLOW,EPA UV forecast source; required wording unclear,unclear,unclear,No outreach evidenced,~/Desktop/worldengine-gpt-drop/data-layers-research-v1/layers.csv,https://www.epa.gov/enviro/web-services,Operational endpoints and licence confirmation
Ambient audio library — Freesound/UPF,Global assets; local authenticity varies,YELLOW,Per-clip author/title/licence where required,Clip-specific CC 0/CC BY usable; CC BY-NC ineligible; commercial API agreement separate,Per-clip licence; API commercial case-by-case; asset resale rights verify,No outreach evidenced,~/Desktop/worldengine-gpt-drop/data-layers-research-v1/layers.csv,https://freesound.org/help/tos_api/;https://freesound.org/docs/api/terms_of_use.html;https://freesound.org/help/faq/;https://freesound.org/help/developers/,Default licence whitelist and separate recordings/composition; no observer data
Building age and permits — Cook County assessor; Chicago permits,Cook County building characteristics; Chicago permits; Denver/Miami bulk age unclear,YELLOW,Agency credit; exact requirement unclear,unclear,unclear,No outreach evidenced,~/Desktop/worldengine-gpt-drop/data-layers-research-v1/layers.csv,https://datacatalog.cookcountyil.gov/stories/s/Assessor-2025-Open-Data-Refresh/gzdr-q7c4/;https://data.cityofchicago.org/d/ydr8-5enu,Omit owners/applicants; age reliability; focused licence check overrides older generic grant pending clarification
Flood zones — FEMA National Flood Hazard Layer,National where effective digital flood maps exist; local completeness unclear,YELLOW,FEMA NFHL/effective date; requirement unclear,unclear; source page blocked during review,unclear,No outreach evidenced,~/Desktop/worldengine-gpt-drop/data-layers-research-v1/layers.csv,https://www.fema.gov/flood-maps/national-flood-hazard-layer,"Effective versus pending maps, uncovered areas and rights; not live water depth"
School calendar patterns — Chicago Public Schools family calendar,CPS only; Denver/Miami exact district calendar/licence unclear,YELLOW,District/calendar year,Calendar factual dates versus PDF artwork rights; explicit commercial licence unclear,Do not republish protected PDF; structured dates permission verify,No outreach evidenced,~/Desktop/worldengine-gpt-drop/data-layers-research-v1/layers.csv,https://www.cps.edu/calendar/;https://www.cps.edu/globalassets/cps-pages/calendar/26-27/cps-family-calendar-english-26-27.pdf,Not actual attendance; no individual children or demographic tuning
Wildlife and plant sightings — i Naturalist,Global including initial regions; sampling bias,YELLOW,"Content-owner credit and licence, not generic platform credit",Record-specific; defaults CC BY-NC; whitelist observation CC 0/CC BY separately from media,Only per-record/media rights; no obscured-coordinate reconstruction,No outreach evidenced,~/Desktop/worldengine-gpt-drop/data-layers-research-v1/layers.csv,https://help.inaturalist.org/en/support/solutions/articles/151000175695;https://help.inaturalist.org/en/support/solutions/articles/151000169918;https://www.inaturalist.org/pages/api+recommended+practices,No usernames/comments/precise sightings; sensitive-species aggregation
Archive photos / national — LOC Prints and Photographs,National holdings; street/date coverage search-dependent,YELLOW,Creator/title/date/collection/call number/item URL,"Item-specific; curated free-use sets starting point, not blanket Public Domain",Item rights advisory; LOC may not own copyright,No outreach evidenced,~/Desktop/worldengine-gpt-drop/data-layers-research-v1/layers.csv,https://www.loc.gov/free-to-use/;https://www.loc.gov/legal/security-copyright-and-privacy/understanding-copyright/;https://www.loc.gov/pictures/help/,No known restrictions differs from confirmed Public Domain; environment-only photos
Soil — USDA NRCS SSURGO,US soil-survey coverage; initial city survey completeness varies,YELLOW,USDA NRCS Soil Survey product/version; exact requirement unclear,Data-specific reuse grant unclear; software licence is not dataset licence,unclear,No outreach evidenced,~/Desktop/worldengine-gpt-drop/data-layers-research-v1/layers.csv,https://www.nrcs.usda.gov/resources/data-and-reports/soil-survey-geographic-database-ssurgo;https://www.nrcs.usda.gov/resources/data-and-reports/ssurgo-portal,Urban fill and map-unit mixtures; avoid property-specific drainage certainty
Bird abundance model — e Bird Status and Trends,"Species-specific models including North America, gaps vary",YELLOW,Product/DOI citation,FAQ currently prohibits commercial applications,Public access does not authorise commercial onward distribution,No outreach evidenced,~/Desktop/worldengine-gpt-drop/data-layers-research-v1/layers.csv,https://science.ebird.org/eu/atlasva/status-and-trends/faq;https://github.com/ebird/ebirdst,Do not conflate raw e Bird permission route with model terms
Bird species from raw sightings — Cornell e Bird,Global observations; local completeness uneven,YELLOW,Product-specific e Bird citation,Explicit commercial permission required,Raw download redistribution prohibited; derived and onward rights need permission,No outreach evidenced,~/Desktop/worldengine-gpt-drop/data-layers-research-v1/layers.csv,https://ebird.org/data/download;https://support.ebird.org/en/support/solutions/articles/48001078113;https://www.birds.cornell.edu/home/ebird-api-terms-of-use/,Strip observers/text; aggregate locations; protected species restrictions
Aggregate foot traffic — LA Walk & Bike Count Data; Census commuter priors,LA 2025 count locations; national ACS aggregates; initial-city live counts unclear,YELLOW,Agency/source/date; Census API notice,LA rights unclear; Census APIterms apply,No individual mobility traces; dataset-specific reuse,No outreach evidenced,~/Desktop/worldengine-gpt-drop/data-layers-research-v1/layers.csv,https://data.lacity.org/d/hiwe-xzrt;https://www.census.gov/data/developers/data-sets/acs-5year.html,No verified primary national live foot-traffic API; scale/time limitations
Colorado irrigation pivots — Colorado DWR/CWCB CDSS,Colorado basins incl South Platte; Chicago/Miami no,YELLOW,DWR/CWCB/basin/year; required wording unclear,unclear; general terms reserve copyright,unclear,No outreach evidenced,~/Desktop/worldengine-gpt-drop/data-layers-research-v1/layers.csv,https://cdss.colorado.gov/gis-data;https://cdss.colorado.gov/gis-data/gis-data-by-category;https://cdss.colorado.gov/terms-of-use,Irrigatedpolygon does not prove pivot; drop personal water-right/well-owner IDs
Florida algal blooms — FWC-FWRI HAB monitoring,Florida samples incl possible Miami; localcoveragevaries; Chicago/Denverno,YELLOW,FWC-FWRI HAB Monitoring Database,unclear; sharingcontact and copyrightnotice,Confirmwith FWC for furthersharing/historicaldata,No outreach evidenced,~/Desktop/worldengine-gpt-drop/data-layers-research-v1/layers.csv,https://gis.myfwc.com/mapping/rest/services/Projects_FWC/HAB_forDEP_Dashboard/MapServer;https://myfwc.com/research/redtide/;https://www.protectingfloridatogether.gov/water-quality-status,Preliminarylater QC; absenceofsamples notabsenceofbloom; omitcontributoridentities
Non-sensitive 311 aggregates — Chicago 311 Service Requests,Chicago city; other municipal coverage separate,YELLOW,City 311/dataset/date; required wording unclear,unclear,"Use only cleared aggregate output; no addresses, text, requester data",No outreach evidenced,~/Desktop/worldengine-gpt-drop/data-layers-research-v1/layers.csv,https://data.cityofchicago.org/Service-Requests/311-Service-Requests/v6vf-nfxy,Select potholes/streets/tree maintenance; exclude health/police/social categories; suppress small cells (design proposal)
Chicago archive photos — Chicago Public Library,Chicago focus; not national,YELLOW,Owner/collection; exact app text unclear,Protected works need copyright-owner permission,Item-specific unclear,No outreach evidenced,~/Desktop/worldengine-gpt-drop/data-layers-research-v1/layers.csv,https://www.chipublib.org/digital-collections-copyright-and-takedown-policy/,Educational access is not commercial grant; avoid identifiable people
Denver archive photos — Denver Public Library,Denver/Western history; not national blanket coverage,YELLOW,"Denver Public Library, Western History Collection, [Call#]; known creator",Commercial/editorial agreement and usage fees; underlying copyright separate,One project/use; further/onward uses need permission,No outreach evidenced,~/Desktop/worldengine-gpt-drop/data-layers-research-v1/layers.csv,https://www.denverlibrary.org/content/digital-collections;https://history.denverlibrary.org/about/conditions-and-image-permissions;https://history.denverlibrary.org/image-pricing-and-sizes,Continuous app and licensing to others require explicit agreement
Miami bike share / scooters — Citi Bike Miami; GBFS operators,Miami provider network; scooters local operators need discovery,YELLOW,Contract-specific; brand rights separate,Miami terms restrictive; do not assume consumer display permission,Miami broad restrictions require written clarification; no standalone feed resale; scooter terms unclear,No outreach evidenced,~/Desktop/worldengine-gpt-drop/data-layers-research-v1/layers.csv,https://citibikemiami.com/data-policy;https://gbfs.org/documentation/reference/,Written product/onward rights; GBFS v 3 omitted licence rule must not be applied to v 2
Nocturnal migration — Cornell Bird Cast,CONUS radar; mountainous/outage gaps,YELLOW,Bird Cast/date/time/Cornell/source/access date,unclear,unclear; do not scrape charts for production,No outreach evidenced,~/Desktop/worldengine-gpt-drop/data-layers-research-v1/layers.csv,https://birdcast.org/;https://birdcast.org/migration-tools/live-migration-maps/,Commercial access; migration intensity not positions
Pollen — restricted candidate — Google Maps Pollen API,Coverage country-dependent; precise initial-city completeness unclear,YELLOW,Google Maps; Source: Includes pollen data from Google; follow policy,Commercial API under agreement; non-Google map visualisation prohibited,Prefetch/storage generally restricted; not a reusable World Engine pollen tile database,No outreach evidenced,~/Desktop/worldengine-gpt-drop/data-layers-research-v1/layers.csv,https://developers.google.com/maps/documentation/pollen;https://developers.google.com/maps/documentation/pollen/policies;https://developers.google.com/maps/documentation/pollen/usage-and-billing;https://developers.google.com/maps/billing-and-pricing/pricing,Written exception required for non-Google world visualisation; cache limits
"Public radio listening / licensing — CPR, WLRN, NPR licensed distribution; Radio Browser directory","CPR Denver; WLRN South Florida; Chicago station permission route unclear; Radio Browser searchable station directory, local completeness unmeasured",YELLOW,Station/network/contract-specific,Public stream access does not establish app rebroadcast rights,Embedding/rebroadcast/cache/onward licence unclear; negotiate station and third-party programme/music rights,No outreach evidenced,~/Desktop/worldengine-gpt-drop/data-layers-research-v1/layers.csv,https://www.cpr.org/ways-to-listen/;https://www.wlrn.org/listen;https://npr.github.io/content-distribution-service/;https://api.radio-browser.info/;https://docs.radio-browser.info/,Directory URL is not rights; no radio buffering/redistribution assumption; Radio Browser database licence/commercial cache terms unclear; stream and logo rights remain station-specific
Sargassum risk — NOAA AOML/USF SIR,SEFlorida/Miami regional; Caribbean/Gulf/Atlantic; Chicago/Denverno,YELLOW,NOAA/USF acknowledgement; exacttextunclear,Jointproduct/input rightsunclear,unclear,No outreach evidenced,~/Desktop/worldengine-gpt-drop/data-layers-research-v1/layers.csv,https://www.aoml.noaa.gov/phod/sargassum_inundation_report/;https://coastwatch.noaa.gov/cwn/news/2023-04-04/sargassum-faq.html;https://oceanservice.noaa.gov/news/sargassum/,Risk !=observed deposition; jointsourcepermission
Miami archive photos — Miami-Dade Public Library,Miami-Dade special collections; exact 1950 streets unclear,YELLOW,Item-specific unclear,unclear per item,unclear,No outreach evidenced,~/Desktop/worldengine-gpt-drop/data-layers-research-v1/layers.csv,https://www.mdpls.org/research,Exact item/date and rights before promising 1950
NYC LION StreetWidth_Min,"New York, US",YELLOW,UNVERIFIED raw-data grant,Selected licence conditions apply,Selected licence; exact product/use check,No outreach evidenced,~/Desktop/worldengine-gpt-drop/street-geometry-rules-v1/sources.md,https://www.nyc.gov/content/planning/pages/resources/datasets/lion,Minimum paved width feet; raw redistribution unresolved
BGT road-surface polygons,Netherlands,GREEN,CC0 current PDOK; older catalogue CC BY discrepancy,Selected licence conditions apply,Selected licence; exact product/use check,No outreach evidenced,~/Desktop/worldengine-gpt-drop/street-geometry-rules-v1/sources.md,https://api.pdok.nl/kadaster/bgt/ogc/v1,Pin exact distribution grant; surface polygon widths inferred
NWB road centerlines,Netherlands,GREEN,CC0,Selected licence conditions apply,Selected licence; exact product/use check,No outreach evidenced,~/Desktop/worldengine-gpt-drop/street-geometry-rules-v1/sources.md,https://api.pdok.nl/rws/nationaal-wegenbestand-wegen/ogc/v1,"Matching line, not actual width"
IGN BD TOPO road widths,France,GREEN,Etalab Open Licence 2.0,Selected licence conditions apply,Selected licence; exact product/use check,No outreach evidenced,~/Desktop/worldengine-gpt-drop/street-geometry-rules-v1/sources.md,https://geoservices.ign.fr/bdtopo,Generalized widths; selected release and attribution
National-road width dataset,France,YELLOW,Licence Ouverte,Selected licence conditions apply,Selected licence; exact product/use check,No outreach evidenced,~/Desktop/worldengine-gpt-drop/street-geometry-rules-v1/sources.md,https://www.data.gouv.fr/datasets/largeur-de-routes-sur-le-reseau-routier-national,"National network, not all local streets"
Paris sidewalk polygons,"Paris, France",GREEN,ODbL,Selected licence conditions apply,Selected licence; exact product/use check,No outreach evidenced,~/Desktop/worldengine-gpt-drop/street-geometry-rules-v1/sources.md,https://www.data.gouv.fr/datasets/plan-de-voirie-trottoirs-emprises,"Database duties; sidewalk, not actual road width"
Vancouver ROW widths,"Vancouver, Canada",GREEN,OGL Vancouver,Selected licence conditions apply,Selected licence; exact product/use check,No outreach evidenced,~/Desktop/worldengine-gpt-drop/street-geometry-rules-v1/sources.md,https://opendata.vancouver.ca/explore/dataset/right-of-way-widths/,"Property-line ROW, not carriageway"
