Monument ID,Name,City,Country,Type,Pipeline stage,Height status,Height (m),Height endpoint,Rights / logo notes,Inside a test area (Y/N),Test-area evidence / scope,Pack reference,Style B sheet / artwork,Approval evidence / scope,Engine evidence,Source type,Record scope,City evidence,Researched,Designed,Approved,Height verified,Built in engine,Verified in engine,Public count eligible,Notes
CA-toronto-district-01,Annex-like residential fabric,Toronto,Canada,district,designed (Style B sheet),N/A scalar district; mapped component heights unresolved,,,UNVERIFIED place-specific architecture/art/logo clearance; omit all marks,N,"No documented named-test inclusion; N means not evidenced, not surveyed outside",~/Desktop/worldengine-gpt-drop/canada-style-b-v1/canada-values.json#toronto-district-01,~/Desktop/worldengine-gpt-drop/canada-style-b-v1/toronto-district-01.html,,,district,named landmark,source city field,Y,Y,N,N,N,N,N,"Area-inspired district, not a specifically registered street camera or approved model"
CA-toronto-district-02,Streetcar main street,Toronto,Canada,district,designed (Style B sheet),N/A scalar district; mapped component heights unresolved,,,UNVERIFIED place-specific architecture/art/logo clearance; omit all marks,N,"No documented named-test inclusion; N means not evidenced, not surveyed outside",~/Desktop/worldengine-gpt-drop/canada-style-b-v1/canada-values.json#toronto-district-02,~/Desktop/worldengine-gpt-drop/canada-style-b-v1/toronto-district-02.html,,,district,named landmark,source city field,Y,Y,N,N,N,N,N,"Area-inspired district, not a specifically registered street camera or approved model"
CA-vancouver-district-01,Residential lanes and cherry streets,Vancouver,Canada,district,designed (Style B sheet),N/A scalar district; mapped component heights unresolved,,,UNVERIFIED place-specific architecture/art/logo clearance; omit all marks,N,"No documented named-test inclusion; N means not evidenced, not surveyed outside",~/Desktop/worldengine-gpt-drop/canada-style-b-v1/canada-values.json#vancouver-district-01,~/Desktop/worldengine-gpt-drop/canada-style-b-v1/vancouver-district-01.html,,,district,named landmark,source city field,Y,Y,N,N,N,N,N,"Area-inspired district, not a specifically registered street camera or approved model"
CA-vancouver-district-02,Waterfront podium district,Vancouver,Canada,district,designed (Style B sheet),N/A scalar district; mapped component heights unresolved,,,UNVERIFIED place-specific architecture/art/logo clearance; omit all marks,N,"No documented named-test inclusion; N means not evidenced, not surveyed outside",~/Desktop/worldengine-gpt-drop/canada-style-b-v1/canada-values.json#vancouver-district-02,~/Desktop/worldengine-gpt-drop/canada-style-b-v1/vancouver-district-02.html,,,district,named landmark,source city field,Y,Y,N,N,N,N,N,"Area-inspired district, not a specifically registered street camera or approved model"
JP-KIYOMIZU,Kiyomizu-dera,Kyoto,Japan,religious,researched,UNVERIFIED — component heights unresolved,,,Commercial on-site recording needs permission; source reuse/architecture/art/logo review separate,N,"No documented named-test inclusion; N means not evidenced, not surveyed outside",~/Desktop/worldengine-gpt-drop/japan-showcase-v1/README.md,,,,religious,named landmark,source city field,Y,N,N,N,N,N,N,"Research rights example only, not a selected build"
JP-NISHIJIN,Nishijin / Itsutsuji–Omiya vicinity,Kyoto,Japan,district,researched,N/A district scalar; local component geometry unresolved,,,UNVERIFIED place-specific architecture/art/logo clearance; omit all marks,Y,Named proposed 600 × 600 m showcase area; boundaries unverified,~/Desktop/worldengine-gpt-drop/japan-style-b-v1/README.md; ~/Desktop/worldengine-gpt-drop/japan-showcase-v1/README.md,,,,district,named landmark,source city field,Y,N,N,N,N,N,N,"Area-inspired scene exists; no named-place monument specification sheet, retain researched stage"
JP-YANAKA,Yanaka Ginza / Yanaka–Sendagi lanes,Tokyo,Japan,district,researched,N/A district scalar; local component geometry unresolved,,,UNVERIFIED place-specific architecture/art/logo clearance; omit all marks,Y,Named proposed 600 × 600 m showcase area; boundaries unverified,~/Desktop/worldengine-gpt-drop/japan-style-b-v1/README.md; ~/Desktop/worldengine-gpt-drop/japan-showcase-v1/README.md,,,,district,named landmark,source city field,Y,N,N,N,N,N,N,"Area-inspired scene exists; no named-place monument specification sheet, retain researched stage"
LM054,AT&T Stadium,Arlington,United States,stadium,researched,UNVERIFIED source availability and physical measurement,,,"UNVERIFIED: likely protected architectural design; High: team, venue, naming-rights sponsor and ads; UNVERIFIED individual architecture/design/trademark outcome; no release clearance",N,"No documented named-test inclusion; N means not evidenced, not surveyed outside",~/Desktop/worldengine-gpt-drop/landmarks-research-v1/landmarks.csv#LM054; ~/Desktop/worldengine-gpt-drop/landmarks-research-v1/build-effort.csv#LM054; ~/Desktop/worldengine-gpt-drop/strategic-research-v1/ws3-places.csv#AT&T Stadium,,,,stadium,named landmark,source city field,Y,N,N,N,N,N,N,Stadium arches and roof; no sponsor text; metro: Dallas–Fort Worth
LM069,Bank of America Plaza (Atlanta),Atlanta,United States,tower,researched,UNVERIFIED source availability and physical measurement,,,UNVERIFIED: likely protected architectural design; Medium: place/operator names and possible shape marks; UNVERIFIED individual architecture/design/trademark outcome; no release clearance,N,"No documented named-test inclusion; N means not evidenced, not surveyed outside",~/Desktop/worldengine-gpt-drop/landmarks-research-v1/landmarks.csv#LM069; ~/Desktop/worldengine-gpt-drop/landmarks-research-v1/build-effort.csv#LM069,,,,tower,named landmark,source city field,Y,N,N,N,N,N,N,Tower and pyramidal spire; metro: Atlanta
LM068,Georgia Institute of Technology,Atlanta,United States,civic,researched,UNVERIFIED source availability and physical measurement,,,"UNVERIFIED: mixed-age architectural designs; High: university names, seals, mascots and sponsor graphics; UNVERIFIED individual architecture/design/trademark outcome; no release clearance",N,"No documented named-test inclusion; N means not evidenced, not surveyed outside",~/Desktop/worldengine-gpt-drop/landmarks-research-v1/landmarks.csv#LM068; ~/Desktop/worldengine-gpt-drop/landmarks-research-v1/build-effort.csv#LM068; ~/Desktop/worldengine-gpt-drop/strategic-research-v1/ws3-places.csv#Georgia Institute of Technology,,,,university,named landmark,source city field,Y,N,N,N,N,N,N,Main campus exterior; metro: Atlanta
WAVE2-atlanta-district-02,Grant Park residential streets,Atlanta,United States,district,designed (Style B sheet),N/A scalar district; mapped component heights unresolved,,,UNVERIFIED place-specific architecture/art/logo clearance; omit all marks,N,"No documented named-test inclusion; N means not evidenced, not surveyed outside",~/Desktop/worldengine-gpt-drop/us-metros-wave2-v1/metro-values.json#atlanta-district-02,~/Desktop/worldengine-gpt-drop/us-metros-wave2-v1/atlanta-district-02.html,,,district,named landmark,source city field,Y,Y,N,N,N,N,N,Named Style B district study; no owner approval or true-metro engine capture evidenced
LM067,Mercedes-Benz Stadium,Atlanta,United States,stadium,researched,UNVERIFIED source availability and physical measurement,,,"UNVERIFIED: likely protected architectural design; High: team, venue, naming-rights sponsor and ads; UNVERIFIED individual architecture/design/trademark outcome; no release clearance",N,"No documented named-test inclusion; N means not evidenced, not surveyed outside",~/Desktop/worldengine-gpt-drop/landmarks-research-v1/landmarks.csv#LM067; ~/Desktop/worldengine-gpt-drop/landmarks-research-v1/build-effort.csv#LM067; ~/Desktop/worldengine-gpt-drop/strategic-research-v1/ws3-places.csv#Mercedes-Benz Stadium,,,,stadium,named landmark,source city field,Y,N,N,N,N,N,N,Angular shell and operable roof; metro: Atlanta
WAVE2-atlanta-district-01,Midtown corridors,Atlanta,United States,district,designed (Style B sheet),N/A scalar district; mapped component heights unresolved,,,UNVERIFIED place-specific architecture/art/logo clearance; omit all marks,N,"No documented named-test inclusion; N means not evidenced, not surveyed outside",~/Desktop/worldengine-gpt-drop/us-metros-wave2-v1/metro-values.json#atlanta-district-01,~/Desktop/worldengine-gpt-drop/us-metros-wave2-v1/atlanta-district-01.html,,,district,named landmark,source city field,Y,Y,N,N,N,N,N,Named Style B district study; no owner approval or true-metro engine capture evidenced
WAVE2-austin-district-01,Downtown / Lady Bird Lake edge,Austin,United States,district,designed (Style B sheet),N/A scalar district; mapped component heights unresolved,,,UNVERIFIED place-specific architecture/art/logo clearance; omit all marks,N,"No documented named-test inclusion; N means not evidenced, not surveyed outside",~/Desktop/worldengine-gpt-drop/us-metros-wave2-v1/metro-values.json#austin-district-01,~/Desktop/worldengine-gpt-drop/us-metros-wave2-v1/austin-district-01.html,,,district,named landmark,source city field,Y,Y,N,N,N,N,N,Named Style B district study; no owner approval or true-metro engine capture evidenced
WAVE2-austin-district-02,Hyde Park residential streets,Austin,United States,district,designed (Style B sheet),N/A scalar district; mapped component heights unresolved,,,UNVERIFIED place-specific architecture/art/logo clearance; omit all marks,N,"No documented named-test inclusion; N means not evidenced, not surveyed outside",~/Desktop/worldengine-gpt-drop/us-metros-wave2-v1/metro-values.json#austin-district-02,~/Desktop/worldengine-gpt-drop/us-metros-wave2-v1/austin-district-02.html,,,district,named landmark,source city field,Y,Y,N,N,N,N,N,Named Style B district study; no owner approval or true-metro engine capture evidenced
LM079,"University of California, Berkeley",Berkeley,United States,civic,researched,UNVERIFIED source availability and physical measurement,,,"UNVERIFIED: mixed-age architectural designs; High: university names, seals, mascots and sponsor graphics; UNVERIFIED individual architecture/design/trademark outcome; no release clearance",N,"No documented named-test inclusion; N means not evidenced, not surveyed outside",~/Desktop/worldengine-gpt-drop/landmarks-research-v1/landmarks.csv#LM079; ~/Desktop/worldengine-gpt-drop/landmarks-research-v1/build-effort.csv#LM079; ~/Desktop/worldengine-gpt-drop/strategic-research-v1/ws3-places.csv#University of California Berkeley,,,,university,named landmark,source city field,Y,N,N,N,N,N,N,Main campus exterior; exclude art; metro: San Francisco
LM073,Custom House Tower,Boston,United States,tower,researched,UNVERIFIED source availability and physical measurement,,,UNVERIFIED: legacy design candidate; Medium: place/operator names and possible shape marks; UNVERIFIED individual architecture/design/trademark outcome; no release clearance,N,"No documented named-test inclusion; N means not evidenced, not surveyed outside",~/Desktop/worldengine-gpt-drop/landmarks-research-v1/landmarks.csv#LM073; ~/Desktop/worldengine-gpt-drop/landmarks-research-v1/build-effort.csv#LM073,,,,historic tower,named landmark,source city field,Y,N,N,N,N,N,N,Clock tower and historic base; metro: Boston
WAVE2-boston-district-02,Dorchester triple-decker blocks,Boston,United States,district,designed (Style B sheet),N/A scalar district; mapped component heights unresolved,,,UNVERIFIED place-specific architecture/art/logo clearance; omit all marks,N,"No documented named-test inclusion; N means not evidenced, not surveyed outside",~/Desktop/worldengine-gpt-drop/us-metros-wave2-v1/metro-values.json#boston-district-02,~/Desktop/worldengine-gpt-drop/us-metros-wave2-v1/boston-district-02.html,,,district,named landmark,source city field,Y,Y,N,N,N,N,N,Named Style B district study; no owner approval or true-metro engine capture evidenced
WAVE2-boston-district-01,Downtown / Financial District,Boston,United States,district,designed (Style B sheet),N/A scalar district; mapped component heights unresolved,,,UNVERIFIED place-specific architecture/art/logo clearance; omit all marks,N,"No documented named-test inclusion; N means not evidenced, not surveyed outside",~/Desktop/worldengine-gpt-drop/us-metros-wave2-v1/metro-values.json#boston-district-01,~/Desktop/worldengine-gpt-drop/us-metros-wave2-v1/boston-district-01.html,,,district,named landmark,source city field,Y,Y,N,N,N,N,N,Named Style B district study; no owner approval or true-metro engine capture evidenced
LM070,Fenway Park,Boston,United States,stadium,researched,UNVERIFIED source availability and physical measurement,,,"UNVERIFIED: mixed-age architectural designs; High: team, venue, naming-rights sponsor and ads; UNVERIFIED individual architecture/design/trademark outcome; no release clearance",N,"No documented named-test inclusion; N means not evidenced, not surveyed outside",~/Desktop/worldengine-gpt-drop/landmarks-research-v1/landmarks.csv#LM070; ~/Desktop/worldengine-gpt-drop/landmarks-research-v1/build-effort.csv#LM070; ~/Desktop/worldengine-gpt-drop/strategic-research-v1/ws3-places.csv#Fenway Park,,,,stadium,named landmark,source city field,Y,N,N,N,N,N,N,Ballpark and wall geometry; no team graphics; metro: Boston
LM071,Harvard University,Cambridge,United States,civic,researched,UNVERIFIED source availability and physical measurement,,,"UNVERIFIED: mixed-age architectural designs; High: university names, seals, mascots and sponsor graphics; UNVERIFIED individual architecture/design/trademark outcome; no release clearance",N,"No documented named-test inclusion; N means not evidenced, not surveyed outside",~/Desktop/worldengine-gpt-drop/landmarks-research-v1/landmarks.csv#LM071; ~/Desktop/worldengine-gpt-drop/landmarks-research-v1/build-effort.csv#LM071; ~/Desktop/worldengine-gpt-drop/strategic-research-v1/ws3-places.csv#Harvard University,,,,university,named landmark,source city field,Y,N,N,N,N,N,N,Harvard Yard exterior; not entire university holdings; metro: Boston
LM072,Massachusetts Institute of Technology,Cambridge,United States,civic,researched,UNVERIFIED source availability and physical measurement,,,"UNVERIFIED: mixed-age architectural designs; High: university names, seals, mascots and sponsor graphics; UNVERIFIED individual architecture/design/trademark outcome; no release clearance",N,"No documented named-test inclusion; N means not evidenced, not surveyed outside",~/Desktop/worldengine-gpt-drop/landmarks-research-v1/landmarks.csv#LM072; ~/Desktop/worldengine-gpt-drop/landmarks-research-v1/build-effort.csv#LM072; ~/Desktop/worldengine-gpt-drop/strategic-research-v1/ws3-places.csv#Massachusetts Institute of Technology,,,,university,named landmark,source city field,Y,N,N,N,N,N,N,Cambridge campus exterior; exclude public art; metro: Boston
LM019,875 North Michigan Avenue,Chicago,United States,tower,designed (Style B sheet),published; survey pending,343.7,architectural top,UNVERIFIED: legacy design candidate; Medium: place/operator names and possible shape marks; UNVERIFIED individual architecture/design/trademark outcome; no release clearance,N,"No documented named-test inclusion; N means not evidenced, not surveyed outside",~/Desktop/worldengine-gpt-drop/landmarks-research-v1/landmarks.csv#LM019; ~/Desktop/worldengine-gpt-drop/landmarks-research-v1/build-effort.csv#LM019; ~/Desktop/worldengine-gpt-drop/landmarks-style-b-v1/landmarks-values.json#LM019,~/Desktop/worldengine-gpt-drop/landmarks-style-b-v1/chicago-LM019.html,,,tower,named landmark,source city field,Y,Y,N,N,N,N,N,Tapered tower and X-bracing; metro: Chicago; published/tagged height is not complete physical component/endpoint verification
LM018,Art Institute of Chicago,Chicago,United States,museum,designed (Style B sheet),missing measured or reliably published component height; requires ground-relative roof measurement,,,UNVERIFIED: mixed-age architectural designs; Medium: place/operator names and possible shape marks; UNVERIFIED individual architecture/design/trademark outcome; no release clearance,N,"No documented named-test inclusion; N means not evidenced, not surveyed outside",~/Desktop/worldengine-gpt-drop/landmarks-research-v1/landmarks.csv#LM018; ~/Desktop/worldengine-gpt-drop/landmarks-research-v1/build-effort.csv#LM018; ~/Desktop/worldengine-gpt-drop/landmarks-style-b-v1/landmarks-values.json#LM018,~/Desktop/worldengine-gpt-drop/landmarks-style-b-v1/chicago-LM018.html,,,museum,named landmark,source city field,Y,Y,N,N,N,N,N,Historic exterior plus modern wing; omit lions and other art; metro: Chicago; published/tagged height is not complete physical component/endpoint verification
LM016,Chicago Picasso,Chicago,United States,civic,researched,UNVERIFIED source availability and physical measurement,,,UNVERIFIED copyright; reference only by user rule; REFERENCE ONLY: artwork identity and artist rights; USER EXCLUSION: never build,N,"No documented named-test inclusion; N means not evidenced, not surveyed outside",~/Desktop/worldengine-gpt-drop/landmarks-research-v1/landmarks.csv#LM016; ~/Desktop/worldengine-gpt-drop/landmarks-research-v1/build-effort.csv#LM016,,,,public artwork,named landmark,source city field,Y,N,N,N,N,N,N,Reference-only search anchor; never create a mesh; metro: Chicago
NAT-CHICAGO-RIVER,Chicago River — Chicago reach,Chicago,United States,natural,researched,N/A building scalar; elevation/terrain endpoints and geometry unverified,,,UNVERIFIED place-specific architecture/art/logo clearance; omit all marks,N,"No documented named-test inclusion; N means not evidenced, not surveyed outside",~/Desktop/worldengine-gpt-drop/districts-chi-den-v1/README.md,,,,natural,named landmark,Source city reach,Y,N,N,N,N,N,N,Natural river feature distinct from Riverwalk and combined Loop district; no independent landmark sheet
LM004,Chicago Riverwalk,Chicago,United States,civic,designed (Style B sheet),UNVERIFIED source availability and physical measurement,,,UNVERIFIED: landscape and built structures; Medium: place/operator names and possible shape marks; UNVERIFIED individual architecture/design/trademark outcome; no release clearance,N,"No documented named-test inclusion; N means not evidenced, not surveyed outside",~/Desktop/worldengine-gpt-drop/landmarks-research-v1/landmarks.csv#LM004; ~/Desktop/worldengine-gpt-drop/landmarks-research-v1/build-effort.csv#LM004; ~/Desktop/worldengine-gpt-drop/landmarks-v1/landmarks-colours.json#chicago-riverwalk-bridges,~/Desktop/worldengine-gpt-drop/landmarks-v1/images/chicago-04-riverwalk-bridges.png,,,waterfront,named landmark,source city field,Y,Y,N,N,N,N,N,Riverwalk and adjacent bridge approaches; omit sculpture; metro: Chicago; legacy sheet supports design stage; new sheet takes precedence
LM007,Chicago Water Tower,Chicago,United States,civic,designed (Style B sheet),conflicting endpoints,,,UNVERIFIED: legacy design candidate; Medium: place/operator names and possible shape marks; UNVERIFIED individual architecture/design/trademark outcome; no release clearance,N,"No documented named-test inclusion; N means not evidenced, not surveyed outside",~/Desktop/worldengine-gpt-drop/landmarks-research-v1/landmarks.csv#LM007; ~/Desktop/worldengine-gpt-drop/landmarks-research-v1/build-effort.csv#LM007; ~/Desktop/worldengine-gpt-drop/landmarks-v1/landmarks-colours.json#chicago-water-tower; ~/Desktop/worldengine-gpt-drop/landmarks-style-b-v1/landmarks-values.json#LM007,~/Desktop/worldengine-gpt-drop/landmarks-style-b-v1/chicago-LM007.html,,,historic building,named landmark,source city field,Y,Y,N,N,N,N,N,Water Tower only; pumping station separate footprint; metro: Chicago; legacy sheet supports design stage; new sheet takes precedence; published/tagged height is not complete physical component/endpoint verification
LM015,Cloud Gate (the Bean),Chicago,United States,civic,designed (Style B sheet),UNVERIFIED source availability and physical measurement,,,UNVERIFIED copyright; reference only by user rule; REFERENCE ONLY: artwork identity and artist rights; USER EXCLUSION: never build,N,"No documented named-test inclusion; N means not evidenced, not surveyed outside",~/Desktop/worldengine-gpt-drop/landmarks-research-v1/landmarks.csv#LM015; ~/Desktop/worldengine-gpt-drop/landmarks-research-v1/build-effort.csv#LM015; ~/Desktop/worldengine-gpt-drop/landmarks-v1/landmarks-colours.json#chicago-cloud-gate,~/Desktop/worldengine-gpt-drop/landmarks-v1/images/chicago-13-cloud-gate.png,,,public artwork,named landmark,source city field,Y,Y,N,N,N,N,N,Reference-only search anchor; never create a mesh; metro: Chicago; legacy sheet supports design stage; new sheet takes precedence
LM014,DuSable Lake Shore Drive,Chicago,United States,civic,designed (Style B sheet),UNVERIFIED source availability and physical measurement,,,UNVERIFIED: infrastructure and attachments; Medium: place/operator names and possible shape marks; UNVERIFIED individual architecture/design/trademark outcome; no release clearance,N,"No documented named-test inclusion; N means not evidenced, not surveyed outside",~/Desktop/worldengine-gpt-drop/landmarks-research-v1/landmarks.csv#LM014; ~/Desktop/worldengine-gpt-drop/landmarks-research-v1/build-effort.csv#LM014; ~/Desktop/worldengine-gpt-drop/landmarks-v1/landmarks-colours.json#chicago-lake-shore-drive,~/Desktop/worldengine-gpt-drop/landmarks-v1/images/chicago-18-lake-shore-drive.png,,,road infrastructure,named landmark,source city field,Y,Y,N,N,N,N,N,Lakefront road corridor; anchor is representative point; metro: Chicago; legacy sheet supports design stage; new sheet takes precedence
LM012,Field Museum of Natural History,Chicago,United States,museum,designed (Style B sheet),missing measured or reliably published component height; requires ground-relative roof measurement,,,UNVERIFIED: legacy design candidate; Medium: place/operator names and possible shape marks; UNVERIFIED individual architecture/design/trademark outcome; no release clearance,N,"No documented named-test inclusion; N means not evidenced, not surveyed outside",~/Desktop/worldengine-gpt-drop/landmarks-research-v1/landmarks.csv#LM012; ~/Desktop/worldengine-gpt-drop/landmarks-research-v1/build-effort.csv#LM012; ~/Desktop/worldengine-gpt-drop/landmarks-v1/landmarks-colours.json#chicago-field-museum; ~/Desktop/worldengine-gpt-drop/landmarks-style-b-v1/landmarks-values.json#LM012,~/Desktop/worldengine-gpt-drop/landmarks-style-b-v1/chicago-LM012.html,,,museum,named landmark,source city field,Y,Y,N,N,N,N,N,Museum exterior; no exhibit replicas; metro: Chicago; legacy sheet supports design stage; new sheet takes precedence; published/tagged height is not complete physical component/endpoint verification
LM008,Grant Park (Chicago),Chicago,United States,park,designed (Style B sheet),UNVERIFIED source availability and physical measurement,,,UNVERIFIED: landscape and built structures; Medium: place/operator names and possible shape marks; UNVERIFIED individual architecture/design/trademark outcome; no release clearance,N,"No documented named-test inclusion; N means not evidenced, not surveyed outside",~/Desktop/worldengine-gpt-drop/landmarks-research-v1/landmarks.csv#LM008; ~/Desktop/worldengine-gpt-drop/landmarks-research-v1/build-effort.csv#LM008; ~/Desktop/worldengine-gpt-drop/landmarks-v1/landmarks-colours.json#chicago-grant-park,~/Desktop/worldengine-gpt-drop/landmarks-v1/images/chicago-11-grant-park.png,,,park,named landmark,source city field,Y,Y,N,N,N,N,N,Paths and landscape; exclude fountains and artworks; metro: Chicago; legacy sheet supports design stage; new sheet takes precedence
DIST-02-chicago-lakefront,Lakefront,Chicago,United States,district,designed (Style B sheet),N/A scalar district height; components/terrain unresolved,,,UNVERIFIED place-specific architecture/art/logo clearance; omit all marks,N,"No documented named-test inclusion; N means not evidenced, not surveyed outside",~/Desktop/worldengine-gpt-drop/districts-chi-den-v1/districts-values.json#02-chicago-lakefront,~/Desktop/worldengine-gpt-drop/districts-chi-den-v1/02-chicago-lakefront.html,,,district,named landmark,source city field,Y,Y,N,N,N,N,N,Lake is east of the city; lakefront road/park/beach ordering varies along shore and must be checked locally. Do not substitute a canal for a harbor or invent a distant shore.
LM013,Lower Wacker Drive,Chicago,United States,civic,designed (Style B sheet),UNVERIFIED source availability and physical measurement,,,UNVERIFIED: infrastructure and attachments; Medium: place/operator names and possible shape marks; UNVERIFIED individual architecture/design/trademark outcome; no release clearance,N,"No documented named-test inclusion; N means not evidenced, not surveyed outside",~/Desktop/worldengine-gpt-drop/landmarks-research-v1/landmarks.csv#LM013; ~/Desktop/worldengine-gpt-drop/landmarks-research-v1/build-effort.csv#LM013; ~/Desktop/worldengine-gpt-drop/landmarks-v1/landmarks-colours.json#chicago-lower-wacker,~/Desktop/worldengine-gpt-drop/landmarks-v1/images/chicago-17-lower-wacker.png,,,road infrastructure,named landmark,source city field,Y,Y,N,N,N,N,N,"Lower Wacker layered road, portals and columns; anchor is corridor point; metro: Chicago; legacy sheet supports design stage; new sheet takes precedence"
EXTRA-MARINA,Marina City,Chicago,United States,tower,designed (Style B sheet),UNVERIFIED — component heights unresolved,,,UNVERIFIED place-specific architecture/art/logo clearance; omit all marks,N,"No documented named-test inclusion; N means not evidenced, not surveyed outside",~/Desktop/worldengine-gpt-drop/landmarks-v1/README.md; ~/Desktop/worldengine-gpt-drop/landmarks-v1/landmarks-colours.json#chicago-marina-city,~/Desktop/worldengine-gpt-drop/landmarks-v1/images/chicago-08-marina-city.png,,,tower,named landmark,source city field,Y,Y,N,N,N,N,N,; legacy sheet supports design stage; new sheet takes precedence
LM020,Merchandise Mart,Chicago,United States,civic,designed (Style B sheet),secondary published reference only; primary height and component measurement pending,103.6,roof,UNVERIFIED: legacy design candidate; Medium: place/operator names and possible shape marks; UNVERIFIED individual architecture/design/trademark outcome; no release clearance,N,"No documented named-test inclusion; N means not evidenced, not surveyed outside",~/Desktop/worldengine-gpt-drop/landmarks-research-v1/landmarks.csv#LM020; ~/Desktop/worldengine-gpt-drop/landmarks-research-v1/build-effort.csv#LM020; ~/Desktop/worldengine-gpt-drop/landmarks-v1/landmarks-colours.json#chicago-merchandise-mart; ~/Desktop/worldengine-gpt-drop/landmarks-style-b-v1/landmarks-values.json#LM020,~/Desktop/worldengine-gpt-drop/landmarks-style-b-v1/chicago-LM020.html,,,downtown icon,named landmark,source city field,Y,Y,N,N,N,N,N,Stepped massing and repetitive facade; exclude art projections; metro: Chicago; legacy sheet supports design stage; new sheet takes precedence; published/tagged height is not complete physical component/endpoint verification
LM005,Navy Pier,Chicago,United States,civic,designed (Style B sheet),UNVERIFIED source availability and physical measurement,,,UNVERIFIED: mixed-age architectural designs; Medium: place/operator names and possible shape marks; UNVERIFIED individual architecture/design/trademark outcome; no release clearance,N,"No documented named-test inclusion; N means not evidenced, not surveyed outside",~/Desktop/worldengine-gpt-drop/landmarks-research-v1/landmarks.csv#LM005; ~/Desktop/worldengine-gpt-drop/landmarks-research-v1/build-effort.csv#LM005; ~/Desktop/worldengine-gpt-drop/landmarks-v1/landmarks-colours.json#chicago-navy-pier,~/Desktop/worldengine-gpt-drop/landmarks-v1/images/chicago-05-navy-pier.png,,,pier,named landmark,source city field,Y,Y,N,N,N,N,N,Pier buildings and wheel; rides are a separate design review; metro: Chicago; legacy sheet supports design stage; new sheet takes precedence
LM009,Rate Field,Chicago,United States,stadium,designed (Style B sheet),UNVERIFIED source availability and physical measurement,,,"UNVERIFIED: likely protected architectural design; High: team, venue, naming-rights sponsor and ads; UNVERIFIED individual architecture/design/trademark outcome; no release clearance",N,"No documented named-test inclusion; N means not evidenced, not surveyed outside",~/Desktop/worldengine-gpt-drop/landmarks-research-v1/landmarks.csv#LM009; ~/Desktop/worldengine-gpt-drop/landmarks-research-v1/build-effort.csv#LM009; ~/Desktop/worldengine-gpt-drop/landmarks-v1/landmarks-colours.json#chicago-south-side-ballpark,~/Desktop/worldengine-gpt-drop/landmarks-v1/images/chicago-12-south-side-ballpark.png,,,stadium,named landmark,source city field,Y,Y,N,N,N,N,N,South Side ballpark; current sponsor name requires verification; metro: Chicago; legacy sheet supports design stage; new sheet takes precedence
EXTRA-ROOKERY,Rookery,Chicago,United States,civic,designed (Style B sheet),UNVERIFIED — component heights unresolved,,,UNVERIFIED place-specific architecture/art/logo clearance; omit all marks,N,"No documented named-test inclusion; N means not evidenced, not surveyed outside",~/Desktop/worldengine-gpt-drop/landmarks-v1/README.md; ~/Desktop/worldengine-gpt-drop/landmarks-v1/landmarks-colours.json#chicago-rookery,~/Desktop/worldengine-gpt-drop/landmarks-v1/images/chicago-10-rookery.png,,,civic,named landmark,source city field,Y,Y,N,N,N,N,N,; legacy sheet supports design stage; new sheet takes precedence
LM003,Soldier Field,Chicago,United States,stadium,designed (Style B sheet),UNVERIFIED source availability and physical measurement,,,"UNVERIFIED: mixed-age architectural designs; High: team, venue, naming-rights sponsor and ads; UNVERIFIED individual architecture/design/trademark outcome; no release clearance",N,"No documented named-test inclusion; N means not evidenced, not surveyed outside",~/Desktop/worldengine-gpt-drop/landmarks-research-v1/landmarks.csv#LM003; ~/Desktop/worldengine-gpt-drop/landmarks-research-v1/build-effort.csv#LM003; ~/Desktop/worldengine-gpt-drop/landmarks-v1/landmarks-colours.json#chicago-soldier-field; ~/Desktop/worldengine-gpt-drop/strategic-research-v1/ws3-places.csv#Soldier Field,~/Desktop/worldengine-gpt-drop/landmarks-v1/images/chicago-03-soldier-field.png,,,stadium,named landmark,source city field,Y,Y,N,N,N,N,N,Historic colonnades and modern bowl; metro: Chicago; legacy sheet supports design stage; new sheet takes precedence
DIST-01-chicago-loop-river,The Loop + Chicago River,Chicago,United States,district,designed (Style B sheet),N/A scalar district height; components/terrain unresolved,,,UNVERIFIED place-specific architecture/art/logo clearance; omit all marks,N,"No documented named-test inclusion; N means not evidenced, not surveyed outside",~/Desktop/worldengine-gpt-drop/districts-chi-den-v1/districts-values.json#01-chicago-loop-river; ~/Desktop/worldengine-gpt-drop/districts-chi-den-v1/07-chicago-loop-river-night.html,~/Desktop/worldengine-gpt-drop/districts-chi-den-v1/01-chicago-loop-river.html,,,district,named landmark,source city field,Y,Y,N,N,N,N,N,The Loop elevated rectangle is inland south of the main river branch. Bridge types differ by crossing; do not duplicate one bascule archetype everywhere.
LM010,United Center,Chicago,United States,stadium,designed (Style B sheet),VERIFIED as source/tag values; physical endpoints/roof returns UNVERIFIED,,,"UNVERIFIED: likely protected architectural design; High: team, venue, naming-rights sponsor and ads; UNVERIFIED individual architecture/design/trademark outcome; no release clearance",N,"No documented named-test inclusion; N means not evidenced, not surveyed outside",~/Desktop/worldengine-gpt-drop/landmarks-research-v1/landmarks.csv#LM010; ~/Desktop/worldengine-gpt-drop/landmarks-research-v1/build-effort.csv#LM010; ~/Desktop/worldengine-gpt-drop/landmarks-v1/landmarks-colours.json#chicago-united-center,~/Desktop/worldengine-gpt-drop/landmarks-v1/images/chicago-14-united-center.png,,,arena,named landmark,source city field,Y,Y,N,N,N,N,N,Arena shell; omit team/sponsor identities; metro: Chicago; legacy sheet supports design stage; new sheet takes precedence
LM017,University of Chicago,Chicago,United States,civic,researched,UNVERIFIED source availability and physical measurement,,,"UNVERIFIED: mixed-age architectural designs; High: university names, seals, mascots and sponsor graphics; UNVERIFIED individual architecture/design/trademark outcome; no release clearance",N,"No documented named-test inclusion; N means not evidenced, not surveyed outside",~/Desktop/worldengine-gpt-drop/landmarks-research-v1/landmarks.csv#LM017; ~/Desktop/worldengine-gpt-drop/landmarks-research-v1/build-effort.csv#LM017; ~/Desktop/worldengine-gpt-drop/strategic-research-v1/ws3-places.csv#University of Chicago,,,,university,named landmark,source city field,Y,N,N,N,N,N,N,Main campus exterior; mixed-age buildings; metro: Chicago
LM001,Willis Tower,Chicago,United States,tower,designed (Style B sheet),published; survey pending,442.1,architectural top,UNVERIFIED: legacy design candidate; Medium: place/operator names and possible shape marks; UNVERIFIED individual architecture/design/trademark outcome; no release clearance,N,"No documented named-test inclusion; N means not evidenced, not surveyed outside",~/Desktop/worldengine-gpt-drop/landmarks-research-v1/landmarks.csv#LM001; ~/Desktop/worldengine-gpt-drop/landmarks-research-v1/build-effort.csv#LM001; ~/Desktop/worldengine-gpt-drop/landmarks-v1/landmarks-colours.json#chicago-willis-tower; ~/Desktop/worldengine-gpt-drop/landmarks-style-b-v1/landmarks-values.json#LM001; ~/Desktop/worldengine-gpt-drop/strategic-research-v1/ws3-places.csv#Willis Tower Skydeck,~/Desktop/worldengine-gpt-drop/landmarks-style-b-v1/chicago-LM001.html,,,tower,named landmark,source city field,Y,Y,N,N,N,N,N,Bundled-tube tower and antennas; metro: Chicago; legacy sheet supports design stage; new sheet takes precedence; published/tagged height is not complete physical component/endpoint verification
LM002,Wrigley Field,Chicago,United States,stadium,approved,missing measured or reliably published component height; requires ground-relative roof measurement,,,"UNVERIFIED: mixed-age architectural designs; High: team, venue, naming-rights sponsor and ads; UNVERIFIED individual architecture/design/trademark outcome; no release clearance",Y,"Lakeview / Wrigleyville — pack association, exact polygon unverified",~/Desktop/worldengine-gpt-drop/landmarks-research-v1/landmarks.csv#LM002; ~/Desktop/worldengine-gpt-drop/landmarks-research-v1/build-effort.csv#LM002; ~/Desktop/worldengine-gpt-drop/landmarks-v1/landmarks-colours.json#chicago-wrigley-area; ~/Desktop/worldengine-gpt-drop/landmarks-style-b-v1/landmarks-values.json#LM002; ~/Desktop/worldengine-gpt-drop/strategic-research-v1/ws3-places.csv#Wrigley Field,~/Desktop/worldengine-gpt-drop/landmarks-style-b-v1/chicago-LM002.html,~/Desktop/worldengine-gpt-drop/demo-storyboard-v1/README.md — approved Wrigley LM002 sheet,,stadium,named landmark,source city field,Y,Y,Y,N,N,N,N,Ballpark bowl and street-facing shell; no ivy signage; metro: Chicago; legacy sheet supports design stage; new sheet takes precedence; published/tagged height is not complete physical component/endpoint verification
DIST-03-chicago-lakeview,Wrigleyville / Lakeview,Chicago,United States,district,designed (Style B sheet),N/A scalar district height; components/terrain unresolved,,,UNVERIFIED place-specific architecture/art/logo clearance; omit all marks,Y,Lakeview / Wrigleyville design association,~/Desktop/worldengine-gpt-drop/districts-chi-den-v1/districts-values.json#03-chicago-lakeview,~/Desktop/worldengine-gpt-drop/districts-chi-den-v1/03-chicago-lakeview.html,,,district,named landmark,source city field,Y,Y,N,N,N,N,N,"A roof bleacher is an optional mapped feature, not an automatic Lakeview roof decoration. The sports shell stays near its real footprint; no team identity is drawn."
LM037,University of Miami,Coral Gables,United States,civic,researched,UNVERIFIED source availability and physical measurement,,,"UNVERIFIED: mixed-age architectural designs; High: university names, seals, mascots and sponsor graphics; UNVERIFIED individual architecture/design/trademark outcome; no release clearance",N,"No documented named-test inclusion; N means not evidenced, not surveyed outside",~/Desktop/worldengine-gpt-drop/landmarks-research-v1/landmarks.csv#LM037; ~/Desktop/worldengine-gpt-drop/landmarks-research-v1/build-effort.csv#LM037; ~/Desktop/worldengine-gpt-drop/strategic-research-v1/ws3-places.csv#University of Miami,,,,university,named landmark,source city field,Y,N,N,N,N,N,N,Coral Gables main campus exterior; metro: Miami
LM098,Truist Park,Cumberland,United States,stadium,researched,UNVERIFIED source availability and physical measurement,,,"UNVERIFIED: likely protected architectural design; High: team, venue, naming-rights sponsor and ads; UNVERIFIED individual architecture/design/trademark outcome; no release clearance",N,"No documented named-test inclusion; N means not evidenced, not surveyed outside",~/Desktop/worldengine-gpt-drop/landmarks-research-v1/landmarks.csv#LM098; ~/Desktop/worldengine-gpt-drop/landmarks-research-v1/build-effort.csv#LM098,,,,stadium,named landmark,source city field,Y,N,N,N,N,N,N,Ballpark shell and bowl; no team or sponsor graphics; metro: Atlanta
LM057,American Airlines Center,Dallas,United States,stadium,researched,UNVERIFIED source availability and physical measurement,,,"UNVERIFIED: likely protected architectural design; High: team, venue, naming-rights sponsor and ads; UNVERIFIED individual architecture/design/trademark outcome; no release clearance",N,"No documented named-test inclusion; N means not evidenced, not surveyed outside",~/Desktop/worldengine-gpt-drop/landmarks-research-v1/landmarks.csv#LM057; ~/Desktop/worldengine-gpt-drop/landmarks-research-v1/build-effort.csv#LM057,,,,arena,named landmark,source city field,Y,N,N,N,N,N,N,Arena shell; metro: Dallas–Fort Worth
WAVE2-dallas-fort-worth-district-01,Dallas downtown,Dallas,United States,district,designed (Style B sheet),N/A scalar district; mapped component heights unresolved,,,UNVERIFIED place-specific architecture/art/logo clearance; omit all marks,N,"No documented named-test inclusion; N means not evidenced, not surveyed outside",~/Desktop/worldengine-gpt-drop/us-metros-wave2-v1/metro-values.json#dallas-fort-worth-district-01,~/Desktop/worldengine-gpt-drop/us-metros-wave2-v1/dallas-fort-worth-district-01.html,,,district,named landmark,source city field,Y,Y,N,N,N,N,N,Named Style B district study; no owner approval or true-metro engine capture evidenced
LM055,Reunion Tower,Dallas,United States,tower,researched,UNVERIFIED source availability and physical measurement,,,UNVERIFIED: legacy design candidate; Medium: place/operator names and possible shape marks; UNVERIFIED individual architecture/design/trademark outcome; no release clearance,N,"No documented named-test inclusion; N means not evidenced, not surveyed outside",~/Desktop/worldengine-gpt-drop/landmarks-research-v1/landmarks.csv#LM055; ~/Desktop/worldengine-gpt-drop/landmarks-research-v1/build-effort.csv#LM055,,,,tower,named landmark,source city field,Y,N,N,N,N,N,N,Shaft and lattice sphere; metro: Dallas–Fort Worth
LM031,Ball Arena,Denver,United States,stadium,designed (Style B sheet),"tagged, unmeasured; roof parts pending",22,OSM parent height tag,"UNVERIFIED: likely protected architectural design; High: team, venue, naming-rights sponsor and ads; UNVERIFIED individual architecture/design/trademark outcome; no release clearance",N,"No documented named-test inclusion; N means not evidenced, not surveyed outside",~/Desktop/worldengine-gpt-drop/landmarks-research-v1/landmarks.csv#LM031; ~/Desktop/worldengine-gpt-drop/landmarks-research-v1/build-effort.csv#LM031; ~/Desktop/worldengine-gpt-drop/landmarks-style-b-v1/landmarks-values.json#LM031,~/Desktop/worldengine-gpt-drop/landmarks-style-b-v1/denver-LM031.html,,,arena,named landmark,source city field,Y,Y,N,N,N,N,N,Arena shell; metro: Denver; published/tagged height is not complete physical component/endpoint verification
LM027,"Brown Palace Hotel (Denver, Colorado)",Denver,United States,civic,designed (Style B sheet),"tagged, unmeasured; level-count conflict remains",44,OSM parent height tag,UNVERIFIED: legacy design candidate; Medium: place/operator names and possible shape marks; UNVERIFIED individual architecture/design/trademark outcome; no release clearance,N,"No documented named-test inclusion; N means not evidenced, not surveyed outside",~/Desktop/worldengine-gpt-drop/landmarks-research-v1/landmarks.csv#LM027; ~/Desktop/worldengine-gpt-drop/landmarks-research-v1/build-effort.csv#LM027; ~/Desktop/worldengine-gpt-drop/landmarks-v1/landmarks-colours.json#denver-brown-palace; ~/Desktop/worldengine-gpt-drop/landmarks-style-b-v1/landmarks-values.json#LM027,~/Desktop/worldengine-gpt-drop/landmarks-style-b-v1/denver-LM027.html,,,historic building,named landmark,source city field,Y,Y,N,N,N,N,N,Triangular hotel exterior; metro: Denver; legacy sheet supports design stage; new sheet takes precedence; published/tagged height is not complete physical component/endpoint verification
LM025,City Park (Denver),Denver,United States,park,designed (Style B sheet),UNVERIFIED source availability and physical measurement,,,UNVERIFIED: landscape and built structures; Medium: place/operator names and possible shape marks; UNVERIFIED individual architecture/design/trademark outcome; no release clearance,N,"No documented named-test inclusion; N means not evidenced, not surveyed outside",~/Desktop/worldengine-gpt-drop/landmarks-research-v1/landmarks.csv#LM025; ~/Desktop/worldengine-gpt-drop/landmarks-research-v1/build-effort.csv#LM025; ~/Desktop/worldengine-gpt-drop/landmarks-v1/landmarks-colours.json#denver-city-park-skyline,~/Desktop/worldengine-gpt-drop/landmarks-v1/images/denver-06-city-park-skyline.png,,,park,named landmark,source city field,Y,Y,N,N,N,N,N,Park and lake with skyline backdrop; exclude sculpture; metro: Denver; legacy sheet supports design stage; new sheet takes precedence
LM021,Colorado State Capitol,Denver,United States,civic,designed (Style B sheet),legislature-published; wing/drum heights pending,82.9056,dome top: 272 ft,UNVERIFIED: legacy design candidate; Medium: place/operator names and possible shape marks; UNVERIFIED individual architecture/design/trademark outcome; no release clearance,N,"No documented named-test inclusion; N means not evidenced, not surveyed outside",~/Desktop/worldengine-gpt-drop/landmarks-research-v1/landmarks.csv#LM021; ~/Desktop/worldengine-gpt-drop/landmarks-research-v1/build-effort.csv#LM021; ~/Desktop/worldengine-gpt-drop/landmarks-v1/landmarks-colours.json#denver-state-capitol; ~/Desktop/worldengine-gpt-drop/landmarks-style-b-v1/landmarks-values.json#LM021,~/Desktop/worldengine-gpt-drop/landmarks-style-b-v1/denver-LM021.html,,,civic building,named landmark,source city field,Y,Y,N,N,N,N,N,Capitol exterior and dome; exclude monuments; metro: Denver; legacy sheet supports design stage; new sheet takes precedence; published/tagged height is not complete physical component/endpoint verification
LM022,Coors Field,Denver,United States,stadium,designed (Style B sheet),UNVERIFIED source availability and physical measurement,,,"UNVERIFIED: likely protected architectural design; High: team, venue, naming-rights sponsor and ads; UNVERIFIED individual architecture/design/trademark outcome; no release clearance",N,"No documented named-test inclusion; N means not evidenced, not surveyed outside",~/Desktop/worldengine-gpt-drop/landmarks-research-v1/landmarks.csv#LM022; ~/Desktop/worldengine-gpt-drop/landmarks-research-v1/build-effort.csv#LM022; ~/Desktop/worldengine-gpt-drop/landmarks-v1/landmarks-colours.json#denver-coors-field,~/Desktop/worldengine-gpt-drop/landmarks-v1/images/denver-02-coors-field.png,,,stadium,named landmark,source city field,Y,Y,N,N,N,N,N,Ballpark shell and bowl; metro: Denver; legacy sheet supports design stage; new sheet takes precedence
LM026,Daniels & Fisher Tower,Denver,United States,tower,designed (Style B sheet),published; distinguish finial,99.1,architectural top,UNVERIFIED: legacy design candidate; Medium: place/operator names and possible shape marks; UNVERIFIED individual architecture/design/trademark outcome; no release clearance,N,"No documented named-test inclusion; N means not evidenced, not surveyed outside",~/Desktop/worldengine-gpt-drop/landmarks-research-v1/landmarks.csv#LM026; ~/Desktop/worldengine-gpt-drop/landmarks-research-v1/build-effort.csv#LM026; ~/Desktop/worldengine-gpt-drop/landmarks-v1/landmarks-colours.json#denver-daniels-fisher; ~/Desktop/worldengine-gpt-drop/landmarks-style-b-v1/landmarks-values.json#LM026,~/Desktop/worldengine-gpt-drop/landmarks-style-b-v1/denver-LM026.html,,,historic tower,named landmark,source city field,Y,Y,N,N,N,N,N,Clock tower exterior; metro: Denver; legacy sheet supports design stage; new sheet takes precedence; published/tagged height is not complete physical component/endpoint verification
LM028,Denver Art Museum,Denver,United States,museum,designed (Style B sheet),missing measured or reliably published component height; requires ground-relative roof measurement,,,UNVERIFIED: mixed-age architectural designs; Medium: place/operator names and possible shape marks; UNVERIFIED individual architecture/design/trademark outcome; no release clearance,N,"No documented named-test inclusion; N means not evidenced, not surveyed outside",~/Desktop/worldengine-gpt-drop/landmarks-research-v1/landmarks.csv#LM028; ~/Desktop/worldengine-gpt-drop/landmarks-research-v1/build-effort.csv#LM028; ~/Desktop/worldengine-gpt-drop/landmarks-v1/landmarks-colours.json#denver-hamilton-building; ~/Desktop/worldengine-gpt-drop/landmarks-style-b-v1/landmarks-values.json#LM028,~/Desktop/worldengine-gpt-drop/landmarks-style-b-v1/denver-LM028.html,,,museum,named landmark,source city field,Y,Y,N,N,N,N,N,Hamilton and Martin exteriors; no public art; metro: Denver; legacy sheet supports design stage; new sheet takes precedence; published/tagged height is not complete physical component/endpoint verification
LM029,Denver Public Library,Denver,United States,civic,designed (Style B sheet),missing measured or reliably published component height; requires ground-relative roof measurement,,,UNVERIFIED: mixed-age architectural designs; Medium: place/operator names and possible shape marks; UNVERIFIED individual architecture/design/trademark outcome; no release clearance,N,"No documented named-test inclusion; N means not evidenced, not surveyed outside",~/Desktop/worldengine-gpt-drop/landmarks-research-v1/landmarks.csv#LM029; ~/Desktop/worldengine-gpt-drop/landmarks-research-v1/build-effort.csv#LM029; ~/Desktop/worldengine-gpt-drop/landmarks-v1/landmarks-colours.json#denver-central-library; ~/Desktop/worldengine-gpt-drop/landmarks-style-b-v1/landmarks-values.json#LM029,~/Desktop/worldengine-gpt-drop/landmarks-style-b-v1/denver-LM029.html,,,civic building,named landmark,source city field,Y,Y,N,N,N,N,N,Central library exterior; exclude public art; metro: Denver; legacy sheet supports design stage; new sheet takes precedence; published/tagged height is not complete physical component/endpoint verification
LM024,Denver Union Station,Denver,United States,civic,designed (Style B sheet),missing measured or reliably published component height; requires ground-relative roof measurement,,,UNVERIFIED: mixed-age architectural designs; Medium: place/operator names and possible shape marks; UNVERIFIED individual architecture/design/trademark outcome; no release clearance,N,"No documented named-test inclusion; N means not evidenced, not surveyed outside",~/Desktop/worldengine-gpt-drop/landmarks-research-v1/landmarks.csv#LM024; ~/Desktop/worldengine-gpt-drop/landmarks-research-v1/build-effort.csv#LM024; ~/Desktop/worldengine-gpt-drop/landmarks-v1/landmarks-colours.json#denver-union-station; ~/Desktop/worldengine-gpt-drop/landmarks-style-b-v1/landmarks-values.json#LM024,~/Desktop/worldengine-gpt-drop/landmarks-style-b-v1/denver-LM024.html,,,station,named landmark,source city field,Y,Y,N,N,N,N,N,Historic terminal and modern canopy; no rail branding; metro: Denver; legacy sheet supports design stage; new sheet takes precedence; published/tagged height is not complete physical component/endpoint verification
LM030,Empower Field at Mile High,Denver,United States,stadium,approved,No verified structural height; mile-high elevation is not building height.,,,"UNVERIFIED: likely protected architectural design; High: team, venue, naming-rights sponsor and ads; UNVERIFIED individual architecture/design/trademark outcome; no release clearance",N,"Far view from Sloan’s Lake concept, about 2km distant; not inside-focus evidence",~/Desktop/worldengine-gpt-drop/landmarks-research-v1/landmarks.csv#LM030; ~/Desktop/worldengine-gpt-drop/landmarks-research-v1/build-effort.csv#LM030; ~/Desktop/worldengine-gpt-drop/landmarks-style-b-v1/landmarks-values.json#LM-DEN-STADIUM; ~/Desktop/worldengine-gpt-drop/strategic-research-v1/ws3-places.csv#Empower Field at Mile High,~/Desktop/worldengine-gpt-drop/landmarks-style-b-v1/denver-LM-DEN-STADIUM.html,~/Desktop/worldengine-gpt-drop/style-b-bible-v1/README.md — approved Empower Field sheet,,stadium,named landmark,source city field,Y,Y,Y,N,N,N,N,Football stadium shell and bowl; metro: Denver; published/tagged height is not complete physical component/endpoint verification
DIST-05-denver-highlands-sloan,Highlands / Sloan’s Lake,Denver,United States,district,designed (Style B sheet),N/A scalar district height; components/terrain unresolved,,,UNVERIFIED place-specific architecture/art/logo clearance; omit all marks,Y,Highlands / Sloan’s Lake partial named overlap,~/Desktop/worldengine-gpt-drop/districts-chi-den-v1/districts-values.json#05-denver-highlands-sloan,~/Desktop/worldengine-gpt-drop/districts-chi-den-v1/05-denver-highlands-sloan.html,,,district,named landmark,source city field,Y,Y,N,N,N,N,N,"Treat Highlands and Sloan’s Lake as adjacent context selections, not one continuous waterfront block. Lakeward and westward mountain views require separate solved cameras."
DIST-04-denver-lodo,LoDo / Union Station,Denver,United States,district,designed (Style B sheet),N/A scalar district height; components/terrain unresolved,,,UNVERIFIED place-specific architecture/art/logo clearance; omit all marks,N,"No documented named-test inclusion; N means not evidenced, not surveyed outside",~/Desktop/worldengine-gpt-drop/districts-chi-den-v1/districts-values.json#04-denver-lodo,~/Desktop/worldengine-gpt-drop/districts-chi-den-v1/04-denver-lodo.html,,,district,named landmark,source city field,Y,Y,N,N,N,N,N,"Rail infrastructure stays behind the historic frontage; it is not a plaza ornament. Downtown towers, rail edge and any mountain visibility are camera/map decisions."
EXTRA-SLOAN,Sloan’s Lake park,Denver,United States,park,designed (Style B sheet),UNVERIFIED — component heights unresolved,,,UNVERIFIED place-specific architecture/art/logo clearance; omit all marks,Y,Sloan’s Lake bundled live area; exact landmark polygon intersection unverified,~/Desktop/worldengine-gpt-drop/landmarks-v1/README.md; ~/Desktop/worldengine-gpt-drop/landmarks-v1/landmarks-colours.json#denver-sloans-lake,~/Desktop/worldengine-gpt-drop/landmarks-v1/images/denver-05-sloans-lake.png,,,park,named landmark,source city field,Y,Y,N,N,N,N,N,; legacy sheet supports design stage; new sheet takes precedence
LM032,University of Denver,Denver,United States,civic,researched,UNVERIFIED source availability and physical measurement,,,"UNVERIFIED: mixed-age architectural designs; High: university names, seals, mascots and sponsor graphics; UNVERIFIED individual architecture/design/trademark outcome; no release clearance",N,"No documented named-test inclusion; N means not evidenced, not surveyed outside",~/Desktop/worldengine-gpt-drop/landmarks-research-v1/landmarks.csv#LM032; ~/Desktop/worldengine-gpt-drop/landmarks-research-v1/build-effort.csv#LM032,,,,university,named landmark,source city field,Y,N,N,N,N,N,N,Main campus exterior; mixed-age structures; metro: Denver
LM081,Comerica Park,Detroit,United States,stadium,researched,UNVERIFIED source availability and physical measurement,,,"UNVERIFIED: likely protected architectural design; High: team, venue, naming-rights sponsor and ads; UNVERIFIED individual architecture/design/trademark outcome; no release clearance",N,"No documented named-test inclusion; N means not evidenced, not surveyed outside",~/Desktop/worldengine-gpt-drop/landmarks-research-v1/landmarks.csv#LM081; ~/Desktop/worldengine-gpt-drop/landmarks-research-v1/build-effort.csv#LM081,,,,stadium,named landmark,source city field,Y,N,N,N,N,N,N,Ballpark shell; omit tiger sculptures; metro: Detroit
LM082,Renaissance Center,Detroit,United States,civic,researched,UNVERIFIED source availability and physical measurement,,,UNVERIFIED: legacy design candidate; Medium: place/operator names and possible shape marks; UNVERIFIED individual architecture/design/trademark outcome; no release clearance,N,"No documented named-test inclusion; N means not evidenced, not surveyed outside",~/Desktop/worldengine-gpt-drop/landmarks-research-v1/landmarks.csv#LM082; ~/Desktop/worldengine-gpt-drop/landmarks-research-v1/build-effort.csv#LM082,,,,downtown icon,named landmark,source city field,Y,N,N,N,N,N,N,Tower group; verify demolition/redevelopment status; metro: Detroit
LM083,Wayne State University,Detroit,United States,civic,researched,UNVERIFIED source availability and physical measurement,,,"UNVERIFIED: mixed-age architectural designs; High: university names, seals, mascots and sponsor graphics; UNVERIFIED individual architecture/design/trademark outcome; no release clearance",N,"No documented named-test inclusion; N means not evidenced, not surveyed outside",~/Desktop/worldengine-gpt-drop/landmarks-research-v1/landmarks.csv#LM083; ~/Desktop/worldengine-gpt-drop/landmarks-research-v1/build-effort.csv#LM083,,,,university,named landmark,source city field,Y,N,N,N,N,N,N,Main campus exterior; metro: Detroit
LM006,Northwestern University,Evanston,United States,civic,designed (Style B sheet),UNVERIFIED source availability and physical measurement,,,"UNVERIFIED: mixed-age architectural designs; High: university names, seals, mascots and sponsor graphics; UNVERIFIED individual architecture/design/trademark outcome; no release clearance",N,"No documented named-test inclusion; N means not evidenced, not surveyed outside",~/Desktop/worldengine-gpt-drop/landmarks-research-v1/landmarks.csv#LM006; ~/Desktop/worldengine-gpt-drop/landmarks-research-v1/build-effort.csv#LM006; ~/Desktop/worldengine-gpt-drop/landmarks-v1/landmarks-colours.json#chicago-northwestern-lakefront; ~/Desktop/worldengine-gpt-drop/strategic-research-v1/ws3-places.csv#Northwestern University,~/Desktop/worldengine-gpt-drop/landmarks-v1/images/chicago-06-northwestern-lakefront.png,,,university,named landmark,source city field,Y,Y,N,N,N,N,N,Lakefront campus exterior; exclude seals and public art; metro: Chicago; legacy sheet supports design stage; new sheet takes precedence
WAVE2-dallas-fort-worth-district-02,Fort Worth / Fairmount,Fort Worth,United States,district,designed (Style B sheet),N/A scalar district; mapped component heights unresolved,,,UNVERIFIED place-specific architecture/art/logo clearance; omit all marks,N,"No documented named-test inclusion; N means not evidenced, not surveyed outside",~/Desktop/worldengine-gpt-drop/us-metros-wave2-v1/metro-values.json#dallas-fort-worth-district-02,~/Desktop/worldengine-gpt-drop/us-metros-wave2-v1/dallas-fort-worth-district-02.html,,,district,named landmark,source city field,Y,Y,N,N,N,N,N,Named Style B district study; no owner approval or true-metro engine capture evidenced
LM075,State Farm Stadium,Glendale,United States,stadium,researched,UNVERIFIED source availability and physical measurement,,,"UNVERIFIED: likely protected architectural design; High: team, venue, naming-rights sponsor and ads; UNVERIFIED individual architecture/design/trademark outcome; no release clearance",N,"No documented named-test inclusion; N means not evidenced, not surveyed outside",~/Desktop/worldengine-gpt-drop/landmarks-research-v1/landmarks.csv#LM075; ~/Desktop/worldengine-gpt-drop/landmarks-research-v1/build-effort.csv#LM075,,,,stadium,named landmark,source city field,Y,N,N,N,N,N,N,Stadium shell and operable roof; metro: Phoenix
LM058,Daikin Park,Houston,United States,stadium,researched,UNVERIFIED source availability and physical measurement,,,"UNVERIFIED: likely protected architectural design; High: team, venue, naming-rights sponsor and ads; UNVERIFIED individual architecture/design/trademark outcome; no release clearance",N,"No documented named-test inclusion; N means not evidenced, not surveyed outside",~/Desktop/worldengine-gpt-drop/landmarks-research-v1/landmarks.csv#LM058; ~/Desktop/worldengine-gpt-drop/landmarks-research-v1/build-effort.csv#LM058,,,,stadium,named landmark,source city field,Y,N,N,N,N,N,N,Downtown baseball stadium; current name verify; retractable roof; metro: Houston
WAVE2-houston-district-01,Downtown Houston,Houston,United States,district,designed (Style B sheet),N/A scalar district; mapped component heights unresolved,,,UNVERIFIED place-specific architecture/art/logo clearance; omit all marks,N,"No documented named-test inclusion; N means not evidenced, not surveyed outside",~/Desktop/worldengine-gpt-drop/us-metros-wave2-v1/metro-values.json#houston-district-01,~/Desktop/worldengine-gpt-drop/us-metros-wave2-v1/houston-district-01.html,,,district,named landmark,source city field,Y,Y,N,N,N,N,N,Named Style B district study; no owner approval or true-metro engine capture evidenced
WAVE2-houston-district-02,Houston Heights bungalow blocks,Houston,United States,district,designed (Style B sheet),N/A scalar district; mapped component heights unresolved,,,UNVERIFIED place-specific architecture/art/logo clearance; omit all marks,N,"No documented named-test inclusion; N means not evidenced, not surveyed outside",~/Desktop/worldengine-gpt-drop/us-metros-wave2-v1/metro-values.json#houston-district-02,~/Desktop/worldengine-gpt-drop/us-metros-wave2-v1/houston-district-02.html,,,district,named landmark,source city field,Y,Y,N,N,N,N,N,Named Style B district study; no owner approval or true-metro engine capture evidenced
LM059,Reliant Stadium,Houston,United States,stadium,researched,UNVERIFIED source availability and physical measurement,,,"UNVERIFIED: likely protected architectural design; High: team, venue, naming-rights sponsor and ads; UNVERIFIED individual architecture/design/trademark outcome; no release clearance",N,"No documented named-test inclusion; N means not evidenced, not surveyed outside",~/Desktop/worldengine-gpt-drop/landmarks-research-v1/landmarks.csv#LM059; ~/Desktop/worldengine-gpt-drop/landmarks-research-v1/build-effort.csv#LM059; ~/Desktop/worldengine-gpt-drop/strategic-research-v1/ws3-places.csv#Reliant Stadium (formerly NRG Stadium),,,,stadium,named landmark,source city field,Y,N,N,N,N,N,N,Football stadium and roof; no sponsors; metro: Houston
LM060,Rice University,Houston,United States,civic,researched,UNVERIFIED source availability and physical measurement,,,"UNVERIFIED: mixed-age architectural designs; High: university names, seals, mascots and sponsor graphics; UNVERIFIED individual architecture/design/trademark outcome; no release clearance",N,"No documented named-test inclusion; N means not evidenced, not surveyed outside",~/Desktop/worldengine-gpt-drop/landmarks-research-v1/landmarks.csv#LM060; ~/Desktop/worldengine-gpt-drop/landmarks-research-v1/build-effort.csv#LM060; ~/Desktop/worldengine-gpt-drop/strategic-research-v1/ws3-places.csv#Rice University,,,,university,named landmark,source city field,Y,N,N,N,N,N,N,Main campus exterior; exclude public art; metro: Houston
LM052,SoFi Stadium,Inglewood,United States,stadium,researched,UNVERIFIED source availability and physical measurement,,,"UNVERIFIED: likely protected architectural design; High: team, venue, naming-rights sponsor and ads; UNVERIFIED individual architecture/design/trademark outcome; no release clearance",N,"No documented named-test inclusion; N means not evidenced, not surveyed outside",~/Desktop/worldengine-gpt-drop/landmarks-research-v1/landmarks.csv#LM052; ~/Desktop/worldengine-gpt-drop/landmarks-research-v1/build-effort.csv#LM052; ~/Desktop/worldengine-gpt-drop/strategic-research-v1/ws3-places.csv#SoFi Stadium,,,,stadium,named landmark,source city field,Y,N,N,N,N,N,N,Canopy and stadium; remove sponsor graphics; metro: Los Angeles
LM050,Griffith Observatory,Los Angeles,United States,civic,researched,UNVERIFIED source availability and physical measurement,,,UNVERIFIED: legacy design candidate; Medium: place/operator names and possible shape marks; UNVERIFIED individual architecture/design/trademark outcome; no release clearance,N,"No documented named-test inclusion; N means not evidenced, not surveyed outside",~/Desktop/worldengine-gpt-drop/landmarks-research-v1/landmarks.csv#LM050; ~/Desktop/worldengine-gpt-drop/landmarks-research-v1/build-effort.csv#LM050; ~/Desktop/worldengine-gpt-drop/strategic-research-v1/ws3-places.csv#Griffith Observatory,,,,civic building,named landmark,source city field,Y,N,N,N,N,N,N,Domes and observatory shell; omit monument; metro: Los Angeles
LM053,"University of California, Los Angeles",Los Angeles,United States,civic,researched,UNVERIFIED source availability and physical measurement,,,"UNVERIFIED: mixed-age architectural designs; High: university names, seals, mascots and sponsor graphics; UNVERIFIED individual architecture/design/trademark outcome; no release clearance",N,"No documented named-test inclusion; N means not evidenced, not surveyed outside",~/Desktop/worldengine-gpt-drop/landmarks-research-v1/landmarks.csv#LM053; ~/Desktop/worldengine-gpt-drop/landmarks-research-v1/build-effort.csv#LM053; ~/Desktop/worldengine-gpt-drop/strategic-research-v1/ws3-places.csv#University of California Los Angeles,,,,university,named landmark,source city field,Y,N,N,N,N,N,N,Westwood campus exterior; metro: Los Angeles
LM097,University of Southern California,Los Angeles,United States,civic,researched,UNVERIFIED source availability and physical measurement,,,"UNVERIFIED: mixed-age architectural designs; High: university names, seals, mascots and sponsor graphics; UNVERIFIED individual architecture/design/trademark outcome; no release clearance",N,"No documented named-test inclusion; N means not evidenced, not surveyed outside",~/Desktop/worldengine-gpt-drop/landmarks-research-v1/landmarks.csv#LM097; ~/Desktop/worldengine-gpt-drop/landmarks-research-v1/build-effort.csv#LM097; ~/Desktop/worldengine-gpt-drop/strategic-research-v1/ws3-places.csv#University of Southern California,,,,university,named landmark,source city field,Y,N,N,N,N,N,N,University Park campus exterior; metro: Los Angeles
LM043,Brickell City Centre,Miami,United States,civic,approved,missing measured or reliably published component height; requires ground-relative roof measurement,,,UNVERIFIED: likely protected architectural design; High: operator/store brands and signs; UNVERIFIED individual architecture/design/trademark outcome; no release clearance,N,"No documented named-test inclusion; N means not evidenced, not surveyed outside",~/Desktop/worldengine-gpt-drop/landmarks-research-v1/landmarks.csv#LM043; ~/Desktop/worldengine-gpt-drop/landmarks-research-v1/build-effort.csv#LM043; ~/Desktop/worldengine-gpt-drop/landmarks-style-b-v1/landmarks-values.json#LM043,~/Desktop/worldengine-gpt-drop/landmarks-style-b-v1/miami-LM043.html,~/Desktop/worldengine-gpt-drop/landmarks-style-b-v1/README.md — Binding Miami rich look; appearance only,,retail complex,named landmark,source city field,Y,Y,Y,N,N,N,N,Exterior complex and climate ribbon; no shops or branding; metro: Miami; published/tagged height is not complete physical component/endpoint verification
DIST-MIA-BRICKELL,Brickell — glass canyon and bay edge,Miami,United States,district,approved,District: each tower needs its own mapped height; no single district height.,,,UNVERIFIED place-specific architecture/art/logo clearance; omit all marks,N,"No documented named-test inclusion; N means not evidenced, not surveyed outside",~/Desktop/worldengine-gpt-drop/landmarks-style-b-v1/README.md; ~/Desktop/worldengine-gpt-drop/landmarks-style-b-v1/landmarks-values.json#DIST-MIA-BRICKELL,~/Desktop/worldengine-gpt-drop/landmarks-style-b-v1/miami-brickell.html,~/Desktop/worldengine-gpt-drop/landmarks-style-b-v1/README.md — Binding Miami rich look; appearance only,,district,named landmark,source city field,Y,Y,Y,N,N,N,N,; published/tagged height is not complete physical component/endpoint verification
LM033,Freedom Tower (Miami),Miami,United States,tower,approved,three conflicting published/tagged heights; no average,,,UNVERIFIED: legacy design candidate; Medium: place/operator names and possible shape marks; UNVERIFIED individual architecture/design/trademark outcome; no release clearance,N,"No documented named-test inclusion; N means not evidenced, not surveyed outside",~/Desktop/worldengine-gpt-drop/landmarks-research-v1/landmarks.csv#LM033; ~/Desktop/worldengine-gpt-drop/landmarks-research-v1/build-effort.csv#LM033; ~/Desktop/worldengine-gpt-drop/landmarks-style-b-v1/landmarks-values.json#LM033,~/Desktop/worldengine-gpt-drop/landmarks-style-b-v1/miami-LM033.html,~/Desktop/worldengine-gpt-drop/landmarks-style-b-v1/README.md — Binding Miami rich look; appearance only,,historic tower,named landmark,source city field,Y,Y,Y,N,N,N,N,Tower exterior; metro: Miami; published/tagged height is not complete physical component/endpoint verification
LM034,Kaseya Center,Miami,United States,stadium,approved,missing measured or reliably published component height; requires ground-relative roof measurement,,,"UNVERIFIED: likely protected architectural design; High: team, venue, naming-rights sponsor and ads; UNVERIFIED individual architecture/design/trademark outcome; no release clearance",N,"No documented named-test inclusion; N means not evidenced, not surveyed outside",~/Desktop/worldengine-gpt-drop/landmarks-research-v1/landmarks.csv#LM034; ~/Desktop/worldengine-gpt-drop/landmarks-research-v1/build-effort.csv#LM034; ~/Desktop/worldengine-gpt-drop/landmarks-style-b-v1/landmarks-values.json#LM034,~/Desktop/worldengine-gpt-drop/landmarks-style-b-v1/miami-LM034.html,~/Desktop/worldengine-gpt-drop/landmarks-style-b-v1/README.md — Binding Miami rich look; appearance only,,arena,named landmark,source city field,Y,Y,Y,N,N,N,N,Arena shell; sponsor lettering removed; metro: Miami; published/tagged height is not complete physical component/endpoint verification
LM035,LoanDepot Park,Miami,United States,stadium,approved,missing measured or reliably published component height; requires ground-relative roof measurement,,,"UNVERIFIED: likely protected architectural design; High: team, venue, naming-rights sponsor and ads; UNVERIFIED individual architecture/design/trademark outcome; no release clearance",N,"No documented named-test inclusion; N means not evidenced, not surveyed outside",~/Desktop/worldengine-gpt-drop/landmarks-research-v1/landmarks.csv#LM035; ~/Desktop/worldengine-gpt-drop/landmarks-research-v1/build-effort.csv#LM035; ~/Desktop/worldengine-gpt-drop/landmarks-style-b-v1/landmarks-values.json#LM035,~/Desktop/worldengine-gpt-drop/landmarks-style-b-v1/miami-LM035.html,~/Desktop/worldengine-gpt-drop/landmarks-style-b-v1/README.md — Binding Miami rich look; appearance only,,stadium,named landmark,source city field,Y,Y,Y,N,N,N,N,Ballpark and retractable roof; roof pose is versioned; metro: Miami; published/tagged height is not complete physical component/endpoint verification
LM042,Miami Tower,Miami,United States,tower,approved,published; 191 m OSM rounding difference unresolved,190.5,owner brochure 625 ft,UNVERIFIED: legacy design candidate; Medium: place/operator names and possible shape marks; UNVERIFIED individual architecture/design/trademark outcome; no release clearance,N,"No documented named-test inclusion; N means not evidenced, not surveyed outside",~/Desktop/worldengine-gpt-drop/landmarks-research-v1/landmarks.csv#LM042; ~/Desktop/worldengine-gpt-drop/landmarks-research-v1/build-effort.csv#LM042; ~/Desktop/worldengine-gpt-drop/landmarks-style-b-v1/landmarks-values.json#LM042,~/Desktop/worldengine-gpt-drop/landmarks-style-b-v1/miami-LM042.html,~/Desktop/worldengine-gpt-drop/landmarks-style-b-v1/README.md — Binding Miami rich look; appearance only,,tower,named landmark,source city field,Y,Y,Y,N,N,N,N,Stepped tower massing; metro: Miami; published/tagged height is not complete physical component/endpoint verification
LM039,Vizcaya Museum and Gardens,Miami,United States,museum,approved,missing measured or reliably published component height; requires ground-relative roof measurement,,,UNVERIFIED: legacy design candidate; Medium: place/operator names and possible shape marks; UNVERIFIED individual architecture/design/trademark outcome; no release clearance,N,"No documented named-test inclusion; N means not evidenced, not surveyed outside",~/Desktop/worldengine-gpt-drop/landmarks-research-v1/landmarks.csv#LM039; ~/Desktop/worldengine-gpt-drop/landmarks-research-v1/build-effort.csv#LM039; ~/Desktop/worldengine-gpt-drop/landmarks-style-b-v1/landmarks-values.json#LM039,~/Desktop/worldengine-gpt-drop/landmarks-style-b-v1/miami-LM039.html,~/Desktop/worldengine-gpt-drop/landmarks-style-b-v1/README.md — Binding Miami rich look; appearance only,,historic estate,named landmark,source city field,Y,Y,Y,N,N,N,N,Villa and landscape; omit sculpture and decorative art replicas; metro: Miami; published/tagged height is not complete physical component/endpoint verification
DIST-MIA-WYNWOOD,Wynwood — original abstract warehouse district,Miami,United States,district,approved,District: low warehouse form targets only; individual heights unresolved until map/source geometry.,,,UNVERIFIED place-specific architecture/art/logo clearance; omit all marks,N,"No documented named-test inclusion; N means not evidenced, not surveyed outside",~/Desktop/worldengine-gpt-drop/landmarks-style-b-v1/README.md; ~/Desktop/worldengine-gpt-drop/landmarks-style-b-v1/landmarks-values.json#DIST-MIA-WYNWOOD,~/Desktop/worldengine-gpt-drop/landmarks-style-b-v1/miami-wynwood.html,~/Desktop/worldengine-gpt-drop/landmarks-style-b-v1/README.md — Binding Miami rich look; appearance only,,district,named landmark,source city field,Y,Y,Y,N,N,N,N,; published/tagged height is not complete physical component/endpoint verification
LM044,Fontainebleau Miami Beach,Miami Beach,United States,civic,approved,missing measured or reliably published component height; requires ground-relative roof measurement,,,UNVERIFIED: mixed-age architectural designs; High: operator/store brands and signs; UNVERIFIED individual architecture/design/trademark outcome; no release clearance,N,"No documented named-test inclusion; N means not evidenced, not surveyed outside",~/Desktop/worldengine-gpt-drop/landmarks-research-v1/landmarks.csv#LM044; ~/Desktop/worldengine-gpt-drop/landmarks-research-v1/build-effort.csv#LM044; ~/Desktop/worldengine-gpt-drop/landmarks-style-b-v1/landmarks-values.json#LM044,~/Desktop/worldengine-gpt-drop/landmarks-style-b-v1/miami-LM044.html,~/Desktop/worldengine-gpt-drop/landmarks-style-b-v1/README.md — Binding Miami rich look; appearance only,,hotel,named landmark,source city field,Y,Y,Y,N,N,N,N,Curved hotel shell and later additions; metro: Miami; published/tagged height is not complete physical component/endpoint verification
LM041,Lummus Park (Miami Beach),Miami Beach,United States,park,researched,N/A building height; terrain unmeasured,,,UNVERIFIED: landscape and built structures; Medium: place/operator names and possible shape marks; UNVERIFIED individual architecture/design/trademark outcome; no release clearance,N,"No documented named-test inclusion; N means not evidenced, not surveyed outside",~/Desktop/worldengine-gpt-drop/landmarks-research-v1/landmarks.csv#LM041; ~/Desktop/worldengine-gpt-drop/landmarks-research-v1/build-effort.csv#LM041,,,,park,named landmark,source city field,Y,N,N,N,N,N,N,Landscape paths and beach edge; omit artworks; metro: Miami
DIST-MIA-SOUTH-BEACH,Miami Beach / South Beach — coastal district,Miami Beach,United States,district,approved,District: individual building heights and dune elevations must come from map/elevation data; no single district height.,,,UNVERIFIED place-specific architecture/art/logo clearance; omit all marks,Y,South Beach proposed Miami showcase,~/Desktop/worldengine-gpt-drop/landmarks-style-b-v1/README.md; ~/Desktop/worldengine-gpt-drop/landmarks-style-b-v1/landmarks-values.json#DIST-MIA-SOUTH-BEACH,~/Desktop/worldengine-gpt-drop/landmarks-style-b-v1/miami-south-beach.html,~/Desktop/worldengine-gpt-drop/landmarks-style-b-v1/README.md — Binding Miami rich look; appearance only,,district,named landmark,source city field,Y,Y,Y,N,N,N,N,; published/tagged height is not complete physical component/endpoint verification
LM040,Ocean Drive (South Beach),Miami Beach,United States,district,approved,missing measured or reliably published component height; requires ground-relative roof measurement,,,UNVERIFIED: mixed-age architectural designs; Medium: place/operator names and possible shape marks; UNVERIFIED individual architecture/design/trademark outcome; no release clearance,N,"No documented named-test inclusion; N means not evidenced, not surveyed outside",~/Desktop/worldengine-gpt-drop/landmarks-research-v1/landmarks.csv#LM040; ~/Desktop/worldengine-gpt-drop/landmarks-research-v1/build-effort.csv#LM040; ~/Desktop/worldengine-gpt-drop/landmarks-style-b-v1/landmarks-values.json#LM040,~/Desktop/worldengine-gpt-drop/landmarks-style-b-v1/miami-LM040.html,~/Desktop/worldengine-gpt-drop/landmarks-style-b-v1/README.md — Binding Miami rich look; appearance only,,historic district,named landmark,source city field,Y,Y,Y,N,N,N,N,Art Deco street corridor; no hotel signs; metro: Miami; published/tagged height is not complete physical component/endpoint verification
LM036,Hard Rock Stadium,Miami Gardens,United States,stadium,approved,"Published 357 ft converted ×0.3048; roof/bowl endpoints unresolved, not a survey.",108.8136,corner spire top,"UNVERIFIED: mixed-age architectural designs; High: team, venue, naming-rights sponsor and ads; UNVERIFIED individual architecture/design/trademark outcome; no release clearance",N,"No documented named-test inclusion; N means not evidenced, not surveyed outside",~/Desktop/worldengine-gpt-drop/landmarks-research-v1/landmarks.csv#LM036; ~/Desktop/worldengine-gpt-drop/landmarks-research-v1/build-effort.csv#LM036; ~/Desktop/worldengine-gpt-drop/landmarks-style-b-v1/landmarks-values.json#LM-MIA-STADIUM; ~/Desktop/worldengine-gpt-drop/strategic-research-v1/ws3-places.csv#Hard Rock Stadium,~/Desktop/worldengine-gpt-drop/landmarks-style-b-v1/miami-stadium.html,~/Desktop/worldengine-gpt-drop/landmarks-style-b-v1/README.md — Binding Miami rich look; appearance only,,stadium,named landmark,source city field,Y,Y,Y,N,N,N,N,Stadium with modern canopy; omit all brands; metro: Miami; published/tagged height is not complete physical component/endpoint verification
LM089,Foshay Tower,Minneapolis,United States,tower,researched,UNVERIFIED source availability and physical measurement,,,UNVERIFIED: legacy design candidate; Medium: place/operator names and possible shape marks; UNVERIFIED individual architecture/design/trademark outcome; no release clearance,N,"No documented named-test inclusion; N means not evidenced, not surveyed outside",~/Desktop/worldengine-gpt-drop/landmarks-research-v1/landmarks.csv#LM089; ~/Desktop/worldengine-gpt-drop/landmarks-research-v1/build-effort.csv#LM089,,,,historic tower,named landmark,source city field,Y,N,N,N,N,N,N,Obelisk tower and base; no rooftop brand text; metro: Minneapolis
LM087,U.S. Bank Stadium,Minneapolis,United States,stadium,researched,UNVERIFIED source availability and physical measurement,,,"UNVERIFIED: likely protected architectural design; High: team, venue, naming-rights sponsor and ads; UNVERIFIED individual architecture/design/trademark outcome; no release clearance",N,"No documented named-test inclusion; N means not evidenced, not surveyed outside",~/Desktop/worldengine-gpt-drop/landmarks-research-v1/landmarks.csv#LM087; ~/Desktop/worldengine-gpt-drop/landmarks-research-v1/build-effort.csv#LM087; ~/Desktop/worldengine-gpt-drop/strategic-research-v1/ws3-places.csv#U.S. Bank Stadium,,,,stadium,named landmark,source city field,Y,N,N,N,N,N,N,Angular stadium and glazed roof; metro: Minneapolis
LM088,University of Minnesota,Minneapolis,United States,civic,researched,UNVERIFIED source availability and physical measurement,,,"UNVERIFIED: mixed-age architectural designs; High: university names, seals, mascots and sponsor graphics; UNVERIFIED individual architecture/design/trademark outcome; no release clearance",N,"No documented named-test inclusion; N means not evidenced, not surveyed outside",~/Desktop/worldengine-gpt-drop/landmarks-research-v1/landmarks.csv#LM088; ~/Desktop/worldengine-gpt-drop/landmarks-research-v1/build-effort.csv#LM088; ~/Desktop/worldengine-gpt-drop/strategic-research-v1/ws3-places.csv#University of Minnesota Twin Cities,,,,university,named landmark,source city field,Y,N,N,N,N,N,N,Twin Cities east/west-bank campus exterior; Saint Paul campus separate; metro: Minneapolis
DIST-06-denver-front-range,Front Range edge,Morrison,United States,district,designed (Style B sheet),N/A scalar district height; components/terrain unresolved,,,UNVERIFIED place-specific architecture/art/logo clearance; omit all marks,N,"No documented named-test inclusion; N means not evidenced, not surveyed outside",~/Desktop/worldengine-gpt-drop/districts-chi-den-v1/districts-values.json#06-denver-front-range,~/Desktop/worldengine-gpt-drop/districts-chi-den-v1/06-denver-front-range.html,,,district,named landmark,source city field,Y,Y,N,N,N,N,N,"Morrison/Red Rocks is a western foothill context. This sheet does not move it into downtown Denver. Outcrop inclination and far ridges come from terrain, not repeated decorative triangles."
LM023,Red Rocks Amphitheatre,Morrison,United States,civic,designed (Style B sheet),terrain-relative relief and stage roof heights not measured; no single building height,,,UNVERIFIED: mixed-age architectural designs; Medium: place/operator names and possible shape marks; UNVERIFIED individual architecture/design/trademark outcome; no release clearance,N,"No documented named-test inclusion; N means not evidenced, not surveyed outside",~/Desktop/worldengine-gpt-drop/landmarks-research-v1/landmarks.csv#LM023; ~/Desktop/worldengine-gpt-drop/landmarks-research-v1/build-effort.csv#LM023; ~/Desktop/worldengine-gpt-drop/landmarks-v1/landmarks-colours.json#denver-red-rocks; ~/Desktop/worldengine-gpt-drop/landmarks-style-b-v1/landmarks-values.json#LM023,~/Desktop/worldengine-gpt-drop/landmarks-style-b-v1/denver-LM023.html,,,amphitheatre,named landmark,source city field,Y,Y,N,N,N,N,N,"Terrain, rock formations and amphitheatre terraces; metro: Denver; legacy sheet supports design stage; new sheet takes precedence; published/tagged height is not complete physical component/endpoint verification"
WAVE2-nashville-district-01,Downtown / Second Avenue edge,Nashville,United States,district,designed (Style B sheet),N/A scalar district; mapped component heights unresolved,,,UNVERIFIED place-specific architecture/art/logo clearance; omit all marks,N,"No documented named-test inclusion; N means not evidenced, not surveyed outside",~/Desktop/worldengine-gpt-drop/us-metros-wave2-v1/metro-values.json#nashville-district-01,~/Desktop/worldengine-gpt-drop/us-metros-wave2-v1/nashville-district-01.html,,,district,named landmark,source city field,Y,Y,N,N,N,N,N,Named Style B district study; no owner approval or true-metro engine capture evidenced
WAVE2-nashville-district-02,East Nashville / Lockeland Springs,Nashville,United States,district,designed (Style B sheet),N/A scalar district; mapped component heights unresolved,,,UNVERIFIED place-specific architecture/art/logo clearance; omit all marks,N,"No documented named-test inclusion; N means not evidenced, not surveyed outside",~/Desktop/worldengine-gpt-drop/us-metros-wave2-v1/metro-values.json#nashville-district-02,~/Desktop/worldengine-gpt-drop/us-metros-wave2-v1/nashville-district-02.html,,,district,named landmark,source city field,Y,Y,N,N,N,N,N,Named Style B district study; no owner approval or true-metro engine capture evidenced
LM047,Chrysler Building,New York,United States,tower,researched,UNVERIFIED source availability and physical measurement,,,UNVERIFIED: legacy design candidate; Medium: place/operator names and possible shape marks; UNVERIFIED individual architecture/design/trademark outcome; no release clearance,N,"No documented named-test inclusion; N means not evidenced, not surveyed outside",~/Desktop/worldengine-gpt-drop/landmarks-research-v1/landmarks.csv#LM047; ~/Desktop/worldengine-gpt-drop/landmarks-research-v1/build-effort.csv#LM047,,,,tower,named landmark,source city field,Y,N,N,N,N,N,N,Crown and setbacks; ornament simplified; metro: New York
LM049,Columbia University,New York,United States,civic,researched,UNVERIFIED source availability and physical measurement,,,"UNVERIFIED: mixed-age architectural designs; High: university names, seals, mascots and sponsor graphics; UNVERIFIED individual architecture/design/trademark outcome; no release clearance",N,"No documented named-test inclusion; N means not evidenced, not surveyed outside",~/Desktop/worldengine-gpt-drop/landmarks-research-v1/landmarks.csv#LM049; ~/Desktop/worldengine-gpt-drop/landmarks-research-v1/build-effort.csv#LM049; ~/Desktop/worldengine-gpt-drop/strategic-research-v1/ws3-places.csv#Columbia University,,,,university,named landmark,source city field,Y,N,N,N,N,N,N,Morningside campus exterior; exclude statues; metro: New York
LM045,Empire State Building,New York,United States,tower,researched,UNVERIFIED source availability and physical measurement,,,UNVERIFIED: legacy design candidate; High: distinctive silhouette/trade-dress check as well as names; UNVERIFIED individual architecture/design/trademark outcome; no release clearance,N,"No documented named-test inclusion; N means not evidenced, not surveyed outside",~/Desktop/worldengine-gpt-drop/landmarks-research-v1/landmarks.csv#LM045; ~/Desktop/worldengine-gpt-drop/landmarks-research-v1/build-effort.csv#LM045; ~/Desktop/worldengine-gpt-drop/strategic-research-v1/ws3-places.csv#Empire State Building,,,,tower,named landmark,source city field,Y,N,N,N,N,N,N,Tower and spire; silhouette trade-dress review; metro: New York
LM096,Madison Square Garden,New York,United States,stadium,researched,UNVERIFIED source availability and physical measurement,,,"UNVERIFIED: legacy design candidate; High: team, venue, naming-rights sponsor and ads; UNVERIFIED individual architecture/design/trademark outcome; no release clearance",N,"No documented named-test inclusion; N means not evidenced, not surveyed outside",~/Desktop/worldengine-gpt-drop/landmarks-research-v1/landmarks.csv#LM096; ~/Desktop/worldengine-gpt-drop/landmarks-research-v1/build-effort.csv#LM096; ~/Desktop/worldengine-gpt-drop/strategic-research-v1/ws3-places.csv#Madison Square Garden,,,,arena,named landmark,source city field,Y,N,N,N,N,N,N,Arena drum and podium; no brands; metro: New York
LM046,One World Trade Center,New York,United States,tower,researched,UNVERIFIED source availability and physical measurement,,,UNVERIFIED: likely protected architectural design; Medium: place/operator names and possible shape marks; UNVERIFIED individual architecture/design/trademark outcome; no release clearance,N,"No documented named-test inclusion; N means not evidenced, not surveyed outside",~/Desktop/worldengine-gpt-drop/landmarks-research-v1/landmarks.csv#LM046; ~/Desktop/worldengine-gpt-drop/landmarks-research-v1/build-effort.csv#LM046; ~/Desktop/worldengine-gpt-drop/strategic-research-v1/ws3-places.csv#One World Observatory,,,,tower,named landmark,source city field,Y,N,N,N,N,N,N,"Faceted tower and antenna; metro: New York; One World Observatory is a component of this physical tower, not an additional exterior monument"
LM048,Yankee Stadium,New York,United States,stadium,researched,UNVERIFIED source availability and physical measurement,,,"UNVERIFIED: likely protected architectural design; High: team, venue, naming-rights sponsor and ads; UNVERIFIED individual architecture/design/trademark outcome; no release clearance",N,"No documented named-test inclusion; N means not evidenced, not surveyed outside",~/Desktop/worldengine-gpt-drop/landmarks-research-v1/landmarks.csv#LM048; ~/Desktop/worldengine-gpt-drop/landmarks-research-v1/build-effort.csv#LM048; ~/Desktop/worldengine-gpt-drop/strategic-research-v1/ws3-places.csv#Yankee Stadium,,,,stadium,named landmark,source city field,Y,N,N,N,N,N,N,Current ballpark exterior; not former site; metro: New York
LM094,Camping World Stadium,Orlando,United States,stadium,researched,UNVERIFIED source availability and physical measurement,,,"UNVERIFIED: mixed-age architectural designs; High: team, venue, naming-rights sponsor and ads; UNVERIFIED individual architecture/design/trademark outcome; no release clearance",N,"No documented named-test inclusion; N means not evidenced, not surveyed outside",~/Desktop/worldengine-gpt-drop/landmarks-research-v1/landmarks.csv#LM094; ~/Desktop/worldengine-gpt-drop/landmarks-research-v1/build-effort.csv#LM094,,,,stadium,named landmark,source city field,Y,N,N,N,N,N,N,Stadium shell; mixed-age remodels; metro: Orlando
LM095,University of Central Florida,Orlando,United States,civic,researched,UNVERIFIED source availability and physical measurement,,,"UNVERIFIED: mixed-age architectural designs; High: university names, seals, mascots and sponsor graphics; UNVERIFIED individual architecture/design/trademark outcome; no release clearance",N,"No documented named-test inclusion; N means not evidenced, not surveyed outside",~/Desktop/worldengine-gpt-drop/landmarks-research-v1/landmarks.csv#LM095; ~/Desktop/worldengine-gpt-drop/landmarks-research-v1/build-effort.csv#LM095,,,,university,named landmark,source city field,Y,N,N,N,N,N,N,Main campus exterior; metro: Orlando
LM051,Rose Bowl (stadium),Pasadena,United States,stadium,researched,UNVERIFIED source availability and physical measurement,,,"UNVERIFIED: mixed-age architectural designs; High: team, venue, naming-rights sponsor and ads; UNVERIFIED individual architecture/design/trademark outcome; no release clearance",N,"No documented named-test inclusion; N means not evidenced, not surveyed outside",~/Desktop/worldengine-gpt-drop/landmarks-research-v1/landmarks.csv#LM051; ~/Desktop/worldengine-gpt-drop/landmarks-research-v1/build-effort.csv#LM051; ~/Desktop/worldengine-gpt-drop/strategic-research-v1/ws3-places.csv#Rose Bowl Stadium,,,,stadium,named landmark,source city field,Y,N,N,N,N,N,N,Stadium bowl and facade; metro: Los Angeles
WAVE2-philadelphia-district-01,Center City,Philadelphia,United States,district,designed (Style B sheet),N/A scalar district; mapped component heights unresolved,,,UNVERIFIED place-specific architecture/art/logo clearance; omit all marks,N,"No documented named-test inclusion; N means not evidenced, not surveyed outside",~/Desktop/worldengine-gpt-drop/us-metros-wave2-v1/metro-values.json#philadelphia-district-01,~/Desktop/worldengine-gpt-drop/us-metros-wave2-v1/philadelphia-district-01.html,,,district,named landmark,source city field,Y,Y,N,N,N,N,N,Named Style B district study; no owner approval or true-metro engine capture evidenced
LM065,Citizens Bank Park,Philadelphia,United States,stadium,researched,UNVERIFIED source availability and physical measurement,,,"UNVERIFIED: likely protected architectural design; High: team, venue, naming-rights sponsor and ads; UNVERIFIED individual architecture/design/trademark outcome; no release clearance",N,"No documented named-test inclusion; N means not evidenced, not surveyed outside",~/Desktop/worldengine-gpt-drop/landmarks-research-v1/landmarks.csv#LM065; ~/Desktop/worldengine-gpt-drop/landmarks-research-v1/build-effort.csv#LM065,,,,stadium,named landmark,source city field,Y,N,N,N,N,N,N,Ballpark shell; metro: Philadelphia
LM064,Philadelphia City Hall,Philadelphia,United States,civic,researched,UNVERIFIED source availability and physical measurement,,,UNVERIFIED: legacy design candidate; Medium: place/operator names and possible shape marks; UNVERIFIED individual architecture/design/trademark outcome; no release clearance,N,"No documented named-test inclusion; N means not evidenced, not surveyed outside",~/Desktop/worldengine-gpt-drop/landmarks-research-v1/landmarks.csv#LM064; ~/Desktop/worldengine-gpt-drop/landmarks-research-v1/build-effort.csv#LM064,,,,civic building,named landmark,source city field,Y,N,N,N,N,N,N,Building shell; omit William Penn statue and sculpture; metro: Philadelphia
WAVE2-philadelphia-district-02,South Philadelphia row blocks,Philadelphia,United States,district,designed (Style B sheet),N/A scalar district; mapped component heights unresolved,,,UNVERIFIED place-specific architecture/art/logo clearance; omit all marks,N,"No documented named-test inclusion; N means not evidenced, not surveyed outside",~/Desktop/worldengine-gpt-drop/us-metros-wave2-v1/metro-values.json#philadelphia-district-02,~/Desktop/worldengine-gpt-drop/us-metros-wave2-v1/philadelphia-district-02.html,,,district,named landmark,source city field,Y,Y,N,N,N,N,N,Named Style B district study; no owner approval or true-metro engine capture evidenced
LM066,University of Pennsylvania,Philadelphia,United States,civic,researched,UNVERIFIED source availability and physical measurement,,,"UNVERIFIED: mixed-age architectural designs; High: university names, seals, mascots and sponsor graphics; UNVERIFIED individual architecture/design/trademark outcome; no release clearance",N,"No documented named-test inclusion; N means not evidenced, not surveyed outside",~/Desktop/worldengine-gpt-drop/landmarks-research-v1/landmarks.csv#LM066; ~/Desktop/worldengine-gpt-drop/landmarks-research-v1/build-effort.csv#LM066; ~/Desktop/worldengine-gpt-drop/strategic-research-v1/ws3-places.csv#University of Pennsylvania,,,,university,named landmark,source city field,Y,N,N,N,N,N,N,Main campus exterior; metro: Philadelphia
LM074,Chase Field,Phoenix,United States,stadium,researched,UNVERIFIED source availability and physical measurement,,,"UNVERIFIED: likely protected architectural design; High: team, venue, naming-rights sponsor and ads; UNVERIFIED individual architecture/design/trademark outcome; no release clearance",N,"No documented named-test inclusion; N means not evidenced, not surveyed outside",~/Desktop/worldengine-gpt-drop/landmarks-research-v1/landmarks.csv#LM074; ~/Desktop/worldengine-gpt-drop/landmarks-research-v1/build-effort.csv#LM074; ~/Desktop/worldengine-gpt-drop/strategic-research-v1/ws3-places.csv#Chase Field,,,,stadium,named landmark,source city field,Y,N,N,N,N,N,N,Ballpark and operable roof; metro: Phoenix
LM099,The Mission Inn Hotel & Spa,Riverside,United States,civic,researched,UNVERIFIED source availability and physical measurement,,,UNVERIFIED: mixed-age architectural designs; High: operator/store brands and signs; UNVERIFIED individual architecture/design/trademark outcome; no release clearance,N,"No documented named-test inclusion; N means not evidenced, not surveyed outside",~/Desktop/worldengine-gpt-drop/landmarks-research-v1/landmarks.csv#LM099; ~/Desktop/worldengine-gpt-drop/landmarks-research-v1/build-effort.csv#LM099,,,,historic hotel,named landmark,source city field,Y,N,N,N,N,N,N,Historic exterior complex; omit sculpture and decorative artworks; metro: Riverside–San Bernardino
LM100,"University of California, Riverside",Riverside,United States,civic,researched,UNVERIFIED source availability and physical measurement,,,"UNVERIFIED: mixed-age architectural designs; High: university names, seals, mascots and sponsor graphics; UNVERIFIED individual architecture/design/trademark outcome; no release clearance",N,"No documented named-test inclusion; N means not evidenced, not surveyed outside",~/Desktop/worldengine-gpt-drop/landmarks-research-v1/landmarks.csv#LM100; ~/Desktop/worldengine-gpt-drop/landmarks-research-v1/build-effort.csv#LM100,,,,university,named landmark,source city field,Y,N,N,N,N,N,N,Main campus exterior; exclude public art; metro: Riverside–San Bernardino
LM092,Petco Park,San Diego,United States,stadium,researched,UNVERIFIED source availability and physical measurement,,,"UNVERIFIED: mixed-age architectural designs; High: team, venue, naming-rights sponsor and ads; UNVERIFIED individual architecture/design/trademark outcome; no release clearance",N,"No documented named-test inclusion; N means not evidenced, not surveyed outside",~/Desktop/worldengine-gpt-drop/landmarks-research-v1/landmarks.csv#LM092; ~/Desktop/worldengine-gpt-drop/landmarks-research-v1/build-effort.csv#LM092,,,,stadium,named landmark,source city field,Y,N,N,N,N,N,N,Ballpark shell and historic warehouse; metro: San Diego
LM093,"University of California, San Diego",San Diego,United States,civic,researched,UNVERIFIED source availability and physical measurement,,,"UNVERIFIED: mixed-age architectural designs; High: university names, seals, mascots and sponsor graphics; UNVERIFIED individual architecture/design/trademark outcome; no release clearance",N,"No documented named-test inclusion; N means not evidenced, not surveyed outside",~/Desktop/worldengine-gpt-drop/landmarks-research-v1/landmarks.csv#LM093; ~/Desktop/worldengine-gpt-drop/landmarks-research-v1/build-effort.csv#LM093; ~/Desktop/worldengine-gpt-drop/strategic-research-v1/ws3-places.csv#University of California San Diego,,,,university,named landmark,source city field,Y,N,N,N,N,N,N,Main campus exterior including library; exclude art; metro: San Diego
LM080,Golden Gate Bridge,San Francisco,United States,civic,researched,UNVERIFIED source availability and physical measurement,,,UNVERIFIED: infrastructure and attachments; Medium: place/operator names and possible shape marks; UNVERIFIED individual architecture/design/trademark outcome; no release clearance,N,"No documented named-test inclusion; N means not evidenced, not surveyed outside",~/Desktop/worldengine-gpt-drop/landmarks-research-v1/landmarks.csv#LM080; ~/Desktop/worldengine-gpt-drop/landmarks-research-v1/build-effort.csv#LM080; ~/Desktop/worldengine-gpt-drop/strategic-research-v1/ws3-places.csv#Golden Gate Bridge,,,,bridge,named landmark,source city field,Y,N,N,N,N,N,N,Bridge and approaches; cable LOD; no commemorative artwork; metro: San Francisco
LM078,Oracle Park,San Francisco,United States,stadium,researched,UNVERIFIED source availability and physical measurement,,,"UNVERIFIED: likely protected architectural design; High: team, venue, naming-rights sponsor and ads; UNVERIFIED individual architecture/design/trademark outcome; no release clearance",N,"No documented named-test inclusion; N means not evidenced, not surveyed outside",~/Desktop/worldengine-gpt-drop/landmarks-research-v1/landmarks.csv#LM078; ~/Desktop/worldengine-gpt-drop/landmarks-research-v1/build-effort.csv#LM078,,,,stadium,named landmark,source city field,Y,N,N,N,N,N,N,Waterfront ballpark; metro: San Francisco
LM077,Transamerica Pyramid,San Francisco,United States,tower,researched,UNVERIFIED source availability and physical measurement,,,UNVERIFIED: legacy design candidate; Medium: place/operator names and possible shape marks; UNVERIFIED individual architecture/design/trademark outcome; no release clearance,N,"No documented named-test inclusion; N means not evidenced, not surveyed outside",~/Desktop/worldengine-gpt-drop/landmarks-research-v1/landmarks.csv#LM077; ~/Desktop/worldengine-gpt-drop/landmarks-research-v1/build-effort.csv#LM077,,,,tower,named landmark,source city field,Y,N,N,N,N,N,N,Pyramid and wing forms; metro: San Francisco
LM084,Space Needle,Seattle,United States,tower,researched,UNVERIFIED source availability and physical measurement,,,UNVERIFIED: legacy design candidate; High: distinctive silhouette/trade-dress check as well as names; UNVERIFIED individual architecture/design/trademark outcome; no release clearance,N,"No documented named-test inclusion; N means not evidenced, not surveyed outside",~/Desktop/worldengine-gpt-drop/landmarks-research-v1/landmarks.csv#LM084; ~/Desktop/worldengine-gpt-drop/landmarks-research-v1/build-effort.csv#LM084; ~/Desktop/worldengine-gpt-drop/strategic-research-v1/ws3-places.csv#Space Needle,,,,tower,named landmark,source city field,Y,N,N,N,N,N,N,Tower silhouette; specific shape/trade-dress review; metro: Seattle
LM085,T-Mobile Park,Seattle,United States,stadium,researched,UNVERIFIED source availability and physical measurement,,,"UNVERIFIED: likely protected architectural design; High: team, venue, naming-rights sponsor and ads; UNVERIFIED individual architecture/design/trademark outcome; no release clearance",N,"No documented named-test inclusion; N means not evidenced, not surveyed outside",~/Desktop/worldengine-gpt-drop/landmarks-research-v1/landmarks.csv#LM085; ~/Desktop/worldengine-gpt-drop/landmarks-research-v1/build-effort.csv#LM085,,,,stadium,named landmark,source city field,Y,N,N,N,N,N,N,Ballpark with roof; no sponsor signage; metro: Seattle
LM086,University of Washington,Seattle,United States,civic,researched,UNVERIFIED source availability and physical measurement,,,"UNVERIFIED: mixed-age architectural designs; High: university names, seals, mascots and sponsor graphics; UNVERIFIED individual architecture/design/trademark outcome; no release clearance",N,"No documented named-test inclusion; N means not evidenced, not surveyed outside",~/Desktop/worldengine-gpt-drop/landmarks-research-v1/landmarks.csv#LM086; ~/Desktop/worldengine-gpt-drop/landmarks-research-v1/build-effort.csv#LM086; ~/Desktop/worldengine-gpt-drop/strategic-research-v1/ws3-places.csv#University of Washington Seattle campus,,,,university,named landmark,source city field,Y,N,N,N,N,N,N,Seattle main campus exterior; metro: Seattle
LM090,Raymond James Stadium,Tampa,United States,stadium,researched,UNVERIFIED source availability and physical measurement,,,"UNVERIFIED: likely protected architectural design; High: team, venue, naming-rights sponsor and ads; UNVERIFIED individual architecture/design/trademark outcome; no release clearance",N,"No documented named-test inclusion; N means not evidenced, not surveyed outside",~/Desktop/worldengine-gpt-drop/landmarks-research-v1/landmarks.csv#LM090; ~/Desktop/worldengine-gpt-drop/landmarks-research-v1/build-effort.csv#LM090; ~/Desktop/worldengine-gpt-drop/strategic-research-v1/ws3-places.csv#Raymond James Stadium,,,,stadium,named landmark,source city field,Y,N,N,N,N,N,N,Stadium shell; exclude themed ship and brands; metro: Tampa
LM091,University of South Florida,Tampa,United States,civic,researched,UNVERIFIED source availability and physical measurement,,,"UNVERIFIED: mixed-age architectural designs; High: university names, seals, mascots and sponsor graphics; UNVERIFIED individual architecture/design/trademark outcome; no release clearance",N,"No documented named-test inclusion; N means not evidenced, not surveyed outside",~/Desktop/worldengine-gpt-drop/landmarks-research-v1/landmarks.csv#LM091; ~/Desktop/worldengine-gpt-drop/landmarks-research-v1/build-effort.csv#LM091,,,,university,named landmark,source city field,Y,N,N,N,N,N,N,Tampa campus exterior; metro: Tampa
LM076,Arizona State University,Tempe,United States,civic,researched,UNVERIFIED source availability and physical measurement,,,"UNVERIFIED: mixed-age architectural designs; High: university names, seals, mascots and sponsor graphics; UNVERIFIED individual architecture/design/trademark outcome; no release clearance",N,"No documented named-test inclusion; N means not evidenced, not surveyed outside",~/Desktop/worldengine-gpt-drop/landmarks-research-v1/landmarks.csv#LM076; ~/Desktop/worldengine-gpt-drop/landmarks-research-v1/build-effort.csv#LM076; ~/Desktop/worldengine-gpt-drop/strategic-research-v1/ws3-places.csv#Arizona State University Tempe campus,,,,university,named landmark,source city field,Y,N,N,N,N,N,N,Tempe campus exterior; not other campuses; metro: Phoenix
STRAT-041,Martin Luther King Jr. National Historical Park,"UNVERIFIED municipality — Atlanta-Sandy Springs-Roswell, GA",United States,civic,researched,UNVERIFIED — component heights unresolved,,,UNVERIFIED place-specific architecture/art/logo clearance; omit all marks,N,"No documented named-test inclusion; N means not evidenced, not surveyed outside",~/Desktop/worldengine-gpt-drop/strategic-research-v1/ws3-places.csv#Martin Luther King Jr. National Historical Park,,,,civic,strategic landmark/place candidate,Metro association only; municipality unresolved,Y,N,N,N,N,N,N,"Proposed recognizable built/historic-landmark candidate; no measured visitor/attention ranking.; Analytical proposed rank, not authoritative nationwide top20. Official coordinate/footprint-to-CBSA join not executed; system-wide homepages do not validate every campus detail. "
STRAT-017,Boston Harbor Islands National Recreation Area,"UNVERIFIED municipality — Boston-Cambridge-Newton, MA-NH",United States,park,researched,UNVERIFIED — component heights unresolved,,,UNVERIFIED place-specific architecture/art/logo clearance; omit all marks,N,"No documented named-test inclusion; N means not evidenced, not surveyed outside",~/Desktop/worldengine-gpt-drop/strategic-research-v1/ws3-places.csv#Boston Harbor Islands National Recreation Area,,,,park,strategic landmark/place candidate,Metro association only; municipality unresolved,Y,N,N,N,N,N,N,"Proposed protected-area candidate with metro footprint; includes NPS national recreation areas/park units as well as state parks.; Analytical proposed rank, not authoritative nationwide top20. Official coordinate/footprint-to-CBSA join not executed; system-wide homepages do not validate every campus detail. "
STRAT-040,Bunker Hill Monument,"UNVERIFIED municipality — Boston-Cambridge-Newton, MA-NH",United States,civic,researched,UNVERIFIED — component heights unresolved,,,UNVERIFIED place-specific architecture/art/logo clearance; omit all marks,N,"No documented named-test inclusion; N means not evidenced, not surveyed outside",~/Desktop/worldengine-gpt-drop/strategic-research-v1/ws3-places.csv#Bunker Hill Monument,,,,civic,strategic landmark/place candidate,Metro association only; municipality unresolved,Y,N,N,N,N,N,N,"Proposed recognizable built/historic-landmark candidate; no measured visitor/attention ranking.; Analytical proposed rank, not authoritative nationwide top20. Official coordinate/footprint-to-CBSA join not executed; system-wide homepages do not validate every campus detail. "
STRAT-056,Leonard P. Zakim Bunker Hill Memorial Bridge,"UNVERIFIED municipality — Boston-Cambridge-Newton, MA-NH",United States,civic,researched,UNVERIFIED — component heights unresolved,,,UNVERIFIED place-specific architecture/art/logo clearance; omit all marks,N,"No documented named-test inclusion; N means not evidenced, not surveyed outside",~/Desktop/worldengine-gpt-drop/strategic-research-v1/ws3-places.csv#Leonard P. Zakim Bunker Hill Memorial Bridge,,,,civic,strategic landmark/place candidate,Metro association only; municipality unresolved,Y,N,N,N,N,N,N,"Proposed recognizable crossing/landmark candidate; no traffic/span ranking asserted.; Analytical proposed rank, not authoritative nationwide top20. Official coordinate/footprint-to-CBSA join not executed; system-wide homepages do not validate every campus detail. "
STRAT-016,Illinois Beach State Park,"UNVERIFIED municipality — Chicago-Naperville-Elgin, IL-IN",United States,park,researched,UNVERIFIED — component heights unresolved,,,UNVERIFIED place-specific architecture/art/logo clearance; omit all marks,N,"No documented named-test inclusion; N means not evidenced, not surveyed outside",~/Desktop/worldengine-gpt-drop/strategic-research-v1/ws3-places.csv#Illinois Beach State Park,,,,park,strategic landmark/place candidate,Metro association only; municipality unresolved,Y,N,N,N,N,N,N,"Proposed protected-area candidate with metro footprint; includes NPS national recreation areas/park units as well as state parks.; Analytical proposed rank, not authoritative nationwide top20. Official coordinate/footprint-to-CBSA join not executed; system-wide homepages do not validate every campus detail. "
STRAT-015,Indiana Dunes National Park,"UNVERIFIED municipality — Chicago-Naperville-Elgin, IL-IN",United States,park,researched,UNVERIFIED — component heights unresolved,,,UNVERIFIED place-specific architecture/art/logo clearance; omit all marks,N,"No documented named-test inclusion; N means not evidenced, not surveyed outside",~/Desktop/worldengine-gpt-drop/strategic-research-v1/ws3-places.csv#Indiana Dunes National Park,,,,park,strategic landmark/place candidate,Metro association only; municipality unresolved,Y,N,N,N,N,N,N,"Proposed protected-area candidate with metro footprint; includes NPS national recreation areas/park units as well as state parks.; Analytical proposed rank, not authoritative nationwide top20. Official coordinate/footprint-to-CBSA join not executed; system-wide homepages do not validate every campus detail. "
STRAT-062,Margaret Hunt Hill Bridge,"UNVERIFIED municipality — Dallas-Fort Worth-Arlington, TX",United States,civic,researched,UNVERIFIED — component heights unresolved,,,UNVERIFIED place-specific architecture/art/logo clearance; omit all marks,N,"No documented named-test inclusion; N means not evidenced, not surveyed outside",~/Desktop/worldengine-gpt-drop/strategic-research-v1/ws3-places.csv#Margaret Hunt Hill Bridge,,,,civic,strategic landmark/place candidate,Metro association only; municipality unresolved,Y,N,N,N,N,N,N,"Proposed recognizable crossing/landmark candidate; no traffic/span ranking asserted.; Analytical proposed rank, not authoritative nationwide top20. Official coordinate/footprint-to-CBSA join not executed; system-wide homepages do not validate every campus detail. "
STRAT-007,University of Texas at Dallas,"UNVERIFIED municipality — Dallas-Fort Worth-Arlington, TX",United States,civic,researched,UNVERIFIED — component heights unresolved,,,UNVERIFIED place-specific architecture/art/logo clearance; omit all marks,N,"No documented named-test inclusion; N means not evidenced, not surveyed outside",~/Desktop/worldengine-gpt-drop/strategic-research-v1/ws3-places.csv#University of Texas at Dallas,,,,civic,strategic landmark/place candidate,Metro association only; municipality unresolved,Y,N,N,N,N,N,N,"Proposed campus/institutional-recognition candidate; no enrollment/prestige ranking asserted.; Analytical proposed rank, not authoritative nationwide top20. Official coordinate/footprint-to-CBSA join not executed; system-wide homepages do not validate every campus detail. "
STRAT-061,Belle Isle MacArthur Bridge,"UNVERIFIED municipality — Detroit-Warren-Dearborn, MI",United States,civic,researched,UNVERIFIED — component heights unresolved,,,UNVERIFIED place-specific architecture/art/logo clearance; omit all marks,N,"No documented named-test inclusion; N means not evidenced, not surveyed outside",~/Desktop/worldengine-gpt-drop/strategic-research-v1/ws3-places.csv#Belle Isle MacArthur Bridge,,,,civic,strategic landmark/place candidate,Metro association only; municipality unresolved,Y,N,N,N,N,N,N,"Proposed recognizable crossing/landmark candidate; no traffic/span ranking asserted.; Analytical proposed rank, not authoritative nationwide top20. Official coordinate/footprint-to-CBSA join not executed; system-wide homepages do not validate every campus detail. Automated reference response 403; normal browser/manual verification needed. "
STRAT-005,Ford Field,"UNVERIFIED municipality — Detroit-Warren-Dearborn, MI",United States,stadium,researched,UNVERIFIED — component heights unresolved,,,UNVERIFIED place-specific architecture/art/logo clearance; omit all marks,N,"No documented named-test inclusion; N means not evidenced, not surveyed outside",~/Desktop/worldengine-gpt-drop/strategic-research-v1/ws3-places.csv#Ford Field,,,,stadium,strategic landmark/place candidate,Metro association only; municipality unresolved,Y,N,N,N,N,N,N,"Proposed major sports/event-footprint candidate; no attendance/capacity ranking asserted.; Analytical proposed rank, not authoritative nationwide top20. Official coordinate/footprint-to-CBSA join not executed; system-wide homepages do not validate every campus detail. "
STRAT-042,San Jacinto Monument,"UNVERIFIED municipality — Houston-Pasadena-The Woodlands, TX",United States,civic,researched,UNVERIFIED — component heights unresolved,,,UNVERIFIED place-specific architecture/art/logo clearance; omit all marks,N,"No documented named-test inclusion; N means not evidenced, not surveyed outside",~/Desktop/worldengine-gpt-drop/strategic-research-v1/ws3-places.csv#San Jacinto Monument,,,,civic,strategic landmark/place candidate,Metro association only; municipality unresolved,Y,N,N,N,N,N,N,"Proposed recognizable built/historic-landmark candidate; no measured visitor/attention ranking.; Analytical proposed rank, not authoritative nationwide top20. Official coordinate/footprint-to-CBSA join not executed; system-wide homepages do not validate every campus detail. "
STRAT-008,University of Houston,"UNVERIFIED municipality — Houston-Pasadena-The Woodlands, TX",United States,civic,researched,UNVERIFIED — component heights unresolved,,,UNVERIFIED place-specific architecture/art/logo clearance; omit all marks,N,"No documented named-test inclusion; N means not evidenced, not surveyed outside",~/Desktop/worldengine-gpt-drop/strategic-research-v1/ws3-places.csv#University of Houston,,,,civic,strategic landmark/place candidate,Metro association only; municipality unresolved,Y,N,N,N,N,N,N,"Proposed campus/institutional-recognition candidate; no enrollment/prestige ranking asserted.; Analytical proposed rank, not authoritative nationwide top20. Official coordinate/footprint-to-CBSA join not executed; system-wide homepages do not validate every campus detail. "
STRAT-002,Dodger Stadium,"UNVERIFIED municipality — Los Angeles-Long Beach-Anaheim, CA",United States,stadium,researched,UNVERIFIED — component heights unresolved,,,UNVERIFIED place-specific architecture/art/logo clearance; omit all marks,N,"No documented named-test inclusion; N means not evidenced, not surveyed outside",~/Desktop/worldengine-gpt-drop/strategic-research-v1/ws3-places.csv#Dodger Stadium,,,,stadium,strategic landmark/place candidate,Metro association only; municipality unresolved,Y,N,N,N,N,N,N,"Proposed major sports/event-footprint candidate; no attendance/capacity ranking asserted.; Analytical proposed rank, not authoritative nationwide top20. Official coordinate/footprint-to-CBSA join not executed; system-wide homepages do not validate every campus detail. "
STRAT-032,Hollywood Sign,"UNVERIFIED municipality — Los Angeles-Long Beach-Anaheim, CA",United States,civic,researched,UNVERIFIED — component heights unresolved,,,UNVERIFIED place-specific architecture/art/logo clearance; omit all marks,N,"No documented named-test inclusion; N means not evidenced, not surveyed outside",~/Desktop/worldengine-gpt-drop/strategic-research-v1/ws3-places.csv#Hollywood Sign,,,,civic,strategic landmark/place candidate,Metro association only; municipality unresolved,Y,N,N,N,N,N,N,"Proposed recognizable built/historic-landmark candidate; no measured visitor/attention ranking.; Analytical proposed rank, not authoritative nationwide top20. Official coordinate/footprint-to-CBSA join not executed; system-wide homepages do not validate every campus detail. "
STRAT-013,Malibu Creek State Park,"UNVERIFIED municipality — Los Angeles-Long Beach-Anaheim, CA",United States,park,researched,UNVERIFIED — component heights unresolved,,,UNVERIFIED place-specific architecture/art/logo clearance; omit all marks,N,"No documented named-test inclusion; N means not evidenced, not surveyed outside",~/Desktop/worldengine-gpt-drop/strategic-research-v1/ws3-places.csv#Malibu Creek State Park,,,,park,strategic landmark/place candidate,Metro association only; municipality unresolved,Y,N,N,N,N,N,N,"Proposed protected-area candidate with metro footprint; includes NPS national recreation areas/park units as well as state parks.; Analytical proposed rank, not authoritative nationwide top20. Official coordinate/footprint-to-CBSA join not executed; system-wide homepages do not validate every campus detail. "
STRAT-012,Santa Monica Mountains National Recreation Area,"UNVERIFIED municipality — Los Angeles-Long Beach-Anaheim, CA",United States,park,researched,UNVERIFIED — component heights unresolved,,,UNVERIFIED place-specific architecture/art/logo clearance; omit all marks,N,"No documented named-test inclusion; N means not evidenced, not surveyed outside",~/Desktop/worldengine-gpt-drop/strategic-research-v1/ws3-places.csv#Santa Monica Mountains National Recreation Area,,,,park,strategic landmark/place candidate,Metro association only; municipality unresolved,Y,N,N,N,N,N,N,"Proposed protected-area candidate with metro footprint; includes NPS national recreation areas/park units as well as state parks.; Analytical proposed rank, not authoritative nationwide top20. Official coordinate/footprint-to-CBSA join not executed; system-wide homepages do not validate every campus detail. "
STRAT-014,Topanga State Park,"UNVERIFIED municipality — Los Angeles-Long Beach-Anaheim, CA",United States,park,researched,UNVERIFIED — component heights unresolved,,,UNVERIFIED place-specific architecture/art/logo clearance; omit all marks,N,"No documented named-test inclusion; N means not evidenced, not surveyed outside",~/Desktop/worldengine-gpt-drop/strategic-research-v1/ws3-places.csv#Topanga State Park,,,,park,strategic landmark/place candidate,Metro association only; municipality unresolved,Y,N,N,N,N,N,N,"Proposed protected-area candidate with metro footprint; includes NPS national recreation areas/park units as well as state parks.; Analytical proposed rank, not authoritative nationwide top20. Official coordinate/footprint-to-CBSA join not executed; system-wide homepages do not validate every campus detail. "
STRAT-025,Biscayne National Park,"UNVERIFIED municipality — Miami-Fort Lauderdale-West Palm Beach, FL",United States,park,researched,UNVERIFIED — component heights unresolved,,,UNVERIFIED place-specific architecture/art/logo clearance; omit all marks,N,"No documented named-test inclusion; N means not evidenced, not surveyed outside",~/Desktop/worldengine-gpt-drop/strategic-research-v1/ws3-places.csv#Biscayne National Park,,,,park,strategic landmark/place candidate,Metro association only; municipality unresolved,Y,N,N,N,N,N,N,"Proposed protected-area candidate with metro footprint; includes NPS national recreation areas/park units as well as state parks.; Analytical proposed rank, not authoritative nationwide top20. Official coordinate/footprint-to-CBSA join not executed; system-wide homepages do not validate every campus detail. "
STRAT-026,Everglades National Park Miami-Dade footprint,"UNVERIFIED municipality — Miami-Fort Lauderdale-West Palm Beach, FL",United States,park,researched,UNVERIFIED — component heights unresolved,,,UNVERIFIED place-specific architecture/art/logo clearance; omit all marks,N,"No documented named-test inclusion; N means not evidenced, not surveyed outside",~/Desktop/worldengine-gpt-drop/strategic-research-v1/ws3-places.csv#Everglades National Park Miami-Dade footprint,,,,park,strategic landmark/place candidate,Metro association only; municipality unresolved,Y,N,N,N,N,N,N,"Proposed protected-area candidate with metro footprint; includes NPS national recreation areas/park units as well as state parks.; Only Miami-Dade intersection belongs to this MSA; rest of park outside shortlist scope. Analytical proposed rank, not authoritative nationwide top20. Official coordinate/footprint-to-CBSA join not executed; system-wide homepages do not validate every campus detail. "
STRAT-027,Fort Snelling State Park,"UNVERIFIED municipality — Minneapolis-St. Paul-Bloomington, MN-WI",United States,park,researched,UNVERIFIED — component heights unresolved,,,UNVERIFIED place-specific architecture/art/logo clearance; omit all marks,N,"No documented named-test inclusion; N means not evidenced, not surveyed outside",~/Desktop/worldengine-gpt-drop/strategic-research-v1/ws3-places.csv#Fort Snelling State Park,,,,park,strategic landmark/place candidate,Metro association only; municipality unresolved,Y,N,N,N,N,N,N,"Proposed protected-area candidate with metro footprint; includes NPS national recreation areas/park units as well as state parks.; Analytical proposed rank, not authoritative nationwide top20. Official coordinate/footprint-to-CBSA join not executed; system-wide homepages do not validate every campus detail. "
NAT-RAINIER,Mount Rainier,UNVERIFIED municipality — Mount Rainier terrain,United States,natural,researched,N/A building scalar; elevation/terrain endpoints and geometry unverified,,,UNVERIFIED place-specific architecture/art/logo clearance; omit all marks,N,"No documented named-test inclusion; N means not evidenced, not surveyed outside",~/Desktop/worldengine-gpt-drop/metro-onboarding-v1/README.md,,,,natural,named landmark,Multi-city/nonmunicipal terrain; exclude from unique municipality count,Y,N,N,N,N,N,N,Named occasional backdrop from Queen Anne/Kerry Park; visibility and coverage unverified
STRAT-011,Bear Mountain State Park,"UNVERIFIED municipality — New York-Newark-Jersey City, NY-NJ",United States,park,researched,UNVERIFIED — component heights unresolved,,,UNVERIFIED place-specific architecture/art/logo clearance; omit all marks,N,"No documented named-test inclusion; N means not evidenced, not surveyed outside",~/Desktop/worldengine-gpt-drop/strategic-research-v1/ws3-places.csv#Bear Mountain State Park,,,,park,strategic landmark/place candidate,Metro association only; municipality unresolved,Y,N,N,N,N,N,N,"Proposed protected-area candidate with metro footprint; includes NPS national recreation areas/park units as well as state parks.; Analytical proposed rank, not authoritative nationwide top20. Official coordinate/footprint-to-CBSA join not executed; system-wide homepages do not validate every campus detail. "
STRAT-045,Brooklyn Bridge,"UNVERIFIED municipality — New York-Newark-Jersey City, NY-NJ",United States,civic,researched,UNVERIFIED — component heights unresolved,,,UNVERIFIED place-specific architecture/art/logo clearance; omit all marks,N,"No documented named-test inclusion; N means not evidenced, not surveyed outside",~/Desktop/worldengine-gpt-drop/strategic-research-v1/ws3-places.csv#Brooklyn Bridge,,,,civic,strategic landmark/place candidate,Metro association only; municipality unresolved,Y,N,N,N,N,N,N,"Proposed recognizable crossing/landmark candidate; no traffic/span ranking asserted.; Analytical proposed rank, not authoritative nationwide top20. Official coordinate/footprint-to-CBSA join not executed; system-wide homepages do not validate every campus detail. Automated reference response 403; normal browser/manual verification needed. "
STRAT-030,Ellis Island,"UNVERIFIED municipality — New York-Newark-Jersey City, NY-NJ",United States,civic,researched,UNVERIFIED — component heights unresolved,,,UNVERIFIED place-specific architecture/art/logo clearance; omit all marks,N,"No documented named-test inclusion; N means not evidenced, not surveyed outside",~/Desktop/worldengine-gpt-drop/strategic-research-v1/ws3-places.csv#Ellis Island,,,,civic,strategic landmark/place candidate,Metro association only; municipality unresolved,Y,N,N,N,N,N,N,"Proposed recognizable built/historic-landmark candidate; no measured visitor/attention ranking.; Analytical proposed rank, not authoritative nationwide top20. Official coordinate/footprint-to-CBSA join not executed; system-wide homepages do not validate every campus detail. "
STRAT-009,Gateway National Recreation Area,"UNVERIFIED municipality — New York-Newark-Jersey City, NY-NJ",United States,park,researched,UNVERIFIED — component heights unresolved,,,UNVERIFIED place-specific architecture/art/logo clearance; omit all marks,N,"No documented named-test inclusion; N means not evidenced, not surveyed outside",~/Desktop/worldengine-gpt-drop/strategic-research-v1/ws3-places.csv#Gateway National Recreation Area,,,,park,strategic landmark/place candidate,Metro association only; municipality unresolved,Y,N,N,N,N,N,N,"Proposed protected-area candidate with metro footprint; includes NPS national recreation areas/park units as well as state parks.; Analytical proposed rank, not authoritative nationwide top20. Official coordinate/footprint-to-CBSA join not executed; system-wide homepages do not validate every campus detail. "
STRAT-048,George Washington Bridge,"UNVERIFIED municipality — New York-Newark-Jersey City, NY-NJ",United States,civic,researched,UNVERIFIED — component heights unresolved,,,UNVERIFIED place-specific architecture/art/logo clearance; omit all marks,N,"No documented named-test inclusion; N means not evidenced, not surveyed outside",~/Desktop/worldengine-gpt-drop/strategic-research-v1/ws3-places.csv#George Washington Bridge,,,,civic,strategic landmark/place candidate,Metro association only; municipality unresolved,Y,N,N,N,N,N,N,"Proposed recognizable crossing/landmark candidate; no traffic/span ranking asserted.; Analytical proposed rank, not authoritative nationwide top20. Official coordinate/footprint-to-CBSA join not executed; system-wide homepages do not validate every campus detail. "
STRAT-010,Harriman State Park,"UNVERIFIED municipality — New York-Newark-Jersey City, NY-NJ",United States,park,researched,UNVERIFIED — component heights unresolved,,,UNVERIFIED place-specific architecture/art/logo clearance; omit all marks,N,"No documented named-test inclusion; N means not evidenced, not surveyed outside",~/Desktop/worldengine-gpt-drop/strategic-research-v1/ws3-places.csv#Harriman State Park,,,,park,strategic landmark/place candidate,Metro association only; municipality unresolved,Y,N,N,N,N,N,N,"Proposed protected-area candidate with metro footprint; includes NPS national recreation areas/park units as well as state parks.; Analytical proposed rank, not authoritative nationwide top20. Official coordinate/footprint-to-CBSA join not executed; system-wide homepages do not validate every campus detail. "
STRAT-046,Manhattan Bridge,"UNVERIFIED municipality — New York-Newark-Jersey City, NY-NJ",United States,civic,researched,UNVERIFIED — component heights unresolved,,,UNVERIFIED place-specific architecture/art/logo clearance; omit all marks,N,"No documented named-test inclusion; N means not evidenced, not surveyed outside",~/Desktop/worldengine-gpt-drop/strategic-research-v1/ws3-places.csv#Manhattan Bridge,,,,civic,strategic landmark/place candidate,Metro association only; municipality unresolved,Y,N,N,N,N,N,N,"Proposed recognizable crossing/landmark candidate; no traffic/span ranking asserted.; Analytical proposed rank, not authoritative nationwide top20. Official coordinate/footprint-to-CBSA join not executed; system-wide homepages do not validate every campus detail. Automated reference response 403; normal browser/manual verification needed. "
STRAT-001,MetLife Stadium,"UNVERIFIED municipality — New York-Newark-Jersey City, NY-NJ",United States,stadium,researched,UNVERIFIED — component heights unresolved,,,UNVERIFIED place-specific architecture/art/logo clearance; omit all marks,N,"No documented named-test inclusion; N means not evidenced, not surveyed outside",~/Desktop/worldengine-gpt-drop/strategic-research-v1/ws3-places.csv#MetLife Stadium,,,,stadium,strategic landmark/place candidate,Metro association only; municipality unresolved,Y,N,N,N,N,N,N,"Proposed major sports/event-footprint candidate; no attendance/capacity ranking asserted.; Analytical proposed rank, not authoritative nationwide top20. Official coordinate/footprint-to-CBSA join not executed; system-wide homepages do not validate every campus detail. Automated reference response unresolved; normal browser/manual verification needed. "
STRAT-006,New York University,"UNVERIFIED municipality — New York-Newark-Jersey City, NY-NJ",United States,civic,researched,UNVERIFIED — component heights unresolved,,,UNVERIFIED place-specific architecture/art/logo clearance; omit all marks,N,"No documented named-test inclusion; N means not evidenced, not surveyed outside",~/Desktop/worldengine-gpt-drop/strategic-research-v1/ws3-places.csv#New York University,,,,civic,strategic landmark/place candidate,Metro association only; municipality unresolved,Y,N,N,N,N,N,N,"Proposed campus/institutional-recognition candidate; no enrollment/prestige ranking asserted.; Analytical proposed rank, not authoritative nationwide top20. Official coordinate/footprint-to-CBSA join not executed; system-wide homepages do not validate every campus detail. Automated reference response 403; normal browser/manual verification needed. "
STRAT-029,Statue of Liberty,"UNVERIFIED municipality — New York-Newark-Jersey City, NY-NJ",United States,civic,researched,UNVERIFIED — component heights unresolved,,,UNVERIFIED place-specific architecture/art/logo clearance; omit all marks,N,"No documented named-test inclusion; N means not evidenced, not surveyed outside",~/Desktop/worldengine-gpt-drop/strategic-research-v1/ws3-places.csv#Statue of Liberty,,,,civic,strategic landmark/place candidate,Metro association only; municipality unresolved,Y,N,N,N,N,N,N,"Proposed recognizable built/historic-landmark candidate; no measured visitor/attention ranking.; Analytical proposed rank, not authoritative nationwide top20. Official coordinate/footprint-to-CBSA join not executed; system-wide homepages do not validate every campus detail. "
STRAT-050,Tappan Zee Mario M. Cuomo Bridge,"UNVERIFIED municipality — New York-Newark-Jersey City, NY-NJ",United States,civic,researched,UNVERIFIED — component heights unresolved,,,UNVERIFIED place-specific architecture/art/logo clearance; omit all marks,N,"No documented named-test inclusion; N means not evidenced, not surveyed outside",~/Desktop/worldengine-gpt-drop/strategic-research-v1/ws3-places.csv#Tappan Zee Mario M. Cuomo Bridge,,,,civic,strategic landmark/place candidate,Metro association only; municipality unresolved,Y,N,N,N,N,N,N,"Proposed recognizable crossing/landmark candidate; no traffic/span ranking asserted.; Analytical proposed rank, not authoritative nationwide top20. Official coordinate/footprint-to-CBSA join not executed; system-wide homepages do not validate every campus detail. "
STRAT-049,Verrazzano-Narrows Bridge,"UNVERIFIED municipality — New York-Newark-Jersey City, NY-NJ",United States,civic,researched,UNVERIFIED — component heights unresolved,,,UNVERIFIED place-specific architecture/art/logo clearance; omit all marks,N,"No documented named-test inclusion; N means not evidenced, not surveyed outside",~/Desktop/worldengine-gpt-drop/strategic-research-v1/ws3-places.csv#Verrazzano-Narrows Bridge,,,,civic,strategic landmark/place candidate,Metro association only; municipality unresolved,Y,N,N,N,N,N,N,"Proposed recognizable crossing/landmark candidate; no traffic/span ranking asserted.; Analytical proposed rank, not authoritative nationwide top20. Official coordinate/footprint-to-CBSA join not executed; system-wide homepages do not validate every campus detail. "
STRAT-047,Williamsburg Bridge,"UNVERIFIED municipality — New York-Newark-Jersey City, NY-NJ",United States,civic,researched,UNVERIFIED — component heights unresolved,,,UNVERIFIED place-specific architecture/art/logo clearance; omit all marks,N,"No documented named-test inclusion; N means not evidenced, not surveyed outside",~/Desktop/worldengine-gpt-drop/strategic-research-v1/ws3-places.csv#Williamsburg Bridge,,,,civic,strategic landmark/place candidate,Metro association only; municipality unresolved,Y,N,N,N,N,N,N,"Proposed recognizable crossing/landmark candidate; no traffic/span ranking asserted.; Analytical proposed rank, not authoritative nationwide top20. Official coordinate/footprint-to-CBSA join not executed; system-wide homepages do not validate every campus detail. Automated reference response 403; normal browser/manual verification needed. "
STRAT-051,Benjamin Franklin Bridge,"UNVERIFIED municipality — Philadelphia-Camden-Wilmington, PA-NJ-DE-MD",United States,civic,researched,UNVERIFIED — component heights unresolved,,,UNVERIFIED place-specific architecture/art/logo clearance; omit all marks,N,"No documented named-test inclusion; N means not evidenced, not surveyed outside",~/Desktop/worldengine-gpt-drop/strategic-research-v1/ws3-places.csv#Benjamin Franklin Bridge,,,,civic,strategic landmark/place candidate,Metro association only; municipality unresolved,Y,N,N,N,N,N,N,"Proposed recognizable crossing/landmark candidate; no traffic/span ranking asserted.; Analytical proposed rank, not authoritative nationwide top20. Official coordinate/footprint-to-CBSA join not executed; system-wide homepages do not validate every campus detail. Automated reference response 404; normal browser/manual verification needed. "
STRAT-053,Commodore Barry Bridge,"UNVERIFIED municipality — Philadelphia-Camden-Wilmington, PA-NJ-DE-MD",United States,civic,researched,UNVERIFIED — component heights unresolved,,,UNVERIFIED place-specific architecture/art/logo clearance; omit all marks,N,"No documented named-test inclusion; N means not evidenced, not surveyed outside",~/Desktop/worldengine-gpt-drop/strategic-research-v1/ws3-places.csv#Commodore Barry Bridge,,,,civic,strategic landmark/place candidate,Metro association only; municipality unresolved,Y,N,N,N,N,N,N,"Proposed recognizable crossing/landmark candidate; no traffic/span ranking asserted.; Analytical proposed rank, not authoritative nationwide top20. Official coordinate/footprint-to-CBSA join not executed; system-wide homepages do not validate every campus detail. "
STRAT-036,Independence Hall,"UNVERIFIED municipality — Philadelphia-Camden-Wilmington, PA-NJ-DE-MD",United States,civic,researched,UNVERIFIED — component heights unresolved,,,UNVERIFIED place-specific architecture/art/logo clearance; omit all marks,N,"No documented named-test inclusion; N means not evidenced, not surveyed outside",~/Desktop/worldengine-gpt-drop/strategic-research-v1/ws3-places.csv#Independence Hall,,,,civic,strategic landmark/place candidate,Metro association only; municipality unresolved,Y,N,N,N,N,N,N,"Proposed recognizable built/historic-landmark candidate; no measured visitor/attention ranking.; Analytical proposed rank, not authoritative nationwide top20. Official coordinate/footprint-to-CBSA join not executed; system-wide homepages do not validate every campus detail. "
STRAT-037,Liberty Bell,"UNVERIFIED municipality — Philadelphia-Camden-Wilmington, PA-NJ-DE-MD",United States,civic,researched,UNVERIFIED — component heights unresolved,,,UNVERIFIED place-specific architecture/art/logo clearance; omit all marks,N,"No documented named-test inclusion; N means not evidenced, not surveyed outside",~/Desktop/worldengine-gpt-drop/strategic-research-v1/ws3-places.csv#Liberty Bell,,,,civic,strategic landmark/place candidate,Metro association only; municipality unresolved,Y,N,N,N,N,N,N,"Proposed recognizable built/historic-landmark candidate; no measured visitor/attention ranking.; Analytical proposed rank, not authoritative nationwide top20. Official coordinate/footprint-to-CBSA join not executed; system-wide homepages do not validate every campus detail. "
STRAT-003,Lincoln Financial Field,"UNVERIFIED municipality — Philadelphia-Camden-Wilmington, PA-NJ-DE-MD",United States,stadium,researched,UNVERIFIED — component heights unresolved,,,UNVERIFIED place-specific architecture/art/logo clearance; omit all marks,N,"No documented named-test inclusion; N means not evidenced, not surveyed outside",~/Desktop/worldengine-gpt-drop/strategic-research-v1/ws3-places.csv#Lincoln Financial Field,,,,stadium,strategic landmark/place candidate,Metro association only; municipality unresolved,Y,N,N,N,N,N,N,"Proposed major sports/event-footprint candidate; no attendance/capacity ranking asserted.; Analytical proposed rank, not authoritative nationwide top20. Official coordinate/footprint-to-CBSA join not executed; system-wide homepages do not validate every campus detail. "
STRAT-052,Walt Whitman Bridge,"UNVERIFIED municipality — Philadelphia-Camden-Wilmington, PA-NJ-DE-MD",United States,civic,researched,UNVERIFIED — component heights unresolved,,,UNVERIFIED place-specific architecture/art/logo clearance; omit all marks,N,"No documented named-test inclusion; N means not evidenced, not surveyed outside",~/Desktop/worldengine-gpt-drop/strategic-research-v1/ws3-places.csv#Walt Whitman Bridge,,,,civic,strategic landmark/place candidate,Metro association only; municipality unresolved,Y,N,N,N,N,N,N,"Proposed recognizable crossing/landmark candidate; no traffic/span ranking asserted.; Analytical proposed rank, not authoritative nationwide top20. Official coordinate/footprint-to-CBSA join not executed; system-wide homepages do not validate every campus detail. "
STRAT-043,Cabrillo National Monument,"UNVERIFIED municipality — San Diego-Chula Vista-Carlsbad, CA",United States,civic,researched,UNVERIFIED — component heights unresolved,,,UNVERIFIED place-specific architecture/art/logo clearance; omit all marks,N,"No documented named-test inclusion; N means not evidenced, not surveyed outside",~/Desktop/worldengine-gpt-drop/strategic-research-v1/ws3-places.csv#Cabrillo National Monument,,,,civic,strategic landmark/place candidate,Metro association only; municipality unresolved,Y,N,N,N,N,N,N,"Proposed recognizable built/historic-landmark candidate; no measured visitor/attention ranking.; Analytical proposed rank, not authoritative nationwide top20. Official coordinate/footprint-to-CBSA join not executed; system-wide homepages do not validate every campus detail. "
STRAT-058,San Diego-Coronado Bridge,"UNVERIFIED municipality — San Diego-Chula Vista-Carlsbad, CA",United States,civic,researched,UNVERIFIED — component heights unresolved,,,UNVERIFIED place-specific architecture/art/logo clearance; omit all marks,N,"No documented named-test inclusion; N means not evidenced, not surveyed outside",~/Desktop/worldengine-gpt-drop/strategic-research-v1/ws3-places.csv#San Diego-Coronado Bridge,,,,civic,strategic landmark/place candidate,Metro association only; municipality unresolved,Y,N,N,N,N,N,N,"Proposed recognizable crossing/landmark candidate; no traffic/span ranking asserted.; Analytical proposed rank, not authoritative nationwide top20. Official coordinate/footprint-to-CBSA join not executed; system-wide homepages do not validate every campus detail. "
STRAT-038,Alcatraz Island,"UNVERIFIED municipality — San Francisco-Oakland-Fremont, CA",United States,civic,researched,UNVERIFIED — component heights unresolved,,,UNVERIFIED place-specific architecture/art/logo clearance; omit all marks,N,"No documented named-test inclusion; N means not evidenced, not surveyed outside",~/Desktop/worldengine-gpt-drop/strategic-research-v1/ws3-places.csv#Alcatraz Island,,,,civic,strategic landmark/place candidate,Metro association only; municipality unresolved,Y,N,N,N,N,N,N,"Proposed recognizable built/historic-landmark candidate; no measured visitor/attention ranking.; Analytical proposed rank, not authoritative nationwide top20. Official coordinate/footprint-to-CBSA join not executed; system-wide homepages do not validate every campus detail. "
STRAT-022,Angel Island State Park,"UNVERIFIED municipality — San Francisco-Oakland-Fremont, CA",United States,park,researched,UNVERIFIED — component heights unresolved,,,UNVERIFIED place-specific architecture/art/logo clearance; omit all marks,N,"No documented named-test inclusion; N means not evidenced, not surveyed outside",~/Desktop/worldengine-gpt-drop/strategic-research-v1/ws3-places.csv#Angel Island State Park,,,,park,strategic landmark/place candidate,Metro association only; municipality unresolved,Y,N,N,N,N,N,N,"Proposed protected-area candidate with metro footprint; includes NPS national recreation areas/park units as well as state parks.; Analytical proposed rank, not authoritative nationwide top20. Official coordinate/footprint-to-CBSA join not executed; system-wide homepages do not validate every campus detail. "
STRAT-039,Fort Point,"UNVERIFIED municipality — San Francisco-Oakland-Fremont, CA",United States,civic,researched,UNVERIFIED — component heights unresolved,,,UNVERIFIED place-specific architecture/art/logo clearance; omit all marks,N,"No documented named-test inclusion; N means not evidenced, not surveyed outside",~/Desktop/worldengine-gpt-drop/strategic-research-v1/ws3-places.csv#Fort Point,,,,civic,strategic landmark/place candidate,Metro association only; municipality unresolved,Y,N,N,N,N,N,N,"Proposed recognizable built/historic-landmark candidate; no measured visitor/attention ranking.; Analytical proposed rank, not authoritative nationwide top20. Official coordinate/footprint-to-CBSA join not executed; system-wide homepages do not validate every campus detail. "
STRAT-020,Golden Gate National Recreation Area,"UNVERIFIED municipality — San Francisco-Oakland-Fremont, CA",United States,park,researched,UNVERIFIED — component heights unresolved,,,UNVERIFIED place-specific architecture/art/logo clearance; omit all marks,N,"No documented named-test inclusion; N means not evidenced, not surveyed outside",~/Desktop/worldengine-gpt-drop/strategic-research-v1/ws3-places.csv#Golden Gate National Recreation Area,,,,park,strategic landmark/place candidate,Metro association only; municipality unresolved,Y,N,N,N,N,N,N,"Proposed protected-area candidate with metro footprint; includes NPS national recreation areas/park units as well as state parks.; Analytical proposed rank, not authoritative nationwide top20. Official coordinate/footprint-to-CBSA join not executed; system-wide homepages do not validate every campus detail. "
STRAT-021,Mount Diablo State Park,"UNVERIFIED municipality — San Francisco-Oakland-Fremont, CA",United States,park,researched,UNVERIFIED — component heights unresolved,,,UNVERIFIED place-specific architecture/art/logo clearance; omit all marks,N,"No documented named-test inclusion; N means not evidenced, not surveyed outside",~/Desktop/worldengine-gpt-drop/strategic-research-v1/ws3-places.csv#Mount Diablo State Park,,,,park,strategic landmark/place candidate,Metro association only; municipality unresolved,Y,N,N,N,N,N,N,"Proposed protected-area candidate with metro footprint; includes NPS national recreation areas/park units as well as state parks.; Analytical proposed rank, not authoritative nationwide top20. Official coordinate/footprint-to-CBSA join not executed; system-wide homepages do not validate every campus detail. "
STRAT-044,San Francisco-Oakland Bay Bridge,"UNVERIFIED municipality — San Francisco-Oakland-Fremont, CA",United States,civic,researched,UNVERIFIED — component heights unresolved,,,UNVERIFIED place-specific architecture/art/logo clearance; omit all marks,N,"No documented named-test inclusion; N means not evidenced, not surveyed outside",~/Desktop/worldengine-gpt-drop/strategic-research-v1/ws3-places.csv#San Francisco-Oakland Bay Bridge,,,,civic,strategic landmark/place candidate,Metro association only; municipality unresolved,Y,N,N,N,N,N,N,"Proposed recognizable crossing/landmark candidate; no traffic/span ranking asserted.; Analytical proposed rank, not authoritative nationwide top20. Official coordinate/footprint-to-CBSA join not executed; system-wide homepages do not validate every campus detail. "
STRAT-024,Lake Sammamish State Park,"UNVERIFIED municipality — Seattle-Tacoma-Bellevue, WA",United States,park,researched,UNVERIFIED — component heights unresolved,,,UNVERIFIED place-specific architecture/art/logo clearance; omit all marks,N,"No documented named-test inclusion; N means not evidenced, not surveyed outside",~/Desktop/worldengine-gpt-drop/strategic-research-v1/ws3-places.csv#Lake Sammamish State Park,,,,park,strategic landmark/place candidate,Metro association only; municipality unresolved,Y,N,N,N,N,N,N,"Proposed protected-area candidate with metro footprint; includes NPS national recreation areas/park units as well as state parks.; Analytical proposed rank, not authoritative nationwide top20. Official coordinate/footprint-to-CBSA join not executed; system-wide homepages do not validate every campus detail. "
STRAT-004,Lumen Field,"UNVERIFIED municipality — Seattle-Tacoma-Bellevue, WA",United States,stadium,researched,UNVERIFIED — component heights unresolved,,,UNVERIFIED place-specific architecture/art/logo clearance; omit all marks,N,"No documented named-test inclusion; N means not evidenced, not surveyed outside",~/Desktop/worldengine-gpt-drop/strategic-research-v1/ws3-places.csv#Lumen Field,,,,stadium,strategic landmark/place candidate,Metro association only; municipality unresolved,Y,N,N,N,N,N,N,"Proposed major sports/event-footprint candidate; no attendance/capacity ranking asserted.; Analytical proposed rank, not authoritative nationwide top20. Official coordinate/footprint-to-CBSA join not executed; system-wide homepages do not validate every campus detail. "
STRAT-060,SR 520 floating bridge,"UNVERIFIED municipality — Seattle-Tacoma-Bellevue, WA",United States,civic,researched,UNVERIFIED — component heights unresolved,,,UNVERIFIED place-specific architecture/art/logo clearance; omit all marks,N,"No documented named-test inclusion; N means not evidenced, not surveyed outside",~/Desktop/worldengine-gpt-drop/strategic-research-v1/ws3-places.csv#SR 520 floating bridge,,,,civic,strategic landmark/place candidate,Metro association only; municipality unresolved,Y,N,N,N,N,N,N,"Proposed recognizable crossing/landmark candidate; no traffic/span ranking asserted.; Analytical proposed rank, not authoritative nationwide top20. Official coordinate/footprint-to-CBSA join not executed; system-wide homepages do not validate every campus detail. "
STRAT-023,Saint Edward State Park,"UNVERIFIED municipality — Seattle-Tacoma-Bellevue, WA",United States,park,researched,UNVERIFIED — component heights unresolved,,,UNVERIFIED place-specific architecture/art/logo clearance; omit all marks,N,"No documented named-test inclusion; N means not evidenced, not surveyed outside",~/Desktop/worldengine-gpt-drop/strategic-research-v1/ws3-places.csv#Saint Edward State Park,,,,park,strategic landmark/place candidate,Metro association only; municipality unresolved,Y,N,N,N,N,N,N,"Proposed protected-area candidate with metro footprint; includes NPS national recreation areas/park units as well as state parks.; Analytical proposed rank, not authoritative nationwide top20. Official coordinate/footprint-to-CBSA join not executed; system-wide homepages do not validate every campus detail. "
STRAT-059,Tacoma Narrows Bridge,"UNVERIFIED municipality — Seattle-Tacoma-Bellevue, WA",United States,civic,researched,UNVERIFIED — component heights unresolved,,,UNVERIFIED place-specific architecture/art/logo clearance; omit all marks,N,"No documented named-test inclusion; N means not evidenced, not surveyed outside",~/Desktop/worldengine-gpt-drop/strategic-research-v1/ws3-places.csv#Tacoma Narrows Bridge,,,,civic,strategic landmark/place candidate,Metro association only; municipality unresolved,Y,N,N,N,N,N,N,"Proposed recognizable crossing/landmark candidate; no traffic/span ranking asserted.; Analytical proposed rank, not authoritative nationwide top20. Official coordinate/footprint-to-CBSA join not executed; system-wide homepages do not validate every campus detail. "
STRAT-028,Honeymoon Island State Park,"UNVERIFIED municipality — Tampa-St. Petersburg-Clearwater, FL",United States,park,researched,UNVERIFIED — component heights unresolved,,,UNVERIFIED place-specific architecture/art/logo clearance; omit all marks,N,"No documented named-test inclusion; N means not evidenced, not surveyed outside",~/Desktop/worldengine-gpt-drop/strategic-research-v1/ws3-places.csv#Honeymoon Island State Park,,,,park,strategic landmark/place candidate,Metro association only; municipality unresolved,Y,N,N,N,N,N,N,"Proposed protected-area candidate with metro footprint; includes NPS national recreation areas/park units as well as state parks.; Analytical proposed rank, not authoritative nationwide top20. Official coordinate/footprint-to-CBSA join not executed; system-wide homepages do not validate every campus detail. Automated reference response 403; normal browser/manual verification needed. "
STRAT-057,Sunshine Skyway Bridge,"UNVERIFIED municipality — Tampa-St. Petersburg-Clearwater, FL",United States,civic,researched,UNVERIFIED — component heights unresolved,,,UNVERIFIED place-specific architecture/art/logo clearance; omit all marks,N,"No documented named-test inclusion; N means not evidenced, not surveyed outside",~/Desktop/worldengine-gpt-drop/strategic-research-v1/ws3-places.csv#Sunshine Skyway Bridge,,,,civic,strategic landmark/place candidate,Metro association only; municipality unresolved,Y,N,N,N,N,N,N,"Proposed recognizable crossing/landmark candidate; no traffic/span ranking asserted.; Analytical proposed rank, not authoritative nationwide top20. Official coordinate/footprint-to-CBSA join not executed; system-wide homepages do not validate every campus detail. "
STRAT-054,Arlington Memorial Bridge,"UNVERIFIED municipality — Washington-Arlington-Alexandria, DC-VA-MD-WV",United States,civic,researched,UNVERIFIED — component heights unresolved,,,UNVERIFIED place-specific architecture/art/logo clearance; omit all marks,N,"No documented named-test inclusion; N means not evidenced, not surveyed outside",~/Desktop/worldengine-gpt-drop/strategic-research-v1/ws3-places.csv#Arlington Memorial Bridge,,,,civic,strategic landmark/place candidate,Metro association only; municipality unresolved,Y,N,N,N,N,N,N,"Proposed recognizable crossing/landmark candidate; no traffic/span ranking asserted.; Analytical proposed rank, not authoritative nationwide top20. Official coordinate/footprint-to-CBSA join not executed; system-wide homepages do not validate every campus detail. "
STRAT-055,Francis Scott Key Bridge Washington,"UNVERIFIED municipality — Washington-Arlington-Alexandria, DC-VA-MD-WV",United States,civic,researched,UNVERIFIED — component heights unresolved,,,UNVERIFIED place-specific architecture/art/logo clearance; omit all marks,N,"No documented named-test inclusion; N means not evidenced, not surveyed outside",~/Desktop/worldengine-gpt-drop/strategic-research-v1/ws3-places.csv#Francis Scott Key Bridge Washington,,,,civic,strategic landmark/place candidate,Metro association only; municipality unresolved,Y,N,N,N,N,N,N,"Proposed recognizable crossing/landmark candidate; no traffic/span ranking asserted.; Washington Potomac bridge, distinct from collapsed Baltimore bridge. Analytical proposed rank, not authoritative nationwide top20. Official coordinate/footprint-to-CBSA join not executed; system-wide homepages do not validate every campus detail. "
STRAT-018,Great Falls Park,"UNVERIFIED municipality — Washington-Arlington-Alexandria, DC-VA-MD-WV",United States,park,researched,UNVERIFIED — component heights unresolved,,,UNVERIFIED place-specific architecture/art/logo clearance; omit all marks,N,"No documented named-test inclusion; N means not evidenced, not surveyed outside",~/Desktop/worldengine-gpt-drop/strategic-research-v1/ws3-places.csv#Great Falls Park,,,,park,strategic landmark/place candidate,Metro association only; municipality unresolved,Y,N,N,N,N,N,N,"Proposed protected-area candidate with metro footprint; includes NPS national recreation areas/park units as well as state parks.; Analytical proposed rank, not authoritative nationwide top20. Official coordinate/footprint-to-CBSA join not executed; system-wide homepages do not validate every campus detail. "
STRAT-034,Lincoln Memorial,"UNVERIFIED municipality — Washington-Arlington-Alexandria, DC-VA-MD-WV",United States,civic,researched,UNVERIFIED — component heights unresolved,,,UNVERIFIED place-specific architecture/art/logo clearance; omit all marks,N,"No documented named-test inclusion; N means not evidenced, not surveyed outside",~/Desktop/worldengine-gpt-drop/strategic-research-v1/ws3-places.csv#Lincoln Memorial,,,,civic,strategic landmark/place candidate,Metro association only; municipality unresolved,Y,N,N,N,N,N,N,"Proposed recognizable built/historic-landmark candidate; no measured visitor/attention ranking.; Analytical proposed rank, not authoritative nationwide top20. Official coordinate/footprint-to-CBSA join not executed; system-wide homepages do not validate every campus detail. "
STRAT-019,Prince William Forest Park,"UNVERIFIED municipality — Washington-Arlington-Alexandria, DC-VA-MD-WV",United States,park,researched,UNVERIFIED — component heights unresolved,,,UNVERIFIED place-specific architecture/art/logo clearance; omit all marks,N,"No documented named-test inclusion; N means not evidenced, not surveyed outside",~/Desktop/worldengine-gpt-drop/strategic-research-v1/ws3-places.csv#Prince William Forest Park,,,,park,strategic landmark/place candidate,Metro association only; municipality unresolved,Y,N,N,N,N,N,N,"Proposed protected-area candidate with metro footprint; includes NPS national recreation areas/park units as well as state parks.; Analytical proposed rank, not authoritative nationwide top20. Official coordinate/footprint-to-CBSA join not executed; system-wide homepages do not validate every campus detail. "
STRAT-035,Thomas Jefferson Memorial,"UNVERIFIED municipality — Washington-Arlington-Alexandria, DC-VA-MD-WV",United States,civic,researched,UNVERIFIED — component heights unresolved,,,UNVERIFIED place-specific architecture/art/logo clearance; omit all marks,N,"No documented named-test inclusion; N means not evidenced, not surveyed outside",~/Desktop/worldengine-gpt-drop/strategic-research-v1/ws3-places.csv#Thomas Jefferson Memorial,,,,civic,strategic landmark/place candidate,Metro association only; municipality unresolved,Y,N,N,N,N,N,N,"Proposed recognizable built/historic-landmark candidate; no measured visitor/attention ranking.; Analytical proposed rank, not authoritative nationwide top20. Official coordinate/footprint-to-CBSA join not executed; system-wide homepages do not validate every campus detail. "
STRAT-033,Washington Monument,"UNVERIFIED municipality — Washington-Arlington-Alexandria, DC-VA-MD-WV",United States,civic,researched,UNVERIFIED — component heights unresolved,,,UNVERIFIED place-specific architecture/art/logo clearance; omit all marks,N,"No documented named-test inclusion; N means not evidenced, not surveyed outside",~/Desktop/worldengine-gpt-drop/strategic-research-v1/ws3-places.csv#Washington Monument,,,,civic,strategic landmark/place candidate,Metro association only; municipality unresolved,Y,N,N,N,N,N,N,"Proposed recognizable built/historic-landmark candidate; no measured visitor/attention ranking.; Analytical proposed rank, not authoritative nationwide top20. Official coordinate/footprint-to-CBSA join not executed; system-wide homepages do not validate every campus detail. "
NAT-BISCAYNE,Biscayne Bay,UNVERIFIED municipality — multi-city Biscayne Bay,United States,natural,researched,N/A building scalar; elevation/terrain endpoints and geometry unverified,,,UNVERIFIED place-specific architecture/art/logo clearance; omit all marks,N,"No documented named-test inclusion; N means not evidenced, not surveyed outside",~/Desktop/worldengine-gpt-drop/landmarks-style-b-v1/README.md,,,,natural,named landmark,Multi-city/nonmunicipal terrain; exclude from unique municipality count,Y,N,N,N,N,N,N,Named bay context in Brickell night/day sheets; district sheet is not a standalone bay model
NAT-FRONT-RANGE,Front Range,UNVERIFIED municipality — multi-city Front Range,United States,natural,researched,N/A building scalar; elevation/terrain endpoints and geometry unverified,,,UNVERIFIED place-specific architecture/art/logo clearance; omit all marks,N,"No documented named-test inclusion; N means not evidenced, not surveyed outside",~/Desktop/worldengine-gpt-drop/street-to-space-v1/README.md,,,,natural,named landmark,Multi-city/nonmunicipal terrain; exclude from unique municipality count,Y,N,N,N,N,N,N,Named regional terrain context; distinguish entire range from Morrison Front Range edge district
NAT-LAKE-MICHIGAN,Lake Michigan,UNVERIFIED municipality — multi-city Lake Michigan,United States,natural,researched,N/A building scalar; elevation/terrain endpoints and geometry unverified,,,UNVERIFIED place-specific architecture/art/logo clearance; omit all marks,N,"No documented named-test inclusion; N means not evidenced, not surveyed outside",~/Desktop/worldengine-gpt-drop/districts-chi-den-v1/README.md,,,,natural,named landmark,Multi-city/nonmunicipal terrain; exclude from unique municipality count,Y,N,N,N,N,N,N,Natural lake context in Chicago lakefront and lake/winter studies; not one municipality
LM038,Florida International University,"University Park, Florida",United States,civic,researched,UNVERIFIED source availability and physical measurement,,,"UNVERIFIED: mixed-age architectural designs; High: university names, seals, mascots and sponsor graphics; UNVERIFIED individual architecture/design/trademark outcome; no release clearance",N,"No documented named-test inclusion; N means not evidenced, not surveyed outside",~/Desktop/worldengine-gpt-drop/landmarks-research-v1/landmarks.csv#LM038; ~/Desktop/worldengine-gpt-drop/landmarks-research-v1/build-effort.csv#LM038,,,,university,named landmark,source city field,Y,N,N,N,N,N,N,Modesto A. Maidique campus exterior; not Biscayne Bay campus; metro: Miami
LM056,Southern Methodist University,"University Park, Texas",United States,civic,researched,UNVERIFIED source availability and physical measurement,,,"UNVERIFIED: mixed-age architectural designs; High: university names, seals, mascots and sponsor graphics; UNVERIFIED individual architecture/design/trademark outcome; no release clearance",N,"No documented named-test inclusion; N means not evidenced, not surveyed outside",~/Desktop/worldengine-gpt-drop/landmarks-research-v1/landmarks.csv#LM056; ~/Desktop/worldengine-gpt-drop/landmarks-research-v1/build-effort.csv#LM056,,,,university,named landmark,source city field,Y,N,N,N,N,N,N,Main campus exterior; metro: Dallas–Fort Worth
WAVE2-washington-dc-district-02,Capitol Hill row streets,Washington,United States,district,designed (Style B sheet),N/A scalar district; mapped component heights unresolved,,,UNVERIFIED place-specific architecture/art/logo clearance; omit all marks,N,"No documented named-test inclusion; N means not evidenced, not surveyed outside",~/Desktop/worldengine-gpt-drop/us-metros-wave2-v1/metro-values.json#washington-dc-district-02,~/Desktop/worldengine-gpt-drop/us-metros-wave2-v1/washington-dc-district-02.html,,,district,named landmark,source city field,Y,Y,N,N,N,N,N,Named Style B district study; no owner approval or true-metro engine capture evidenced
WAVE2-washington-dc-district-01,Downtown / Penn Quarter,Washington,United States,district,designed (Style B sheet),N/A scalar district; mapped component heights unresolved,,,UNVERIFIED place-specific architecture/art/logo clearance; omit all marks,N,"No documented named-test inclusion; N means not evidenced, not surveyed outside",~/Desktop/worldengine-gpt-drop/us-metros-wave2-v1/metro-values.json#washington-dc-district-01,~/Desktop/worldengine-gpt-drop/us-metros-wave2-v1/washington-dc-district-01.html,,,district,named landmark,source city field,Y,Y,N,N,N,N,N,Named Style B district study; no owner approval or true-metro engine capture evidenced
LM063,Georgetown University,Washington,United States,civic,researched,UNVERIFIED source availability and physical measurement,,,"UNVERIFIED: mixed-age architectural designs; High: university names, seals, mascots and sponsor graphics; UNVERIFIED individual architecture/design/trademark outcome; no release clearance",N,"No documented named-test inclusion; N means not evidenced, not surveyed outside",~/Desktop/worldengine-gpt-drop/landmarks-research-v1/landmarks.csv#LM063; ~/Desktop/worldengine-gpt-drop/landmarks-research-v1/build-effort.csv#LM063; ~/Desktop/worldengine-gpt-drop/strategic-research-v1/ws3-places.csv#Georgetown University,,,,university,named landmark,source city field,Y,N,N,N,N,N,N,Main campus exterior; exclude sculptures; metro: Washington
LM061,United States Capitol,Washington,United States,civic,researched,UNVERIFIED source availability and physical measurement,,,UNVERIFIED: mixed-age architectural designs; Medium: place/operator names and possible shape marks; UNVERIFIED individual architecture/design/trademark outcome; no release clearance,N,"No documented named-test inclusion; N means not evidenced, not surveyed outside",~/Desktop/worldengine-gpt-drop/landmarks-research-v1/landmarks.csv#LM061; ~/Desktop/worldengine-gpt-drop/landmarks-research-v1/build-effort.csv#LM061; ~/Desktop/worldengine-gpt-drop/strategic-research-v1/ws3-places.csv#United States Capitol,,,,civic building,named landmark,source city field,Y,N,N,N,N,N,N,Building exterior; omit statuary; metro: Washington
LM062,White House,Washington,United States,civic,researched,UNVERIFIED source availability and physical measurement,,,UNVERIFIED: legacy design candidate; Medium: place/operator names and possible shape marks; UNVERIFIED individual architecture/design/trademark outcome; no release clearance,N,"No documented named-test inclusion; N means not evidenced, not surveyed outside",~/Desktop/worldengine-gpt-drop/landmarks-research-v1/landmarks.csv#LM062; ~/Desktop/worldengine-gpt-drop/landmarks-research-v1/build-effort.csv#LM062,,,,civic building,named landmark,source city field,Y,N,N,N,N,N,N,Exterior only; no interiors or inferred security layouts; metro: Washington
LM011,"Baháʼí House of Worship (Wilmette, Illinois)",Wilmette,United States,religious,designed (Style B sheet),missing measured or reliably published component height; requires ground-relative roof measurement,,,UNVERIFIED: legacy design candidate; Medium: place/operator names and possible shape marks; UNVERIFIED individual architecture/design/trademark outcome; no release clearance,Y,"Wilmette review reference, not main South Evanston live test",~/Desktop/worldengine-gpt-drop/landmarks-research-v1/landmarks.csv#LM011; ~/Desktop/worldengine-gpt-drop/landmarks-research-v1/build-effort.csv#LM011; ~/Desktop/worldengine-gpt-drop/landmarks-v1/landmarks-colours.json#chicago-bahai-temple; ~/Desktop/worldengine-gpt-drop/landmarks-style-b-v1/landmarks-values.json#LM011,~/Desktop/worldengine-gpt-drop/landmarks-style-b-v1/chicago-LM011.html,,,religious building,named landmark,source city field,Y,Y,N,N,N,N,N,Temple exterior and grounds; omit religious marks; metro: Chicago; legacy sheet supports design stage; new sheet takes precedence; published/tagged height is not complete physical component/endpoint verification
