"metro","metro_population_rank_2025","main_portal","platform","portal_licence","portal_terms_url","dataset_priority","dataset","dataset_url","coverage","update_frequency","dataset_licence","commercial_use","redistribution_and_caching","required_attribution","cost","access","size","use_for_worldengine","cautions","source_urls","checked_utc_date","top20_definition_source"
"New York","1","https://data.cityofnewyork.us","Socrata","Dataset-specific; see declaration/terms. No universal redistribution grant inferred.","https://data.cityofnewyork.us","1","Forestry Tree Points","https://data.cityofnewyork.us/d/hn5i-inap","Central jurisdiction only; not the whole metro; item-specific extent verify","Every 2 weeks","unclear","unclear","unclear","unclear","unclear; public access observed without a published tariff","Public catalogue/API or linked service/download; exact export method/key/limits item-specific, unclear unless metadata specifies","unclear; Arc GIS reference-item bytes are not dataset download size","Design proposal: Forestry Tree Points supplies physical geometry/attributes; use non-personal fields only","Exclude personal names, owner/applicant/contact data; art inventory licence does not clear artwork reproduction; modified date is not refresh frequency.","https://data.cityofnewyork.us;https://data.cityofnewyork.us/d/hn5i-inap;https://data.cityofnewyork.us/d/hn5i-inap","2026-10-07","https://www2.census.gov/programs-surveys/popest/datasets/2020-2025/metro/totals/cbsa-est2025-alldata.csv"
"New York","1","https://data.cityofnewyork.us","Socrata","Dataset-specific; see declaration/terms. No universal redistribution grant inferred.","https://data.cityofnewyork.us","2","Building Footprints (Map)","https://data.cityofnewyork.us/d/jh45-qr5r","Central jurisdiction only; not the whole metro; item-specific extent verify","Weekly","unclear","unclear","unclear","unclear","unclear; public access observed without a published tariff","Public catalogue/API or linked service/download; exact export method/key/limits item-specific, unclear unless metadata specifies","unclear; Arc GIS reference-item bytes are not dataset download size","Design proposal: Building Footprints (Map) supplies physical geometry/attributes; use non-personal fields only","Exclude personal names, owner/applicant/contact data; art inventory licence does not clear artwork reproduction; modified date is not refresh frequency.","https://data.cityofnewyork.us;https://data.cityofnewyork.us/d/jh45-qr5r;https://data.cityofnewyork.us/d/jh45-qr5r","2026-10-07","https://www2.census.gov/programs-surveys/popest/datasets/2020-2025/metro/totals/cbsa-est2025-alldata.csv"
"New York","1","https://data.cityofnewyork.us","Socrata","Dataset-specific; see declaration/terms. No universal redistribution grant inferred.","https://data.cityofnewyork.us","3","DOB Permit Issuance","https://data.cityofnewyork.us/d/ipu4-2q9a","Central jurisdiction only; not the whole metro; item-specific extent verify","Daily","unclear","unclear","unclear","unclear","unclear; public access observed without a published tariff","Public catalogue/API or linked service/download; exact export method/key/limits item-specific, unclear unless metadata specifies","unclear; Arc GIS reference-item bytes are not dataset download size","Design proposal: DOB Permit Issuance supplies physical geometry/attributes; use non-personal fields only","Exclude personal names, owner/applicant/contact data; art inventory licence does not clear artwork reproduction; modified date is not refresh frequency.","https://data.cityofnewyork.us;https://data.cityofnewyork.us/d/ipu4-2q9a;https://data.cityofnewyork.us/d/ipu4-2q9a","2026-10-07","https://www2.census.gov/programs-surveys/popest/datasets/2020-2025/metro/totals/cbsa-est2025-alldata.csv"
"New York","1","https://data.cityofnewyork.us","Socrata","Dataset-specific; see declaration/terms. No universal redistribution grant inferred.","https://data.cityofnewyork.us","4","Parks Properties","https://data.cityofnewyork.us/d/enfh-gkve","Central jurisdiction only; not the whole metro; item-specific extent verify","Monthly","unclear","unclear","unclear","unclear","unclear; public access observed without a published tariff","Public catalogue/API or linked service/download; exact export method/key/limits item-specific, unclear unless metadata specifies","unclear; Arc GIS reference-item bytes are not dataset download size","Design proposal: Parks Properties supplies physical geometry/attributes; use non-personal fields only","Exclude personal names, owner/applicant/contact data; art inventory licence does not clear artwork reproduction; modified date is not refresh frequency.","https://data.cityofnewyork.us;https://data.cityofnewyork.us/d/enfh-gkve;https://data.cityofnewyork.us/d/enfh-gkve","2026-10-07","https://www2.census.gov/programs-surveys/popest/datasets/2020-2025/metro/totals/cbsa-est2025-alldata.csv"
"New York","1","https://data.cityofnewyork.us","Socrata","Dataset-specific; see declaration/terms. No universal redistribution grant inferred.","https://data.cityofnewyork.us","5","NYCDEP Citywide Hydrants","https://data.cityofnewyork.us/d/6pui-xhxz","Central jurisdiction only; not the whole metro; item-specific extent verify","Annually","unclear","unclear","unclear","unclear","unclear; public access observed without a published tariff","Public catalogue/API or linked service/download; exact export method/key/limits item-specific, unclear unless metadata specifies","unclear; Arc GIS reference-item bytes are not dataset download size","Design proposal: NYCDEP Citywide Hydrants supplies physical geometry/attributes; use non-personal fields only","Exclude personal names, owner/applicant/contact data; art inventory licence does not clear artwork reproduction; modified date is not refresh frequency.","https://data.cityofnewyork.us;https://data.cityofnewyork.us/d/6pui-xhxz;https://data.cityofnewyork.us/d/6pui-xhxz","2026-10-07","https://www2.census.gov/programs-surveys/popest/datasets/2020-2025/metro/totals/cbsa-est2025-alldata.csv"
"New York","1","https://data.cityofnewyork.us","Socrata","Dataset-specific; see declaration/terms. No universal redistribution grant inferred.","https://data.cityofnewyork.us","6","Planimetric Sidewalk","https://data.cityofnewyork.us/d/vfx9-tbb6","Central jurisdiction only; not the whole metro; item-specific extent verify","Asneeded","unclear","unclear","unclear","unclear","unclear; public access observed without a published tariff","Public catalogue/API or linked service/download; exact export method/key/limits item-specific, unclear unless metadata specifies","unclear; Arc GIS reference-item bytes are not dataset download size","Design proposal: Planimetric Sidewalk supplies physical geometry/attributes; use non-personal fields only","Exclude personal names, owner/applicant/contact data; art inventory licence does not clear artwork reproduction; modified date is not refresh frequency.","https://data.cityofnewyork.us;https://data.cityofnewyork.us/d/vfx9-tbb6;https://data.cityofnewyork.us/d/vfx9-tbb6","2026-10-07","https://www2.census.gov/programs-surveys/popest/datasets/2020-2025/metro/totals/cbsa-est2025-alldata.csv"
"New York","1","https://data.cityofnewyork.us","Socrata","Dataset-specific; see declaration/terms. No universal redistribution grant inferred.","https://data.cityofnewyork.us","7","Bike Routes","https://data.cityofnewyork.us/d/mzxg-pwib","Central jurisdiction only; not the whole metro; item-specific extent verify","Annually","unclear","unclear","unclear","unclear","unclear; public access observed without a published tariff","Public catalogue/API or linked service/download; exact export method/key/limits item-specific, unclear unless metadata specifies","unclear; Arc GIS reference-item bytes are not dataset download size","Design proposal: Bike Routes supplies physical geometry/attributes; use non-personal fields only","Exclude personal names, owner/applicant/contact data; art inventory licence does not clear artwork reproduction; modified date is not refresh frequency.","https://data.cityofnewyork.us;https://data.cityofnewyork.us/d/mzxg-pwib;https://data.cityofnewyork.us/d/mzxg-pwib","2026-10-07","https://www2.census.gov/programs-surveys/popest/datasets/2020-2025/metro/totals/cbsa-est2025-alldata.csv"
"New York","1","https://data.cityofnewyork.us","Socrata","Dataset-specific; see declaration/terms. No universal redistribution grant inferred.","https://data.cityofnewyork.us","8","Zoning Tax Lot Database","https://data.cityofnewyork.us/d/fdkv-4t4z","Central jurisdiction only; not the whole metro; item-specific extent verify","Monthly","unclear","unclear","unclear","unclear","unclear; public access observed without a published tariff","Public catalogue/API or linked service/download; exact export method/key/limits item-specific, unclear unless metadata specifies","unclear; Arc GIS reference-item bytes are not dataset download size","Design proposal: Zoning Tax Lot Database supplies physical geometry/attributes; use non-personal fields only","Exclude personal names, owner/applicant/contact data; art inventory licence does not clear artwork reproduction; modified date is not refresh frequency.","https://data.cityofnewyork.us;https://data.cityofnewyork.us/d/fdkv-4t4z;https://data.cityofnewyork.us/d/fdkv-4t4z","2026-10-07","https://www2.census.gov/programs-surveys/popest/datasets/2020-2025/metro/totals/cbsa-est2025-alldata.csv"
"New York","1","https://data.cityofnewyork.us","Socrata","Dataset-specific; see declaration/terms. No universal redistribution grant inferred.","https://data.cityofnewyork.us","9","Construction Street Closures by Block","https://data.cityofnewyork.us/d/i6b5-j7bu","Central jurisdiction only; not the whole metro; item-specific extent verify","Weekly","unclear","unclear","unclear","unclear","unclear; public access observed without a published tariff","Public catalogue/API or linked service/download; exact export method/key/limits item-specific, unclear unless metadata specifies","unclear; Arc GIS reference-item bytes are not dataset download size","Design proposal: Construction Street Closures by Block supplies physical geometry/attributes; use non-personal fields only","Exclude personal names, owner/applicant/contact data; art inventory licence does not clear artwork reproduction; modified date is not refresh frequency.","https://data.cityofnewyork.us;https://data.cityofnewyork.us/d/i6b5-j7bu;https://data.cityofnewyork.us/d/i6b5-j7bu","2026-10-07","https://www2.census.gov/programs-surveys/popest/datasets/2020-2025/metro/totals/cbsa-est2025-alldata.csv"
"New York","1","https://data.cityofnewyork.us","Socrata","Dataset-specific; see declaration/terms. No universal redistribution grant inferred.","https://data.cityofnewyork.us","10","Permitted Event Information","https://data.cityofnewyork.us/d/tvpp-9vvx","Central jurisdiction only; not the whole metro; item-specific extent verify","Daily","unclear","unclear","unclear","unclear","unclear; public access observed without a published tariff","Public catalogue/API or linked service/download; exact export method/key/limits item-specific, unclear unless metadata specifies","unclear; Arc GIS reference-item bytes are not dataset download size","Design proposal: Permitted Event Information supplies physical geometry/attributes; use non-personal fields only","Exclude personal names, owner/applicant/contact data; art inventory licence does not clear artwork reproduction; modified date is not refresh frequency.","https://data.cityofnewyork.us;https://data.cityofnewyork.us/d/tvpp-9vvx;https://data.cityofnewyork.us/d/tvpp-9vvx","2026-10-07","https://www2.census.gov/programs-surveys/popest/datasets/2020-2025/metro/totals/cbsa-est2025-alldata.csv"
"Los Angeles","2","https://data.lacity.org","Socrata","Dataset-specific; see declaration/terms. No universal redistribution grant inferred.","https://data.lacity.org","1","Street Tree Inventory 1990 s","https://data.lacity.org/d/vt5t-mscf","Central jurisdiction only; not the whole metro; item-specific extent verify","Historical 1990 s; currentcoverageunclear","CC 0","Permitted for dataset under stated dedication/waiver; third-party rights separate","Permitted for covered data; art/media separate","No mandatory attribution under dedication/waiver; voluntary agency credit","unclear; public access observed without a published tariff","Public catalogue/API or linked service/download; exact export method/key/limits item-specific, unclear unless metadata specifies","unclear; Arc GIS reference-item bytes are not dataset download size","Design proposal: Street Tree Inventory 1990 s supplies physical geometry/attributes; use non-personal fields only","Exclude personal names, owner/applicant/contact data; art inventory licence does not clear artwork reproduction; modified date is not refresh frequency.","https://data.lacity.org;https://data.lacity.org/d/vt5t-mscf;https://data.lacity.org/d/vt5t-mscf;https://creativecommons.org/publicdomain/zero/1.0/","2026-10-07","https://www2.census.gov/programs-surveys/popest/datasets/2020-2025/metro/totals/cbsa-est2025-alldata.csv"
"Los Angeles","2","https://data.lacity.org","Socrata","Dataset-specific; see declaration/terms. No universal redistribution grant inferred.","https://data.lacity.org","2","Building Permits 2020 to Present","https://data.lacity.org/d/pi9x-tg5x","Central jurisdiction only; not the whole metro; item-specific extent verify","Weekly","unclear","unclear","unclear","unclear","unclear; public access observed without a published tariff","Public catalogue/API or linked service/download; exact export method/key/limits item-specific, unclear unless metadata specifies","unclear; Arc GIS reference-item bytes are not dataset download size","Design proposal: Building Permits 2020 to Present supplies physical geometry/attributes; use non-personal fields only","Exclude personal names, owner/applicant/contact data; art inventory licence does not clear artwork reproduction; modified date is not refresh frequency.","https://data.lacity.org;https://data.lacity.org/d/pi9x-tg5x;https://data.lacity.org/d/pi9x-tg5x","2026-10-07","https://www2.census.gov/programs-surveys/popest/datasets/2020-2025/metro/totals/cbsa-est2025-alldata.csv"
"Los Angeles","2","https://data.lacity.org","Socrata","Dataset-specific; see declaration/terms. No universal redistribution grant inferred.","https://data.lacity.org","3","Streetlight locations","https://data.lacity.org/d/9ei6-svt8","Central jurisdiction only; not the whole metro; item-specific extent verify","Monthly","CC 0","Permitted for dataset under stated dedication/waiver; third-party rights separate","Permitted for covered data; art/media separate","No mandatory attribution under dedication/waiver; voluntary agency credit","unclear; public access observed without a published tariff","Public catalogue/API or linked service/download; exact export method/key/limits item-specific, unclear unless metadata specifies","unclear; Arc GIS reference-item bytes are not dataset download size","Design proposal: Streetlight locations supplies physical geometry/attributes; use non-personal fields only","Exclude personal names, owner/applicant/contact data; art inventory licence does not clear artwork reproduction; modified date is not refresh frequency.","https://data.lacity.org;https://data.lacity.org/d/9ei6-svt8;https://data.lacity.org/d/9ei6-svt8;https://creativecommons.org/publicdomain/zero/1.0/","2026-10-07","https://www2.census.gov/programs-surveys/popest/datasets/2020-2025/metro/totals/cbsa-est2025-alldata.csv"
"Los Angeles","2","https://data.lacity.org","Socrata","Dataset-specific; see declaration/terms. No universal redistribution grant inferred.","https://data.lacity.org","4","Zoning","https://data.lacity.org/d/rryw-49uv","Central jurisdiction only; not the whole metro; item-specific extent verify","Monthly","CC 0","Permitted for dataset under stated dedication/waiver; third-party rights separate","Permitted for covered data; art/media separate","No mandatory attribution under dedication/waiver; voluntary agency credit","unclear; public access observed without a published tariff","Public catalogue/API or linked service/download; exact export method/key/limits item-specific, unclear unless metadata specifies","unclear; Arc GIS reference-item bytes are not dataset download size","Design proposal: Zoning supplies physical geometry/attributes; use non-personal fields only","Exclude personal names, owner/applicant/contact data; art inventory licence does not clear artwork reproduction; modified date is not refresh frequency.","https://data.lacity.org;https://data.lacity.org/d/rryw-49uv;https://data.lacity.org/d/rryw-49uv;https://creativecommons.org/publicdomain/zero/1.0/","2026-10-07","https://www2.census.gov/programs-surveys/popest/datasets/2020-2025/metro/totals/cbsa-est2025-alldata.csv"
"Los Angeles","2","https://data.lacity.org","Socrata","Dataset-specific; see declaration/terms. No universal redistribution grant inferred.","https://data.lacity.org","5","Parcels","https://data.lacity.org/d/qyra-qm2s","Central jurisdiction only; not the whole metro; item-specific extent verify","Weekly","CC 0","Permitted for dataset under stated dedication/waiver; third-party rights separate","Permitted for covered data; art/media separate","No mandatory attribution under dedication/waiver; voluntary agency credit","unclear; public access observed without a published tariff","Public catalogue/API or linked service/download; exact export method/key/limits item-specific, unclear unless metadata specifies","unclear; Arc GIS reference-item bytes are not dataset download size","Design proposal: Parcels supplies physical geometry/attributes; use non-personal fields only","Exclude personal names, owner/applicant/contact data; art inventory licence does not clear artwork reproduction; modified date is not refresh frequency.","https://data.lacity.org;https://data.lacity.org/d/qyra-qm2s;https://data.lacity.org/d/qyra-qm2s;https://creativecommons.org/publicdomain/zero/1.0/","2026-10-07","https://www2.census.gov/programs-surveys/popest/datasets/2020-2025/metro/totals/cbsa-est2025-alldata.csv"
"Los Angeles","2","https://data.lacity.org","Socrata","Dataset-specific; see declaration/terms. No universal redistribution grant inferred.","https://data.lacity.org","6","Parks","https://data.lacity.org/d/4jt3-efvk","Central jurisdiction only; not the whole metro; item-specific extent verify","Quarterly","CC 0","Permitted for dataset under stated dedication/waiver; third-party rights separate","Permitted for covered data; art/media separate","No mandatory attribution under dedication/waiver; voluntary agency credit","unclear; public access observed without a published tariff","Public catalogue/API or linked service/download; exact export method/key/limits item-specific, unclear unless metadata specifies","unclear; Arc GIS reference-item bytes are not dataset download size","Design proposal: Parks supplies physical geometry/attributes; use non-personal fields only","Exclude personal names, owner/applicant/contact data; art inventory licence does not clear artwork reproduction; modified date is not refresh frequency.","https://data.lacity.org;https://data.lacity.org/d/4jt3-efvk;https://data.lacity.org/d/4jt3-efvk;https://creativecommons.org/publicdomain/zero/1.0/","2026-10-07","https://www2.census.gov/programs-surveys/popest/datasets/2020-2025/metro/totals/cbsa-est2025-alldata.csv"
"Los Angeles","2","https://data.lacity.org","Socrata","Dataset-specific; see declaration/terms. No universal redistribution grant inferred.","https://data.lacity.org","7","Recreation/Parks Facility Information","https://data.lacity.org/d/ax8j-dhzm","Central jurisdiction only; not the whole metro; item-specific extent verify","unclear","CC 0","Permitted for dataset under stated dedication/waiver; third-party rights separate","Permitted for covered data; art/media separate","No mandatory attribution under dedication/waiver; voluntary agency credit","unclear; public access observed without a published tariff","Public catalogue/API or linked service/download; exact export method/key/limits item-specific, unclear unless metadata specifies","unclear; Arc GIS reference-item bytes are not dataset download size","Design proposal: Recreation/Parks Facility Information supplies physical geometry/attributes; use non-personal fields only","Exclude personal names, owner/applicant/contact data; art inventory licence does not clear artwork reproduction; modified date is not refresh frequency.","https://data.lacity.org;https://data.lacity.org/d/ax8j-dhzm;https://data.lacity.org/d/ax8j-dhzm;https://creativecommons.org/publicdomain/zero/1.0/","2026-10-07","https://www2.census.gov/programs-surveys/popest/datasets/2020-2025/metro/totals/cbsa-est2025-alldata.csv"
"Los Angeles","2","https://data.lacity.org","Socrata","Dataset-specific; see declaration/terms. No universal redistribution grant inferred.","https://data.lacity.org","8","Engineering Permit Information","https://data.lacity.org/d/j7mw-thyc","Central jurisdiction only; not the whole metro; item-specific extent verify","Daily","CC 0","Permitted for dataset under stated dedication/waiver; third-party rights separate","Permitted for covered data; art/media separate","No mandatory attribution under dedication/waiver; voluntary agency credit","unclear; public access observed without a published tariff","Public catalogue/API or linked service/download; exact export method/key/limits item-specific, unclear unless metadata specifies","unclear; Arc GIS reference-item bytes are not dataset download size","Design proposal: Engineering Permit Information supplies physical geometry/attributes; use non-personal fields only","Exclude personal names, owner/applicant/contact data; art inventory licence does not clear artwork reproduction; modified date is not refresh frequency.","https://data.lacity.org;https://data.lacity.org/d/j7mw-thyc;https://data.lacity.org/d/j7mw-thyc;https://creativecommons.org/publicdomain/zero/1.0/","2026-10-07","https://www2.census.gov/programs-surveys/popest/datasets/2020-2025/metro/totals/cbsa-est2025-alldata.csv"
"Los Angeles","2","https://data.lacity.org","Socrata","Dataset-specific; see declaration/terms. No universal redistribution grant inferred.","https://data.lacity.org","9","Parking Meter Occupancy","https://data.lacity.org/d/e7h6-4a3e","Central jurisdiction only; not the whole metro; item-specific extent verify","Other-see Description","Public Domain","Permitted for dataset under stated dedication/waiver; third-party rights separate","Permitted for covered data; art/media separate","No mandatory attribution under dedication/waiver; voluntary agency credit","unclear; public access observed without a published tariff","Public catalogue/API or linked service/download; exact export method/key/limits item-specific, unclear unless metadata specifies","unclear; Arc GIS reference-item bytes are not dataset download size","Design proposal: Parking Meter Occupancy supplies physical geometry/attributes; use non-personal fields only","Exclude personal names, owner/applicant/contact data; art inventory licence does not clear artwork reproduction; modified date is not refresh frequency.","https://data.lacity.org;https://data.lacity.org/d/e7h6-4a3e;https://data.lacity.org/d/e7h6-4a3e","2026-10-07","https://www2.census.gov/programs-surveys/popest/datasets/2020-2025/metro/totals/cbsa-est2025-alldata.csv"
"Los Angeles","2","https://data.lacity.org","Socrata","Dataset-specific; see declaration/terms. No universal redistribution grant inferred.","https://data.lacity.org","10","2025 Walk/Bike Count Data","https://data.lacity.org/d/hiwe-xzrt","Central jurisdiction only; not the whole metro; item-specific extent verify","Other-see Description","unclear","unclear","unclear","unclear","unclear; public access observed without a published tariff","Public catalogue/API or linked service/download; exact export method/key/limits item-specific, unclear unless metadata specifies","unclear; Arc GIS reference-item bytes are not dataset download size","Design proposal: 2025 Walk/Bike Count Data supplies physical geometry/attributes; use non-personal fields only","Exclude personal names, owner/applicant/contact data; art inventory licence does not clear artwork reproduction; modified date is not refresh frequency.","https://data.lacity.org;https://data.lacity.org/d/hiwe-xzrt;https://data.lacity.org/d/hiwe-xzrt","2026-10-07","https://www2.census.gov/programs-surveys/popest/datasets/2020-2025/metro/totals/cbsa-est2025-alldata.csv"
"Chicago","3","https://data.cityofchicago.org","Socrata","Dataset-specific; see declaration/terms. No universal redistribution grant inferred.","http://www.cityofchicago.org/city/en/narr/foia/data_disclaimer.html","1","Building Footprints","https://data.cityofchicago.org/d/syp8-uezg","Central jurisdiction only; not the whole metro; item-specific extent verify","Asneeded","See Terms","unclear","unclear","unclear","unclear; public access observed without a published tariff","Public catalogue/API or linked service/download; exact export method/key/limits item-specific, unclear unless metadata specifies","unclear; Arc GIS reference-item bytes are not dataset download size","Design proposal: Building Footprints supplies physical geometry/attributes; use non-personal fields only","Exclude personal names, owner/applicant/contact data; art inventory licence does not clear artwork reproduction; modified date is not refresh frequency.","https://data.cityofchicago.org;https://data.cityofchicago.org/d/syp8-uezg;https://data.cityofchicago.org/d/syp8-uezg;http://www.cityofchicago.org/city/en/narr/foia/data_disclaimer.html","2026-10-07","https://www2.census.gov/programs-surveys/popest/datasets/2020-2025/metro/totals/cbsa-est2025-alldata.csv"
"Chicago","3","https://data.cityofchicago.org","Socrata","Dataset-specific; see declaration/terms. No universal redistribution grant inferred.","http://www.cityofchicago.org/city/en/narr/foia/data_disclaimer.html","2","Building Permits","https://data.cityofchicago.org/d/ydr8-5enu","Central jurisdiction only; not the whole metro; item-specific extent verify","Daily","See Terms","unclear","unclear","unclear","unclear; public access observed without a published tariff","Public catalogue/API or linked service/download; exact export method/key/limits item-specific, unclear unless metadata specifies","unclear; Arc GIS reference-item bytes are not dataset download size","Design proposal: Building Permits supplies physical geometry/attributes; use non-personal fields only","Exclude personal names, owner/applicant/contact data; art inventory licence does not clear artwork reproduction; modified date is not refresh frequency.","https://data.cityofchicago.org;https://data.cityofchicago.org/d/ydr8-5enu;https://data.cityofchicago.org/d/ydr8-5enu;http://www.cityofchicago.org/city/en/narr/foia/data_disclaimer.html","2026-10-07","https://www2.census.gov/programs-surveys/popest/datasets/2020-2025/metro/totals/cbsa-est2025-alldata.csv"
"Chicago","3","https://data.cityofchicago.org","Socrata","Dataset-specific; see declaration/terms. No universal redistribution grant inferred.","http://www.cityofchicago.org/city/en/narr/foia/data_disclaimer.html","3","Sidewalks","https://data.cityofchicago.org/d/77cn-6x4c","Central jurisdiction only; not the whole metro; item-specific extent verify","Asneeded","unclear","unclear","unclear","unclear","unclear; public access observed without a published tariff","Public catalogue/API or linked service/download; exact export method/key/limits item-specific, unclear unless metadata specifies","unclear; Arc GIS reference-item bytes are not dataset download size","Design proposal: Sidewalks supplies physical geometry/attributes; use non-personal fields only","Exclude personal names, owner/applicant/contact data; art inventory licence does not clear artwork reproduction; modified date is not refresh frequency.","https://data.cityofchicago.org;https://data.cityofchicago.org/d/77cn-6x4c;https://data.cityofchicago.org/d/77cn-6x4c;http://www.cityofchicago.org/city/en/narr/foia/data_disclaimer.html","2026-10-07","https://www2.census.gov/programs-surveys/popest/datasets/2020-2025/metro/totals/cbsa-est2025-alldata.csv"
"Chicago","3","https://data.cityofchicago.org","Socrata","Dataset-specific; see declaration/terms. No universal redistribution grant inferred.","http://www.cityofchicago.org/city/en/narr/foia/data_disclaimer.html","4","Bike Routes","https://data.cityofchicago.org/d/hvv9-38ut","Central jurisdiction only; not the whole metro; item-specific extent verify","Asneeded","See Terms","unclear","unclear","unclear","unclear; public access observed without a published tariff","Public catalogue/API or linked service/download; exact export method/key/limits item-specific, unclear unless metadata specifies","unclear; Arc GIS reference-item bytes are not dataset download size","Design proposal: Bike Routes supplies physical geometry/attributes; use non-personal fields only","Exclude personal names, owner/applicant/contact data; art inventory licence does not clear artwork reproduction; modified date is not refresh frequency.","https://data.cityofchicago.org;https://data.cityofchicago.org/d/hvv9-38ut;https://data.cityofchicago.org/d/hvv9-38ut;http://www.cityofchicago.org/city/en/narr/foia/data_disclaimer.html","2026-10-07","https://www2.census.gov/programs-surveys/popest/datasets/2020-2025/metro/totals/cbsa-est2025-alldata.csv"
"Chicago","3","https://data.cityofchicago.org","Socrata","Dataset-specific; see declaration/terms. No universal redistribution grant inferred.","http://www.cityofchicago.org/city/en/narr/foia/data_disclaimer.html","5","Parks Facilities","https://data.cityofchicago.org/d/5yyk-qt9y","Central jurisdiction only; not the whole metro; item-specific extent verify","unclear","Public Domain","Permitted for dataset under stated dedication/waiver; third-party rights separate","Permitted for covered data; art/media separate","No mandatory attribution under dedication/waiver; voluntary agency credit","unclear; public access observed without a published tariff","Public catalogue/API or linked service/download; exact export method/key/limits item-specific, unclear unless metadata specifies","unclear; Arc GIS reference-item bytes are not dataset download size","Design proposal: Parks Facilities supplies physical geometry/attributes; use non-personal fields only","Exclude personal names, owner/applicant/contact data; art inventory licence does not clear artwork reproduction; modified date is not refresh frequency.","https://data.cityofchicago.org;https://data.cityofchicago.org/d/5yyk-qt9y;https://data.cityofchicago.org/d/5yyk-qt9y;http://www.cityofchicago.org/city/en/narr/foia/data_disclaimer.html","2026-10-07","https://www2.census.gov/programs-surveys/popest/datasets/2020-2025/metro/totals/cbsa-est2025-alldata.csv"
"Chicago","3","https://data.cityofchicago.org","Socrata","Dataset-specific; see declaration/terms. No universal redistribution grant inferred.","http://www.cityofchicago.org/city/en/narr/foia/data_disclaimer.html","6","Park Boundaries","https://data.cityofchicago.org/d/ej32-qgdr","Central jurisdiction only; not the whole metro; item-specific extent verify","unclear","Public Domain","Permitted for dataset under stated dedication/waiver; third-party rights separate","Permitted for covered data; art/media separate","No mandatory attribution under dedication/waiver; voluntary agency credit","unclear; public access observed without a published tariff","Public catalogue/API or linked service/download; exact export method/key/limits item-specific, unclear unless metadata specifies","unclear; Arc GIS reference-item bytes are not dataset download size","Design proposal: Park Boundaries supplies physical geometry/attributes; use non-personal fields only","Exclude personal names, owner/applicant/contact data; art inventory licence does not clear artwork reproduction; modified date is not refresh frequency.","https://data.cityofchicago.org;https://data.cityofchicago.org/d/ej32-qgdr;https://data.cityofchicago.org/d/ej32-qgdr;http://www.cityofchicago.org/city/en/narr/foia/data_disclaimer.html","2026-10-07","https://www2.census.gov/programs-surveys/popest/datasets/2020-2025/metro/totals/cbsa-est2025-alldata.csv"
"Chicago","3","https://data.cityofchicago.org","Socrata","Dataset-specific; see declaration/terms. No universal redistribution grant inferred.","http://www.cityofchicago.org/city/en/narr/foia/data_disclaimer.html","7","Park Artworks","https://data.cityofchicago.org/d/e9ef-hrzb","Central jurisdiction only; not the whole metro; item-specific extent verify","unclear","Public Domain","Permitted for dataset under stated dedication/waiver; third-party rights separate","Permitted for covered data; art/media separate","No mandatory attribution under dedication/waiver; voluntary agency credit","unclear; public access observed without a published tariff","Public catalogue/API or linked service/download; exact export method/key/limits item-specific, unclear unless metadata specifies","unclear; Arc GIS reference-item bytes are not dataset download size","Design proposal: Park Artworks supplies physical geometry/attributes; use non-personal fields only","Exclude personal names, owner/applicant/contact data; art inventory licence does not clear artwork reproduction; modified date is not refresh frequency.","https://data.cityofchicago.org;https://data.cityofchicago.org/d/e9ef-hrzb;https://data.cityofchicago.org/d/e9ef-hrzb;http://www.cityofchicago.org/city/en/narr/foia/data_disclaimer.html","2026-10-07","https://www2.census.gov/programs-surveys/popest/datasets/2020-2025/metro/totals/cbsa-est2025-alldata.csv"
"Chicago","3","https://data.cityofchicago.org","Socrata","Dataset-specific; see declaration/terms. No universal redistribution grant inferred.","http://www.cityofchicago.org/city/en/narr/foia/data_disclaimer.html","8","Zoning","https://data.cityofchicago.org/d/dj47-wfun","Central jurisdiction only; not the whole metro; item-specific extent verify","unclear","See Terms","unclear","unclear","unclear","unclear; public access observed without a published tariff","Public catalogue/API or linked service/download; exact export method/key/limits item-specific, unclear unless metadata specifies","unclear; Arc GIS reference-item bytes are not dataset download size","Design proposal: Zoning supplies physical geometry/attributes; use non-personal fields only","Exclude personal names, owner/applicant/contact data; art inventory licence does not clear artwork reproduction; modified date is not refresh frequency.","https://data.cityofchicago.org;https://data.cityofchicago.org/d/dj47-wfun;https://data.cityofchicago.org/d/dj47-wfun;http://www.cityofchicago.org/city/en/narr/foia/data_disclaimer.html","2026-10-07","https://www2.census.gov/programs-surveys/popest/datasets/2020-2025/metro/totals/cbsa-est2025-alldata.csv"
"Chicago","3","https://data.cityofchicago.org","Socrata","Dataset-specific; see declaration/terms. No universal redistribution grant inferred.","http://www.cityofchicago.org/city/en/narr/foia/data_disclaimer.html","9","Street Center Lines","https://data.cityofchicago.org/d/6imu-meau","Central jurisdiction only; not the whole metro; item-specific extent verify","unclear","unclear","unclear","unclear","unclear","unclear; public access observed without a published tariff","Public catalogue/API or linked service/download; exact export method/key/limits item-specific, unclear unless metadata specifies","unclear; Arc GIS reference-item bytes are not dataset download size","Design proposal: Street Center Lines supplies physical geometry/attributes; use non-personal fields only","Exclude personal names, owner/applicant/contact data; art inventory licence does not clear artwork reproduction; modified date is not refresh frequency.","https://data.cityofchicago.org;https://data.cityofchicago.org/d/6imu-meau;https://data.cityofchicago.org/d/6imu-meau;http://www.cityofchicago.org/city/en/narr/foia/data_disclaimer.html","2026-10-07","https://www2.census.gov/programs-surveys/popest/datasets/2020-2025/metro/totals/cbsa-est2025-alldata.csv"
"Chicago","3","https://data.cityofchicago.org","Socrata","Dataset-specific; see declaration/terms. No universal redistribution grant inferred.","http://www.cityofchicago.org/city/en/narr/foia/data_disclaimer.html","10","Transportation Permits","https://data.cityofchicago.org/d/pubx-yq2d","Central jurisdiction only; not the whole metro; item-specific extent verify","Daily","See Terms","unclear","unclear","unclear","unclear; public access observed without a published tariff","Public catalogue/API or linked service/download; exact export method/key/limits item-specific, unclear unless metadata specifies","unclear; Arc GIS reference-item bytes are not dataset download size","Design proposal: Transportation Permits supplies physical geometry/attributes; use non-personal fields only","Exclude personal names, owner/applicant/contact data; art inventory licence does not clear artwork reproduction; modified date is not refresh frequency.","https://data.cityofchicago.org;https://data.cityofchicago.org/d/pubx-yq2d;https://data.cityofchicago.org/d/pubx-yq2d;http://www.cityofchicago.org/city/en/narr/foia/data_disclaimer.html","2026-10-07","https://www2.census.gov/programs-surveys/popest/datasets/2020-2025/metro/totals/cbsa-est2025-alldata.csv"
"Dallas–Fort Worth","4","https://www.dallasopendata.com","Socrata","Dataset-specific; see declaration/terms. No universal redistribution grant inferred.","https://www.dallasopendata.com","1","Building Permits","https://www.dallasopendata.com/d/e7gq-4sah","Central jurisdiction only; not the whole metro; item-specific extent verify","Daily","unclear","unclear","unclear","unclear","unclear; public access observed without a published tariff","Public catalogue/API or linked service/download; exact export method/key/limits item-specific, unclear unless metadata specifies","unclear; Arc GIS reference-item bytes are not dataset download size","Design proposal: Building Permits supplies physical geometry/attributes; use non-personal fields only","Exclude personal names, owner/applicant/contact data; art inventory licence does not clear artwork reproduction; modified date is not refresh frequency.","https://www.dallasopendata.com;https://www.dallasopendata.com/d/e7gq-4sah;https://www.dallasopendata.com/d/e7gq-4sah","2026-10-07","https://www2.census.gov/programs-surveys/popest/datasets/2020-2025/metro/totals/cbsa-est2025-alldata.csv"
"Dallas–Fort Worth","4","https://www.dallasopendata.com","Socrata","Dataset-specific; see declaration/terms. No universal redistribution grant inferred.","https://www.dallasopendata.com","2","Parcel Shapefile","https://www.dallasopendata.com/d/hy5f-5hrv","Central jurisdiction only; not the whole metro; item-specific extent verify","unclear","ODC-BY","Attribution licence permits commercial use; exact version/item exceptions verify","Permitted subject to licence credit/notices; version verify","Dataset/agency credit, licence link and changes as applicable; exact licence version verify","unclear; public access observed without a published tariff","Public catalogue/API or linked service/download; exact export method/key/limits item-specific, unclear unless metadata specifies","unclear; Arc GIS reference-item bytes are not dataset download size","Design proposal: Parcel Shapefile supplies physical geometry/attributes; use non-personal fields only","Exclude personal names, owner/applicant/contact data; art inventory licence does not clear artwork reproduction; modified date is not refresh frequency.","https://www.dallasopendata.com;https://www.dallasopendata.com/d/hy5f-5hrv;https://www.dallasopendata.com/d/hy5f-5hrv;https://opendatacommons.org/licenses/by/1-0/","2026-10-07","https://www2.census.gov/programs-surveys/popest/datasets/2020-2025/metro/totals/cbsa-est2025-alldata.csv"
"Dallas–Fort Worth","4","https://www.dallasopendata.com","Socrata","Dataset-specific; see declaration/terms. No universal redistribution grant inferred.","https://www.dallasopendata.com","3","Streets","https://www.dallasopendata.com/d/aiev-r75a","Central jurisdiction only; not the whole metro; item-specific extent verify","unclear","unclear","unclear","unclear","unclear","unclear; public access observed without a published tariff","Public catalogue/API or linked service/download; exact export method/key/limits item-specific, unclear unless metadata specifies","unclear; Arc GIS reference-item bytes are not dataset download size","Design proposal: Streets supplies physical geometry/attributes; use non-personal fields only","Exclude personal names, owner/applicant/contact data; art inventory licence does not clear artwork reproduction; modified date is not refresh frequency.","https://www.dallasopendata.com;https://www.dallasopendata.com/d/aiev-r75a;https://www.dallasopendata.com/d/aiev-r75a","2026-10-07","https://www2.census.gov/programs-surveys/popest/datasets/2020-2025/metro/totals/cbsa-est2025-alldata.csv"
"Dallas–Fort Worth","4","https://www.dallasopendata.com","Socrata","Dataset-specific; see declaration/terms. No universal redistribution grant inferred.","https://www.dallasopendata.com","4","Bike Trails","https://www.dallasopendata.com/d/jewx-caad","Central jurisdiction only; not the whole metro; item-specific extent verify","unclear","unclear","unclear","unclear","unclear","unclear; public access observed without a published tariff","Public catalogue/API or linked service/download; exact export method/key/limits item-specific, unclear unless metadata specifies","unclear; Arc GIS reference-item bytes are not dataset download size","Design proposal: Bike Trails supplies physical geometry/attributes; use non-personal fields only","Exclude personal names, owner/applicant/contact data; art inventory licence does not clear artwork reproduction; modified date is not refresh frequency.","https://www.dallasopendata.com;https://www.dallasopendata.com/d/jewx-caad;https://www.dallasopendata.com/d/jewx-caad","2026-10-07","https://www2.census.gov/programs-surveys/popest/datasets/2020-2025/metro/totals/cbsa-est2025-alldata.csv"
"Dallas–Fort Worth","4","https://www.dallasopendata.com","Socrata","Dataset-specific; see declaration/terms. No universal redistribution grant inferred.","https://www.dallasopendata.com","5","On Street Bike Routes","https://www.dallasopendata.com/d/ax7n-9dfm","Central jurisdiction only; not the whole metro; item-specific extent verify","unclear","unclear","unclear","unclear","unclear","unclear; public access observed without a published tariff","Public catalogue/API or linked service/download; exact export method/key/limits item-specific, unclear unless metadata specifies","unclear; Arc GIS reference-item bytes are not dataset download size","Design proposal: On Street Bike Routes supplies physical geometry/attributes; use non-personal fields only","Exclude personal names, owner/applicant/contact data; art inventory licence does not clear artwork reproduction; modified date is not refresh frequency.","https://www.dallasopendata.com;https://www.dallasopendata.com/d/ax7n-9dfm;https://www.dallasopendata.com/d/ax7n-9dfm","2026-10-07","https://www2.census.gov/programs-surveys/popest/datasets/2020-2025/metro/totals/cbsa-est2025-alldata.csv"
"Dallas–Fort Worth","4","https://www.dallasopendata.com","Socrata","Dataset-specific; see declaration/terms. No universal redistribution grant inferred.","https://www.dallasopendata.com","6","Base Zoning","https://www.dallasopendata.com/d/ttts-ajjv","Central jurisdiction only; not the whole metro; item-specific extent verify","Weekly","unclear","unclear","unclear","unclear","unclear; public access observed without a published tariff","Public catalogue/API or linked service/download; exact export method/key/limits item-specific, unclear unless metadata specifies","unclear; Arc GIS reference-item bytes are not dataset download size","Design proposal: Base Zoning supplies physical geometry/attributes; use non-personal fields only","Exclude personal names, owner/applicant/contact data; art inventory licence does not clear artwork reproduction; modified date is not refresh frequency.","https://www.dallasopendata.com;https://www.dallasopendata.com/d/ttts-ajjv;https://www.dallasopendata.com/d/ttts-ajjv","2026-10-07","https://www2.census.gov/programs-surveys/popest/datasets/2020-2025/metro/totals/cbsa-est2025-alldata.csv"
"Dallas–Fort Worth","4","https://www.dallasopendata.com","Socrata","Dataset-specific; see declaration/terms. No universal redistribution grant inferred.","https://www.dallasopendata.com","7","ROW Permits Points","https://www.dallasopendata.com/d/xum9-x6px","Central jurisdiction only; not the whole metro; item-specific extent verify","unclear","unclear","unclear","unclear","unclear","unclear; public access observed without a published tariff","Public catalogue/API or linked service/download; exact export method/key/limits item-specific, unclear unless metadata specifies","unclear; Arc GIS reference-item bytes are not dataset download size","Design proposal: ROW Permits Points supplies physical geometry/attributes; use non-personal fields only","Exclude personal names, owner/applicant/contact data; art inventory licence does not clear artwork reproduction; modified date is not refresh frequency.","https://www.dallasopendata.com;https://www.dallasopendata.com/d/xum9-x6px;https://www.dallasopendata.com/d/xum9-x6px","2026-10-07","https://www2.census.gov/programs-surveys/popest/datasets/2020-2025/metro/totals/cbsa-est2025-alldata.csv"
"Dallas–Fort Worth","4","https://www.dallasopendata.com","Socrata","Dataset-specific; see declaration/terms. No universal redistribution grant inferred.","https://www.dallasopendata.com","8","Parks","https://www.dallasopendata.com/d/9e6m-eru6","Central jurisdiction only; not the whole metro; item-specific extent verify","unclear","unclear","unclear","unclear","unclear","unclear; public access observed without a published tariff","Public catalogue/API or linked service/download; exact export method/key/limits item-specific, unclear unless metadata specifies","unclear; Arc GIS reference-item bytes are not dataset download size","Design proposal: Parks supplies physical geometry/attributes; use non-personal fields only","Exclude personal names, owner/applicant/contact data; art inventory licence does not clear artwork reproduction; modified date is not refresh frequency.","https://www.dallasopendata.com;https://www.dallasopendata.com/d/9e6m-eru6;https://www.dallasopendata.com/d/9e6m-eru6","2026-10-07","https://www2.census.gov/programs-surveys/popest/datasets/2020-2025/metro/totals/cbsa-est2025-alldata.csv"
"Dallas–Fort Worth","4","https://www.dallasopendata.com","Socrata","Dataset-specific; see declaration/terms. No universal redistribution grant inferred.","https://www.dallasopendata.com","9","Public Art","https://www.dallasopendata.com/d/mjzi-rhq3","Central jurisdiction only; not the whole metro; item-specific extent verify","unclear","unclear","unclear","unclear","unclear","unclear; public access observed without a published tariff","Public catalogue/API or linked service/download; exact export method/key/limits item-specific, unclear unless metadata specifies","unclear; Arc GIS reference-item bytes are not dataset download size","Design proposal: Public Art supplies physical geometry/attributes; use non-personal fields only","Exclude personal names, owner/applicant/contact data; art inventory licence does not clear artwork reproduction; modified date is not refresh frequency.","https://www.dallasopendata.com;https://www.dallasopendata.com/d/mjzi-rhq3;https://www.dallasopendata.com/d/mjzi-rhq3","2026-10-07","https://www2.census.gov/programs-surveys/popest/datasets/2020-2025/metro/totals/cbsa-est2025-alldata.csv"
"Dallas–Fort Worth","4","https://www.dallasopendata.com","Socrata","Dataset-specific; see declaration/terms. No universal redistribution grant inferred.","https://www.dallasopendata.com","10","On-Street Bike Facilities","https://www.dallasopendata.com/d/hbtk-27vs","Central jurisdiction only; not the whole metro; item-specific extent verify","unclear","unclear","unclear","unclear","unclear","unclear; public access observed without a published tariff","Public catalogue/API or linked service/download; exact export method/key/limits item-specific, unclear unless metadata specifies","unclear; Arc GIS reference-item bytes are not dataset download size","Design proposal: On-Street Bike Facilities supplies physical geometry/attributes; use non-personal fields only","Exclude personal names, owner/applicant/contact data; art inventory licence does not clear artwork reproduction; modified date is not refresh frequency.","https://www.dallasopendata.com;https://www.dallasopendata.com/d/hbtk-27vs;https://www.dallasopendata.com/d/hbtk-27vs","2026-10-07","https://www2.census.gov/programs-surveys/popest/datasets/2020-2025/metro/totals/cbsa-est2025-alldata.csv"
"Houston","5","https://data.houstontx.gov","CKAN + city Arc GIS Hub","Dataset-specific; see declaration/terms. No universal redistribution grant inferred.","https://cohgis-mycity.opendata.arcgis.com","1","Fire Hydrants","https://www.arcgis.com/home/item.html?id=9ed02cd0f1e340e0b7406dd039237605","Central jurisdiction only; not the whole metro; item-specific extent verify","unclear","Public Domain","Permitted for dataset under stated dedication/waiver; third-party rights separate","Permitted for covered data; art/media separate","No mandatory attribution under dedication/waiver; voluntary agency credit","unclear; public access observed without a published tariff","Public catalogue/API or linked service/download; exact export method/key/limits item-specific, unclear unless metadata specifies","unclear; Arc GIS reference-item bytes are not dataset download size","Design proposal: Fire Hydrants supplies physical geometry/attributes; use non-personal fields only","Exclude personal names, owner/applicant/contact data; art inventory licence does not clear artwork reproduction; modified date is not refresh frequency.","https://data.houstontx.gov;https://www.arcgis.com/home/item.html?id=9ed02cd0f1e340e0b7406dd039237605;https://www.arcgis.com/sharing/rest/content/items/9ed02cd0f1e340e0b7406dd039237605?f=json;https://cohgis-mycity.opendata.arcgis.com","2026-10-07","https://www2.census.gov/programs-surveys/popest/datasets/2020-2025/metro/totals/cbsa-est2025-alldata.csv"
"Houston","5","https://data.houstontx.gov","CKAN + city Arc GIS Hub","Dataset-specific; see declaration/terms. No universal redistribution grant inferred.","https://cohgis-mycity.opendata.arcgis.com","2","Parks","https://www.arcgis.com/home/item.html?id=13a5b57472b040ad85f5a8a74aa07c03","Central jurisdiction only; not the whole metro; item-specific extent verify","unclear","Public Domain","Permitted for dataset under stated dedication/waiver; third-party rights separate","Permitted for covered data; art/media separate","No mandatory attribution under dedication/waiver; voluntary agency credit","unclear; public access observed without a published tariff","Public catalogue/API or linked service/download; exact export method/key/limits item-specific, unclear unless metadata specifies","unclear; Arc GIS reference-item bytes are not dataset download size","Design proposal: Parks supplies physical geometry/attributes; use non-personal fields only","Exclude personal names, owner/applicant/contact data; art inventory licence does not clear artwork reproduction; modified date is not refresh frequency.","https://data.houstontx.gov;https://www.arcgis.com/home/item.html?id=13a5b57472b040ad85f5a8a74aa07c03;https://www.arcgis.com/sharing/rest/content/items/13a5b57472b040ad85f5a8a74aa07c03?f=json;https://cohgis-mycity.opendata.arcgis.com","2026-10-07","https://www2.census.gov/programs-surveys/popest/datasets/2020-2025/metro/totals/cbsa-est2025-alldata.csv"
"Houston","5","https://data.houstontx.gov","CKAN + city Arc GIS Hub","Dataset-specific; see declaration/terms. No universal redistribution grant inferred.","https://cohgis-mycity.opendata.arcgis.com","3","Road Centerline","https://www.arcgis.com/home/item.html?id=26c92bc89c5d4b048d9bc8bcb7dfbff6","City + extraterritorial jurisdiction","unclear","unclear; as-is only","unclear","unclear","unclear","unclear; public access observed without a published tariff","Public catalogue/API or linked service/download; exact export method/key/limits item-specific, unclear unless metadata specifies","unclear; Arc GIS reference-item bytes are not dataset download size","Design proposal: Road Centerline supplies physical geometry/attributes; use non-personal fields only","Exclude personal names, owner/applicant/contact data; art inventory licence does not clear artwork reproduction; modified date is not refresh frequency.","https://data.houstontx.gov;https://www.arcgis.com/home/item.html?id=26c92bc89c5d4b048d9bc8bcb7dfbff6;https://www.arcgis.com/sharing/rest/content/items/26c92bc89c5d4b048d9bc8bcb7dfbff6?f=json;https://cohgis-mycity.opendata.arcgis.com","2026-10-07","https://www2.census.gov/programs-surveys/popest/datasets/2020-2025/metro/totals/cbsa-est2025-alldata.csv"
"Houston","5","https://data.houstontx.gov","CKAN + city Arc GIS Hub","Dataset-specific; see declaration/terms. No universal redistribution grant inferred.","https://cohgis-mycity.opendata.arcgis.com","4","Bikeways Existing LC","https://www.arcgis.com/home/item.html?id=400162a020e844969a1acf9b7311be0b","Central jurisdiction only; not the whole metro; item-specific extent verify","unclear; descriptionlast 2021","Public Domain","Permitted for dataset under stated dedication/waiver; third-party rights separate","Permitted for covered data; art/media separate","No mandatory attribution under dedication/waiver; voluntary agency credit","unclear; public access observed without a published tariff","Public catalogue/API or linked service/download; exact export method/key/limits item-specific, unclear unless metadata specifies","unclear; Arc GIS reference-item bytes are not dataset download size","Design proposal: Bikeways Existing LC supplies physical geometry/attributes; use non-personal fields only","Legacycurrencyverify","https://data.houstontx.gov;https://www.arcgis.com/home/item.html?id=400162a020e844969a1acf9b7311be0b;https://www.arcgis.com/sharing/rest/content/items/400162a020e844969a1acf9b7311be0b?f=json;https://cohgis-mycity.opendata.arcgis.com","2026-10-07","https://www2.census.gov/programs-surveys/popest/datasets/2020-2025/metro/totals/cbsa-est2025-alldata.csv"
"Houston","5","https://data.houstontx.gov","CKAN + city Arc GIS Hub","Dataset-specific; see declaration/terms. No universal redistribution grant inferred.","https://cohgis-mycity.opendata.arcgis.com","5","Sidewalks HPW KL","https://www.arcgis.com/home/item.html?id=c55268b97c6f4972ab8c6bc257d2c3d1","Central jurisdiction only; not the whole metro; item-specific extent verify","unclear","unclear; third-party DTSdistributionrequiresclearance","unclear","unclear","unclear","unclear; public access observed without a published tariff","Public catalogue/API or linked service/download; exact export method/key/limits item-specific, unclear unless metadata specifies","unclear; Arc GIS reference-item bytes are not dataset download size","Design proposal: Sidewalks HPW KL supplies physical geometry/attributes; use non-personal fields only","Exclude personal names, owner/applicant/contact data; art inventory licence does not clear artwork reproduction; modified date is not refresh frequency.","https://data.houstontx.gov;https://www.arcgis.com/home/item.html?id=c55268b97c6f4972ab8c6bc257d2c3d1;https://www.arcgis.com/sharing/rest/content/items/c55268b97c6f4972ab8c6bc257d2c3d1?f=json;https://cohgis-mycity.opendata.arcgis.com","2026-10-07","https://www2.census.gov/programs-surveys/popest/datasets/2020-2025/metro/totals/cbsa-est2025-alldata.csv"
"Houston","5","https://data.houstontx.gov","CKAN + city Arc GIS Hub","Dataset-specific; see declaration/terms. No universal redistribution grant inferred.","https://cohgis-mycity.opendata.arcgis.com","6","Urban Forestry Adopt ATree","https://www.arcgis.com/home/item.html?id=5971dafae24544e8a1495b45eda6211f","Central jurisdiction only; not the whole metro; item-specific extent verify","Ongoingcollection; cadenceunclear","unclear","unclear","unclear","unclear","unclear; public access observed without a published tariff","Public catalogue/API or linked service/download; exact export method/key/limits item-specific, unclear unless metadata specifies","unclear; Arc GIS reference-item bytes are not dataset download size","Design proposal: Urban Forestry Adopt ATree supplies physical geometry/attributes; use non-personal fields only","Potential planting locations, not existing tree inventory","https://data.houstontx.gov;https://www.arcgis.com/home/item.html?id=5971dafae24544e8a1495b45eda6211f;https://www.arcgis.com/sharing/rest/content/items/5971dafae24544e8a1495b45eda6211f?f=json;https://cohgis-mycity.opendata.arcgis.com","2026-10-07","https://www2.census.gov/programs-surveys/popest/datasets/2020-2025/metro/totals/cbsa-est2025-alldata.csv"
"Houston","5","https://data.houstontx.gov","CKAN + city Arc GIS Hub","Dataset-specific; see declaration/terms. No universal redistribution grant inferred.","https://cohgis-mycity.opendata.arcgis.com","7","Parcels","https://www.arcgis.com/home/item.html?id=f226c910e7d34f6bb4f2d879c7e4df3e","Central jurisdiction only; not the whole metro; item-specific extent verify","unclear","Public Domain","Permitted for dataset under stated dedication/waiver; third-party rights separate","Permitted for covered data; art/media separate","No mandatory attribution under dedication/waiver; voluntary agency credit","unclear; public access observed without a published tariff","Public catalogue/API or linked service/download; exact export method/key/limits item-specific, unclear unless metadata specifies","unclear; Arc GIS reference-item bytes are not dataset download size","Design proposal: Parcels supplies physical geometry/attributes; use non-personal fields only","Exclude personal names, owner/applicant/contact data; art inventory licence does not clear artwork reproduction; modified date is not refresh frequency.","https://data.houstontx.gov;https://www.arcgis.com/home/item.html?id=f226c910e7d34f6bb4f2d879c7e4df3e;https://www.arcgis.com/sharing/rest/content/items/f226c910e7d34f6bb4f2d879c7e4df3e?f=json;https://cohgis-mycity.opendata.arcgis.com","2026-10-07","https://www2.census.gov/programs-surveys/popest/datasets/2020-2025/metro/totals/cbsa-est2025-alldata.csv"
"Houston","5","https://data.houstontx.gov","CKAN + city Arc GIS Hub","Dataset-specific; see declaration/terms. No universal redistribution grant inferred.","https://cohgis-mycity.opendata.arcgis.com","8","Special Minimum Building Lines","https://www.arcgis.com/home/item.html?id=2008f469f4dd4e8ea47aa596a25aa452","Central jurisdiction only; not the whole metro; item-specific extent verify","unclear","Public Domain","Permitted for dataset under stated dedication/waiver; third-party rights separate","Permitted for covered data; art/media separate","No mandatory attribution under dedication/waiver; voluntary agency credit","unclear; public access observed without a published tariff","Public catalogue/API or linked service/download; exact export method/key/limits item-specific, unclear unless metadata specifies","unclear; Arc GIS reference-item bytes are not dataset download size","Design proposal: Special Minimum Building Lines supplies physical geometry/attributes; use non-personal fields only","Exclude personal names, owner/applicant/contact data; art inventory licence does not clear artwork reproduction; modified date is not refresh frequency.","https://data.houstontx.gov;https://www.arcgis.com/home/item.html?id=2008f469f4dd4e8ea47aa596a25aa452;https://www.arcgis.com/sharing/rest/content/items/2008f469f4dd4e8ea47aa596a25aa452?f=json;https://cohgis-mycity.opendata.arcgis.com","2026-10-07","https://www2.census.gov/programs-surveys/popest/datasets/2020-2025/metro/totals/cbsa-est2025-alldata.csv"
"Houston","5","https://data.houstontx.gov","CKAN + city Arc GIS Hub","Dataset-specific; see declaration/terms. No universal redistribution grant inferred.","https://cohgis-mycity.opendata.arcgis.com","9","METRO Park and Ride Locations","https://www.arcgis.com/home/item.html?id=c1b24c7ab5fe4ffb844d457f3f4deb35","Central jurisdiction only; not the whole metro; item-specific extent verify","2024 importsnapshot; refreshunclear","Public Domain","Permitted for dataset under stated dedication/waiver; third-party rights separate","Permitted for covered data; art/media separate","No mandatory attribution under dedication/waiver; voluntary agency credit","unclear; public access observed without a published tariff","Public catalogue/API or linked service/download; exact export method/key/limits item-specific, unclear unless metadata specifies","unclear; Arc GIS reference-item bytes are not dataset download size","Design proposal: METRO Park and Ride Locations supplies physical geometry/attributes; use non-personal fields only","Exclude personal names, owner/applicant/contact data; art inventory licence does not clear artwork reproduction; modified date is not refresh frequency.","https://data.houstontx.gov;https://www.arcgis.com/home/item.html?id=c1b24c7ab5fe4ffb844d457f3f4deb35;https://www.arcgis.com/sharing/rest/content/items/c1b24c7ab5fe4ffb844d457f3f4deb35?f=json;https://cohgis-mycity.opendata.arcgis.com","2026-10-07","https://www2.census.gov/programs-surveys/popest/datasets/2020-2025/metro/totals/cbsa-est2025-alldata.csv"
"Houston","5","https://data.houstontx.gov","CKAN + city Arc GIS Hub","Dataset-specific; see declaration/terms. No universal redistribution grant inferred.","https://cohgis-mycity.opendata.arcgis.com","10","Market Based Parking","https://www.arcgis.com/home/item.html?id=33188dd076424d8aae3c185c5cb568d6","Central jurisdiction only; not the whole metro; item-specific extent verify","unclear","Public Domain","Permitted for dataset under stated dedication/waiver; third-party rights separate","Permitted for covered data; art/media separate","No mandatory attribution under dedication/waiver; voluntary agency credit","unclear; public access observed without a published tariff","Public catalogue/API or linked service/download; exact export method/key/limits item-specific, unclear unless metadata specifies","unclear; Arc GIS reference-item bytes are not dataset download size","Design proposal: Market Based Parking supplies physical geometry/attributes; use non-personal fields only","Exclude personal names, owner/applicant/contact data; art inventory licence does not clear artwork reproduction; modified date is not refresh frequency.","https://data.houstontx.gov;https://www.arcgis.com/home/item.html?id=33188dd076424d8aae3c185c5cb568d6;https://www.arcgis.com/sharing/rest/content/items/33188dd076424d8aae3c185c5cb568d6?f=json;https://cohgis-mycity.opendata.arcgis.com","2026-10-07","https://www2.census.gov/programs-surveys/popest/datasets/2020-2025/metro/totals/cbsa-est2025-alldata.csv"
"Atlanta","6","https://dpcd-coaplangis.opendata.arcgis.com","Arc GIS Hub","Dataset-specific; see declaration/terms. No universal redistribution grant inferred.","https://dpcd-coaplangis.opendata.arcgis.com","1","Zoning Districts","https://www.arcgis.com/home/item.html?id=626941263aa34464aaa39e728ed411d9","Central jurisdiction only; not the whole metro; item-specific extent verify","unclear","unclear","unclear","unclear","unclear","unclear; public access observed without a published tariff","Public catalogue/API or linked service/download; exact export method/key/limits item-specific, unclear unless metadata specifies","unclear; Arc GIS reference-item bytes are not dataset download size","Design proposal: Zoning Districts supplies physical geometry/attributes; use non-personal fields only","Exclude personal names, owner/applicant/contact data; art inventory licence does not clear artwork reproduction; modified date is not refresh frequency.","https://dpcd-coaplangis.opendata.arcgis.com;https://www.arcgis.com/home/item.html?id=626941263aa34464aaa39e728ed411d9;https://www.arcgis.com/sharing/rest/content/items/626941263aa34464aaa39e728ed411d9?f=json","2026-10-07","https://www2.census.gov/programs-surveys/popest/datasets/2020-2025/metro/totals/cbsa-est2025-alldata.csv"
"Atlanta","6","https://dpcd-coaplangis.opendata.arcgis.com","Arc GIS Hub","Dataset-specific; see declaration/terms. No universal redistribution grant inferred.","https://dpcd-coaplangis.opendata.arcgis.com","2","Tax Parcels 2025","https://www.arcgis.com/home/item.html?id=ee82525ee33b49778055622c3a3cf534","Central jurisdiction only; not the whole metro; item-specific extent verify","unclear","unclear","unclear","unclear","unclear","unclear; public access observed without a published tariff","Public catalogue/API or linked service/download; exact export method/key/limits item-specific, unclear unless metadata specifies","unclear; Arc GIS reference-item bytes are not dataset download size","Design proposal: Tax Parcels 2025 supplies physical geometry/attributes; use non-personal fields only","Exclude personal names, owner/applicant/contact data; art inventory licence does not clear artwork reproduction; modified date is not refresh frequency.","https://dpcd-coaplangis.opendata.arcgis.com;https://www.arcgis.com/home/item.html?id=ee82525ee33b49778055622c3a3cf534;https://www.arcgis.com/sharing/rest/content/items/ee82525ee33b49778055622c3a3cf534?f=json","2026-10-07","https://www2.census.gov/programs-surveys/popest/datasets/2020-2025/metro/totals/cbsa-est2025-alldata.csv"
"Atlanta","6","https://dpcd-coaplangis.opendata.arcgis.com","Arc GIS Hub","Dataset-specific; see declaration/terms. No universal redistribution grant inferred.","https://dpcd-coaplangis.opendata.arcgis.com","3","Building Permit Tracker","https://www.arcgis.com/home/item.html?id=653881b4cf9148ae947eebaf789b2c06","Central jurisdiction only; not the whole metro; item-specific extent verify","unclear","unclear","unclear","unclear","unclear","unclear; public access observed without a published tariff","Public catalogue/API or linked service/download; exact export method/key/limits item-specific, unclear unless metadata specifies","unclear; Arc GIS reference-item bytes are not dataset download size","Design proposal: Building Permit Tracker supplies physical geometry/attributes; use non-personal fields only","Exclude personal names, owner/applicant/contact data; art inventory licence does not clear artwork reproduction; modified date is not refresh frequency.","https://dpcd-coaplangis.opendata.arcgis.com;https://www.arcgis.com/home/item.html?id=653881b4cf9148ae947eebaf789b2c06;https://www.arcgis.com/sharing/rest/content/items/653881b4cf9148ae947eebaf789b2c06?f=json","2026-10-07","https://www2.census.gov/programs-surveys/popest/datasets/2020-2025/metro/totals/cbsa-est2025-alldata.csv"
"Atlanta","6","https://dpcd-coaplangis.opendata.arcgis.com","Arc GIS Hub","Dataset-specific; see declaration/terms. No universal redistribution grant inferred.","https://dpcd-coaplangis.opendata.arcgis.com","4","Landmark Building Site","https://www.arcgis.com/home/item.html?id=5009ee2c703d4291a21a98cdc03167f3","Central jurisdiction only; not the whole metro; item-specific extent verify","unclear","unclear","unclear","unclear","unclear","unclear; public access observed without a published tariff","Public catalogue/API or linked service/download; exact export method/key/limits item-specific, unclear unless metadata specifies","unclear; Arc GIS reference-item bytes are not dataset download size","Design proposal: Landmark Building Site supplies physical geometry/attributes; use non-personal fields only","Exclude personal names, owner/applicant/contact data; art inventory licence does not clear artwork reproduction; modified date is not refresh frequency.","https://dpcd-coaplangis.opendata.arcgis.com;https://www.arcgis.com/home/item.html?id=5009ee2c703d4291a21a98cdc03167f3;https://www.arcgis.com/sharing/rest/content/items/5009ee2c703d4291a21a98cdc03167f3?f=json","2026-10-07","https://www2.census.gov/programs-surveys/popest/datasets/2020-2025/metro/totals/cbsa-est2025-alldata.csv"
"Atlanta","6","https://dpcd-coaplangis.opendata.arcgis.com","Arc GIS Hub","Dataset-specific; see declaration/terms. No universal redistribution grant inferred.","https://dpcd-coaplangis.opendata.arcgis.com","5","Building Footprints","https://www.arcgis.com/home/item.html?id=f81aa6a402cf4fe1b0597a2a792b0919","Central jurisdiction only; not the whole metro; item-specific extent verify","unclear","unclear; Microsoftupstreamlicenceverify","unclear","unclear","unclear","unclear; public access observed without a published tariff","Public catalogue/API or linked service/download; exact export method/key/limits item-specific, unclear unless metadata specifies","unclear; Arc GIS reference-item bytes are not dataset download size","Design proposal: Building Footprints supplies physical geometry/attributes; use non-personal fields only","Exclude personal names, owner/applicant/contact data; art inventory licence does not clear artwork reproduction; modified date is not refresh frequency.","https://dpcd-coaplangis.opendata.arcgis.com;https://www.arcgis.com/home/item.html?id=f81aa6a402cf4fe1b0597a2a792b0919;https://www.arcgis.com/sharing/rest/content/items/f81aa6a402cf4fe1b0597a2a792b0919?f=json","2026-10-07","https://www2.census.gov/programs-surveys/popest/datasets/2020-2025/metro/totals/cbsa-est2025-alldata.csv"
"Atlanta","6","https://dpcd-coaplangis.opendata.arcgis.com","Arc GIS Hub","Dataset-specific; see declaration/terms. No universal redistribution grant inferred.","https://dpcd-coaplangis.opendata.arcgis.com","6","Impervious Sidewalks","https://www.arcgis.com/home/item.html?id=c8babf8e9b664f00af9a677ca68a2602","Central jurisdiction only; not the whole metro; item-specific extent verify","2018 study; refreshunclear","unclear","unclear","unclear","unclear","unclear; public access observed without a published tariff","Public catalogue/API or linked service/download; exact export method/key/limits item-specific, unclear unless metadata specifies","unclear; Arc GIS reference-item bytes are not dataset download size","Design proposal: Impervious Sidewalks supplies physical geometry/attributes; use non-personal fields only","Exclude personal names, owner/applicant/contact data; art inventory licence does not clear artwork reproduction; modified date is not refresh frequency.","https://dpcd-coaplangis.opendata.arcgis.com;https://www.arcgis.com/home/item.html?id=c8babf8e9b664f00af9a677ca68a2602;https://www.arcgis.com/sharing/rest/content/items/c8babf8e9b664f00af9a677ca68a2602?f=json","2026-10-07","https://www2.census.gov/programs-surveys/popest/datasets/2020-2025/metro/totals/cbsa-est2025-alldata.csv"
"Atlanta","6","https://dpcd-coaplangis.opendata.arcgis.com","Arc GIS Hub","Dataset-specific; see declaration/terms. No universal redistribution grant inferred.","https://dpcd-coaplangis.opendata.arcgis.com","7","Urban Tree Canopy 2018","https://www.arcgis.com/home/item.html?id=019e49adcb5c498893ce41a4623cd2de","Central jurisdiction only; not the whole metro; item-specific extent verify","2018 snapshot","unclear","unclear","unclear","unclear","unclear; public access observed without a published tariff","Public catalogue/API or linked service/download; exact export method/key/limits item-specific, unclear unless metadata specifies","unclear; Arc GIS reference-item bytes are not dataset download size","Design proposal: Urban Tree Canopy 2018 supplies physical geometry/attributes; use non-personal fields only","Exclude personal names, owner/applicant/contact data; art inventory licence does not clear artwork reproduction; modified date is not refresh frequency.","https://dpcd-coaplangis.opendata.arcgis.com;https://www.arcgis.com/home/item.html?id=019e49adcb5c498893ce41a4623cd2de;https://www.arcgis.com/sharing/rest/content/items/019e49adcb5c498893ce41a4623cd2de?f=json","2026-10-07","https://www2.census.gov/programs-surveys/popest/datasets/2020-2025/metro/totals/cbsa-est2025-alldata.csv"
"Atlanta","6","https://dpcd-coaplangis.opendata.arcgis.com","Arc GIS Hub","Dataset-specific; see declaration/terms. No universal redistribution grant inferred.","https://dpcd-coaplangis.opendata.arcgis.com","8","Parks","https://www.arcgis.com/home/item.html?id=fc48f62186ad47fca751480807c8f3fb","Central jurisdiction only; not the whole metro; item-specific extent verify","unclear","unclear","unclear","unclear","unclear","unclear; public access observed without a published tariff","Public catalogue/API or linked service/download; exact export method/key/limits item-specific, unclear unless metadata specifies","unclear; Arc GIS reference-item bytes are not dataset download size","Design proposal: Parks supplies physical geometry/attributes; use non-personal fields only","Exclude personal names, owner/applicant/contact data; art inventory licence does not clear artwork reproduction; modified date is not refresh frequency.","https://dpcd-coaplangis.opendata.arcgis.com;https://www.arcgis.com/home/item.html?id=fc48f62186ad47fca751480807c8f3fb;https://www.arcgis.com/sharing/rest/content/items/fc48f62186ad47fca751480807c8f3fb?f=json","2026-10-07","https://www2.census.gov/programs-surveys/popest/datasets/2020-2025/metro/totals/cbsa-est2025-alldata.csv"
"Atlanta","6","https://dpcd-coaplangis.opendata.arcgis.com","Arc GIS Hub","Dataset-specific; see declaration/terms. No universal redistribution grant inferred.","https://dpcd-coaplangis.opendata.arcgis.com","9","Impervious Parking Lots","https://www.arcgis.com/home/item.html?id=7b61099a73764536ae33e56bf2bc456c","Central jurisdiction only; not the whole metro; item-specific extent verify","2018 study; refreshunclear","unclear","unclear","unclear","unclear","unclear; public access observed without a published tariff","Public catalogue/API or linked service/download; exact export method/key/limits item-specific, unclear unless metadata specifies","unclear; Arc GIS reference-item bytes are not dataset download size","Design proposal: Impervious Parking Lots supplies physical geometry/attributes; use non-personal fields only","Exclude personal names, owner/applicant/contact data; art inventory licence does not clear artwork reproduction; modified date is not refresh frequency.","https://dpcd-coaplangis.opendata.arcgis.com;https://www.arcgis.com/home/item.html?id=7b61099a73764536ae33e56bf2bc456c;https://www.arcgis.com/sharing/rest/content/items/7b61099a73764536ae33e56bf2bc456c?f=json","2026-10-07","https://www2.census.gov/programs-surveys/popest/datasets/2020-2025/metro/totals/cbsa-est2025-alldata.csv"
"Atlanta","6","https://dpcd-coaplangis.opendata.arcgis.com","Arc GIS Hub","Dataset-specific; see declaration/terms. No universal redistribution grant inferred.","https://dpcd-coaplangis.opendata.arcgis.com","10","Love Our Places Bike Data","https://www.arcgis.com/home/item.html?id=f329dd38400841fc83b579019335c8aa","Central jurisdiction only; not the whole metro; item-specific extent verify","unclear","unclear","unclear","unclear","unclear","unclear; public access observed without a published tariff","Public catalogue/API or linked service/download; exact export method/key/limits item-specific, unclear unless metadata specifies","unclear; Arc GIS reference-item bytes are not dataset download size","Design proposal: Love Our Places Bike Data supplies physical geometry/attributes; use non-personal fields only","Exclude personal names, owner/applicant/contact data; art inventory licence does not clear artwork reproduction; modified date is not refresh frequency.","https://dpcd-coaplangis.opendata.arcgis.com;https://www.arcgis.com/home/item.html?id=f329dd38400841fc83b579019335c8aa;https://www.arcgis.com/sharing/rest/content/items/f329dd38400841fc83b579019335c8aa?f=json","2026-10-07","https://www2.census.gov/programs-surveys/popest/datasets/2020-2025/metro/totals/cbsa-est2025-alldata.csv"
"Washington DC","7","https://opendata.dc.gov","Arc GIS Hub","Dataset-specific; see declaration/terms. No universal redistribution grant inferred.","https://opendata.dc.gov","1","Building Footprints","https://www.arcgis.com/home/item.html?id=a657b34942564aa8b06f293cb0934cbd","District of Columbia only; excludes Maryland/Virginia","unclear","CC-BY 4.0","Attribution licence permits commercial use; exact version/item exceptions verify","Permitted subject to licence credit/notices; version verify","DC responsible agency/dataset + CC BY 4.0 licence link + change indication; see item credits","unclear; public access observed without a published tariff","Public catalogue/API or linked service/download; exact export method/key/limits item-specific, unclear unless metadata specifies","unclear; Arc GIS reference-item bytes are not dataset download size","Design proposal: Building Footprints supplies physical geometry/attributes; use non-personal fields only","Exclude personal names, owner/applicant/contact data; art inventory licence does not clear artwork reproduction; modified date is not refresh frequency.","https://opendata.dc.gov;https://www.arcgis.com/home/item.html?id=a657b34942564aa8b06f293cb0934cbd;https://www.arcgis.com/sharing/rest/content/items/a657b34942564aa8b06f293cb0934cbd?f=json;https://creativecommons.org/licenses/by/4.0/","2026-10-07","https://www2.census.gov/programs-surveys/popest/datasets/2020-2025/metro/totals/cbsa-est2025-alldata.csv"
"Washington DC","7","https://opendata.dc.gov","Arc GIS Hub","Dataset-specific; see declaration/terms. No universal redistribution grant inferred.","https://opendata.dc.gov","2","Urban Forestry Street Trees","https://www.arcgis.com/home/item.html?id=f6c3c04113944f23a7993f2e603abaf2","District of Columbia only; excludes Maryland/Virginia","unclear","CC-BY 4.0","Attribution licence permits commercial use; exact version/item exceptions verify","Permitted subject to licence credit/notices; version verify","DC responsible agency/dataset + CC BY 4.0 licence link + change indication; see item credits","unclear; public access observed without a published tariff","Public catalogue/API or linked service/download; exact export method/key/limits item-specific, unclear unless metadata specifies","unclear; Arc GIS reference-item bytes are not dataset download size","Design proposal: Urban Forestry Street Trees supplies physical geometry/attributes; use non-personal fields only","Exclude personal names, owner/applicant/contact data; art inventory licence does not clear artwork reproduction; modified date is not refresh frequency.","https://opendata.dc.gov;https://www.arcgis.com/home/item.html?id=f6c3c04113944f23a7993f2e603abaf2;https://www.arcgis.com/sharing/rest/content/items/f6c3c04113944f23a7993f2e603abaf2?f=json;https://creativecommons.org/licenses/by/4.0/","2026-10-07","https://www2.census.gov/programs-surveys/popest/datasets/2020-2025/metro/totals/cbsa-est2025-alldata.csv"
"Washington DC","7","https://opendata.dc.gov","Arc GIS Hub","Dataset-specific; see declaration/terms. No universal redistribution grant inferred.","https://opendata.dc.gov","3","Sidewalks","https://www.arcgis.com/home/item.html?id=2347fa1f3fd9412dbf11aa6441ddca8b","District of Columbia only; excludes Maryland/Virginia","unclear","CC-BY 4.0","Attribution licence permits commercial use; exact version/item exceptions verify","Permitted subject to licence credit/notices; version verify","DC responsible agency/dataset + CC BY 4.0 licence link + change indication; see item credits","unclear; public access observed without a published tariff","Public catalogue/API or linked service/download; exact export method/key/limits item-specific, unclear unless metadata specifies","unclear; Arc GIS reference-item bytes are not dataset download size","Design proposal: Sidewalks supplies physical geometry/attributes; use non-personal fields only","Exclude personal names, owner/applicant/contact data; art inventory licence does not clear artwork reproduction; modified date is not refresh frequency.","https://opendata.dc.gov;https://www.arcgis.com/home/item.html?id=2347fa1f3fd9412dbf11aa6441ddca8b;https://www.arcgis.com/sharing/rest/content/items/2347fa1f3fd9412dbf11aa6441ddca8b?f=json;https://creativecommons.org/licenses/by/4.0/","2026-10-07","https://www2.census.gov/programs-surveys/popest/datasets/2020-2025/metro/totals/cbsa-est2025-alldata.csv"
"Washington DC","7","https://opendata.dc.gov","Arc GIS Hub","Dataset-specific; see declaration/terms. No universal redistribution grant inferred.","https://opendata.dc.gov","4","Curbs","https://www.arcgis.com/home/item.html?id=36e2f3b0b35646539ea57290eb4bd771","District of Columbia only; excludes Maryland/Virginia","unclear","CC-BY 4.0","Attribution licence permits commercial use; exact version/item exceptions verify","Permitted subject to licence credit/notices; version verify","DC responsible agency/dataset + CC BY 4.0 licence link + change indication; see item credits","unclear; public access observed without a published tariff","Public catalogue/API or linked service/download; exact export method/key/limits item-specific, unclear unless metadata specifies","unclear; Arc GIS reference-item bytes are not dataset download size","Design proposal: Curbs supplies physical geometry/attributes; use non-personal fields only","Exclude personal names, owner/applicant/contact data; art inventory licence does not clear artwork reproduction; modified date is not refresh frequency.","https://opendata.dc.gov;https://www.arcgis.com/home/item.html?id=36e2f3b0b35646539ea57290eb4bd771;https://www.arcgis.com/sharing/rest/content/items/36e2f3b0b35646539ea57290eb4bd771?f=json;https://creativecommons.org/licenses/by/4.0/","2026-10-07","https://www2.census.gov/programs-surveys/popest/datasets/2020-2025/metro/totals/cbsa-est2025-alldata.csv"
"Washington DC","7","https://opendata.dc.gov","Arc GIS Hub","Dataset-specific; see declaration/terms. No universal redistribution grant inferred.","https://opendata.dc.gov","5","Street Lights","https://www.arcgis.com/home/item.html?id=6cb6520725b0489d9a209a337818fad1","District of Columbia only; excludes Maryland/Virginia","unclear","CC-BY 4.0","Attribution licence permits commercial use; exact version/item exceptions verify","Permitted subject to licence credit/notices; version verify","DC responsible agency/dataset + CC BY 4.0 licence link + change indication; see item credits","unclear; public access observed without a published tariff","Public catalogue/API or linked service/download; exact export method/key/limits item-specific, unclear unless metadata specifies","unclear; Arc GIS reference-item bytes are not dataset download size","Design proposal: Street Lights supplies physical geometry/attributes; use non-personal fields only","Exclude personal names, owner/applicant/contact data; art inventory licence does not clear artwork reproduction; modified date is not refresh frequency.","https://opendata.dc.gov;https://www.arcgis.com/home/item.html?id=6cb6520725b0489d9a209a337818fad1;https://www.arcgis.com/sharing/rest/content/items/6cb6520725b0489d9a209a337818fad1?f=json;https://creativecommons.org/licenses/by/4.0/","2026-10-07","https://www2.census.gov/programs-surveys/popest/datasets/2020-2025/metro/totals/cbsa-est2025-alldata.csv"
"Washington DC","7","https://opendata.dc.gov","Arc GIS Hub","Dataset-specific; see declaration/terms. No universal redistribution grant inferred.","https://opendata.dc.gov","6","Fire Hydrants","https://www.arcgis.com/home/item.html?id=01d0ff375695466d93d1fa2a976e2bdd","District of Columbia only; excludes Maryland/Virginia","unclear","CC-BY 4.0","Attribution licence permits commercial use; exact version/item exceptions verify","Permitted subject to licence credit/notices; version verify","DC responsible agency/dataset + CC BY 4.0 licence link + change indication; see item credits","unclear; public access observed without a published tariff","Public catalogue/API or linked service/download; exact export method/key/limits item-specific, unclear unless metadata specifies","unclear; Arc GIS reference-item bytes are not dataset download size","Design proposal: Fire Hydrants supplies physical geometry/attributes; use non-personal fields only","Exclude personal names, owner/applicant/contact data; art inventory licence does not clear artwork reproduction; modified date is not refresh frequency.","https://opendata.dc.gov;https://www.arcgis.com/home/item.html?id=01d0ff375695466d93d1fa2a976e2bdd;https://www.arcgis.com/sharing/rest/content/items/01d0ff375695466d93d1fa2a976e2bdd?f=json;https://creativecommons.org/licenses/by/4.0/","2026-10-07","https://www2.census.gov/programs-surveys/popest/datasets/2020-2025/metro/totals/cbsa-est2025-alldata.csv"
"Washington DC","7","https://opendata.dc.gov","Arc GIS Hub","Dataset-specific; see declaration/terms. No universal redistribution grant inferred.","https://opendata.dc.gov","7","Zoning Boundaries","https://www.arcgis.com/home/item.html?id=fd7c1d709bca4a9295b6fa5ec7d62446","District of Columbia only; excludes Maryland/Virginia","Aftercommissionamendments","CC-BY 4.0","Attribution licence permits commercial use; exact version/item exceptions verify","Permitted subject to licence credit/notices; version verify","DC responsible agency/dataset + CC BY 4.0 licence link + change indication; see item credits","unclear; public access observed without a published tariff","Public catalogue/API or linked service/download; exact export method/key/limits item-specific, unclear unless metadata specifies","unclear; Arc GIS reference-item bytes are not dataset download size","Design proposal: Zoning Boundaries supplies physical geometry/attributes; use non-personal fields only","Exclude personal names, owner/applicant/contact data; art inventory licence does not clear artwork reproduction; modified date is not refresh frequency.","https://opendata.dc.gov;https://www.arcgis.com/home/item.html?id=fd7c1d709bca4a9295b6fa5ec7d62446;https://www.arcgis.com/sharing/rest/content/items/fd7c1d709bca4a9295b6fa5ec7d62446?f=json;https://creativecommons.org/licenses/by/4.0/","2026-10-07","https://www2.census.gov/programs-surveys/popest/datasets/2020-2025/metro/totals/cbsa-est2025-alldata.csv"
"Washington DC","7","https://opendata.dc.gov","Arc GIS Hub","Dataset-specific; see declaration/terms. No universal redistribution grant inferred.","https://opendata.dc.gov","8","Parks and Recreation Areas","https://www.arcgis.com/home/item.html?id=287eaa2ecbff4d699762bbc6795ffdca","District of Columbia only; excludes Maryland/Virginia","unclear","CC-BY 4.0","Attribution licence permits commercial use; exact version/item exceptions verify","Permitted subject to licence credit/notices; version verify","DC responsible agency/dataset + CC BY 4.0 licence link + change indication; see item credits","unclear; public access observed without a published tariff","Public catalogue/API or linked service/download; exact export method/key/limits item-specific, unclear unless metadata specifies","unclear; Arc GIS reference-item bytes are not dataset download size","Design proposal: Parks and Recreation Areas supplies physical geometry/attributes; use non-personal fields only","Exclude personal names, owner/applicant/contact data; art inventory licence does not clear artwork reproduction; modified date is not refresh frequency.","https://opendata.dc.gov;https://www.arcgis.com/home/item.html?id=287eaa2ecbff4d699762bbc6795ffdca;https://www.arcgis.com/sharing/rest/content/items/287eaa2ecbff4d699762bbc6795ffdca?f=json;https://creativecommons.org/licenses/by/4.0/","2026-10-07","https://www2.census.gov/programs-surveys/popest/datasets/2020-2025/metro/totals/cbsa-est2025-alldata.csv"
"Washington DC","7","https://opendata.dc.gov","Arc GIS Hub","Dataset-specific; see declaration/terms. No universal redistribution grant inferred.","https://opendata.dc.gov","9","Building Permits 2025","https://www.arcgis.com/home/item.html?id=4aeaaa42c5e04b58b87f07e4511766c1","District of Columbia only; excludes Maryland/Virginia","unclear","CC-BY 4.0","Attribution licence permits commercial use; exact version/item exceptions verify","Permitted subject to licence credit/notices; version verify","DC responsible agency/dataset + CC BY 4.0 licence link + change indication; see item credits","unclear; public access observed without a published tariff","Public catalogue/API or linked service/download; exact export method/key/limits item-specific, unclear unless metadata specifies","unclear; Arc GIS reference-item bytes are not dataset download size","Design proposal: Building Permits 2025 supplies physical geometry/attributes; use non-personal fields only","Exclude personal names, owner/applicant/contact data; art inventory licence does not clear artwork reproduction; modified date is not refresh frequency.","https://opendata.dc.gov;https://www.arcgis.com/home/item.html?id=4aeaaa42c5e04b58b87f07e4511766c1;https://www.arcgis.com/sharing/rest/content/items/4aeaaa42c5e04b58b87f07e4511766c1?f=json;https://creativecommons.org/licenses/by/4.0/","2026-10-07","https://www2.census.gov/programs-surveys/popest/datasets/2020-2025/metro/totals/cbsa-est2025-alldata.csv"
"Washington DC","7","https://opendata.dc.gov","Arc GIS Hub","Dataset-specific; see declaration/terms. No universal redistribution grant inferred.","https://opendata.dc.gov","10","Bike Trails","https://www.arcgis.com/home/item.html?id=e8c2b7ef54fb43d9a2ed1b0b75d0a14d","District of Columbia only; excludes Maryland/Virginia","unclear","CC-BY 4.0","Attribution licence permits commercial use; exact version/item exceptions verify","Permitted subject to licence credit/notices; version verify","DC responsible agency/dataset + CC BY 4.0 licence link + change indication; see item credits","unclear; public access observed without a published tariff","Public catalogue/API or linked service/download; exact export method/key/limits item-specific, unclear unless metadata specifies","unclear; Arc GIS reference-item bytes are not dataset download size","Design proposal: Bike Trails supplies physical geometry/attributes; use non-personal fields only","Exclude personal names, owner/applicant/contact data; art inventory licence does not clear artwork reproduction; modified date is not refresh frequency.","https://opendata.dc.gov;https://www.arcgis.com/home/item.html?id=e8c2b7ef54fb43d9a2ed1b0b75d0a14d;https://www.arcgis.com/sharing/rest/content/items/e8c2b7ef54fb43d9a2ed1b0b75d0a14d?f=json;https://creativecommons.org/licenses/by/4.0/","2026-10-07","https://www2.census.gov/programs-surveys/popest/datasets/2020-2025/metro/totals/cbsa-est2025-alldata.csv"
"Miami–Fort Lauderdale–West Palm Beach","8","https://opendata.miamidade.gov","Arc GIS Hub","Dataset-specific; see declaration/terms. No universal redistribution grant inferred.","https://wwwx.miamidade.gov/global/service.page?Mduid_service=ser1495571905689513","1","Building Footprint 2 D","https://www.arcgis.com/home/item.html?id=d511e9ebc5aa4f49a23ff5fa2fb99786","Miami-Dade County/program-specific; excludes Broward and Palm Beach","Unknown","unclear","unclear","unclear","unclear","Official portal reports free data access; third-party rights separate","Public catalogue/API or linked service/download; exact export method/key/limits item-specific, unclear unless metadata specifies","Hosteditem 697155584 bytes; not ZIP","Design proposal: Building Footprint 2 D supplies physical geometry/attributes; use non-personal fields only","Exclude personal names, owner/applicant/contact data; art inventory licence does not clear artwork reproduction; modified date is not refresh frequency.","https://opendata.miamidade.gov;https://www.arcgis.com/home/item.html?id=d511e9ebc5aa4f49a23ff5fa2fb99786;https://www.arcgis.com/sharing/rest/content/items/d511e9ebc5aa4f49a23ff5fa2fb99786?f=json;https://wwwx.miamidade.gov/global/service.page?Mduid_service=ser1495571905689513","2026-10-07","https://www2.census.gov/programs-surveys/popest/datasets/2020-2025/metro/totals/cbsa-est2025-alldata.csv"
"Miami–Fort Lauderdale–West Palm Beach","8","https://opendata.miamidade.gov","Arc GIS Hub","Dataset-specific; see declaration/terms. No universal redistribution grant inferred.","https://wwwx.miamidade.gov/global/service.page?Mduid_service=ser1495571905689513","2","Parcels","https://www.arcgis.com/home/item.html?id=347bce97227c4b54b04a3e626b558950","Miami-Dade County/program-specific; excludes Broward and Palm Beach","Weekly Saturday","unclear","unclear","unclear","unclear","Official portal reports free data access; third-party rights separate","Public catalogue/API or linked service/download; exact export method/key/limits item-specific, unclear unless metadata specifies","Hosteditem 478396416 bytes; not ZIP","Design proposal: Parcels supplies physical geometry/attributes; use non-personal fields only","Exclude personal names, owner/applicant/contact data; art inventory licence does not clear artwork reproduction; modified date is not refresh frequency.","https://opendata.miamidade.gov;https://www.arcgis.com/home/item.html?id=347bce97227c4b54b04a3e626b558950;https://www.arcgis.com/sharing/rest/content/items/347bce97227c4b54b04a3e626b558950?f=json;https://wwwx.miamidade.gov/global/service.page?Mduid_service=ser1495571905689513","2026-10-07","https://www2.census.gov/programs-surveys/popest/datasets/2020-2025/metro/totals/cbsa-est2025-alldata.csv"
"Miami–Fort Lauderdale–West Palm Beach","8","https://opendata.miamidade.gov","Arc GIS Hub","Dataset-specific; see declaration/terms. No universal redistribution grant inferred.","https://wwwx.miamidade.gov/global/service.page?Mduid_service=ser1495571905689513","3","Sidewalks","https://www.arcgis.com/home/item.html?id=3b8f8359b0aa4fc08702da57a384d6e9","County-owned/maintainedroads only","2008–2010; Updates Not Planned","unclear","unclear","unclear","unclear","Official portal reports free data access; third-party rights separate","Public catalogue/API or linked service/download; exact export method/key/limits item-specific, unclear unless metadata specifies","Hosteditem 55296000 bytes","Design proposal: Sidewalks supplies physical geometry/attributes; use non-personal fields only","Exclude personal names, owner/applicant/contact data; art inventory licence does not clear artwork reproduction; modified date is not refresh frequency.","https://opendata.miamidade.gov;https://www.arcgis.com/home/item.html?id=3b8f8359b0aa4fc08702da57a384d6e9;https://www.arcgis.com/sharing/rest/content/items/3b8f8359b0aa4fc08702da57a384d6e9?f=json;https://wwwx.miamidade.gov/global/service.page?Mduid_service=ser1495571905689513","2026-10-07","https://www2.census.gov/programs-surveys/popest/datasets/2020-2025/metro/totals/cbsa-est2025-alldata.csv"
"Miami–Fort Lauderdale–West Palm Beach","8","https://opendata.miamidade.gov","Arc GIS Hub","Dataset-specific; see declaration/terms. No universal redistribution grant inferred.","https://wwwx.miamidade.gov/global/service.page?Mduid_service=ser1495571905689513","4","County Zoning","https://www.arcgis.com/home/item.html?id=69bda17d8d1f48e58268103aebf86546","Miami-Dade County/program-specific; excludes Broward and Palm Beach","Weekly Saturday","unclear","unclear","unclear","unclear","Official portal reports free data access; third-party rights separate","Public catalogue/API or linked service/download; exact export method/key/limits item-specific, unclear unless metadata specifies","Hosteditem 6356992 bytes","Design proposal: County Zoning supplies physical geometry/attributes; use non-personal fields only","Exclude personal names, owner/applicant/contact data; art inventory licence does not clear artwork reproduction; modified date is not refresh frequency.","https://opendata.miamidade.gov;https://www.arcgis.com/home/item.html?id=69bda17d8d1f48e58268103aebf86546;https://www.arcgis.com/sharing/rest/content/items/69bda17d8d1f48e58268103aebf86546?f=json;https://wwwx.miamidade.gov/global/service.page?Mduid_service=ser1495571905689513","2026-10-07","https://www2.census.gov/programs-surveys/popest/datasets/2020-2025/metro/totals/cbsa-est2025-alldata.csv"
"Miami–Fort Lauderdale–West Palm Beach","8","https://opendata.miamidade.gov","Arc GIS Hub","Dataset-specific; see declaration/terms. No universal redistribution grant inferred.","https://wwwx.miamidade.gov/global/service.page?Mduid_service=ser1495571905689513","5","Municipal Park Boundary","https://www.arcgis.com/home/item.html?id=16fe02a1defa45b28bf14a29fb5f0428","Miami-Dade County/program-specific; excludes Broward and Palm Beach","Bi-Annually meaningunclear","unclear","unclear","unclear","unclear","Official portal reports free data access; third-party rights separate","Public catalogue/API or linked service/download; exact export method/key/limits item-specific, unclear unless metadata specifies","Hosteditem 1146880 bytes","Design proposal: Municipal Park Boundary supplies physical geometry/attributes; use non-personal fields only","Exclude personal names, owner/applicant/contact data; art inventory licence does not clear artwork reproduction; modified date is not refresh frequency.","https://opendata.miamidade.gov;https://www.arcgis.com/home/item.html?id=16fe02a1defa45b28bf14a29fb5f0428;https://www.arcgis.com/sharing/rest/content/items/16fe02a1defa45b28bf14a29fb5f0428?f=json;https://wwwx.miamidade.gov/global/service.page?Mduid_service=ser1495571905689513","2026-10-07","https://www2.census.gov/programs-surveys/popest/datasets/2020-2025/metro/totals/cbsa-est2025-alldata.csv"
"Miami–Fort Lauderdale–West Palm Beach","8","https://opendata.miamidade.gov","Arc GIS Hub","Dataset-specific; see declaration/terms. No universal redistribution grant inferred.","https://wwwx.miamidade.gov/global/service.page?Mduid_service=ser1495571905689513","6","Urban Tree Canopy GDB","https://www.arcgis.com/home/item.html?id=c96894abcb334f4e8a265b42108f9423","Miami-Dade County/program-specific; excludes Broward and Palm Beach","unclear","unclear","unclear","unclear","unclear","Official portal reports free data access; third-party rights separate","Public catalogue/API or linked service/download; exact export method/key/limits item-specific, unclear unless metadata specifies","Hosteditem 402079744 bytes","Design proposal: Urban Tree Canopy GDB supplies physical geometry/attributes; use non-personal fields only","Remote canopy; no species","https://opendata.miamidade.gov;https://www.arcgis.com/home/item.html?id=c96894abcb334f4e8a265b42108f9423;https://www.arcgis.com/sharing/rest/content/items/c96894abcb334f4e8a265b42108f9423?f=json;https://wwwx.miamidade.gov/global/service.page?Mduid_service=ser1495571905689513","2026-10-07","https://www2.census.gov/programs-surveys/popest/datasets/2020-2025/metro/totals/cbsa-est2025-alldata.csv"
"Miami–Fort Lauderdale–West Palm Beach","8","https://opendata.miamidade.gov","Arc GIS Hub","Dataset-specific; see declaration/terms. No universal redistribution grant inferred.","https://wwwx.miamidade.gov/global/service.page?Mduid_service=ser1495571905689513","7","Neighborhood Street Tree Survey","https://www.arcgis.com/home/item.html?id=6ea698f43c474ecca0b042988686b7c6","Miami-Dade County/program-specific; excludes Broward and Palm Beach","unclear","unclear","unclear","unclear","unclear","Official portal reports free data access; third-party rights separate","Public catalogue/API or linked service/download; exact export method/key/limits item-specific, unclear unless metadata specifies","Hosteditem 5251072 bytes","Design proposal: Neighborhood Street Tree Survey supplies physical geometry/attributes; use non-personal fields only","Surveyextent/species/privacy verify","https://opendata.miamidade.gov;https://www.arcgis.com/home/item.html?id=6ea698f43c474ecca0b042988686b7c6;https://www.arcgis.com/sharing/rest/content/items/6ea698f43c474ecca0b042988686b7c6?f=json;https://wwwx.miamidade.gov/global/service.page?Mduid_service=ser1495571905689513","2026-10-07","https://www2.census.gov/programs-surveys/popest/datasets/2020-2025/metro/totals/cbsa-est2025-alldata.csv"
"Miami–Fort Lauderdale–West Palm Beach","8","https://opendata.miamidade.gov","Arc GIS Hub","Dataset-specific; see declaration/terms. No universal redistribution grant inferred.","https://wwwx.miamidade.gov/global/service.page?Mduid_service=ser1495571905689513","8","Park Finder","https://www.arcgis.com/home/item.html?id=53ab2e1dc49c44c7a8cf8320e8f9adf4","Miami-Dade County/program-specific; excludes Broward and Palm Beach","unclear","unclear","unclear","unclear","unclear","Official portal reports free data access; third-party rights separate","Public catalogue/API or linked service/download; exact export method/key/limits item-specific, unclear unless metadata specifies","Hosteditem 71606272 bytes","Design proposal: Park Finder supplies physical geometry/attributes; use non-personal fields only","Photos have separate rights","https://opendata.miamidade.gov;https://www.arcgis.com/home/item.html?id=53ab2e1dc49c44c7a8cf8320e8f9adf4;https://www.arcgis.com/sharing/rest/content/items/53ab2e1dc49c44c7a8cf8320e8f9adf4?f=json;https://wwwx.miamidade.gov/global/service.page?Mduid_service=ser1495571905689513","2026-10-07","https://www2.census.gov/programs-surveys/popest/datasets/2020-2025/metro/totals/cbsa-est2025-alldata.csv"
"Miami–Fort Lauderdale–West Palm Beach","8","https://opendata.miamidade.gov","Arc GIS Hub","Dataset-specific; see declaration/terms. No universal redistribution grant inferred.","https://wwwx.miamidade.gov/global/service.page?Mduid_service=ser1495571905689513","9","Art in Public Places collection","https://miamidadepublicart.org/app/art/collection.page","Miami-Dade County/program-specific; excludes Broward and Palm Beach","unclear","unclear","unclear","unclear","unclear","Official portal reports free data access; third-party rights separate","Public catalogue/API or linked service/download; exact export method/key/limits item-specific, unclear unless metadata specifies","unclear","Design proposal: Art in Public Places collection supplies physical geometry/attributes; use non-personal fields only","Official non-ArcGIS catalogue https://miamidadepublicart.org/app/art/collection.page; artworkrightsseparate","https://opendata.miamidade.gov;https://miamidadepublicart.org/app/art/collection.page","2026-10-07","https://www2.census.gov/programs-surveys/popest/datasets/2020-2025/metro/totals/cbsa-est2025-alldata.csv"
"Miami–Fort Lauderdale–West Palm Beach","8","https://opendata.miamidade.gov","Arc GIS Hub","Dataset-specific; see declaration/terms. No universal redistribution grant inferred.","https://wwwx.miamidade.gov/global/service.page?Mduid_service=ser1495571905689513","10","County Park Boundary","https://www.arcgis.com/home/item.html?id=c50698a147e144b18621fcf6a072eb78","Miami-Dade County/program-specific; excludes Broward and Palm Beach","unclear","unclear","unclear","unclear","unclear","Official portal reports free data access; third-party rights separate","Public Arc GIS item/service; export/key unclear","unclear","Design proposal: County GIS catalogue / permits selection supplies physical geometry/attributes; use non-personal fields only","County inventory only; licence/frequency unclear","https://www.arcgis.com/sharing/rest/content/items/c50698a147e144b18621fcf6a072eb78?f=json","2026-10-07","https://www2.census.gov/programs-surveys/popest/datasets/2020-2025/metro/totals/cbsa-est2025-alldata.csv"
"Philadelphia","9","https://phl.maps.arcgis.com","City Arc GIS Online + official directory","Dataset-specific; see declaration/terms. No universal redistribution grant inferred.","https://www.phila.gov/departments/office-of-innovation-and-technology/resources/open-data-applications/","1","Building footprints","https://www.arcgis.com/home/item.html?id=83fd50fdc0704488b58ea76e706ec0d7","Central jurisdiction only; not the whole metro; item-specific extent verify","unclear","unclear; as-is","unclear","unclear","unclear","unclear; public access observed without a published tariff","Public catalogue/API or linked service/download; exact export method/key/limits item-specific, unclear unless metadata specifies","unclear; Arc GIS reference-item bytes are not dataset download size","Design proposal: Building footprints supplies physical geometry/attributes; use non-personal fields only","Exclude personal names, owner/applicant/contact data; art inventory licence does not clear artwork reproduction; modified date is not refresh frequency.","https://phl.maps.arcgis.com;https://www.arcgis.com/home/item.html?id=83fd50fdc0704488b58ea76e706ec0d7;https://www.arcgis.com/sharing/rest/content/items/83fd50fdc0704488b58ea76e706ec0d7?f=json;https://www.phila.gov/departments/office-of-innovation-and-technology/resources/open-data-applications/","2026-10-07","https://www2.census.gov/programs-surveys/popest/datasets/2020-2025/metro/totals/cbsa-est2025-alldata.csv"
"Philadelphia","9","https://phl.maps.arcgis.com","City Arc GIS Online + official directory","Dataset-specific; see declaration/terms. No universal redistribution grant inferred.","https://www.phila.gov/departments/office-of-innovation-and-technology/resources/open-data-applications/","2","Bike Network","https://www.arcgis.com/home/item.html?id=b5f660b9f0f44ced915995b6d49f6385","Central jurisdiction only; not the whole metro; item-specific extent verify","unclear","unclear; as-is","unclear","unclear","unclear","unclear; public access observed without a published tariff","Public catalogue/API or linked service/download; exact export method/key/limits item-specific, unclear unless metadata specifies","unclear; Arc GIS reference-item bytes are not dataset download size","Design proposal: Bike Network supplies physical geometry/attributes; use non-personal fields only","Exclude personal names, owner/applicant/contact data; art inventory licence does not clear artwork reproduction; modified date is not refresh frequency.","https://phl.maps.arcgis.com;https://www.arcgis.com/home/item.html?id=b5f660b9f0f44ced915995b6d49f6385;https://www.arcgis.com/sharing/rest/content/items/b5f660b9f0f44ced915995b6d49f6385?f=json;https://www.phila.gov/departments/office-of-innovation-and-technology/resources/open-data-applications/","2026-10-07","https://www2.census.gov/programs-surveys/popest/datasets/2020-2025/metro/totals/cbsa-est2025-alldata.csv"
"Philadelphia","9","https://phl.maps.arcgis.com","City Arc GIS Online + official directory","Dataset-specific; see declaration/terms. No universal redistribution grant inferred.","https://www.phila.gov/departments/office-of-innovation-and-technology/resources/open-data-applications/","3","PPR tree inventory 2024","https://www.arcgis.com/home/item.html?id=503632092a0741bb92fbcde496722691","Central jurisdiction only; not the whole metro; item-specific extent verify","2024 snapshot","unclear; as-is","unclear","unclear","unclear","unclear; public access observed without a published tariff","Public catalogue/API or linked service/download; exact export method/key/limits item-specific, unclear unless metadata specifies","unclear; Arc GIS reference-item bytes are not dataset download size","Design proposal: PPR tree inventory 2024 supplies physical geometry/attributes; use non-personal fields only","Exclude personal names, owner/applicant/contact data; art inventory licence does not clear artwork reproduction; modified date is not refresh frequency.","https://phl.maps.arcgis.com;https://www.arcgis.com/home/item.html?id=503632092a0741bb92fbcde496722691;https://www.arcgis.com/sharing/rest/content/items/503632092a0741bb92fbcde496722691?f=json;https://www.phila.gov/departments/office-of-innovation-and-technology/resources/open-data-applications/","2026-10-07","https://www2.census.gov/programs-surveys/popest/datasets/2020-2025/metro/totals/cbsa-est2025-alldata.csv"
"Philadelphia","9","https://phl.maps.arcgis.com","City Arc GIS Online + official directory","Dataset-specific; see declaration/terms. No universal redistribution grant inferred.","https://www.phila.gov/departments/office-of-innovation-and-technology/resources/open-data-applications/","4","Curblines","https://www.arcgis.com/home/item.html?id=601e57cbc953459489670237f97173e6","Central jurisdiction only; not the whole metro; item-specific extent verify","unclear","unclear; as-is","unclear","unclear","unclear","unclear; public access observed without a published tariff","Public catalogue/API or linked service/download; exact export method/key/limits item-specific, unclear unless metadata specifies","unclear; Arc GIS reference-item bytes are not dataset download size","Design proposal: Curblines supplies physical geometry/attributes; use non-personal fields only","Exclude personal names, owner/applicant/contact data; art inventory licence does not clear artwork reproduction; modified date is not refresh frequency.","https://phl.maps.arcgis.com;https://www.arcgis.com/home/item.html?id=601e57cbc953459489670237f97173e6;https://www.arcgis.com/sharing/rest/content/items/601e57cbc953459489670237f97173e6?f=json;https://www.phila.gov/departments/office-of-innovation-and-technology/resources/open-data-applications/","2026-10-07","https://www2.census.gov/programs-surveys/popest/datasets/2020-2025/metro/totals/cbsa-est2025-alldata.csv"
"Philadelphia","9","https://phl.maps.arcgis.com","City Arc GIS Online + official directory","Dataset-specific; see declaration/terms. No universal redistribution grant inferred.","https://www.phila.gov/departments/office-of-innovation-and-technology/resources/open-data-applications/","5","PPR Parks","https://www.arcgis.com/home/item.html?id=86eedb61874843d0b822e9dea3a74839","Central jurisdiction only; not the whole metro; item-specific extent verify","unclear","unclear","unclear","unclear","unclear","unclear; public access observed without a published tariff","Public catalogue/API or linked service/download; exact export method/key/limits item-specific, unclear unless metadata specifies","unclear; Arc GIS reference-item bytes are not dataset download size","Design proposal: PPR Parks supplies physical geometry/attributes; use non-personal fields only","Exclude personal names, owner/applicant/contact data; art inventory licence does not clear artwork reproduction; modified date is not refresh frequency.","https://phl.maps.arcgis.com;https://www.arcgis.com/home/item.html?id=86eedb61874843d0b822e9dea3a74839;https://www.arcgis.com/sharing/rest/content/items/86eedb61874843d0b822e9dea3a74839?f=json;https://www.phila.gov/departments/office-of-innovation-and-technology/resources/open-data-applications/","2026-10-07","https://www2.census.gov/programs-surveys/popest/datasets/2020-2025/metro/totals/cbsa-est2025-alldata.csv"
"Philadelphia","9","https://phl.maps.arcgis.com","City Arc GIS Online + official directory","Dataset-specific; see declaration/terms. No universal redistribution grant inferred.","https://www.phila.gov/departments/office-of-innovation-and-technology/resources/open-data-applications/","6","Percent for Art","https://www.arcgis.com/home/item.html?id=1010b6a35688487589d08e00c99c0dbc","Central jurisdiction only; not the whole metro; item-specific extent verify","unclear","unclear; artcopyrightseparate","unclear","unclear","unclear","unclear; public access observed without a published tariff","Public catalogue/API or linked service/download; exact export method/key/limits item-specific, unclear unless metadata specifies","unclear; Arc GIS reference-item bytes are not dataset download size","Design proposal: Percent for Art supplies physical geometry/attributes; use non-personal fields only","Exclude personal names, owner/applicant/contact data; art inventory licence does not clear artwork reproduction; modified date is not refresh frequency.","https://phl.maps.arcgis.com;https://www.arcgis.com/home/item.html?id=1010b6a35688487589d08e00c99c0dbc;https://www.arcgis.com/sharing/rest/content/items/1010b6a35688487589d08e00c99c0dbc?f=json;https://www.phila.gov/departments/office-of-innovation-and-technology/resources/open-data-applications/","2026-10-07","https://www2.census.gov/programs-surveys/popest/datasets/2020-2025/metro/totals/cbsa-est2025-alldata.csv"
"Philadelphia","9","https://phl.maps.arcgis.com","City Arc GIS Online + official directory","Dataset-specific; see declaration/terms. No universal redistribution grant inferred.","https://www.phila.gov/departments/office-of-innovation-and-technology/resources/open-data-applications/","7","Permits","https://www.arcgis.com/home/item.html?id=7778f8535c744f9b9000c8be95bb6d84","Central jurisdiction only; not the whole metro; item-specific extent verify","unclear","unclear; as-is","unclear","unclear","unclear","unclear; public access observed without a published tariff","Public catalogue/API or linked service/download; exact export method/key/limits item-specific, unclear unless metadata specifies","unclear; Arc GIS reference-item bytes are not dataset download size","Design proposal: Permits supplies physical geometry/attributes; use non-personal fields only","Exclude personal names, owner/applicant/contact data; art inventory licence does not clear artwork reproduction; modified date is not refresh frequency.","https://phl.maps.arcgis.com;https://www.arcgis.com/home/item.html?id=7778f8535c744f9b9000c8be95bb6d84;https://www.arcgis.com/sharing/rest/content/items/7778f8535c744f9b9000c8be95bb6d84?f=json;https://www.phila.gov/departments/office-of-innovation-and-technology/resources/open-data-applications/","2026-10-07","https://www2.census.gov/programs-surveys/popest/datasets/2020-2025/metro/totals/cbsa-est2025-alldata.csv"
"Philadelphia","9","https://phl.maps.arcgis.com","City Arc GIS Online + official directory","Dataset-specific; see declaration/terms. No universal redistribution grant inferred.","https://www.phila.gov/departments/office-of-innovation-and-technology/resources/open-data-applications/","8","Street Centerline","https://www.arcgis.com/home/item.html?id=c36d828494cd44b5bd8b038be696c839","Central jurisdiction only; not the whole metro; item-specific extent verify","unclear","unclear; as-is","unclear","unclear","unclear","unclear; public access observed without a published tariff","Public catalogue/API or linked service/download; exact export method/key/limits item-specific, unclear unless metadata specifies","unclear; Arc GIS reference-item bytes are not dataset download size","Design proposal: Street Centerline supplies physical geometry/attributes; use non-personal fields only","Exclude personal names, owner/applicant/contact data; art inventory licence does not clear artwork reproduction; modified date is not refresh frequency.","https://phl.maps.arcgis.com;https://www.arcgis.com/home/item.html?id=c36d828494cd44b5bd8b038be696c839;https://www.arcgis.com/sharing/rest/content/items/c36d828494cd44b5bd8b038be696c839?f=json;https://www.phila.gov/departments/office-of-innovation-and-technology/resources/open-data-applications/","2026-10-07","https://www2.census.gov/programs-surveys/popest/datasets/2020-2025/metro/totals/cbsa-est2025-alldata.csv"
"Philadelphia","9","https://phl.maps.arcgis.com","City Arc GIS Online + official directory","Dataset-specific; see declaration/terms. No universal redistribution grant inferred.","https://www.phila.gov/departments/office-of-innovation-and-technology/resources/open-data-applications/","9","PWD Parcels","https://www.arcgis.com/home/item.html?id=84baed491de44f539889f2af178ad85c","Central jurisdiction only; not the whole metro; item-specific extent verify","unclear","unclear; as-is","unclear","unclear","unclear","unclear; public access observed without a published tariff","Public catalogue/API or linked service/download; exact export method/key/limits item-specific, unclear unless metadata specifies","unclear; Arc GIS reference-item bytes are not dataset download size","Design proposal: PWD Parcels supplies physical geometry/attributes; use non-personal fields only","Exclude personal names, owner/applicant/contact data; art inventory licence does not clear artwork reproduction; modified date is not refresh frequency.","https://phl.maps.arcgis.com;https://www.arcgis.com/home/item.html?id=84baed491de44f539889f2af178ad85c;https://www.arcgis.com/sharing/rest/content/items/84baed491de44f539889f2af178ad85c?f=json;https://www.phila.gov/departments/office-of-innovation-and-technology/resources/open-data-applications/","2026-10-07","https://www2.census.gov/programs-surveys/popest/datasets/2020-2025/metro/totals/cbsa-est2025-alldata.csv"
"Philadelphia","9","https://phl.maps.arcgis.com","City Arc GIS Online + official directory","Dataset-specific; see declaration/terms. No universal redistribution grant inferred.","https://www.phila.gov/departments/office-of-innovation-and-technology/resources/open-data-applications/","10","Tree Canopy Change 2008–2018","https://www.arcgis.com/home/item.html?id=de383e47c72045cbbd9af780d1117ff3","Central jurisdiction only; not the whole metro; item-specific extent verify","Historicalsnapshot","unclear","unclear","unclear","unclear","unclear; public access observed without a published tariff","Public catalogue/API or linked service/download; exact export method/key/limits item-specific, unclear unless metadata specifies","unclear; Arc GIS reference-item bytes are not dataset download size","Design proposal: Tree Canopy Change 2008–2018 supplies physical geometry/attributes; use non-personal fields only","Exclude personal names, owner/applicant/contact data; art inventory licence does not clear artwork reproduction; modified date is not refresh frequency.","https://phl.maps.arcgis.com;https://www.arcgis.com/home/item.html?id=de383e47c72045cbbd9af780d1117ff3;https://www.arcgis.com/sharing/rest/content/items/de383e47c72045cbbd9af780d1117ff3?f=json;https://www.phila.gov/departments/office-of-innovation-and-technology/resources/open-data-applications/","2026-10-07","https://www2.census.gov/programs-surveys/popest/datasets/2020-2025/metro/totals/cbsa-est2025-alldata.csv"
"Phoenix","10","https://www.phoenixopendata.com","CKAN/Open Gov","Dataset-specific; see declaration/terms. No universal redistribution grant inferred.","https://www.phoenixopendata.com/pages/terms-of-use","1","Street Light Poles","https://www.phoenixopendata.com/dataset/street-light-poles","Central jurisdiction only; not the whole metro; item-specific extent verify","unclear","CC-BY versionunclear","Attribution licence permits commercial use; exact version/item exceptions verify","Permitted subject to licence credit/notices; version verify","Dataset/agency credit, licence link and changes as applicable; exact licence version verify","unclear; public access observed without a published tariff","Public catalogue/API or linked service/download; exact export method/key/limits item-specific, unclear unless metadata specifies","unclear; Arc GIS reference-item bytes are not dataset download size","Design proposal: Street Light Poles supplies physical geometry/attributes; use non-personal fields only","Exclude personal names, owner/applicant/contact data; art inventory licence does not clear artwork reproduction; modified date is not refresh frequency.","https://www.phoenixopendata.com;https://www.phoenixopendata.com/dataset/street-light-poles;https://www.phoenixopendata.com/dataset/street-light-poles;https://www.phoenixopendata.com/pages/terms-of-use","2026-10-07","https://www2.census.gov/programs-surveys/popest/datasets/2020-2025/metro/totals/cbsa-est2025-alldata.csv"
"Phoenix","10","https://www.phoenixopendata.com","CKAN/Open Gov","Dataset-specific; see declaration/terms. No universal redistribution grant inferred.","https://www.phoenixopendata.com/pages/terms-of-use","2","Street Lights","https://www.phoenixopendata.com/dataset/street-lights","Central jurisdiction only; not the whole metro; item-specific extent verify","unclear","CC-BY versionunclear","Attribution licence permits commercial use; exact version/item exceptions verify","Permitted subject to licence credit/notices; version verify","Dataset/agency credit, licence link and changes as applicable; exact licence version verify","unclear; public access observed without a published tariff","Public catalogue/API or linked service/download; exact export method/key/limits item-specific, unclear unless metadata specifies","unclear; Arc GIS reference-item bytes are not dataset download size","Design proposal: Street Lights supplies physical geometry/attributes; use non-personal fields only","Exclude personal names, owner/applicant/contact data; art inventory licence does not clear artwork reproduction; modified date is not refresh frequency.","https://www.phoenixopendata.com;https://www.phoenixopendata.com/dataset/street-lights;https://www.phoenixopendata.com/dataset/street-lights;https://www.phoenixopendata.com/pages/terms-of-use","2026-10-07","https://www2.census.gov/programs-surveys/popest/datasets/2020-2025/metro/totals/cbsa-est2025-alldata.csv"
"Phoenix","10","https://www.phoenixopendata.com","CKAN/Open Gov","Dataset-specific; see declaration/terms. No universal redistribution grant inferred.","https://www.phoenixopendata.com/pages/terms-of-use","3","Bikeways","https://www.phoenixopendata.com/dataset/str-bikeways","Central jurisdiction only; not the whole metro; item-specific extent verify","unclear","CC-BY versionunclear","Attribution licence permits commercial use; exact version/item exceptions verify","Permitted subject to licence credit/notices; version verify","Dataset/agency credit, licence link and changes as applicable; exact licence version verify","unclear; public access observed without a published tariff","Public catalogue/API or linked service/download; exact export method/key/limits item-specific, unclear unless metadata specifies","unclear; Arc GIS reference-item bytes are not dataset download size","Design proposal: Bikeways supplies physical geometry/attributes; use non-personal fields only","Exclude personal names, owner/applicant/contact data; art inventory licence does not clear artwork reproduction; modified date is not refresh frequency.","https://www.phoenixopendata.com;https://www.phoenixopendata.com/dataset/str-bikeways;https://www.phoenixopendata.com/dataset/str-bikeways;https://www.phoenixopendata.com/pages/terms-of-use","2026-10-07","https://www2.census.gov/programs-surveys/popest/datasets/2020-2025/metro/totals/cbsa-est2025-alldata.csv"
"Phoenix","10","https://www.phoenixopendata.com","CKAN/Open Gov","Dataset-specific; see declaration/terms. No universal redistribution grant inferred.","https://www.phoenixopendata.com/pages/terms-of-use","4","Dog Parks","https://www.phoenixopendata.com/dataset/dog-parks","Central jurisdiction only; not the whole metro; item-specific extent verify","unclear","CC-BY versionunclear","Attribution licence permits commercial use; exact version/item exceptions verify","Permitted subject to licence credit/notices; version verify","Dataset/agency credit, licence link and changes as applicable; exact licence version verify","unclear; public access observed without a published tariff","Public catalogue/API or linked service/download; exact export method/key/limits item-specific, unclear unless metadata specifies","unclear; Arc GIS reference-item bytes are not dataset download size","Design proposal: Dog Parks supplies physical geometry/attributes; use non-personal fields only","Exclude personal names, owner/applicant/contact data; art inventory licence does not clear artwork reproduction; modified date is not refresh frequency.","https://www.phoenixopendata.com;https://www.phoenixopendata.com/dataset/dog-parks;https://www.phoenixopendata.com/dataset/dog-parks;https://www.phoenixopendata.com/pages/terms-of-use","2026-10-07","https://www2.census.gov/programs-surveys/popest/datasets/2020-2025/metro/totals/cbsa-est2025-alldata.csv"
"Phoenix","10","https://www.phoenixopendata.com","CKAN/Open Gov","Dataset-specific; see declaration/terms. No universal redistribution grant inferred.","https://www.phoenixopendata.com/pages/terms-of-use","5","Parks Boundaries","https://www.phoenixopendata.com/dataset/parks-boundaries","Central jurisdiction only; not the whole metro; item-specific extent verify","unclear","CC-BY versionunclear","Attribution licence permits commercial use; exact version/item exceptions verify","Permitted subject to licence credit/notices; version verify","Dataset/agency credit, licence link and changes as applicable; exact licence version verify","unclear; public access observed without a published tariff","Public catalogue/API or linked service/download; exact export method/key/limits item-specific, unclear unless metadata specifies","unclear; Arc GIS reference-item bytes are not dataset download size","Design proposal: Parks Boundaries supplies physical geometry/attributes; use non-personal fields only","Exclude personal names, owner/applicant/contact data; art inventory licence does not clear artwork reproduction; modified date is not refresh frequency.","https://www.phoenixopendata.com;https://www.phoenixopendata.com/dataset/parks-boundaries;https://www.phoenixopendata.com/dataset/parks-boundaries;https://www.phoenixopendata.com/pages/terms-of-use","2026-10-07","https://www2.census.gov/programs-surveys/popest/datasets/2020-2025/metro/totals/cbsa-est2025-alldata.csv"
"Phoenix","10","https://www.phoenixopendata.com","CKAN/Open Gov","Dataset-specific; see declaration/terms. No universal redistribution grant inferred.","https://www.phoenixopendata.com/pages/terms-of-use","6","Street Centerline","https://www.phoenixopendata.com/dataset/street-centerline","Central jurisdiction only; not the whole metro; item-specific extent verify","unclear","CC-BY versionunclear","Attribution licence permits commercial use; exact version/item exceptions verify","Permitted subject to licence credit/notices; version verify","Dataset/agency credit, licence link and changes as applicable; exact licence version verify","unclear; public access observed without a published tariff","Public catalogue/API or linked service/download; exact export method/key/limits item-specific, unclear unless metadata specifies","unclear; Arc GIS reference-item bytes are not dataset download size","Design proposal: Street Centerline supplies physical geometry/attributes; use non-personal fields only","Exclude personal names, owner/applicant/contact data; art inventory licence does not clear artwork reproduction; modified date is not refresh frequency.","https://www.phoenixopendata.com;https://www.phoenixopendata.com/dataset/street-centerline;https://www.phoenixopendata.com/dataset/street-centerline;https://www.phoenixopendata.com/pages/terms-of-use","2026-10-07","https://www2.census.gov/programs-surveys/popest/datasets/2020-2025/metro/totals/cbsa-est2025-alldata.csv"
"Phoenix","10","https://www.phoenixopendata.com","CKAN/Open Gov","Dataset-specific; see declaration/terms. No universal redistribution grant inferred.","https://www.phoenixopendata.com/pages/terms-of-use","7","City Parcels","https://www.phoenixopendata.com/dataset/city-parcels","Central jurisdiction only; not the whole metro; item-specific extent verify","unclear","CC-BY versionunclear","Attribution licence permits commercial use; exact version/item exceptions verify","Permitted subject to licence credit/notices; version verify","Dataset/agency credit, licence link and changes as applicable; exact licence version verify","unclear; public access observed without a published tariff","Public catalogue/API or linked service/download; exact export method/key/limits item-specific, unclear unless metadata specifies","unclear; Arc GIS reference-item bytes are not dataset download size","Design proposal: City Parcels supplies physical geometry/attributes; use non-personal fields only","Exclude personal names, owner/applicant/contact data; art inventory licence does not clear artwork reproduction; modified date is not refresh frequency.","https://www.phoenixopendata.com;https://www.phoenixopendata.com/dataset/city-parcels;https://www.phoenixopendata.com/dataset/city-parcels;https://www.phoenixopendata.com/pages/terms-of-use","2026-10-07","https://www2.census.gov/programs-surveys/popest/datasets/2020-2025/metro/totals/cbsa-est2025-alldata.csv"
"Phoenix","10","https://www.phoenixopendata.com","CKAN/Open Gov","Dataset-specific; see declaration/terms. No universal redistribution grant inferred.","https://www.phoenixopendata.com/pages/terms-of-use","8","Zoning","https://www.phoenixopendata.com/dataset/zoning","Central jurisdiction only; not the whole metro; item-specific extent verify","unclear","CC-BY versionunclear","Attribution licence permits commercial use; exact version/item exceptions verify","Permitted subject to licence credit/notices; version verify","Dataset/agency credit, licence link and changes as applicable; exact licence version verify","unclear; public access observed without a published tariff","Public catalogue/API or linked service/download; exact export method/key/limits item-specific, unclear unless metadata specifies","unclear; Arc GIS reference-item bytes are not dataset download size","Design proposal: Zoning supplies physical geometry/attributes; use non-personal fields only","Exclude personal names, owner/applicant/contact data; art inventory licence does not clear artwork reproduction; modified date is not refresh frequency.","https://www.phoenixopendata.com;https://www.phoenixopendata.com/dataset/zoning;https://www.phoenixopendata.com/dataset/zoning;https://www.phoenixopendata.com/pages/terms-of-use","2026-10-07","https://www2.census.gov/programs-surveys/popest/datasets/2020-2025/metro/totals/cbsa-est2025-alldata.csv"
"Phoenix","10","https://www.phoenixopendata.com","CKAN/Open Gov","Dataset-specific; see declaration/terms. No universal redistribution grant inferred.","https://www.phoenixopendata.com/pages/terms-of-use","9","Traffic Restrictions Streets","https://www.phoenixopendata.com/dataset/traffic-restrictions-streets","Central jurisdiction only; not the whole metro; item-specific extent verify","unclear","CC-BY versionunclear","Attribution licence permits commercial use; exact version/item exceptions verify","Permitted subject to licence credit/notices; version verify","Dataset/agency credit, licence link and changes as applicable; exact licence version verify","unclear; public access observed without a published tariff","Public catalogue/API or linked service/download; exact export method/key/limits item-specific, unclear unless metadata specifies","unclear; Arc GIS reference-item bytes are not dataset download size","Design proposal: Traffic Restrictions Streets supplies physical geometry/attributes; use non-personal fields only","Exclude personal names, owner/applicant/contact data; art inventory licence does not clear artwork reproduction; modified date is not refresh frequency.","https://www.phoenixopendata.com;https://www.phoenixopendata.com/dataset/traffic-restrictions-streets;https://www.phoenixopendata.com/dataset/traffic-restrictions-streets;https://www.phoenixopendata.com/pages/terms-of-use","2026-10-07","https://www2.census.gov/programs-surveys/popest/datasets/2020-2025/metro/totals/cbsa-est2025-alldata.csv"
"Phoenix","10","https://www.phoenixopendata.com","CKAN/Open Gov","Dataset-specific; see declaration/terms. No universal redistribution grant inferred.","https://www.phoenixopendata.com/pages/terms-of-use","10","Public Art Plan","https://www.phoenixopendata.com/dataset/public-art-plan","Central jurisdiction only; not the whole metro; item-specific extent verify","unclear","CC-BY versionunclear","Attribution licence permits commercial use; exact version/item exceptions verify","Permitted subject to licence credit/notices; version verify","Dataset/agency credit, licence link and changes as applicable; exact licence version verify","unclear; public access observed without a published tariff","Public catalogue/API or linked service/download; exact export method/key/limits item-specific, unclear unless metadata specifies","CSV 23748 bytes","Design proposal: Public Art Plan supplies physical geometry/attributes; use non-personal fields only","Exclude personal names, owner/applicant/contact data; art inventory licence does not clear artwork reproduction; modified date is not refresh frequency.","https://www.phoenixopendata.com;https://www.phoenixopendata.com/dataset/public-art-plan;https://www.phoenixopendata.com/dataset/public-art-plan;https://www.phoenixopendata.com/pages/terms-of-use","2026-10-07","https://www2.census.gov/programs-surveys/popest/datasets/2020-2025/metro/totals/cbsa-est2025-alldata.csv"
"Boston","11","https://data.boston.gov","CKAN/Open Gov","Dataset-specific; see declaration/terms. No universal redistribution grant inferred.","https://data.boston.gov","1","BPRD Trees","https://data.boston.gov/dataset/bprd-trees","Central jurisdiction only; not the whole metro; item-specific extent verify","unclear","PDDL","Permitted for dataset under stated dedication/waiver; third-party rights separate","Permitted for covered data; art/media separate","No mandatory attribution under dedication/waiver; voluntary agency credit","unclear; public access observed without a published tariff","Public catalogue/API or linked service/download; exact export method/key/limits item-specific, unclear unless metadata specifies","1148634 bytes","Design proposal: BPRD Trees supplies physical geometry/attributes; use non-personal fields only","Exclude personal names, owner/applicant/contact data; art inventory licence does not clear artwork reproduction; modified date is not refresh frequency.","https://data.boston.gov;https://data.boston.gov/dataset/bprd-trees;https://data.boston.gov/dataset/bprd-trees;https://opendatacommons.org/licenses/pddl/1-0/","2026-10-07","https://www2.census.gov/programs-surveys/popest/datasets/2020-2025/metro/totals/cbsa-est2025-alldata.csv"
"Boston","11","https://data.boston.gov","CKAN/Open Gov","Dataset-specific; see declaration/terms. No universal redistribution grant inferred.","https://data.boston.gov","2","3 D Buildings Existing","https://data.boston.gov/dataset/boston-3d-buildings-existing","Central jurisdiction only; not the whole metro; item-specific extent verify","unclear","PDDL","Permitted for dataset under stated dedication/waiver; third-party rights separate","Permitted for covered data; art/media separate","No mandatory attribution under dedication/waiver; voluntary agency credit","unclear; public access observed without a published tariff","Public catalogue/API or linked service/download; exact export method/key/limits item-specific, unclear unless metadata specifies","unclear; Arc GIS reference-item bytes are not dataset download size","Design proposal: 3 D Buildings Existing supplies physical geometry/attributes; use non-personal fields only","Exclude personal names, owner/applicant/contact data; art inventory licence does not clear artwork reproduction; modified date is not refresh frequency.","https://data.boston.gov;https://data.boston.gov/dataset/boston-3d-buildings-existing;https://data.boston.gov/dataset/boston-3d-buildings-existing;https://opendatacommons.org/licenses/pddl/1-0/","2026-10-07","https://www2.census.gov/programs-surveys/popest/datasets/2020-2025/metro/totals/cbsa-est2025-alldata.csv"
"Boston","11","https://data.boston.gov","CKAN/Open Gov","Dataset-specific; see declaration/terms. No universal redistribution grant inferred.","https://data.boston.gov","3","Buildings with Roof Breaks","https://data.boston.gov/dataset/boston-buildings-with-roof-breaks","Central jurisdiction only; not the whole metro; item-specific extent verify","unclear","PDDL","Permitted for dataset under stated dedication/waiver; third-party rights separate","Permitted for covered data; art/media separate","No mandatory attribution under dedication/waiver; voluntary agency credit","unclear; public access observed without a published tariff","Public catalogue/API or linked service/download; exact export method/key/limits item-specific, unclear unless metadata specifies","unclear; Arc GIS reference-item bytes are not dataset download size","Design proposal: Buildings with Roof Breaks supplies physical geometry/attributes; use non-personal fields only","Exclude personal names, owner/applicant/contact data; art inventory licence does not clear artwork reproduction; modified date is not refresh frequency.","https://data.boston.gov;https://data.boston.gov/dataset/boston-buildings-with-roof-breaks;https://data.boston.gov/dataset/boston-buildings-with-roof-breaks;https://opendatacommons.org/licenses/pddl/1-0/","2026-10-07","https://www2.census.gov/programs-surveys/popest/datasets/2020-2025/metro/totals/cbsa-est2025-alldata.csv"
"Boston","11","https://data.boston.gov","CKAN/Open Gov","Dataset-specific; see declaration/terms. No universal redistribution grant inferred.","https://data.boston.gov","4","Sidewalk Inventory","https://data.boston.gov/dataset/sidewalk-inventory","Central jurisdiction only; not the whole metro; item-specific extent verify","unclear","PDDL","Permitted for dataset under stated dedication/waiver; third-party rights separate","Permitted for covered data; art/media separate","No mandatory attribution under dedication/waiver; voluntary agency credit","unclear; public access observed without a published tariff","Public catalogue/API or linked service/download; exact export method/key/limits item-specific, unclear unless metadata specifies","unclear; Arc GIS reference-item bytes are not dataset download size","Design proposal: Sidewalk Inventory supplies physical geometry/attributes; use non-personal fields only","Exclude personal names, owner/applicant/contact data; art inventory licence does not clear artwork reproduction; modified date is not refresh frequency.","https://data.boston.gov;https://data.boston.gov/dataset/sidewalk-inventory;https://data.boston.gov/dataset/sidewalk-inventory;https://opendatacommons.org/licenses/pddl/1-0/","2026-10-07","https://www2.census.gov/programs-surveys/popest/datasets/2020-2025/metro/totals/cbsa-est2025-alldata.csv"
"Boston","11","https://data.boston.gov","CKAN/Open Gov","Dataset-specific; see declaration/terms. No universal redistribution grant inferred.","https://data.boston.gov","5","Fire Hydrants","https://data.boston.gov/dataset/fire-hydrants","Central jurisdiction only; not the whole metro; item-specific extent verify","unclear","PDDL","Permitted for dataset under stated dedication/waiver; third-party rights separate","Permitted for covered data; art/media separate","No mandatory attribution under dedication/waiver; voluntary agency credit","unclear; public access observed without a published tariff","Public catalogue/API or linked service/download; exact export method/key/limits item-specific, unclear unless metadata specifies","unclear; Arc GIS reference-item bytes are not dataset download size","Design proposal: Fire Hydrants supplies physical geometry/attributes; use non-personal fields only","Exclude personal names, owner/applicant/contact data; art inventory licence does not clear artwork reproduction; modified date is not refresh frequency.","https://data.boston.gov;https://data.boston.gov/dataset/fire-hydrants;https://data.boston.gov/dataset/fire-hydrants;https://opendatacommons.org/licenses/pddl/1-0/","2026-10-07","https://www2.census.gov/programs-surveys/popest/datasets/2020-2025/metro/totals/cbsa-est2025-alldata.csv"
"Boston","11","https://data.boston.gov","CKAN/Open Gov","Dataset-specific; see declaration/terms. No universal redistribution grant inferred.","https://data.boston.gov","6","Park Features","https://data.boston.gov/dataset/park-features","Central jurisdiction only; not the whole metro; item-specific extent verify","unclear","PDDL","Permitted for dataset under stated dedication/waiver; third-party rights separate","Permitted for covered data; art/media separate","No mandatory attribution under dedication/waiver; voluntary agency credit","unclear; public access observed without a published tariff","Public catalogue/API or linked service/download; exact export method/key/limits item-specific, unclear unless metadata specifies","unclear; Arc GIS reference-item bytes are not dataset download size","Design proposal: Park Features supplies physical geometry/attributes; use non-personal fields only","Exclude personal names, owner/applicant/contact data; art inventory licence does not clear artwork reproduction; modified date is not refresh frequency.","https://data.boston.gov;https://data.boston.gov/dataset/park-features;https://data.boston.gov/dataset/park-features;https://opendatacommons.org/licenses/pddl/1-0/","2026-10-07","https://www2.census.gov/programs-surveys/popest/datasets/2020-2025/metro/totals/cbsa-est2025-alldata.csv"
"Boston","11","https://data.boston.gov","CKAN/Open Gov","Dataset-specific; see declaration/terms. No universal redistribution grant inferred.","https://data.boston.gov","7","Approved Building Permits","https://data.boston.gov/dataset/approved-building-permits","Central jurisdiction only; not the whole metro; item-specific extent verify","unclear","PDDL","Permitted for dataset under stated dedication/waiver; third-party rights separate","Permitted for covered data; art/media separate","No mandatory attribution under dedication/waiver; voluntary agency credit","unclear; public access observed without a published tariff","Public catalogue/API or linked service/download; exact export method/key/limits item-specific, unclear unless metadata specifies","unclear; Arc GIS reference-item bytes are not dataset download size","Design proposal: Approved Building Permits supplies physical geometry/attributes; use non-personal fields only","Exclude personal names, owner/applicant/contact data; art inventory licence does not clear artwork reproduction; modified date is not refresh frequency.","https://data.boston.gov;https://data.boston.gov/dataset/approved-building-permits;https://data.boston.gov/dataset/approved-building-permits;https://opendatacommons.org/licenses/pddl/1-0/","2026-10-07","https://www2.census.gov/programs-surveys/popest/datasets/2020-2025/metro/totals/cbsa-est2025-alldata.csv"
"Boston","11","https://data.boston.gov","CKAN/Open Gov","Dataset-specific; see declaration/terms. No universal redistribution grant inferred.","https://data.boston.gov","8","Existing Bike Network 2024","https://data.boston.gov/dataset/existing-bike-network-2024","Central jurisdiction only; not the whole metro; item-specific extent verify","2024 snapshot; refreshunclear","PDDL","Permitted for dataset under stated dedication/waiver; third-party rights separate","Permitted for covered data; art/media separate","No mandatory attribution under dedication/waiver; voluntary agency credit","unclear; public access observed without a published tariff","Public catalogue/API or linked service/download; exact export method/key/limits item-specific, unclear unless metadata specifies","844521 bytes","Design proposal: Existing Bike Network 2024 supplies physical geometry/attributes; use non-personal fields only","Exclude personal names, owner/applicant/contact data; art inventory licence does not clear artwork reproduction; modified date is not refresh frequency.","https://data.boston.gov;https://data.boston.gov/dataset/existing-bike-network-2024;https://data.boston.gov/dataset/existing-bike-network-2024;https://opendatacommons.org/licenses/pddl/1-0/","2026-10-07","https://www2.census.gov/programs-surveys/popest/datasets/2020-2025/metro/totals/cbsa-est2025-alldata.csv"
"Boston","11","https://data.boston.gov","CKAN/Open Gov","Dataset-specific; see declaration/terms. No universal redistribution grant inferred.","https://data.boston.gov","9","Parcels 2025","https://data.boston.gov/dataset/parcels-2025","Central jurisdiction only; not the whole metro; item-specific extent verify","2025 snapshot; refreshunclear","PDDL","Permitted for dataset under stated dedication/waiver; third-party rights separate","Permitted for covered data; art/media separate","No mandatory attribution under dedication/waiver; voluntary agency credit","unclear; public access observed without a published tariff","Public catalogue/API or linked service/download; exact export method/key/limits item-specific, unclear unless metadata specifies","unclear; Arc GIS reference-item bytes are not dataset download size","Design proposal: Parcels 2025 supplies physical geometry/attributes; use non-personal fields only","Exclude personal names, owner/applicant/contact data; art inventory licence does not clear artwork reproduction; modified date is not refresh frequency.","https://data.boston.gov;https://data.boston.gov/dataset/parcels-2025;https://data.boston.gov/dataset/parcels-2025;https://opendatacommons.org/licenses/pddl/1-0/","2026-10-07","https://www2.census.gov/programs-surveys/popest/datasets/2020-2025/metro/totals/cbsa-est2025-alldata.csv"
"Boston","11","https://data.boston.gov","CKAN/Open Gov","Dataset-specific; see declaration/terms. No universal redistribution grant inferred.","https://data.boston.gov","10","Stair Free Park Entrances","https://data.boston.gov/dataset/bprd-accessible-park-entrances","Central jurisdiction only; not the whole metro; item-specific extent verify","unclear","PDDL","Permitted for dataset under stated dedication/waiver; third-party rights separate","Permitted for covered data; art/media separate","No mandatory attribution under dedication/waiver; voluntary agency credit","unclear; public access observed without a published tariff","Public catalogue/API or linked service/download; exact export method/key/limits item-specific, unclear unless metadata specifies","unclear; Arc GIS reference-item bytes are not dataset download size","Design proposal: Stair Free Park Entrances supplies physical geometry/attributes; use non-personal fields only","Exclude personal names, owner/applicant/contact data; art inventory licence does not clear artwork reproduction; modified date is not refresh frequency.","https://data.boston.gov;https://data.boston.gov/dataset/bprd-accessible-park-entrances;https://data.boston.gov/dataset/bprd-accessible-park-entrances;https://opendatacommons.org/licenses/pddl/1-0/","2026-10-07","https://www2.census.gov/programs-surveys/popest/datasets/2020-2025/metro/totals/cbsa-est2025-alldata.csv"
"Riverside–San Bernardino","12","https://gis.rivco.org","Arc GIS Hub","Dataset-specific; see declaration/terms. No universal redistribution grant inferred.","https://gis.rivco.org","1","Building Footprints","https://www.arcgis.com/home/item.html?id=5374678d10a744eb998bc0deec5445ba","Central jurisdiction only; not the whole metro; item-specific extent verify","unclear","unclear; upstream Microsoftverify","unclear","unclear","unclear","unclear; public access observed without a published tariff","Public catalogue/API or linked service/download; exact export method/key/limits item-specific, unclear unless metadata specifies","unclear; Arc GIS reference-item bytes are not dataset download size","Design proposal: Building Footprints supplies physical geometry/attributes; use non-personal fields only","Exclude personal names, owner/applicant/contact data; art inventory licence does not clear artwork reproduction; modified date is not refresh frequency.","https://gis.rivco.org;https://www.arcgis.com/home/item.html?id=5374678d10a744eb998bc0deec5445ba;https://www.arcgis.com/sharing/rest/content/items/5374678d10a744eb998bc0deec5445ba?f=json","2026-10-07","https://www2.census.gov/programs-surveys/popest/datasets/2020-2025/metro/totals/cbsa-est2025-alldata.csv"
"Riverside–San Bernardino","12","https://gis.rivco.org","Arc GIS Hub","Dataset-specific; see declaration/terms. No universal redistribution grant inferred.","https://gis.rivco.org","2","Parcels","https://www.arcgis.com/home/item.html?id=778c8b6ffa4f41fba2e714a132aa3751","Central jurisdiction only; not the whole metro; item-specific extent verify","unclear","unclear","unclear","unclear","unclear","unclear; public access observed without a published tariff","Public catalogue/API or linked service/download; exact export method/key/limits item-specific, unclear unless metadata specifies","unclear; Arc GIS reference-item bytes are not dataset download size","Design proposal: Parcels supplies physical geometry/attributes; use non-personal fields only","Exclude personal names, owner/applicant/contact data; art inventory licence does not clear artwork reproduction; modified date is not refresh frequency.","https://gis.rivco.org;https://www.arcgis.com/home/item.html?id=778c8b6ffa4f41fba2e714a132aa3751;https://www.arcgis.com/sharing/rest/content/items/778c8b6ffa4f41fba2e714a132aa3751?f=json","2026-10-07","https://www2.census.gov/programs-surveys/popest/datasets/2020-2025/metro/totals/cbsa-est2025-alldata.csv"
"Riverside–San Bernardino","12","https://gis.rivco.org","Arc GIS Hub","Dataset-specific; see declaration/terms. No universal redistribution grant inferred.","https://gis.rivco.org","3","Parks","https://www.arcgis.com/home/item.html?id=083a48cbbec24c3da5c7c09f0daab88c","Central jurisdiction only; not the whole metro; item-specific extent verify","Legacy 2012 note; refreshunclear","Public use only; commercialscopeunclear","unclear","unclear","unclear","unclear; public access observed without a published tariff","Public catalogue/API or linked service/download; exact export method/key/limits item-specific, unclear unless metadata specifies","unclear; Arc GIS reference-item bytes are not dataset download size","Design proposal: Parks supplies physical geometry/attributes; use non-personal fields only","Exclude personal names, owner/applicant/contact data; art inventory licence does not clear artwork reproduction; modified date is not refresh frequency.","https://gis.rivco.org;https://www.arcgis.com/home/item.html?id=083a48cbbec24c3da5c7c09f0daab88c;https://www.arcgis.com/sharing/rest/content/items/083a48cbbec24c3da5c7c09f0daab88c?f=json","2026-10-07","https://www2.census.gov/programs-surveys/popest/datasets/2020-2025/metro/totals/cbsa-est2025-alldata.csv"
"Riverside–San Bernardino","12","https://gis.rivco.org","Arc GIS Hub","Dataset-specific; see declaration/terms. No universal redistribution grant inferred.","https://gis.rivco.org","4","Outer Spatial Trails","https://www.arcgis.com/home/item.html?id=fc96b53df0d84084940cd4b15bf81526","Central jurisdiction only; not the whole metro; item-specific extent verify","unclear","unclear","unclear","unclear","unclear","unclear; public access observed without a published tariff","Public catalogue/API or linked service/download; exact export method/key/limits item-specific, unclear unless metadata specifies","unclear; Arc GIS reference-item bytes are not dataset download size","Design proposal: Outer Spatial Trails supplies physical geometry/attributes; use non-personal fields only","Exclude personal names, owner/applicant/contact data; art inventory licence does not clear artwork reproduction; modified date is not refresh frequency.","https://gis.rivco.org;https://www.arcgis.com/home/item.html?id=fc96b53df0d84084940cd4b15bf81526;https://www.arcgis.com/sharing/rest/content/items/fc96b53df0d84084940cd4b15bf81526?f=json","2026-10-07","https://www2.census.gov/programs-surveys/popest/datasets/2020-2025/metro/totals/cbsa-est2025-alldata.csv"
"Riverside–San Bernardino","12","https://gis.rivco.org","Arc GIS Hub","Dataset-specific; see declaration/terms. No universal redistribution grant inferred.","https://gis.rivco.org","5","Outer Spatial POIs","https://www.arcgis.com/home/item.html?id=94de1edfafe94bd5b04972f27d01da0f","Central jurisdiction only; not the whole metro; item-specific extent verify","unclear","unclear","unclear","unclear","unclear","unclear; public access observed without a published tariff","Public catalogue/API or linked service/download; exact export method/key/limits item-specific, unclear unless metadata specifies","unclear; Arc GIS reference-item bytes are not dataset download size","Design proposal: Outer Spatial POIs supplies physical geometry/attributes; use non-personal fields only","Exclude personal names, owner/applicant/contact data; art inventory licence does not clear artwork reproduction; modified date is not refresh frequency.","https://gis.rivco.org;https://www.arcgis.com/home/item.html?id=94de1edfafe94bd5b04972f27d01da0f;https://www.arcgis.com/sharing/rest/content/items/94de1edfafe94bd5b04972f27d01da0f?f=json","2026-10-07","https://www2.census.gov/programs-surveys/popest/datasets/2020-2025/metro/totals/cbsa-est2025-alldata.csv"
"Riverside–San Bernardino","12","https://gis.rivco.org","Arc GIS Hub","Dataset-specific; see declaration/terms. No universal redistribution grant inferred.","https://gis.rivco.org","6","Centerlines","https://www.arcgis.com/home/item.html?id=67eb1064609f4a30b4a707413f73d512","Central jurisdiction only; not the whole metro; item-specific extent verify","unclear","Public use; commercialscopeunclear","unclear","unclear","unclear","unclear; public access observed without a published tariff","Public catalogue/API or linked service/download; exact export method/key/limits item-specific, unclear unless metadata specifies","unclear; Arc GIS reference-item bytes are not dataset download size","Design proposal: Centerlines supplies physical geometry/attributes; use non-personal fields only","Exclude personal names, owner/applicant/contact data; art inventory licence does not clear artwork reproduction; modified date is not refresh frequency.","https://gis.rivco.org;https://www.arcgis.com/home/item.html?id=67eb1064609f4a30b4a707413f73d512;https://www.arcgis.com/sharing/rest/content/items/67eb1064609f4a30b4a707413f73d512?f=json","2026-10-07","https://www2.census.gov/programs-surveys/popest/datasets/2020-2025/metro/totals/cbsa-est2025-alldata.csv"
"Riverside–San Bernardino","12","https://gis.rivco.org","Arc GIS Hub","Dataset-specific; see declaration/terms. No universal redistribution grant inferred.","https://gis.rivco.org","7","Permits","https://www.arcgis.com/home/item.html?id=cd4aa86406fd49508f45f3714c14196c","Central jurisdiction only; not the whole metro; item-specific extent verify","unclear","Public use; commercialscopeunclear","unclear","unclear","unclear","unclear; public access observed without a published tariff","Public catalogue/API or linked service/download; exact export method/key/limits item-specific, unclear unless metadata specifies","unclear; Arc GIS reference-item bytes are not dataset download size","Design proposal: Permits supplies physical geometry/attributes; use non-personal fields only","Exclude personal names, owner/applicant/contact data; art inventory licence does not clear artwork reproduction; modified date is not refresh frequency.","https://gis.rivco.org;https://www.arcgis.com/home/item.html?id=cd4aa86406fd49508f45f3714c14196c;https://www.arcgis.com/sharing/rest/content/items/cd4aa86406fd49508f45f3714c14196c?f=json","2026-10-07","https://www2.census.gov/programs-surveys/popest/datasets/2020-2025/metro/totals/cbsa-est2025-alldata.csv"
"Riverside–San Bernardino","12","https://gis.rivco.org","Arc GIS Hub","Dataset-specific; see declaration/terms. No universal redistribution grant inferred.","https://gis.rivco.org","8","District Tree Inventory 2024","https://www.arcgis.com/home/item.html?id=331e30a38c094261b00d5cc5cae9a059","Districtextentunclear; notcountycomplete","2024 snapshot","unclear","unclear","unclear","unclear","unclear; public access observed without a published tariff","Public catalogue/API or linked service/download; exact export method/key/limits item-specific, unclear unless metadata specifies","unclear; Arc GIS reference-item bytes are not dataset download size","Design proposal: District Tree Inventory 2024 supplies physical geometry/attributes; use non-personal fields only","Exclude personal names, owner/applicant/contact data; art inventory licence does not clear artwork reproduction; modified date is not refresh frequency.","https://gis.rivco.org;https://www.arcgis.com/home/item.html?id=331e30a38c094261b00d5cc5cae9a059;https://www.arcgis.com/sharing/rest/content/items/331e30a38c094261b00d5cc5cae9a059?f=json","2026-10-07","https://www2.census.gov/programs-surveys/popest/datasets/2020-2025/metro/totals/cbsa-est2025-alldata.csv"
"Riverside–San Bernardino","12","https://gis.rivco.org","Arc GIS Hub","Dataset-specific; see declaration/terms. No universal redistribution grant inferred.","https://gis.rivco.org","9","Tree Vine 2020","https://www.arcgis.com/home/item.html?id=6cb468717c994dcaa83ea33d4e802224","Central jurisdiction only; not the whole metro; item-specific extent verify","2020 snapshot","unclear","unclear","unclear","unclear","unclear; public access observed without a published tariff","Public catalogue/API or linked service/download; exact export method/key/limits item-specific, unclear unless metadata specifies","unclear; Arc GIS reference-item bytes are not dataset download size","Design proposal: Tree Vine 2020 supplies physical geometry/attributes; use non-personal fields only","Agriculturalinterpretation/purposeverify","https://gis.rivco.org;https://www.arcgis.com/home/item.html?id=6cb468717c994dcaa83ea33d4e802224;https://www.arcgis.com/sharing/rest/content/items/6cb468717c994dcaa83ea33d4e802224?f=json","2026-10-07","https://www2.census.gov/programs-surveys/popest/datasets/2020-2025/metro/totals/cbsa-est2025-alldata.csv"
"Riverside–San Bernardino","12","https://gis.rivco.org","Arc GIS Hub","Dataset-specific; see declaration/terms. No universal redistribution grant inferred.","https://gis.rivco.org","10","RRU Hydrants","https://www.arcgis.com/home/item.html?id=19b6e31e1482466aaf294b13ce12aec1","RRUextentunclear","unclear","unclear","unclear","unclear","unclear","unclear; public access observed without a published tariff","Public catalogue/API or linked service/download; exact export method/key/limits item-specific, unclear unless metadata specifies","unclear; Arc GIS reference-item bytes are not dataset download size","Design proposal: RRU Hydrants supplies physical geometry/attributes; use non-personal fields only","Exclude personal names, owner/applicant/contact data; art inventory licence does not clear artwork reproduction; modified date is not refresh frequency.","https://gis.rivco.org;https://www.arcgis.com/home/item.html?id=19b6e31e1482466aaf294b13ce12aec1;https://www.arcgis.com/sharing/rest/content/items/19b6e31e1482466aaf294b13ce12aec1?f=json","2026-10-07","https://www2.census.gov/programs-surveys/popest/datasets/2020-2025/metro/totals/cbsa-est2025-alldata.csv"
"San Francisco–Oakland","13","https://data.sf.gov","Socrata","Dataset-specific; see declaration/terms. No universal redistribution grant inferred.","https://www.sf.gov/reports/april-2017/datasf-terms-use","1","Street Tree Inventory","https://data.sf.gov/d/tkzw-k3nq","Central jurisdiction only; not the whole metro; item-specific extent verify","Daily","PDDL","Permitted for dataset under stated dedication/waiver; third-party rights separate","Permitted for covered data; art/media separate","No mandatory attribution under dedication/waiver; voluntary agency credit","unclear; public access observed without a published tariff","Public catalogue/API or linked service/download; exact export method/key/limits item-specific, unclear unless metadata specifies","unclear; Arc GIS reference-item bytes are not dataset download size","Design proposal: Street Tree Inventory supplies physical geometry/attributes; use non-personal fields only","Exclude personal names, owner/applicant/contact data; art inventory licence does not clear artwork reproduction; modified date is not refresh frequency.","https://data.sf.gov;https://data.sf.gov/d/tkzw-k3nq;https://data.sf.gov/d/tkzw-k3nq;https://www.sf.gov/reports/april-2017/datasf-terms-use;https://opendatacommons.org/licenses/pddl/1-0/","2026-10-07","https://www2.census.gov/programs-surveys/popest/datasets/2020-2025/metro/totals/cbsa-est2025-alldata.csv"
"San Francisco–Oakland","13","https://data.sf.gov","Socrata","Dataset-specific; see declaration/terms. No universal redistribution grant inferred.","https://www.sf.gov/reports/april-2017/datasf-terms-use","2","Building Footprints","https://data.sf.gov/d/ynuv-fyni","Central jurisdiction only; not the whole metro; item-specific extent verify","unclear","PDDL","Permitted for dataset under stated dedication/waiver; third-party rights separate","Permitted for covered data; art/media separate","No mandatory attribution under dedication/waiver; voluntary agency credit","unclear; public access observed without a published tariff","Public catalogue/API or linked service/download; exact export method/key/limits item-specific, unclear unless metadata specifies","unclear; Arc GIS reference-item bytes are not dataset download size","Design proposal: Building Footprints supplies physical geometry/attributes; use non-personal fields only","Exclude personal names, owner/applicant/contact data; art inventory licence does not clear artwork reproduction; modified date is not refresh frequency.","https://data.sf.gov;https://data.sf.gov/d/ynuv-fyni;https://data.sf.gov/d/ynuv-fyni;https://www.sf.gov/reports/april-2017/datasf-terms-use;https://opendatacommons.org/licenses/pddl/1-0/","2026-10-07","https://www2.census.gov/programs-surveys/popest/datasets/2020-2025/metro/totals/cbsa-est2025-alldata.csv"
"San Francisco–Oakland","13","https://data.sf.gov","Socrata","Dataset-specific; see declaration/terms. No universal redistribution grant inferred.","https://www.sf.gov/reports/april-2017/datasf-terms-use","3","Tall Building Inventory","https://data.sf.gov/d/5kya-mfst","Central jurisdiction only; not the whole metro; item-specific extent verify","unclear","PDDL","Permitted for dataset under stated dedication/waiver; third-party rights separate","Permitted for covered data; art/media separate","No mandatory attribution under dedication/waiver; voluntary agency credit","unclear; public access observed without a published tariff","Public catalogue/API or linked service/download; exact export method/key/limits item-specific, unclear unless metadata specifies","unclear; Arc GIS reference-item bytes are not dataset download size","Design proposal: Tall Building Inventory supplies physical geometry/attributes; use non-personal fields only","Exclude personal names, owner/applicant/contact data; art inventory licence does not clear artwork reproduction; modified date is not refresh frequency.","https://data.sf.gov;https://data.sf.gov/d/5kya-mfst;https://data.sf.gov/d/5kya-mfst;https://www.sf.gov/reports/april-2017/datasf-terms-use;https://opendatacommons.org/licenses/pddl/1-0/","2026-10-07","https://www2.census.gov/programs-surveys/popest/datasets/2020-2025/metro/totals/cbsa-est2025-alldata.csv"
"San Francisco–Oakland","13","https://data.sf.gov","Socrata","Dataset-specific; see declaration/terms. No universal redistribution grant inferred.","https://www.sf.gov/reports/april-2017/datasf-terms-use","4","Curb Ramps","https://data.sf.gov/d/ch9w-7kih","Central jurisdiction only; not the whole metro; item-specific extent verify","unclear","PDDL","Permitted for dataset under stated dedication/waiver; third-party rights separate","Permitted for covered data; art/media separate","No mandatory attribution under dedication/waiver; voluntary agency credit","unclear; public access observed without a published tariff","Public catalogue/API or linked service/download; exact export method/key/limits item-specific, unclear unless metadata specifies","unclear; Arc GIS reference-item bytes are not dataset download size","Design proposal: Curb Ramps supplies physical geometry/attributes; use non-personal fields only","Exclude personal names, owner/applicant/contact data; art inventory licence does not clear artwork reproduction; modified date is not refresh frequency.","https://data.sf.gov;https://data.sf.gov/d/ch9w-7kih;https://data.sf.gov/d/ch9w-7kih;https://www.sf.gov/reports/april-2017/datasf-terms-use;https://opendatacommons.org/licenses/pddl/1-0/","2026-10-07","https://www2.census.gov/programs-surveys/popest/datasets/2020-2025/metro/totals/cbsa-est2025-alldata.csv"
"San Francisco–Oakland","13","https://data.sf.gov","Socrata","Dataset-specific; see declaration/terms. No universal redistribution grant inferred.","https://www.sf.gov/reports/april-2017/datasf-terms-use","5","Street Signs","https://data.sf.gov/d/m48z-6ji4","Central jurisdiction only; not the whole metro; item-specific extent verify","unclear","PDDL","Permitted for dataset under stated dedication/waiver; third-party rights separate","Permitted for covered data; art/media separate","No mandatory attribution under dedication/waiver; voluntary agency credit","unclear; public access observed without a published tariff","Public catalogue/API or linked service/download; exact export method/key/limits item-specific, unclear unless metadata specifies","unclear; Arc GIS reference-item bytes are not dataset download size","Design proposal: Street Signs supplies physical geometry/attributes; use non-personal fields only","Exclude personal names, owner/applicant/contact data; art inventory licence does not clear artwork reproduction; modified date is not refresh frequency.","https://data.sf.gov;https://data.sf.gov/d/m48z-6ji4;https://data.sf.gov/d/m48z-6ji4;https://www.sf.gov/reports/april-2017/datasf-terms-use;https://opendatacommons.org/licenses/pddl/1-0/","2026-10-07","https://www2.census.gov/programs-surveys/popest/datasets/2020-2025/metro/totals/cbsa-est2025-alldata.csv"
"San Francisco–Oakland","13","https://data.sf.gov","Socrata","Dataset-specific; see declaration/terms. No universal redistribution grant inferred.","https://www.sf.gov/reports/april-2017/datasf-terms-use","6","Traffic Signals","https://data.sf.gov/d/ybh5-27n2","Central jurisdiction only; not the whole metro; item-specific extent verify","unclear","PDDL","Permitted for dataset under stated dedication/waiver; third-party rights separate","Permitted for covered data; art/media separate","No mandatory attribution under dedication/waiver; voluntary agency credit","unclear; public access observed without a published tariff","Public catalogue/API or linked service/download; exact export method/key/limits item-specific, unclear unless metadata specifies","unclear; Arc GIS reference-item bytes are not dataset download size","Design proposal: Traffic Signals supplies physical geometry/attributes; use non-personal fields only","Exclude personal names, owner/applicant/contact data; art inventory licence does not clear artwork reproduction; modified date is not refresh frequency.","https://data.sf.gov;https://data.sf.gov/d/ybh5-27n2;https://data.sf.gov/d/ybh5-27n2;https://www.sf.gov/reports/april-2017/datasf-terms-use;https://opendatacommons.org/licenses/pddl/1-0/","2026-10-07","https://www2.census.gov/programs-surveys/popest/datasets/2020-2025/metro/totals/cbsa-est2025-alldata.csv"
"San Francisco–Oakland","13","https://data.sf.gov","Socrata","Dataset-specific; see declaration/terms. No universal redistribution grant inferred.","https://www.sf.gov/reports/april-2017/datasf-terms-use","7","Slow Streets","https://data.sf.gov/d/hkz3-itiu","Central jurisdiction only; not the whole metro; item-specific extent verify","unclear","PDDL","Permitted for dataset under stated dedication/waiver; third-party rights separate","Permitted for covered data; art/media separate","No mandatory attribution under dedication/waiver; voluntary agency credit","unclear; public access observed without a published tariff","Public catalogue/API or linked service/download; exact export method/key/limits item-specific, unclear unless metadata specifies","unclear; Arc GIS reference-item bytes are not dataset download size","Design proposal: Slow Streets supplies physical geometry/attributes; use non-personal fields only","Exclude personal names, owner/applicant/contact data; art inventory licence does not clear artwork reproduction; modified date is not refresh frequency.","https://data.sf.gov;https://data.sf.gov/d/hkz3-itiu;https://data.sf.gov/d/hkz3-itiu;https://www.sf.gov/reports/april-2017/datasf-terms-use;https://opendatacommons.org/licenses/pddl/1-0/","2026-10-07","https://www2.census.gov/programs-surveys/popest/datasets/2020-2025/metro/totals/cbsa-est2025-alldata.csv"
"San Francisco–Oakland","13","https://data.sf.gov","Socrata","Dataset-specific; see declaration/terms. No universal redistribution grant inferred.","https://www.sf.gov/reports/april-2017/datasf-terms-use","8","RPD Parks","https://data.sf.gov/d/3nje-yn2u","Central jurisdiction only; not the whole metro; item-specific extent verify","Asneeded","PDDL","Permitted for dataset under stated dedication/waiver; third-party rights separate","Permitted for covered data; art/media separate","No mandatory attribution under dedication/waiver; voluntary agency credit","unclear; public access observed without a published tariff","Public catalogue/API or linked service/download; exact export method/key/limits item-specific, unclear unless metadata specifies","unclear; Arc GIS reference-item bytes are not dataset download size","Design proposal: RPD Parks supplies physical geometry/attributes; use non-personal fields only","Exclude personal names, owner/applicant/contact data; art inventory licence does not clear artwork reproduction; modified date is not refresh frequency.","https://data.sf.gov;https://data.sf.gov/d/3nje-yn2u;https://data.sf.gov/d/3nje-yn2u;https://www.sf.gov/reports/april-2017/datasf-terms-use;https://opendatacommons.org/licenses/pddl/1-0/","2026-10-07","https://www2.census.gov/programs-surveys/popest/datasets/2020-2025/metro/totals/cbsa-est2025-alldata.csv"
"San Francisco–Oakland","13","https://data.sf.gov","Socrata","Dataset-specific; see declaration/terms. No universal redistribution grant inferred.","https://www.sf.gov/reports/april-2017/datasf-terms-use","9","Civic Art Collection","https://data.sf.gov/d/r7bn-7v9c","Central jurisdiction only; not the whole metro; item-specific extent verify","unclear","PDDL","Permitted for dataset under stated dedication/waiver; third-party rights separate","Permitted for covered data; art/media separate","No mandatory attribution under dedication/waiver; voluntary agency credit","unclear; public access observed without a published tariff","Public catalogue/API or linked service/download; exact export method/key/limits item-specific, unclear unless metadata specifies","unclear; Arc GIS reference-item bytes are not dataset download size","Design proposal: Civic Art Collection supplies physical geometry/attributes; use non-personal fields only","Exclude personal names, owner/applicant/contact data; art inventory licence does not clear artwork reproduction; modified date is not refresh frequency.","https://data.sf.gov;https://data.sf.gov/d/r7bn-7v9c;https://data.sf.gov/d/r7bn-7v9c;https://www.sf.gov/reports/april-2017/datasf-terms-use;https://opendatacommons.org/licenses/pddl/1-0/","2026-10-07","https://www2.census.gov/programs-surveys/popest/datasets/2020-2025/metro/totals/cbsa-est2025-alldata.csv"
"San Francisco–Oakland","13","https://data.sf.gov","Socrata","Dataset-specific; see declaration/terms. No universal redistribution grant inferred.","https://www.sf.gov/reports/april-2017/datasf-terms-use","10","Permit SF Permitting Data","https://data.sf.gov/d/tyz3-vt28","Central jurisdiction only; not the whole metro; item-specific extent verify","unclear","PDDL","Permitted for dataset under stated dedication/waiver; third-party rights separate","Permitted for covered data; art/media separate","No mandatory attribution under dedication/waiver; voluntary agency credit","unclear; public access observed without a published tariff","Public catalogue/API or linked service/download; exact export method/key/limits item-specific, unclear unless metadata specifies","unclear; Arc GIS reference-item bytes are not dataset download size","Design proposal: Permit SF Permitting Data supplies physical geometry/attributes; use non-personal fields only","Exclude personal names, owner/applicant/contact data; art inventory licence does not clear artwork reproduction; modified date is not refresh frequency.","https://data.sf.gov;https://data.sf.gov/d/tyz3-vt28;https://data.sf.gov/d/tyz3-vt28;https://www.sf.gov/reports/april-2017/datasf-terms-use;https://opendatacommons.org/licenses/pddl/1-0/","2026-10-07","https://www2.census.gov/programs-surveys/popest/datasets/2020-2025/metro/totals/cbsa-est2025-alldata.csv"
"Detroit","14","https://data.detroitmi.gov","Arc GIS Hub","Dataset-specific; see declaration/terms. No universal redistribution grant inferred.","https://data.detroitmi.gov","1","Parcels Current","https://www.arcgis.com/home/item.html?id=3c784c118e5c4083b37038e9b38573df","Central jurisdiction only; not the whole metro; item-specific extent verify","Daily","unclear","unclear","unclear","unclear","unclear; public access observed without a published tariff","Public catalogue/API or linked service/download; exact export method/key/limits item-specific, unclear unless metadata specifies","unclear; Arc GIS reference-item bytes are not dataset download size","Design proposal: Parcels Current supplies physical geometry/attributes; use non-personal fields only","Exclude personal names, owner/applicant/contact data; art inventory licence does not clear artwork reproduction; modified date is not refresh frequency.","https://data.detroitmi.gov;https://www.arcgis.com/home/item.html?id=3c784c118e5c4083b37038e9b38573df;https://www.arcgis.com/sharing/rest/content/items/3c784c118e5c4083b37038e9b38573df?f=json","2026-10-07","https://www2.census.gov/programs-surveys/popest/datasets/2020-2025/metro/totals/cbsa-est2025-alldata.csv"
"Detroit","14","https://data.detroitmi.gov","Arc GIS Hub","Dataset-specific; see declaration/terms. No universal redistribution grant inferred.","https://data.detroitmi.gov","2","Building Footprints Public Safety","https://www.arcgis.com/home/item.html?id=00514a20422a4d089af8bb72129992cc","Central jurisdiction only; not the whole metro; item-specific extent verify","unclear","unclear","unclear","unclear","unclear","unclear; public access observed without a published tariff","Public catalogue/API or linked service/download; exact export method/key/limits item-specific, unclear unless metadata specifies","unclear; Arc GIS reference-item bytes are not dataset download size","Design proposal: Building Footprints Public Safety supplies physical geometry/attributes; use non-personal fields only","Exclude personal names, owner/applicant/contact data; art inventory licence does not clear artwork reproduction; modified date is not refresh frequency.","https://data.detroitmi.gov;https://www.arcgis.com/home/item.html?id=00514a20422a4d089af8bb72129992cc;https://www.arcgis.com/sharing/rest/content/items/00514a20422a4d089af8bb72129992cc?f=json","2026-10-07","https://www2.census.gov/programs-surveys/popest/datasets/2020-2025/metro/totals/cbsa-est2025-alldata.csv"
"Detroit","14","https://data.detroitmi.gov","Arc GIS Hub","Dataset-specific; see declaration/terms. No universal redistribution grant inferred.","https://data.detroitmi.gov","3","Zoning","https://www.arcgis.com/home/item.html?id=99527307190240aa98bba80116273fb0","Central jurisdiction only; not the whole metro; item-specific extent verify","unclear","unclear","unclear","unclear","unclear","unclear; public access observed without a published tariff","Public catalogue/API or linked service/download; exact export method/key/limits item-specific, unclear unless metadata specifies","unclear; Arc GIS reference-item bytes are not dataset download size","Design proposal: Zoning supplies physical geometry/attributes; use non-personal fields only","Exclude personal names, owner/applicant/contact data; art inventory licence does not clear artwork reproduction; modified date is not refresh frequency.","https://data.detroitmi.gov;https://www.arcgis.com/home/item.html?id=99527307190240aa98bba80116273fb0;https://www.arcgis.com/sharing/rest/content/items/99527307190240aa98bba80116273fb0?f=json","2026-10-07","https://www2.census.gov/programs-surveys/popest/datasets/2020-2025/metro/totals/cbsa-est2025-alldata.csv"
"Detroit","14","https://data.detroitmi.gov","Arc GIS Hub","Dataset-specific; see declaration/terms. No universal redistribution grant inferred.","https://data.detroitmi.gov","4","Building Permits","https://www.arcgis.com/home/item.html?id=86d47e86062e4beeb19344eb125b75d2","Central jurisdiction only; not the whole metro; item-specific extent verify","unclear","unclear","unclear","unclear","unclear","unclear; public access observed without a published tariff","Public catalogue/API or linked service/download; exact export method/key/limits item-specific, unclear unless metadata specifies","unclear; Arc GIS reference-item bytes are not dataset download size","Design proposal: Building Permits supplies physical geometry/attributes; use non-personal fields only","Exclude personal names, owner/applicant/contact data; art inventory licence does not clear artwork reproduction; modified date is not refresh frequency.","https://data.detroitmi.gov;https://www.arcgis.com/home/item.html?id=86d47e86062e4beeb19344eb125b75d2;https://www.arcgis.com/sharing/rest/content/items/86d47e86062e4beeb19344eb125b75d2?f=json","2026-10-07","https://www2.census.gov/programs-surveys/popest/datasets/2020-2025/metro/totals/cbsa-est2025-alldata.csv"
"Detroit","14","https://data.detroitmi.gov","Arc GIS Hub","Dataset-specific; see declaration/terms. No universal redistribution grant inferred.","https://data.detroitmi.gov","5","Parks","https://www.arcgis.com/home/item.html?id=848e3885682a4b1aa9b156c172b1cfda","Central jurisdiction only; not the whole metro; item-specific extent verify","unclear","unclear","unclear","unclear","unclear","unclear; public access observed without a published tariff","Public catalogue/API or linked service/download; exact export method/key/limits item-specific, unclear unless metadata specifies","unclear; Arc GIS reference-item bytes are not dataset download size","Design proposal: Parks supplies physical geometry/attributes; use non-personal fields only","Exclude personal names, owner/applicant/contact data; art inventory licence does not clear artwork reproduction; modified date is not refresh frequency.","https://data.detroitmi.gov;https://www.arcgis.com/home/item.html?id=848e3885682a4b1aa9b156c172b1cfda;https://www.arcgis.com/sharing/rest/content/items/848e3885682a4b1aa9b156c172b1cfda?f=json","2026-10-07","https://www2.census.gov/programs-surveys/popest/datasets/2020-2025/metro/totals/cbsa-est2025-alldata.csv"
"Detroit","14","https://data.detroitmi.gov","Arc GIS Hub","Dataset-specific; see declaration/terms. No universal redistribution grant inferred.","https://data.detroitmi.gov","6","Bike Lanes","https://data.detroitmi.gov/datasets/detroitmi::bike-lanes/about?layer=0","Central jurisdiction only; not the whole metro; item-specific extent verify","unclear","unclear","unclear","unclear","unclear","unclear; public access observed without a published tariff","Public catalogue/API or linked service/download; exact export method/key/limits item-specific, unclear unless metadata specifies","unclear; Arc GIS reference-item bytes are not dataset download size","Design proposal: Bike Lanes supplies physical geometry/attributes; use non-personal fields only","Replacement https://data.detroitmi.gov/datasets/detroitmi::bike-lanes/about?layer=0; old item deprecated","https://data.detroitmi.gov;https://www.arcgis.com/home/item.html?id=17eb29c1b0af46b083a92d691c7ea76d;https://www.arcgis.com/sharing/rest/content/items/17eb29c1b0af46b083a92d691c7ea76d?f=json;https://data.detroitmi.gov/datasets/detroitmi::bike-lanes/about?layer=0","2026-10-07","https://www2.census.gov/programs-surveys/popest/datasets/2020-2025/metro/totals/cbsa-est2025-alldata.csv"
"Detroit","14","https://data.detroitmi.gov","Arc GIS Hub","Dataset-specific; see declaration/terms. No universal redistribution grant inferred.","https://data.detroitmi.gov","7","Demolition Permits","https://www.arcgis.com/home/item.html?id=56b20af695134bd1b4ab65e1876ae79b","Central jurisdiction only; not the whole metro; item-specific extent verify","unclear","unclear","unclear","unclear","unclear","unclear; public access observed without a published tariff","Public catalogue/API or linked service/download; exact export method/key/limits item-specific, unclear unless metadata specifies","unclear; Arc GIS reference-item bytes are not dataset download size","Design proposal: Demolition Permits supplies physical geometry/attributes; use non-personal fields only","Exclude personal names, owner/applicant/contact data; art inventory licence does not clear artwork reproduction; modified date is not refresh frequency.","https://data.detroitmi.gov;https://www.arcgis.com/home/item.html?id=56b20af695134bd1b4ab65e1876ae79b;https://www.arcgis.com/sharing/rest/content/items/56b20af695134bd1b4ab65e1876ae79b?f=json","2026-10-07","https://www2.census.gov/programs-surveys/popest/datasets/2020-2025/metro/totals/cbsa-est2025-alldata.csv"
"Detroit","14","https://data.detroitmi.gov","Arc GIS Hub","Dataset-specific; see declaration/terms. No universal redistribution grant inferred.","https://data.detroitmi.gov","8","ROW Street Alley Vacations","https://www.arcgis.com/home/item.html?id=9e10f5a206224db69af575f49b423271","Central jurisdiction only; not the whole metro; item-specific extent verify","Monthly","unclear","unclear","unclear","unclear","unclear; public access observed without a published tariff","Public catalogue/API or linked service/download; exact export method/key/limits item-specific, unclear unless metadata specifies","unclear; Arc GIS reference-item bytes are not dataset download size","Design proposal: ROW Street Alley Vacations supplies physical geometry/attributes; use non-personal fields only","Exclude personal names, owner/applicant/contact data; art inventory licence does not clear artwork reproduction; modified date is not refresh frequency.","https://data.detroitmi.gov;https://www.arcgis.com/home/item.html?id=9e10f5a206224db69af575f49b423271;https://www.arcgis.com/sharing/rest/content/items/9e10f5a206224db69af575f49b423271?f=json","2026-10-07","https://www2.census.gov/programs-surveys/popest/datasets/2020-2025/metro/totals/cbsa-est2025-alldata.csv"
"Detroit","14","https://data.detroitmi.gov","Arc GIS Hub","Dataset-specific; see declaration/terms. No universal redistribution grant inferred.","https://data.detroitmi.gov","9","ROW Street Alley Openings","https://www.arcgis.com/home/item.html?id=b72f629024f84a94a12d673366e912f0","Central jurisdiction only; not the whole metro; item-specific extent verify","Monthly","unclear","unclear","unclear","unclear","unclear; public access observed without a published tariff","Public catalogue/API or linked service/download; exact export method/key/limits item-specific, unclear unless metadata specifies","unclear; Arc GIS reference-item bytes are not dataset download size","Design proposal: ROW Street Alley Openings supplies physical geometry/attributes; use non-personal fields only","Exclude personal names, owner/applicant/contact data; art inventory licence does not clear artwork reproduction; modified date is not refresh frequency.","https://data.detroitmi.gov;https://www.arcgis.com/home/item.html?id=b72f629024f84a94a12d673366e912f0;https://www.arcgis.com/sharing/rest/content/items/b72f629024f84a94a12d673366e912f0?f=json","2026-10-07","https://www2.census.gov/programs-surveys/popest/datasets/2020-2025/metro/totals/cbsa-est2025-alldata.csv"
"Detroit","14","https://data.detroitmi.gov","Arc GIS Hub","Dataset-specific; see declaration/terms. No universal redistribution grant inferred.","https://data.detroitmi.gov","10","Parks Rec","https://www.arcgis.com/home/item.html?id=0296d27caee741de9c85c24da444941d","Central jurisdiction only; not the whole metro; item-specific extent verify","unclear","unclear","unclear","unclear","unclear","unclear; public access observed without a published tariff","Public catalogue/API or linked service/download; exact export method/key/limits item-specific, unclear unless metadata specifies","unclear; Arc GIS reference-item bytes are not dataset download size","Design proposal: Parks Rec supplies physical geometry/attributes; use non-personal fields only","Exclude personal names, owner/applicant/contact data; art inventory licence does not clear artwork reproduction; modified date is not refresh frequency.","https://data.detroitmi.gov;https://www.arcgis.com/home/item.html?id=0296d27caee741de9c85c24da444941d;https://www.arcgis.com/sharing/rest/content/items/0296d27caee741de9c85c24da444941d?f=json","2026-10-07","https://www2.census.gov/programs-surveys/popest/datasets/2020-2025/metro/totals/cbsa-est2025-alldata.csv"
"Seattle","15","https://data.seattle.gov","Socrata + federated Arc GIS","Dataset-specific; see declaration/terms. No universal redistribution grant inferred.","https://data.seattle.gov/stories/s/Data-Policy/6ukr-wvup/","1","Tree Canopy 2016/2021 Block Groups","https://data.seattle.gov/d/az78-wea3","Central jurisdiction only; not the whole metro; item-specific extent verify","2016/2021 snapshots","unclear","unclear","unclear","unclear","unclear; public access observed without a published tariff","Public catalogue/API or linked service/download; exact export method/key/limits item-specific, unclear unless metadata specifies","unclear; Arc GIS reference-item bytes are not dataset download size","Design proposal: Tree Canopy 2016/2021 Block Groups supplies physical geometry/attributes; use non-personal fields only","Exclude personal names, owner/applicant/contact data; art inventory licence does not clear artwork reproduction; modified date is not refresh frequency.","https://data.seattle.gov;https://data.seattle.gov/d/az78-wea3;https://data.seattle.gov/d/az78-wea3;https://data.seattle.gov/stories/s/Data-Policy/6ukr-wvup/","2026-10-07","https://www2.census.gov/programs-surveys/popest/datasets/2020-2025/metro/totals/cbsa-est2025-alldata.csv"
"Seattle","15","https://data.seattle.gov","Socrata + federated Arc GIS","Dataset-specific; see declaration/terms. No universal redistribution grant inferred.","https://data.seattle.gov/stories/s/Data-Policy/6ukr-wvup/","2","GSP Forest Monitoring Trees","https://data.seattle.gov/d/4cj2-q4dx","Central jurisdiction only; not the whole metro; item-specific extent verify","unclear","unclear","unclear","unclear","unclear","unclear; public access observed without a published tariff","Public catalogue/API or linked service/download; exact export method/key/limits item-specific, unclear unless metadata specifies","unclear; Arc GIS reference-item bytes are not dataset download size","Design proposal: GSP Forest Monitoring Trees supplies physical geometry/attributes; use non-personal fields only","Sampleplots notcomplete streettrees","https://data.seattle.gov;https://data.seattle.gov/d/4cj2-q4dx;https://data.seattle.gov/d/4cj2-q4dx;https://data.seattle.gov/stories/s/Data-Policy/6ukr-wvup/","2026-10-07","https://www2.census.gov/programs-surveys/popest/datasets/2020-2025/metro/totals/cbsa-est2025-alldata.csv"
"Seattle","15","https://data.seattle.gov","Socrata + federated Arc GIS","Dataset-specific; see declaration/terms. No universal redistribution grant inferred.","https://data.seattle.gov/stories/s/Data-Policy/6ukr-wvup/","3","Missing Sidewalks","https://data.seattle.gov/d/eqw3-998w","Central jurisdiction only; not the whole metro; item-specific extent verify","unclear","unclear","unclear","unclear","unclear","unclear; public access observed without a published tariff","Public catalogue/API or linked service/download; exact export method/key/limits item-specific, unclear unless metadata specifies","unclear; Arc GIS reference-item bytes are not dataset download size","Design proposal: Missing Sidewalks supplies physical geometry/attributes; use non-personal fields only","Exclude personal names, owner/applicant/contact data; art inventory licence does not clear artwork reproduction; modified date is not refresh frequency.","https://data.seattle.gov;https://data.seattle.gov/d/eqw3-998w;https://data.seattle.gov/d/eqw3-998w;https://data.seattle.gov/stories/s/Data-Policy/6ukr-wvup/","2026-10-07","https://www2.census.gov/programs-surveys/popest/datasets/2020-2025/metro/totals/cbsa-est2025-alldata.csv"
"Seattle","15","https://data.seattle.gov","Socrata + federated Arc GIS","Dataset-specific; see declaration/terms. No universal redistribution grant inferred.","https://data.seattle.gov/stories/s/Data-Policy/6ukr-wvup/","4","Substandard Sidewalks","https://data.seattle.gov/d/6dya-3qec","Central jurisdiction only; not the whole metro; item-specific extent verify","unclear","unclear","unclear","unclear","unclear","unclear; public access observed without a published tariff","Public catalogue/API or linked service/download; exact export method/key/limits item-specific, unclear unless metadata specifies","unclear; Arc GIS reference-item bytes are not dataset download size","Design proposal: Substandard Sidewalks supplies physical geometry/attributes; use non-personal fields only","Exclude personal names, owner/applicant/contact data; art inventory licence does not clear artwork reproduction; modified date is not refresh frequency.","https://data.seattle.gov;https://data.seattle.gov/d/6dya-3qec;https://data.seattle.gov/d/6dya-3qec;https://data.seattle.gov/stories/s/Data-Policy/6ukr-wvup/","2026-10-07","https://www2.census.gov/programs-surveys/popest/datasets/2020-2025/metro/totals/cbsa-est2025-alldata.csv"
"Seattle","15","https://data.seattle.gov","Socrata + federated Arc GIS","Dataset-specific; see declaration/terms. No universal redistribution grant inferred.","https://data.seattle.gov/stories/s/Data-Policy/6ukr-wvup/","5","Streetlight Repair Status","https://data.seattle.gov/d/ryje-ciqm","Central jurisdiction only; not the whole metro; item-specific extent verify","unclear","unclear","unclear","unclear","unclear","unclear; public access observed without a published tariff","Public catalogue/API or linked service/download; exact export method/key/limits item-specific, unclear unless metadata specifies","unclear; Arc GIS reference-item bytes are not dataset download size","Design proposal: Streetlight Repair Status supplies physical geometry/attributes; use non-personal fields only","Exclude personal names, owner/applicant/contact data; art inventory licence does not clear artwork reproduction; modified date is not refresh frequency.","https://data.seattle.gov;https://data.seattle.gov/d/ryje-ciqm;https://data.seattle.gov/d/ryje-ciqm;https://data.seattle.gov/stories/s/Data-Policy/6ukr-wvup/","2026-10-07","https://www2.census.gov/programs-surveys/popest/datasets/2020-2025/metro/totals/cbsa-est2025-alldata.csv"
"Seattle","15","https://data.seattle.gov","Socrata + federated Arc GIS","Dataset-specific; see declaration/terms. No universal redistribution grant inferred.","https://data.seattle.gov/stories/s/Data-Policy/6ukr-wvup/","6","Existing Bike Facilities","https://data.seattle.gov/d/ps9f-mixf","Central jurisdiction only; not the whole metro; item-specific extent verify","unclear","unclear","unclear","unclear","unclear","unclear; public access observed without a published tariff","Public catalogue/API or linked service/download; exact export method/key/limits item-specific, unclear unless metadata specifies","unclear; Arc GIS reference-item bytes are not dataset download size","Design proposal: Existing Bike Facilities supplies physical geometry/attributes; use non-personal fields only","Exclude personal names, owner/applicant/contact data; art inventory licence does not clear artwork reproduction; modified date is not refresh frequency.","https://data.seattle.gov;https://data.seattle.gov/d/ps9f-mixf;https://data.seattle.gov/d/ps9f-mixf;https://data.seattle.gov/stories/s/Data-Policy/6ukr-wvup/","2026-10-07","https://www2.census.gov/programs-surveys/popest/datasets/2020-2025/metro/totals/cbsa-est2025-alldata.csv"
"Seattle","15","https://data.seattle.gov","Socrata + federated Arc GIS","Dataset-specific; see declaration/terms. No universal redistribution grant inferred.","https://data.seattle.gov/stories/s/Data-Policy/6ukr-wvup/","7","Multi-use Trails Seattle Only","https://data.seattle.gov/d/cffr-vg49","Central jurisdiction only; not the whole metro; item-specific extent verify","unclear","unclear","unclear","unclear","unclear","unclear; public access observed without a published tariff","Public catalogue/API or linked service/download; exact export method/key/limits item-specific, unclear unless metadata specifies","unclear; Arc GIS reference-item bytes are not dataset download size","Design proposal: Multi-use Trails Seattle Only supplies physical geometry/attributes; use non-personal fields only","Exclude personal names, owner/applicant/contact data; art inventory licence does not clear artwork reproduction; modified date is not refresh frequency.","https://data.seattle.gov;https://data.seattle.gov/d/cffr-vg49;https://data.seattle.gov/d/cffr-vg49;https://data.seattle.gov/stories/s/Data-Policy/6ukr-wvup/","2026-10-07","https://www2.census.gov/programs-surveys/popest/datasets/2020-2025/metro/totals/cbsa-est2025-alldata.csv"
"Seattle","15","https://data.seattle.gov","Socrata + federated Arc GIS","Dataset-specific; see declaration/terms. No universal redistribution grant inferred.","https://data.seattle.gov/stories/s/Data-Policy/6ukr-wvup/","8","King County Tax Parcels Seattle overlays","https://data.seattle.gov/d/gukm-4mcu","Central jurisdiction only; not the whole metro; item-specific extent verify","unclear","unclear","unclear","unclear","unclear","unclear; public access observed without a published tariff","Public catalogue/API or linked service/download; exact export method/key/limits item-specific, unclear unless metadata specifies","unclear; Arc GIS reference-item bytes are not dataset download size","Design proposal: King County Tax Parcels Seattle overlays supplies physical geometry/attributes; use non-personal fields only","Exclude personal names, owner/applicant/contact data; art inventory licence does not clear artwork reproduction; modified date is not refresh frequency.","https://data.seattle.gov;https://data.seattle.gov/d/gukm-4mcu;https://data.seattle.gov/d/gukm-4mcu;https://data.seattle.gov/stories/s/Data-Policy/6ukr-wvup/","2026-10-07","https://www2.census.gov/programs-surveys/popest/datasets/2020-2025/metro/totals/cbsa-est2025-alldata.csv"
"Seattle","15","https://data.seattle.gov","Socrata + federated Arc GIS","Dataset-specific; see declaration/terms. No universal redistribution grant inferred.","https://data.seattle.gov/stories/s/Data-Policy/6ukr-wvup/","9","Paid Parking Occupancy Last 30 Days","https://data.seattle.gov/d/xkas-9n43","Central jurisdiction only; not the whole metro; item-specific extent verify","unclear","Public Domain","Permitted for dataset under stated dedication/waiver; third-party rights separate","Permitted for covered data; art/media separate","No mandatory attribution under dedication/waiver; voluntary agency credit","unclear; public access observed without a published tariff","Public catalogue/API or linked service/download; exact export method/key/limits item-specific, unclear unless metadata specifies","unclear; Arc GIS reference-item bytes are not dataset download size","Design proposal: Paid Parking Occupancy Last 30 Days supplies physical geometry/attributes; use non-personal fields only","Exclude personal names, owner/applicant/contact data; art inventory licence does not clear artwork reproduction; modified date is not refresh frequency.","https://data.seattle.gov;https://data.seattle.gov/d/xkas-9n43;https://data.seattle.gov/d/xkas-9n43;https://data.seattle.gov/stories/s/Data-Policy/6ukr-wvup/","2026-10-07","https://www2.census.gov/programs-surveys/popest/datasets/2020-2025/metro/totals/cbsa-est2025-alldata.csv"
"Seattle","15","https://data.seattle.gov","Socrata + federated Arc GIS","Dataset-specific; see declaration/terms. No universal redistribution grant inferred.","https://data.seattle.gov/stories/s/Data-Policy/6ukr-wvup/","10","Building Certificates of Occupancy","https://data.seattle.gov/d/axkr-2p68","Central jurisdiction only; not the whole metro; item-specific extent verify","unclear","Public Domain","Permitted for dataset under stated dedication/waiver; third-party rights separate","Permitted for covered data; art/media separate","No mandatory attribution under dedication/waiver; voluntary agency credit","unclear; public access observed without a published tariff","Public catalogue/API or linked service/download; exact export method/key/limits item-specific, unclear unless metadata specifies","unclear; Arc GIS reference-item bytes are not dataset download size","Design proposal: Building Certificates of Occupancy supplies physical geometry/attributes; use non-personal fields only","Exclude personal names, owner/applicant/contact data; art inventory licence does not clear artwork reproduction; modified date is not refresh frequency.","https://data.seattle.gov;https://data.seattle.gov/d/axkr-2p68;https://data.seattle.gov/d/axkr-2p68;https://data.seattle.gov/stories/s/Data-Policy/6ukr-wvup/","2026-10-07","https://www2.census.gov/programs-surveys/popest/datasets/2020-2025/metro/totals/cbsa-est2025-alldata.csv"
"Minneapolis–St Paul","16","https://opendata.minneapolismn.gov","Arc GIS Hub","Dataset-specific; see declaration/terms. No universal redistribution grant inferred.","https://opendata.minneapolismn.gov","1","Street Centerline","https://www.arcgis.com/home/item.html?id=ec28f7083c9346bf8a9fe44f8546c055","Central jurisdiction only; not the whole metro; item-specific extent verify","unclear","CC 0","Permitted for dataset under stated dedication/waiver; third-party rights separate","Permitted for covered data; art/media separate","No mandatory attribution under dedication/waiver; voluntary agency credit","Official portal reports free data access; third-party rights separate","Public catalogue/API or linked service/download; exact export method/key/limits item-specific, unclear unless metadata specifies","unclear; Arc GIS reference-item bytes are not dataset download size","Design proposal: Street Centerline supplies physical geometry/attributes; use non-personal fields only","Exclude personal names, owner/applicant/contact data; art inventory licence does not clear artwork reproduction; modified date is not refresh frequency.","https://opendata.minneapolismn.gov;https://www.arcgis.com/home/item.html?id=ec28f7083c9346bf8a9fe44f8546c055;https://www.arcgis.com/sharing/rest/content/items/ec28f7083c9346bf8a9fe44f8546c055?f=json;https://creativecommons.org/publicdomain/zero/1.0/","2026-10-07","https://www2.census.gov/programs-surveys/popest/datasets/2020-2025/metro/totals/cbsa-est2025-alldata.csv"
"Minneapolis–St Paul","16","https://opendata.minneapolismn.gov","Arc GIS Hub","Dataset-specific; see declaration/terms. No universal redistribution grant inferred.","https://opendata.minneapolismn.gov","2","Public Art Full Inventory","https://www.arcgis.com/home/item.html?id=80ba8b6ae8a248af8fb8b3e005fd5782","Central jurisdiction only; not the whole metro; item-specific extent verify","unclear","unclear; itemblank/artworkseparate","unclear","unclear","unclear","Official portal reports free data access; third-party rights separate","Public catalogue/API or linked service/download; exact export method/key/limits item-specific, unclear unless metadata specifies","unclear; Arc GIS reference-item bytes are not dataset download size","Design proposal: Public Art Full Inventory supplies physical geometry/attributes; use non-personal fields only","Exclude personal names, owner/applicant/contact data; art inventory licence does not clear artwork reproduction; modified date is not refresh frequency.","https://opendata.minneapolismn.gov;https://www.arcgis.com/home/item.html?id=80ba8b6ae8a248af8fb8b3e005fd5782;https://www.arcgis.com/sharing/rest/content/items/80ba8b6ae8a248af8fb8b3e005fd5782?f=json","2026-10-07","https://www2.census.gov/programs-surveys/popest/datasets/2020-2025/metro/totals/cbsa-est2025-alldata.csv"
"Minneapolis–St Paul","16","https://opendata.minneapolismn.gov","Arc GIS Hub","Dataset-specific; see declaration/terms. No universal redistribution grant inferred.","https://opendata.minneapolismn.gov","3","Parks","https://www.arcgis.com/home/item.html?id=a1847c4cc69940f99b46b16e2b4fe7e3","Central jurisdiction only; not the whole metro; item-specific extent verify","unclear","CC 0","Permitted for dataset under stated dedication/waiver; third-party rights separate","Permitted for covered data; art/media separate","No mandatory attribution under dedication/waiver; voluntary agency credit","Official portal reports free data access; third-party rights separate","Public catalogue/API or linked service/download; exact export method/key/limits item-specific, unclear unless metadata specifies","unclear; Arc GIS reference-item bytes are not dataset download size","Design proposal: Parks supplies physical geometry/attributes; use non-personal fields only","Exclude personal names, owner/applicant/contact data; art inventory licence does not clear artwork reproduction; modified date is not refresh frequency.","https://opendata.minneapolismn.gov;https://www.arcgis.com/home/item.html?id=a1847c4cc69940f99b46b16e2b4fe7e3;https://www.arcgis.com/sharing/rest/content/items/a1847c4cc69940f99b46b16e2b4fe7e3?f=json;https://creativecommons.org/publicdomain/zero/1.0/","2026-10-07","https://www2.census.gov/programs-surveys/popest/datasets/2020-2025/metro/totals/cbsa-est2025-alldata.csv"
"Minneapolis–St Paul","16","https://opendata.minneapolismn.gov","Arc GIS Hub","Dataset-specific; see declaration/terms. No universal redistribution grant inferred.","https://opendata.minneapolismn.gov","4","Existing Bikeways","https://www.arcgis.com/home/item.html?id=c51b1fc23c3940ff8dc1eacc1783c125","Central jurisdiction only; not the whole metro; item-specific extent verify","unclear","unclear; portal CC 0 scopeverify","unclear","unclear","unclear","Official portal reports free data access; third-party rights separate","Public catalogue/API or linked service/download; exact export method/key/limits item-specific, unclear unless metadata specifies","unclear; Arc GIS reference-item bytes are not dataset download size","Design proposal: Existing Bikeways supplies physical geometry/attributes; use non-personal fields only","Exclude personal names, owner/applicant/contact data; art inventory licence does not clear artwork reproduction; modified date is not refresh frequency.","https://opendata.minneapolismn.gov;https://www.arcgis.com/home/item.html?id=c51b1fc23c3940ff8dc1eacc1783c125;https://www.arcgis.com/sharing/rest/content/items/c51b1fc23c3940ff8dc1eacc1783c125?f=json","2026-10-07","https://www2.census.gov/programs-surveys/popest/datasets/2020-2025/metro/totals/cbsa-est2025-alldata.csv"
"Minneapolis–St Paul","16","https://opendata.minneapolismn.gov","Arc GIS Hub","Dataset-specific; see declaration/terms. No universal redistribution grant inferred.","https://opendata.minneapolismn.gov","5","Tree Canopy","https://www.arcgis.com/home/item.html?id=586ccb42d78045369a5763ffdc833816","Central jurisdiction only; not the whole metro; item-specific extent verify","unclear","unclear; universitypartner/portal CC 0 scopeverify","unclear","unclear","unclear","Official portal reports free data access; third-party rights separate","Public catalogue/API or linked service/download; exact export method/key/limits item-specific, unclear unless metadata specifies","unclear; Arc GIS reference-item bytes are not dataset download size","Design proposal: Tree Canopy supplies physical geometry/attributes; use non-personal fields only","Exclude personal names, owner/applicant/contact data; art inventory licence does not clear artwork reproduction; modified date is not refresh frequency.","https://opendata.minneapolismn.gov;https://www.arcgis.com/home/item.html?id=586ccb42d78045369a5763ffdc833816;https://www.arcgis.com/sharing/rest/content/items/586ccb42d78045369a5763ffdc833816?f=json","2026-10-07","https://www2.census.gov/programs-surveys/popest/datasets/2020-2025/metro/totals/cbsa-est2025-alldata.csv"
"Minneapolis–St Paul","16","https://opendata.minneapolismn.gov","Arc GIS Hub","Dataset-specific; see declaration/terms. No universal redistribution grant inferred.","https://opendata.minneapolismn.gov","6","Hydrants","https://www.arcgis.com/home/item.html?id=4d7fc1675df843c7bbf3b63f77bc19dc","Central jurisdiction only; not the whole metro; item-specific extent verify","unclear","CC 0","Permitted for dataset under stated dedication/waiver; third-party rights separate","Permitted for covered data; art/media separate","No mandatory attribution under dedication/waiver; voluntary agency credit","Official portal reports free data access; third-party rights separate","Public catalogue/API or linked service/download; exact export method/key/limits item-specific, unclear unless metadata specifies","unclear; Arc GIS reference-item bytes are not dataset download size","Design proposal: Hydrants supplies physical geometry/attributes; use non-personal fields only","Exclude personal names, owner/applicant/contact data; art inventory licence does not clear artwork reproduction; modified date is not refresh frequency.","https://opendata.minneapolismn.gov;https://www.arcgis.com/home/item.html?id=4d7fc1675df843c7bbf3b63f77bc19dc;https://www.arcgis.com/sharing/rest/content/items/4d7fc1675df843c7bbf3b63f77bc19dc?f=json;https://creativecommons.org/publicdomain/zero/1.0/","2026-10-07","https://www2.census.gov/programs-surveys/popest/datasets/2020-2025/metro/totals/cbsa-est2025-alldata.csv"
"Minneapolis–St Paul","16","https://opendata.minneapolismn.gov","Arc GIS Hub","Dataset-specific; see declaration/terms. No universal redistribution grant inferred.","https://opendata.minneapolismn.gov","7","Assessing Parcel Data 2025","https://www.arcgis.com/home/item.html?id=64383942df1148bea53db4823770f145","Central jurisdiction only; not the whole metro; item-specific extent verify","2025 snapshot; refreshunclear","CC 0","Permitted for dataset under stated dedication/waiver; third-party rights separate","Permitted for covered data; art/media separate","No mandatory attribution under dedication/waiver; voluntary agency credit","Official portal reports free data access; third-party rights separate","Public catalogue/API or linked service/download; exact export method/key/limits item-specific, unclear unless metadata specifies","unclear; Arc GIS reference-item bytes are not dataset download size","Design proposal: Assessing Parcel Data 2025 supplies physical geometry/attributes; use non-personal fields only","Exclude personal names, owner/applicant/contact data; art inventory licence does not clear artwork reproduction; modified date is not refresh frequency.","https://opendata.minneapolismn.gov;https://www.arcgis.com/home/item.html?id=64383942df1148bea53db4823770f145;https://www.arcgis.com/sharing/rest/content/items/64383942df1148bea53db4823770f145?f=json;https://creativecommons.org/publicdomain/zero/1.0/","2026-10-07","https://www2.census.gov/programs-surveys/popest/datasets/2020-2025/metro/totals/cbsa-est2025-alldata.csv"
"Minneapolis–St Paul","16","https://opendata.minneapolismn.gov","Arc GIS Hub","Dataset-specific; see declaration/terms. No universal redistribution grant inferred.","https://opendata.minneapolismn.gov","8","Parking Meter Inventory","https://www.arcgis.com/home/item.html?id=ce8f3fa014ae464e861ee74615bae4b0","Central jurisdiction only; not the whole metro; item-specific extent verify","unclear","unclear; portal CC 0 scopeverify","unclear","unclear","unclear","Official portal reports free data access; third-party rights separate","Public catalogue/API or linked service/download; exact export method/key/limits item-specific, unclear unless metadata specifies","unclear; Arc GIS reference-item bytes are not dataset download size","Design proposal: Parking Meter Inventory supplies physical geometry/attributes; use non-personal fields only","Exclude personal names, owner/applicant/contact data; art inventory licence does not clear artwork reproduction; modified date is not refresh frequency.","https://opendata.minneapolismn.gov;https://www.arcgis.com/home/item.html?id=ce8f3fa014ae464e861ee74615bae4b0;https://www.arcgis.com/sharing/rest/content/items/ce8f3fa014ae464e861ee74615bae4b0?f=json","2026-10-07","https://www2.census.gov/programs-surveys/popest/datasets/2020-2025/metro/totals/cbsa-est2025-alldata.csv"
"Minneapolis–St Paul","16","https://opendata.minneapolismn.gov","Arc GIS Hub","Dataset-specific; see declaration/terms. No universal redistribution grant inferred.","https://opendata.minneapolismn.gov","9","Primary Zoning","https://www.arcgis.com/home/item.html?id=5dd8138c953a4555b17caf44d777c5fb","Central jurisdiction only; not the whole metro; item-specific extent verify","Weekly Friday 02:45","CC 0","Permitted for dataset under stated dedication/waiver; third-party rights separate","Permitted for covered data; art/media separate","No mandatory attribution under dedication/waiver; voluntary agency credit","Official portal reports free data access; third-party rights separate","Public catalogue/API or linked service/download; exact export method/key/limits item-specific, unclear unless metadata specifies","unclear; Arc GIS reference-item bytes are not dataset download size","Design proposal: Primary Zoning supplies physical geometry/attributes; use non-personal fields only","Exclude personal names, owner/applicant/contact data; art inventory licence does not clear artwork reproduction; modified date is not refresh frequency.","https://opendata.minneapolismn.gov;https://www.arcgis.com/home/item.html?id=5dd8138c953a4555b17caf44d777c5fb;https://www.arcgis.com/sharing/rest/content/items/5dd8138c953a4555b17caf44d777c5fb?f=json;https://creativecommons.org/publicdomain/zero/1.0/","2026-10-07","https://www2.census.gov/programs-surveys/popest/datasets/2020-2025/metro/totals/cbsa-est2025-alldata.csv"
"Minneapolis–St Paul","16","https://opendata.minneapolismn.gov","Arc GIS Hub","Dataset-specific; see declaration/terms. No universal redistribution grant inferred.","https://opendata.minneapolismn.gov","10","ROW Utility Sidewalk Permits","https://www.arcgis.com/home/item.html?id=033c8e380fe54fc7a3da596871bcf7e8","Central jurisdiction only; not the whole metro; item-specific extent verify","unclear","unclear; portal CC 0 scopeverify","unclear","unclear","unclear","Official portal reports free data access; third-party rights separate","Public catalogue/API or linked service/download; exact export method/key/limits item-specific, unclear unless metadata specifies","unclear; Arc GIS reference-item bytes are not dataset download size","Design proposal: ROW Utility Sidewalk Permits supplies physical geometry/attributes; use non-personal fields only","Exclude personal names, owner/applicant/contact data; art inventory licence does not clear artwork reproduction; modified date is not refresh frequency.","https://opendata.minneapolismn.gov;https://www.arcgis.com/home/item.html?id=033c8e380fe54fc7a3da596871bcf7e8;https://www.arcgis.com/sharing/rest/content/items/033c8e380fe54fc7a3da596871bcf7e8?f=json","2026-10-07","https://www2.census.gov/programs-surveys/popest/datasets/2020-2025/metro/totals/cbsa-est2025-alldata.csv"
"Tampa–St Petersburg","17","https://city-tampa.opendata.arcgis.com","Arc GIS Hub","Dataset-specific; see declaration/terms. No universal redistribution grant inferred.","https://city-tampa.opendata.arcgis.com","1","Road Centerline","https://www.arcgis.com/home/item.html?id=2d9fb3b3408a44e4b03db351c84a35c5","Tampa/unincorporated Hillsborough/Plant City/Temple Terrace; excludes Pinellas","Daily","CC 0","Permitted for dataset under stated dedication/waiver; third-party rights separate","Permitted for covered data; art/media separate","No mandatory attribution under dedication/waiver; voluntary agency credit","unclear; public access observed without a published tariff","Public catalogue/API or linked service/download; exact export method/key/limits item-specific, unclear unless metadata specifies","unclear; Arc GIS reference-item bytes are not dataset download size","Design proposal: Road Centerline supplies physical geometry/attributes; use non-personal fields only","Exclude personal names, owner/applicant/contact data; art inventory licence does not clear artwork reproduction; modified date is not refresh frequency.","https://city-tampa.opendata.arcgis.com;https://www.arcgis.com/home/item.html?id=2d9fb3b3408a44e4b03db351c84a35c5;https://www.arcgis.com/sharing/rest/content/items/2d9fb3b3408a44e4b03db351c84a35c5?f=json;https://creativecommons.org/publicdomain/zero/1.0/","2026-10-07","https://www2.census.gov/programs-surveys/popest/datasets/2020-2025/metro/totals/cbsa-est2025-alldata.csv"
"Tampa–St Petersburg","17","https://city-tampa.opendata.arcgis.com","Arc GIS Hub","Dataset-specific; see declaration/terms. No universal redistribution grant inferred.","https://city-tampa.opendata.arcgis.com","2","Water Fire Hydrants","https://www.arcgis.com/home/item.html?id=5db4ba035d304f4886285ae5994f52b2","Central jurisdiction only; not the whole metro; item-specific extent verify","Asneeded; portalrefresh 24 h","CC 0","Permitted for dataset under stated dedication/waiver; third-party rights separate","Permitted for covered data; art/media separate","No mandatory attribution under dedication/waiver; voluntary agency credit","unclear; public access observed without a published tariff","Public catalogue/API or linked service/download; exact export method/key/limits item-specific, unclear unless metadata specifies","unclear; Arc GIS reference-item bytes are not dataset download size","Design proposal: Water Fire Hydrants supplies physical geometry/attributes; use non-personal fields only","Exclude personal names, owner/applicant/contact data; art inventory licence does not clear artwork reproduction; modified date is not refresh frequency.","https://city-tampa.opendata.arcgis.com;https://www.arcgis.com/home/item.html?id=5db4ba035d304f4886285ae5994f52b2;https://www.arcgis.com/sharing/rest/content/items/5db4ba035d304f4886285ae5994f52b2?f=json;https://creativecommons.org/publicdomain/zero/1.0/","2026-10-07","https://www2.census.gov/programs-surveys/popest/datasets/2020-2025/metro/totals/cbsa-est2025-alldata.csv"
"Tampa–St Petersburg","17","https://city-tampa.opendata.arcgis.com","Arc GIS Hub","Dataset-specific; see declaration/terms. No universal redistribution grant inferred.","https://city-tampa.opendata.arcgis.com","3","Sidewalk","https://www.arcgis.com/home/item.html?id=657e05f5df8742318e402ae186575741","Central jurisdiction only; not the whole metro; item-specific extent verify","Asneeded; portalrefresh 24 h","CC 0","Permitted for dataset under stated dedication/waiver; third-party rights separate","Permitted for covered data; art/media separate","No mandatory attribution under dedication/waiver; voluntary agency credit","unclear; public access observed without a published tariff","Public catalogue/API or linked service/download; exact export method/key/limits item-specific, unclear unless metadata specifies","unclear; Arc GIS reference-item bytes are not dataset download size","Design proposal: Sidewalk supplies physical geometry/attributes; use non-personal fields only","Exclude personal names, owner/applicant/contact data; art inventory licence does not clear artwork reproduction; modified date is not refresh frequency.","https://city-tampa.opendata.arcgis.com;https://www.arcgis.com/home/item.html?id=657e05f5df8742318e402ae186575741;https://www.arcgis.com/sharing/rest/content/items/657e05f5df8742318e402ae186575741?f=json;https://creativecommons.org/publicdomain/zero/1.0/","2026-10-07","https://www2.census.gov/programs-surveys/popest/datasets/2020-2025/metro/totals/cbsa-est2025-alldata.csv"
"Tampa–St Petersburg","17","https://city-tampa.opendata.arcgis.com","Arc GIS Hub","Dataset-specific; see declaration/terms. No universal redistribution grant inferred.","https://city-tampa.opendata.arcgis.com","4","Building Footprint","https://www.arcgis.com/home/item.html?id=6717b84e1b7742c894455b7a5dfed41e","Central jurisdiction only; not the whole metro; item-specific extent verify","Monthly; portalrefresh 24 h","CC 0","Permitted for dataset under stated dedication/waiver; third-party rights separate","Permitted for covered data; art/media separate","No mandatory attribution under dedication/waiver; voluntary agency credit","unclear; public access observed without a published tariff","Public catalogue/API or linked service/download; exact export method/key/limits item-specific, unclear unless metadata specifies","unclear; Arc GIS reference-item bytes are not dataset download size","Design proposal: Building Footprint supplies physical geometry/attributes; use non-personal fields only","Exclude personal names, owner/applicant/contact data; art inventory licence does not clear artwork reproduction; modified date is not refresh frequency.","https://city-tampa.opendata.arcgis.com;https://www.arcgis.com/home/item.html?id=6717b84e1b7742c894455b7a5dfed41e;https://www.arcgis.com/sharing/rest/content/items/6717b84e1b7742c894455b7a5dfed41e?f=json;https://creativecommons.org/publicdomain/zero/1.0/","2026-10-07","https://www2.census.gov/programs-surveys/popest/datasets/2020-2025/metro/totals/cbsa-est2025-alldata.csv"
"Tampa–St Petersburg","17","https://city-tampa.opendata.arcgis.com","Arc GIS Hub","Dataset-specific; see declaration/terms. No universal redistribution grant inferred.","https://city-tampa.opendata.arcgis.com","5","Park Recreation Areas","https://www.arcgis.com/home/item.html?id=351c1188773d4416b03f24bc2e85f1a7","Central jurisdiction only; not the whole metro; item-specific extent verify","Asneeded; portalrefresh 24 h","CC 0","Permitted for dataset under stated dedication/waiver; third-party rights separate","Permitted for covered data; art/media separate","No mandatory attribution under dedication/waiver; voluntary agency credit","unclear; public access observed without a published tariff","Public catalogue/API or linked service/download; exact export method/key/limits item-specific, unclear unless metadata specifies","unclear; Arc GIS reference-item bytes are not dataset download size","Design proposal: Park Recreation Areas supplies physical geometry/attributes; use non-personal fields only","Exclude personal names, owner/applicant/contact data; art inventory licence does not clear artwork reproduction; modified date is not refresh frequency.","https://city-tampa.opendata.arcgis.com;https://www.arcgis.com/home/item.html?id=351c1188773d4416b03f24bc2e85f1a7;https://www.arcgis.com/sharing/rest/content/items/351c1188773d4416b03f24bc2e85f1a7?f=json;https://creativecommons.org/publicdomain/zero/1.0/","2026-10-07","https://www2.census.gov/programs-surveys/popest/datasets/2020-2025/metro/totals/cbsa-est2025-alldata.csv"
"Tampa–St Petersburg","17","https://city-tampa.opendata.arcgis.com","Arc GIS Hub","Dataset-specific; see declaration/terms. No universal redistribution grant inferred.","https://city-tampa.opendata.arcgis.com","6","Parking Pay Stations","https://www.arcgis.com/home/item.html?id=32093acbe0904b19a5e3ea349525ef0a","Central jurisdiction only; not the whole metro; item-specific extent verify","Asneeded; portalrefresh 24 h","CC 0","Permitted for dataset under stated dedication/waiver; third-party rights separate","Permitted for covered data; art/media separate","No mandatory attribution under dedication/waiver; voluntary agency credit","unclear; public access observed without a published tariff","Public catalogue/API or linked service/download; exact export method/key/limits item-specific, unclear unless metadata specifies","unclear; Arc GIS reference-item bytes are not dataset download size","Design proposal: Parking Pay Stations supplies physical geometry/attributes; use non-personal fields only","Exclude personal names, owner/applicant/contact data; art inventory licence does not clear artwork reproduction; modified date is not refresh frequency.","https://city-tampa.opendata.arcgis.com;https://www.arcgis.com/home/item.html?id=32093acbe0904b19a5e3ea349525ef0a;https://www.arcgis.com/sharing/rest/content/items/32093acbe0904b19a5e3ea349525ef0a?f=json;https://creativecommons.org/publicdomain/zero/1.0/","2026-10-07","https://www2.census.gov/programs-surveys/popest/datasets/2020-2025/metro/totals/cbsa-est2025-alldata.csv"
"Tampa–St Petersburg","17","https://city-tampa.opendata.arcgis.com","Arc GIS Hub","Dataset-specific; see declaration/terms. No universal redistribution grant inferred.","https://city-tampa.opendata.arcgis.com","7","Parking Garages/Lots","https://www.arcgis.com/home/item.html?id=d6a95b03aefa42779fb39dfd021f7b19","Central jurisdiction only; not the whole metro; item-specific extent verify","Asneeded; portalrefresh 24 h","CC 0","Permitted for dataset under stated dedication/waiver; third-party rights separate","Permitted for covered data; art/media separate","No mandatory attribution under dedication/waiver; voluntary agency credit","unclear; public access observed without a published tariff","Public catalogue/API or linked service/download; exact export method/key/limits item-specific, unclear unless metadata specifies","unclear; Arc GIS reference-item bytes are not dataset download size","Design proposal: Parking Garages/Lots supplies physical geometry/attributes; use non-personal fields only","Exclude personal names, owner/applicant/contact data; art inventory licence does not clear artwork reproduction; modified date is not refresh frequency.","https://city-tampa.opendata.arcgis.com;https://www.arcgis.com/home/item.html?id=d6a95b03aefa42779fb39dfd021f7b19;https://www.arcgis.com/sharing/rest/content/items/d6a95b03aefa42779fb39dfd021f7b19?f=json;https://creativecommons.org/publicdomain/zero/1.0/","2026-10-07","https://www2.census.gov/programs-surveys/popest/datasets/2020-2025/metro/totals/cbsa-est2025-alldata.csv"
"Tampa–St Petersburg","17","https://city-tampa.opendata.arcgis.com","Arc GIS Hub","Dataset-specific; see declaration/terms. No universal redistribution grant inferred.","https://city-tampa.opendata.arcgis.com","8","Single Family Permits","https://www.arcgis.com/home/item.html?id=3a025f4287f14e37b6a9dc55100031f1","Central jurisdiction only; not the whole metro; item-specific extent verify","Weekly","CC 0","Permitted for dataset under stated dedication/waiver; third-party rights separate","Permitted for covered data; art/media separate","No mandatory attribution under dedication/waiver; voluntary agency credit","unclear; public access observed without a published tariff","Public catalogue/API or linked service/download; exact export method/key/limits item-specific, unclear unless metadata specifies","unclear; Arc GIS reference-item bytes are not dataset download size","Design proposal: Single Family Permits supplies physical geometry/attributes; use non-personal fields only","Exclude personal names, owner/applicant/contact data; art inventory licence does not clear artwork reproduction; modified date is not refresh frequency.","https://city-tampa.opendata.arcgis.com;https://www.arcgis.com/home/item.html?id=3a025f4287f14e37b6a9dc55100031f1;https://www.arcgis.com/sharing/rest/content/items/3a025f4287f14e37b6a9dc55100031f1?f=json;https://creativecommons.org/publicdomain/zero/1.0/","2026-10-07","https://www2.census.gov/programs-surveys/popest/datasets/2020-2025/metro/totals/cbsa-est2025-alldata.csv"
"Tampa–St Petersburg","17","https://city-tampa.opendata.arcgis.com","Arc GIS Hub","Dataset-specific; see declaration/terms. No universal redistribution grant inferred.","https://city-tampa.opendata.arcgis.com","9","Bike Lanes","https://www.arcgis.com/home/item.html?id=d54aac9d4559488fa439e454df5f09ce","Central jurisdiction only; not the whole metro; item-specific extent verify","Nightly","CC 0","Permitted for dataset under stated dedication/waiver; third-party rights separate","Permitted for covered data; art/media separate","No mandatory attribution under dedication/waiver; voluntary agency credit","unclear; public access observed without a published tariff","Public catalogue/API or linked service/download; exact export method/key/limits item-specific, unclear unless metadata specifies","unclear; Arc GIS reference-item bytes are not dataset download size","Design proposal: Bike Lanes supplies physical geometry/attributes; use non-personal fields only","Exclude personal names, owner/applicant/contact data; art inventory licence does not clear artwork reproduction; modified date is not refresh frequency.","https://city-tampa.opendata.arcgis.com;https://www.arcgis.com/home/item.html?id=d54aac9d4559488fa439e454df5f09ce;https://www.arcgis.com/sharing/rest/content/items/d54aac9d4559488fa439e454df5f09ce?f=json;https://creativecommons.org/publicdomain/zero/1.0/","2026-10-07","https://www2.census.gov/programs-surveys/popest/datasets/2020-2025/metro/totals/cbsa-est2025-alldata.csv"
"Tampa–St Petersburg","17","https://city-tampa.opendata.arcgis.com","Arc GIS Hub","Dataset-specific; see declaration/terms. No universal redistribution grant inferred.","https://city-tampa.opendata.arcgis.com","10","Stormwater Curbed Streets","https://www.arcgis.com/home/item.html?id=24a065ddbeed48b3aee855e7310ad69c","Central jurisdiction only; not the whole metro; item-specific extent verify","unclear","CC 0","Permitted for dataset under stated dedication/waiver; third-party rights separate","Permitted for covered data; art/media separate","No mandatory attribution under dedication/waiver; voluntary agency credit","unclear; public access observed without a published tariff","Public catalogue/API or linked service/download; exact export method/key/limits item-specific, unclear unless metadata specifies","unclear; Arc GIS reference-item bytes are not dataset download size","Design proposal: Stormwater Curbed Streets supplies physical geometry/attributes; use non-personal fields only","Exclude personal names, owner/applicant/contact data; art inventory licence does not clear artwork reproduction; modified date is not refresh frequency.","https://city-tampa.opendata.arcgis.com;https://www.arcgis.com/home/item.html?id=24a065ddbeed48b3aee855e7310ad69c;https://www.arcgis.com/sharing/rest/content/items/24a065ddbeed48b3aee855e7310ad69c?f=json;https://creativecommons.org/publicdomain/zero/1.0/","2026-10-07","https://www2.census.gov/programs-surveys/popest/datasets/2020-2025/metro/totals/cbsa-est2025-alldata.csv"
"San Diego","18","https://data.sandiego.gov","Custom official catalogue","Dataset-specific; see declaration/terms. No universal redistribution grant inferred.","https://data.sandiego.gov/help/guides/terms/","1","Bike route lines","https://data.sandiego.gov/datasets/gis-bike-routes/","Central jurisdiction only; not the whole metro; item-specific extent verify","unclear","Free use/redistribution policy; itemexceptionsverify","Portal FAQ permits use; commercial-specific item exceptions verify","FAQ permits redistribution; terms reserve third-party rights and item conditions","unclear","Official portal reports free data access; third-party rights separate","Public catalogue/API or linked service/download; exact export method/key/limits item-specific, unclear unless metadata specifies","unclear; Arc GIS reference-item bytes are not dataset download size","Design proposal: Bike route lines supplies physical geometry/attributes; use non-personal fields only","Exclude personal names, owner/applicant/contact data; art inventory licence does not clear artwork reproduction; modified date is not refresh frequency.","https://data.sandiego.gov;https://data.sandiego.gov/datasets/gis-bike-routes/;https://data.sandiego.gov/datasets/gis-bike-routes/;https://data.sandiego.gov/help/guides/terms/;https://data.sandiego.gov/help/guides/faq/","2026-10-07","https://www2.census.gov/programs-surveys/popest/datasets/2020-2025/metro/totals/cbsa-est2025-alldata.csv"
"San Diego","18","https://data.sandiego.gov","Custom official catalogue","Dataset-specific; see declaration/terms. No universal redistribution grant inferred.","https://data.sandiego.gov/help/guides/terms/","2","Park Locations","https://data.sandiego.gov/datasets/gis-park-locations/","Central jurisdiction only; not the whole metro; item-specific extent verify","unclear","Free use/redistribution policy; itemexceptionsverify","Portal FAQ permits use; commercial-specific item exceptions verify","FAQ permits redistribution; terms reserve third-party rights and item conditions","unclear","Official portal reports free data access; third-party rights separate","Public catalogue/API or linked service/download; exact export method/key/limits item-specific, unclear unless metadata specifies","unclear; Arc GIS reference-item bytes are not dataset download size","Design proposal: Park Locations supplies physical geometry/attributes; use non-personal fields only","Exclude personal names, owner/applicant/contact data; art inventory licence does not clear artwork reproduction; modified date is not refresh frequency.","https://data.sandiego.gov;https://data.sandiego.gov/datasets/gis-park-locations/;https://data.sandiego.gov/datasets/gis-park-locations/;https://data.sandiego.gov/help/guides/terms/;https://data.sandiego.gov/help/guides/faq/","2026-10-07","https://www2.census.gov/programs-surveys/popest/datasets/2020-2025/metro/totals/cbsa-est2025-alldata.csv"
"San Diego","18","https://data.sandiego.gov","Custom official catalogue","Dataset-specific; see declaration/terms. No universal redistribution grant inferred.","https://data.sandiego.gov/help/guides/terms/","3","Joint use parks","https://data.sandiego.gov/datasets/gis-joint-use-parks/","Central jurisdiction only; not the whole metro; item-specific extent verify","unclear","Free use/redistribution policy; itemexceptionsverify","Portal FAQ permits use; commercial-specific item exceptions verify","FAQ permits redistribution; terms reserve third-party rights and item conditions","unclear","Official portal reports free data access; third-party rights separate","Public catalogue/API or linked service/download; exact export method/key/limits item-specific, unclear unless metadata specifies","unclear; Arc GIS reference-item bytes are not dataset download size","Design proposal: Joint use parks supplies physical geometry/attributes; use non-personal fields only","Exclude personal names, owner/applicant/contact data; art inventory licence does not clear artwork reproduction; modified date is not refresh frequency.","https://data.sandiego.gov;https://data.sandiego.gov/datasets/gis-joint-use-parks/;https://data.sandiego.gov/datasets/gis-joint-use-parks/;https://data.sandiego.gov/help/guides/terms/;https://data.sandiego.gov/help/guides/faq/","2026-10-07","https://www2.census.gov/programs-surveys/popest/datasets/2020-2025/metro/totals/cbsa-est2025-alldata.csv"
"San Diego","18","https://data.sandiego.gov","Custom official catalogue","Dataset-specific; see declaration/terms. No universal redistribution grant inferred.","https://data.sandiego.gov/help/guides/terms/","4","Zoning","https://data.sandiego.gov/datasets/gis-zoning/","Central jurisdiction only; not the whole metro; item-specific extent verify","unclear","Free use/redistribution policy; itemexceptionsverify","Portal FAQ permits use; commercial-specific item exceptions verify","FAQ permits redistribution; terms reserve third-party rights and item conditions","unclear","Official portal reports free data access; third-party rights separate","Public catalogue/API or linked service/download; exact export method/key/limits item-specific, unclear unless metadata specifies","unclear; Arc GIS reference-item bytes are not dataset download size","Design proposal: Zoning supplies physical geometry/attributes; use non-personal fields only","Exclude personal names, owner/applicant/contact data; art inventory licence does not clear artwork reproduction; modified date is not refresh frequency.","https://data.sandiego.gov;https://data.sandiego.gov/datasets/gis-zoning/;https://data.sandiego.gov/datasets/gis-zoning/;https://data.sandiego.gov/help/guides/terms/;https://data.sandiego.gov/help/guides/faq/","2026-10-07","https://www2.census.gov/programs-surveys/popest/datasets/2020-2025/metro/totals/cbsa-est2025-alldata.csv"
"San Diego","18","https://data.sandiego.gov","Custom official catalogue","Dataset-specific; see declaration/terms. No universal redistribution grant inferred.","https://data.sandiego.gov/help/guides/terms/","5","Transit Stops","https://data.sandiego.gov/datasets/gis-transit-stops/","Countytransitcoverage","unclear","Free use/redistribution policy; itemexceptionsverify","Portal FAQ permits use; commercial-specific item exceptions verify","FAQ permits redistribution; terms reserve third-party rights and item conditions","unclear","Official portal reports free data access; third-party rights separate","Public catalogue/API or linked service/download; exact export method/key/limits item-specific, unclear unless metadata specifies","unclear; Arc GIS reference-item bytes are not dataset download size","Design proposal: Transit Stops supplies physical geometry/attributes; use non-personal fields only","Exclude personal names, owner/applicant/contact data; art inventory licence does not clear artwork reproduction; modified date is not refresh frequency.","https://data.sandiego.gov;https://data.sandiego.gov/datasets/gis-transit-stops/;https://data.sandiego.gov/datasets/gis-transit-stops/;https://data.sandiego.gov/help/guides/terms/;https://data.sandiego.gov/help/guides/faq/","2026-10-07","https://www2.census.gov/programs-surveys/popest/datasets/2020-2025/metro/totals/cbsa-est2025-alldata.csv"
"San Diego","18","https://data.sandiego.gov","Custom official catalogue","Dataset-specific; see declaration/terms. No universal redistribution grant inferred.","https://data.sandiego.gov/help/guides/terms/","6","Transit Routes","https://data.sandiego.gov/datasets/gis-transit-routes/","Countytransitcoverage","unclear","Free use/redistribution policy; itemexceptionsverify","Portal FAQ permits use; commercial-specific item exceptions verify","FAQ permits redistribution; terms reserve third-party rights and item conditions","unclear","Official portal reports free data access; third-party rights separate","Public catalogue/API or linked service/download; exact export method/key/limits item-specific, unclear unless metadata specifies","unclear; Arc GIS reference-item bytes are not dataset download size","Design proposal: Transit Routes supplies physical geometry/attributes; use non-personal fields only","Exclude personal names, owner/applicant/contact data; art inventory licence does not clear artwork reproduction; modified date is not refresh frequency.","https://data.sandiego.gov;https://data.sandiego.gov/datasets/gis-transit-routes/;https://data.sandiego.gov/datasets/gis-transit-routes/;https://data.sandiego.gov/help/guides/terms/;https://data.sandiego.gov/help/guides/faq/","2026-10-07","https://www2.census.gov/programs-surveys/popest/datasets/2020-2025/metro/totals/cbsa-est2025-alldata.csv"
"San Diego","18","https://data.sandiego.gov","Custom official catalogue","Dataset-specific; see declaration/terms. No universal redistribution grant inferred.","https://data.sandiego.gov/help/guides/terms/","7","Development permits","https://data.sandiego.gov/datasets/development-permits/","Central jurisdiction only; not the whole metro; item-specific extent verify","unclear","Free use/redistribution policy; itemexceptionsverify","Portal FAQ permits use; commercial-specific item exceptions verify","FAQ permits redistribution; terms reserve third-party rights and item conditions","unclear","Official portal reports free data access; third-party rights separate","Public catalogue/API or linked service/download; exact export method/key/limits item-specific, unclear unless metadata specifies","unclear; Arc GIS reference-item bytes are not dataset download size","Design proposal: Development permits supplies physical geometry/attributes; use non-personal fields only","Exclude personal names, owner/applicant/contact data; art inventory licence does not clear artwork reproduction; modified date is not refresh frequency.","https://data.sandiego.gov;https://data.sandiego.gov/datasets/development-permits/;https://data.sandiego.gov/datasets/development-permits/;https://data.sandiego.gov/help/guides/terms/;https://data.sandiego.gov/help/guides/faq/","2026-10-07","https://www2.census.gov/programs-surveys/popest/datasets/2020-2025/metro/totals/cbsa-est2025-alldata.csv"
"San Diego","18","https://data.sandiego.gov","Custom official catalogue","Dataset-specific; see declaration/terms. No universal redistribution grant inferred.","https://data.sandiego.gov/help/guides/terms/","8","Civic Art Collection","https://data.sandiego.gov/datasets/civic-art-collection/","Central jurisdiction only; not the whole metro; item-specific extent verify","unclear","Free metadatause; artworkseparate","Portal FAQ permits use; commercial-specific item exceptions verify","FAQ permits redistribution; terms reserve third-party rights and item conditions","unclear","Official portal reports free data access; third-party rights separate","Public catalogue/API or linked service/download; exact export method/key/limits item-specific, unclear unless metadata specifies","unclear; Arc GIS reference-item bytes are not dataset download size","Design proposal: Civic Art Collection supplies physical geometry/attributes; use non-personal fields only","Exclude personal names, owner/applicant/contact data; art inventory licence does not clear artwork reproduction; modified date is not refresh frequency.","https://data.sandiego.gov;https://data.sandiego.gov/datasets/civic-art-collection/;https://data.sandiego.gov/datasets/civic-art-collection/;https://data.sandiego.gov/help/guides/terms/;https://data.sandiego.gov/help/guides/faq/","2026-10-07","https://www2.census.gov/programs-surveys/popest/datasets/2020-2025/metro/totals/cbsa-est2025-alldata.csv"
"San Diego","18","https://data.sandiego.gov","Custom official catalogue","Dataset-specific; see declaration/terms. No universal redistribution grant inferred.","https://data.sandiego.gov/help/guides/terms/","9","Parking Meters","https://data.sandiego.gov/datasets/parking-meters-locations/","Central jurisdiction only; not the whole metro; item-specific extent verify","unclear","Free use/redistribution policy; itemexceptionsverify","Portal FAQ permits use; commercial-specific item exceptions verify","FAQ permits redistribution; terms reserve third-party rights and item conditions","unclear","Official portal reports free data access; third-party rights separate","Public catalogue/API or linked service/download; exact export method/key/limits item-specific, unclear unless metadata specifies","unclear; Arc GIS reference-item bytes are not dataset download size","Design proposal: Parking Meters supplies physical geometry/attributes; use non-personal fields only","Exclude personal names, owner/applicant/contact data; art inventory licence does not clear artwork reproduction; modified date is not refresh frequency.","https://data.sandiego.gov;https://data.sandiego.gov/datasets/parking-meters-locations/;https://data.sandiego.gov/datasets/parking-meters-locations/;https://data.sandiego.gov/help/guides/terms/;https://data.sandiego.gov/help/guides/faq/","2026-10-07","https://www2.census.gov/programs-surveys/popest/datasets/2020-2025/metro/totals/cbsa-est2025-alldata.csv"
"San Diego","18","https://data.sandiego.gov","Custom official catalogue","Dataset-specific; see declaration/terms. No universal redistribution grant inferred.","https://data.sandiego.gov/help/guides/terms/","10","Special Events","https://data.sandiego.gov/datasets/special-events/","Central jurisdiction only; not the whole metro; item-specific extent verify","unclear","Free use/redistribution policy; itemexceptionsverify","Portal FAQ permits use; commercial-specific item exceptions verify","FAQ permits redistribution; terms reserve third-party rights and item conditions","unclear","Official portal reports free data access; third-party rights separate","Public catalogue/API or linked service/download; exact export method/key/limits item-specific, unclear unless metadata specifies","unclear; Arc GIS reference-item bytes are not dataset download size","Design proposal: Special Events supplies physical geometry/attributes; use non-personal fields only","Exclude personal names, owner/applicant/contact data; art inventory licence does not clear artwork reproduction; modified date is not refresh frequency.","https://data.sandiego.gov;https://data.sandiego.gov/datasets/special-events/;https://data.sandiego.gov/datasets/special-events/;https://data.sandiego.gov/help/guides/terms/;https://data.sandiego.gov/help/guides/faq/","2026-10-07","https://www2.census.gov/programs-surveys/popest/datasets/2020-2025/metro/totals/cbsa-est2025-alldata.csv"
"Denver","19","https://opendata-geospatialdenver.hub.arcgis.com","Arc GIS Hub","Dataset-specific; see declaration/terms. No universal redistribution grant inferred.","https://opendata-geospatialdenver.hub.arcgis.com","1","Parks Medians Parkway Trees","https://www.arcgis.com/home/item.html?id=f90e355dd3874744a25c30fd2ddfd45b","DPRmanagedareas only","unclear","unclear","unclear","unclear","unclear","unclear; public access observed without a published tariff","Public catalogue/API or linked service/download; exact export method/key/limits item-specific, unclear unless metadata specifies","Hostedserviceitem 197746688 bytes; not ZIP","Design proposal: Parks Medians Parkway Trees supplies physical geometry/attributes; use non-personal fields only","Exclude personal names, owner/applicant/contact data; art inventory licence does not clear artwork reproduction; modified date is not refresh frequency.","https://opendata-geospatialdenver.hub.arcgis.com;https://www.arcgis.com/home/item.html?id=f90e355dd3874744a25c30fd2ddfd45b;https://www.arcgis.com/sharing/rest/content/items/f90e355dd3874744a25c30fd2ddfd45b?f=json","2026-10-07","https://www2.census.gov/programs-surveys/popest/datasets/2020-2025/metro/totals/cbsa-est2025-alldata.csv"
"Denver","19","https://opendata-geospatialdenver.hub.arcgis.com","Arc GIS Hub","Dataset-specific; see declaration/terms. No universal redistribution grant inferred.","https://opendata-geospatialdenver.hub.arcgis.com","2","Building Outlines 2022","https://www.arcgis.com/home/item.html?id=04e5069b4cf843d2bfe15ad0d1c66e00","City and County of Denver; not entire metro","2022 capture","unclear","unclear","unclear","unclear","unclear; public access observed without a published tariff","Public catalogue/API or linked service/download; exact export method/key/limits item-specific, unclear unless metadata specifies","Hostedserviceitem 328589312 bytes","Design proposal: Building Outlines 2022 supplies physical geometry/attributes; use non-personal fields only","Roofprints,heightfeet,groundelevation","https://opendata-geospatialdenver.hub.arcgis.com;https://www.arcgis.com/home/item.html?id=04e5069b4cf843d2bfe15ad0d1c66e00;https://www.arcgis.com/sharing/rest/content/items/04e5069b4cf843d2bfe15ad0d1c66e00?f=json","2026-10-07","https://www2.census.gov/programs-surveys/popest/datasets/2020-2025/metro/totals/cbsa-est2025-alldata.csv"
"Denver","19","https://opendata-geospatialdenver.hub.arcgis.com","Arc GIS Hub","Dataset-specific; see declaration/terms. No universal redistribution grant inferred.","https://opendata-geospatialdenver.hub.arcgis.com","3","Sidewalks Current","https://www.arcgis.com/home/item.html?id=bd48b3fabbf24ee9affff7f770881d64","City and County of Denver; not entire metro","2020 origin; DOTIupdatescadenceunclear","unclear","unclear","unclear","unclear","unclear; public access observed without a published tariff","Public catalogue/API or linked service/download; exact export method/key/limits item-specific, unclear unless metadata specifies","Hostedserviceitem 147808256 bytes","Design proposal: Sidewalks Current supplies physical geometry/attributes; use non-personal fields only","Exclude personal names, owner/applicant/contact data; art inventory licence does not clear artwork reproduction; modified date is not refresh frequency.","https://opendata-geospatialdenver.hub.arcgis.com;https://www.arcgis.com/home/item.html?id=bd48b3fabbf24ee9affff7f770881d64;https://www.arcgis.com/sharing/rest/content/items/bd48b3fabbf24ee9affff7f770881d64?f=json","2026-10-07","https://www2.census.gov/programs-surveys/popest/datasets/2020-2025/metro/totals/cbsa-est2025-alldata.csv"
"Denver","19","https://opendata-geospatialdenver.hub.arcgis.com","Arc GIS Hub","Dataset-specific; see declaration/terms. No universal redistribution grant inferred.","https://opendata-geospatialdenver.hub.arcgis.com","4","Curb Ramps 2022","https://www.arcgis.com/home/item.html?id=7a286f9cd36f41e382696db4eeffebc2","City and County of Denver; not entire metro","2022 snapshot","unclear","unclear","unclear","unclear","unclear; public access observed without a published tariff","Public catalogue/API or linked service/download; exact export method/key/limits item-specific, unclear unless metadata specifies","Hostedserviceitem 8355840 bytes","Design proposal: Curb Ramps 2022 supplies physical geometry/attributes; use non-personal fields only","Explicitlynot ADAcertification","https://opendata-geospatialdenver.hub.arcgis.com;https://www.arcgis.com/home/item.html?id=7a286f9cd36f41e382696db4eeffebc2;https://www.arcgis.com/sharing/rest/content/items/7a286f9cd36f41e382696db4eeffebc2?f=json","2026-10-07","https://www2.census.gov/programs-surveys/popest/datasets/2020-2025/metro/totals/cbsa-est2025-alldata.csv"
"Denver","19","https://opendata-geospatialdenver.hub.arcgis.com","Arc GIS Hub","Dataset-specific; see declaration/terms. No universal redistribution grant inferred.","https://opendata-geospatialdenver.hub.arcgis.com","5","Bike Facilities","https://www.arcgis.com/home/item.html?id=5e7ce4f28b4b408aac59de8d7950adbf","City and County of Denver; not entire metro","2025 plan","unclear","unclear","unclear","unclear","unclear; public access observed without a published tariff","Public catalogue/API or linked service/download; exact export method/key/limits item-specific, unclear unless metadata specifies","unclear; Arc GIS reference-item bytes are not dataset download size","Design proposal: Bike Facilities supplies physical geometry/attributes; use non-personal fields only","Current ANDproposed; filterbuilt","https://opendata-geospatialdenver.hub.arcgis.com;https://www.arcgis.com/home/item.html?id=5e7ce4f28b4b408aac59de8d7950adbf;https://www.arcgis.com/sharing/rest/content/items/5e7ce4f28b4b408aac59de8d7950adbf?f=json","2026-10-07","https://www2.census.gov/programs-surveys/popest/datasets/2020-2025/metro/totals/cbsa-est2025-alldata.csv"
"Denver","19","https://opendata-geospatialdenver.hub.arcgis.com","Arc GIS Hub","Dataset-specific; see declaration/terms. No universal redistribution grant inferred.","https://opendata-geospatialdenver.hub.arcgis.com","6","Residential Construction Permits","https://www.arcgis.com/home/item.html?id=014a873bf7444a658fc2ea0da7ad0704","City and County of Denver; not entire metro","unclear","unclear","unclear","unclear","unclear","unclear; public access observed without a published tariff","Public catalogue/API or linked service/download; exact export method/key/limits item-specific, unclear unless metadata specifies","unclear; Arc GIS reference-item bytes are not dataset download size","Design proposal: Residential Construction Permits supplies physical geometry/attributes; use non-personal fields only","Exclude personal names, owner/applicant/contact data; art inventory licence does not clear artwork reproduction; modified date is not refresh frequency.","https://opendata-geospatialdenver.hub.arcgis.com;https://www.arcgis.com/home/item.html?id=014a873bf7444a658fc2ea0da7ad0704;https://www.arcgis.com/sharing/rest/content/items/014a873bf7444a658fc2ea0da7ad0704?f=json","2026-10-07","https://www2.census.gov/programs-surveys/popest/datasets/2020-2025/metro/totals/cbsa-est2025-alldata.csv"
"Denver","19","https://opendata-geospatialdenver.hub.arcgis.com","Arc GIS Hub","Dataset-specific; see declaration/terms. No universal redistribution grant inferred.","https://opendata-geospatialdenver.hub.arcgis.com","7","Public Art","https://www.arcgis.com/home/item.html?id=9b840fd2095b4847b586f3f14e542e2b","City and County of Denver; not entire metro","unclear","unclear","unclear","unclear","unclear","unclear; public access observed without a published tariff","Public catalogue/API or linked service/download; exact export method/key/limits item-specific, unclear unless metadata specifies","unclear; Arc GIS reference-item bytes are not dataset download size","Design proposal: Public Art supplies physical geometry/attributes; use non-personal fields only","Exclude personal names, owner/applicant/contact data; art inventory licence does not clear artwork reproduction; modified date is not refresh frequency.","https://opendata-geospatialdenver.hub.arcgis.com;https://www.arcgis.com/home/item.html?id=9b840fd2095b4847b586f3f14e542e2b;https://www.arcgis.com/sharing/rest/content/items/9b840fd2095b4847b586f3f14e542e2b?f=json","2026-10-07","https://www2.census.gov/programs-surveys/popest/datasets/2020-2025/metro/totals/cbsa-est2025-alldata.csv"
"Denver","19","https://opendata-geospatialdenver.hub.arcgis.com","Arc GIS Hub","Dataset-specific; see declaration/terms. No universal redistribution grant inferred.","https://opendata-geospatialdenver.hub.arcgis.com","8","Playgrounds","https://www.arcgis.com/home/item.html?id=c1753ee138574d2a81da04147b30ecea","City and County of Denver; not entire metro","unclear","unclear","unclear","unclear","unclear","unclear; public access observed without a published tariff","Public catalogue/API or linked service/download; exact export method/key/limits item-specific, unclear unless metadata specifies","unclear; Arc GIS reference-item bytes are not dataset download size","Design proposal: Playgrounds supplies physical geometry/attributes; use non-personal fields only","Exclude personal names, owner/applicant/contact data; art inventory licence does not clear artwork reproduction; modified date is not refresh frequency.","https://opendata-geospatialdenver.hub.arcgis.com;https://www.arcgis.com/home/item.html?id=c1753ee138574d2a81da04147b30ecea;https://www.arcgis.com/sharing/rest/content/items/c1753ee138574d2a81da04147b30ecea?f=json","2026-10-07","https://www2.census.gov/programs-surveys/popest/datasets/2020-2025/metro/totals/cbsa-est2025-alldata.csv"
"Denver","19","https://opendata-geospatialdenver.hub.arcgis.com","Arc GIS Hub","Dataset-specific; see declaration/terms. No universal redistribution grant inferred.","https://opendata-geospatialdenver.hub.arcgis.com","9","Dog Parks","https://www.arcgis.com/home/item.html?id=13b3ea41f7b54c42bb06bc6b3b1b1c03","City and County of Denver; not entire metro","unclear","unclear","unclear","unclear","unclear","unclear; public access observed without a published tariff","Public catalogue/API or linked service/download; exact export method/key/limits item-specific, unclear unless metadata specifies","unclear; Arc GIS reference-item bytes are not dataset download size","Design proposal: Dog Parks supplies physical geometry/attributes; use non-personal fields only","Exclude personal names, owner/applicant/contact data; art inventory licence does not clear artwork reproduction; modified date is not refresh frequency.","https://opendata-geospatialdenver.hub.arcgis.com;https://www.arcgis.com/home/item.html?id=13b3ea41f7b54c42bb06bc6b3b1b1c03;https://www.arcgis.com/sharing/rest/content/items/13b3ea41f7b54c42bb06bc6b3b1b1c03?f=json","2026-10-07","https://www2.census.gov/programs-surveys/popest/datasets/2020-2025/metro/totals/cbsa-est2025-alldata.csv"
"Denver","19","https://opendata-geospatialdenver.hub.arcgis.com","Arc GIS Hub","Dataset-specific; see declaration/terms. No universal redistribution grant inferred.","https://opendata-geospatialdenver.hub.arcgis.com","10","Additional Parcel Data","https://www.arcgis.com/home/item.html?id=b4db1c42972a4068b996254a4d263dd0","City and County of Denver; not entire metro","unclear","unclear","unclear","unclear","unclear","unclear; public access observed without a published tariff","Public catalogue/API or linked service/download; exact export method/key/limits item-specific, unclear unless metadata specifies","unclear; Arc GIS reference-item bytes are not dataset download size","Design proposal: Additional Parcel Data supplies physical geometry/attributes; use non-personal fields only","Affordablehousingmap source; yearbuiltnotverified; omitowners","https://opendata-geospatialdenver.hub.arcgis.com;https://www.arcgis.com/home/item.html?id=b4db1c42972a4068b996254a4d263dd0;https://www.arcgis.com/sharing/rest/content/items/b4db1c42972a4068b996254a4d263dd0?f=json","2026-10-07","https://www2.census.gov/programs-surveys/popest/datasets/2020-2025/metro/totals/cbsa-est2025-alldata.csv"
"Orlando","20","https://data.cityoforlando.net","Socrata","Dataset-specific; see declaration/terms. No universal redistribution grant inferred.","https://gis.orlando.gov/pdf_docs/CityofOrlandoOpenDataTermsofUseDisclaimer.pdf","1","Permit Applications","https://data.cityoforlando.net/d/ryhf-m453","Central jurisdiction only; not the whole metro; item-specific extent verify","unclear","unclear","unclear","unclear","unclear","unclear; public access observed without a published tariff","Public catalogue/API or linked service/download; exact export method/key/limits item-specific, unclear unless metadata specifies","unclear; Arc GIS reference-item bytes are not dataset download size","Design proposal: Permit Applications supplies physical geometry/attributes; use non-personal fields only","Exclude personal names, owner/applicant/contact data; art inventory licence does not clear artwork reproduction; modified date is not refresh frequency.","https://data.cityoforlando.net;https://data.cityoforlando.net/d/ryhf-m453;https://data.cityoforlando.net/d/ryhf-m453;https://gis.orlando.gov/pdf_docs/CityofOrlandoOpenDataTermsofUseDisclaimer.pdf","2026-10-07","https://www2.census.gov/programs-surveys/popest/datasets/2020-2025/metro/totals/cbsa-est2025-alldata.csv"
"Orlando","20","https://data.cityoforlando.net","Socrata","Dataset-specific; see declaration/terms. No universal redistribution grant inferred.","https://gis.orlando.gov/pdf_docs/CityofOrlandoOpenDataTermsofUseDisclaimer.pdf","2","Business Tax Receipts","https://data.cityoforlando.net/d/7388-4re5","Central jurisdiction only; not the whole metro; item-specific extent verify","unclear","unclear","unclear","unclear","unclear","unclear; public access observed without a published tariff","Public catalogue/API or linked service/download; exact export method/key/limits item-specific, unclear unless metadata specifies","unclear; Arc GIS reference-item bytes are not dataset download size","Design proposal: Business Tax Receipts supplies physical geometry/attributes; use non-personal fields only","Exclude personal names, owner/applicant/contact data; art inventory licence does not clear artwork reproduction; modified date is not refresh frequency.","https://data.cityoforlando.net;https://data.cityoforlando.net/d/7388-4re5;https://data.cityoforlando.net/d/7388-4re5;https://gis.orlando.gov/pdf_docs/CityofOrlandoOpenDataTermsofUseDisclaimer.pdf","2026-10-07","https://www2.census.gov/programs-surveys/popest/datasets/2020-2025/metro/totals/cbsa-est2025-alldata.csv"
"Orlando","20","https://data.cityoforlando.net","Socrata","Dataset-specific; see declaration/terms. No universal redistribution grant inferred.","https://gis.orlando.gov/pdf_docs/CityofOrlandoOpenDataTermsofUseDisclaimer.pdf","3","City Owned Vacant Lots","https://data.cityoforlando.net/d/bkpt-5h2w","Central jurisdiction only; not the whole metro; item-specific extent verify","unclear","unclear","unclear","unclear","unclear","unclear; public access observed without a published tariff","Public catalogue/API or linked service/download; exact export method/key/limits item-specific, unclear unless metadata specifies","unclear; Arc GIS reference-item bytes are not dataset download size","Design proposal: City Owned Vacant Lots supplies physical geometry/attributes; use non-personal fields only","Exclude personal names, owner/applicant/contact data; art inventory licence does not clear artwork reproduction; modified date is not refresh frequency.","https://data.cityoforlando.net;https://data.cityoforlando.net/d/bkpt-5h2w;https://data.cityoforlando.net/d/bkpt-5h2w;https://gis.orlando.gov/pdf_docs/CityofOrlandoOpenDataTermsofUseDisclaimer.pdf","2026-10-07","https://www2.census.gov/programs-surveys/popest/datasets/2020-2025/metro/totals/cbsa-est2025-alldata.csv"
"Orlando","20","https://data.cityoforlando.net","Socrata","Dataset-specific; see declaration/terms. No universal redistribution grant inferred.","https://gis.orlando.gov/pdf_docs/CityofOrlandoOpenDataTermsofUseDisclaimer.pdf","4","BEWES Building Data","https://data.cityoforlando.net/d/f63n-kp6t","Central jurisdiction only; not the whole metro; item-specific extent verify","unclear","unclear","unclear","unclear","unclear","unclear; public access observed without a published tariff","Public catalogue/API or linked service/download; exact export method/key/limits item-specific, unclear unless metadata specifies","unclear; Arc GIS reference-item bytes are not dataset download size","Design proposal: BEWES Building Data supplies physical geometry/attributes; use non-personal fields only","Exclude personal names, owner/applicant/contact data; art inventory licence does not clear artwork reproduction; modified date is not refresh frequency.","https://data.cityoforlando.net;https://data.cityoforlando.net/d/f63n-kp6t;https://data.cityoforlando.net/d/f63n-kp6t;https://gis.orlando.gov/pdf_docs/CityofOrlandoOpenDataTermsofUseDisclaimer.pdf","2026-10-07","https://www2.census.gov/programs-surveys/popest/datasets/2020-2025/metro/totals/cbsa-est2025-alldata.csv"
"Orlando","20","https://data.cityoforlando.net","Socrata","Dataset-specific; see declaration/terms. No universal redistribution grant inferred.","https://gis.orlando.gov/pdf_docs/CityofOrlandoOpenDataTermsofUseDisclaimer.pdf","5","Planning Applications","https://data.cityoforlando.net/d/bhxy-4rji","Central jurisdiction only; not the whole metro; item-specific extent verify","unclear","unclear","unclear","unclear","unclear","unclear; public access observed without a published tariff","Public catalogue/API or linked service/download; exact export method/key/limits item-specific, unclear unless metadata specifies","unclear; Arc GIS reference-item bytes are not dataset download size","Design proposal: Planning Applications supplies physical geometry/attributes; use non-personal fields only","Exclude personal names, owner/applicant/contact data; art inventory licence does not clear artwork reproduction; modified date is not refresh frequency.","https://data.cityoforlando.net;https://data.cityoforlando.net/d/bhxy-4rji;https://data.cityoforlando.net/d/bhxy-4rji;https://gis.orlando.gov/pdf_docs/CityofOrlandoOpenDataTermsofUseDisclaimer.pdf","2026-10-07","https://www2.census.gov/programs-surveys/popest/datasets/2020-2025/metro/totals/cbsa-est2025-alldata.csv"
"Orlando","20","https://data.cityoforlando.net","Socrata","Dataset-specific; see declaration/terms. No universal redistribution grant inferred.","https://gis.orlando.gov/pdf_docs/CityofOrlandoOpenDataTermsofUseDisclaimer.pdf","6","Main Streets","https://data.cityoforlando.net/d/38c3-xmnz","Central jurisdiction only; not the whole metro; item-specific extent verify","unclear","unclear","unclear","unclear","unclear","unclear; public access observed without a published tariff","Public catalogue/API or linked service/download; exact export method/key/limits item-specific, unclear unless metadata specifies","unclear; Arc GIS reference-item bytes are not dataset download size","Design proposal: Main Streets supplies physical geometry/attributes; use non-personal fields only","Exclude personal names, owner/applicant/contact data; art inventory licence does not clear artwork reproduction; modified date is not refresh frequency.","https://data.cityoforlando.net;https://data.cityoforlando.net/d/38c3-xmnz;https://data.cityoforlando.net/d/38c3-xmnz;https://gis.orlando.gov/pdf_docs/CityofOrlandoOpenDataTermsofUseDisclaimer.pdf","2026-10-07","https://www2.census.gov/programs-surveys/popest/datasets/2020-2025/metro/totals/cbsa-est2025-alldata.csv"
"Orlando","20","https://data.cityoforlando.net","Socrata","Dataset-specific; see declaration/terms. No universal redistribution grant inferred.","https://gis.orlando.gov/pdf_docs/CityofOrlandoOpenDataTermsofUseDisclaimer.pdf","7","Hydrology","https://data.cityoforlando.net/d/j3uy-fhhx","Central jurisdiction only; not the whole metro; item-specific extent verify","unclear","unclear","unclear","unclear","unclear","unclear; public access observed without a published tariff","Public catalogue/API or linked service/download; exact export method/key/limits item-specific, unclear unless metadata specifies","unclear; Arc GIS reference-item bytes are not dataset download size","Design proposal: Hydrology supplies physical geometry/attributes; use non-personal fields only","Exclude personal names, owner/applicant/contact data; art inventory licence does not clear artwork reproduction; modified date is not refresh frequency.","https://data.cityoforlando.net;https://data.cityoforlando.net/d/j3uy-fhhx;https://data.cityoforlando.net/d/j3uy-fhhx;https://gis.orlando.gov/pdf_docs/CityofOrlandoOpenDataTermsofUseDisclaimer.pdf","2026-10-07","https://www2.census.gov/programs-surveys/popest/datasets/2020-2025/metro/totals/cbsa-est2025-alldata.csv"
"Orlando","20","https://data.cityoforlando.net","Socrata","Dataset-specific; see declaration/terms. No universal redistribution grant inferred.","https://gis.orlando.gov/pdf_docs/CityofOrlandoOpenDataTermsofUseDisclaimer.pdf","8","Street Centerlines","https://data.cityoforlando.net/d/dnki-2im5","Central jurisdiction only; not the whole metro; item-specific extent verify","unclear","unclear","unclear","unclear","unclear","unclear; public access observed without a published tariff","Public catalogue/API or linked service/download; exact export method/key/limits item-specific, unclear unless metadata specifies","unclear; Arc GIS reference-item bytes are not dataset download size","Design proposal: Street Centerlines supplies physical geometry/attributes; use non-personal fields only","Exclude personal names, owner/applicant/contact data; art inventory licence does not clear artwork reproduction; modified date is not refresh frequency.","https://data.cityoforlando.net;https://data.cityoforlando.net/d/dnki-2im5;https://data.cityoforlando.net/d/dnki-2im5;https://gis.orlando.gov/pdf_docs/CityofOrlandoOpenDataTermsofUseDisclaimer.pdf","2026-10-07","https://www2.census.gov/programs-surveys/popest/datasets/2020-2025/metro/totals/cbsa-est2025-alldata.csv"
"Orlando","20","https://data.cityoforlando.net","Socrata","Dataset-specific; see declaration/terms. No universal redistribution grant inferred.","https://gis.orlando.gov/pdf_docs/CityofOrlandoOpenDataTermsofUseDisclaimer.pdf","9","ROW/Sidewalk Cafe Use Permits","https://data.cityoforlando.net/d/6sbc-v4b9","Central jurisdiction only; not the whole metro; item-specific extent verify","unclear","unclear","unclear","unclear","unclear","unclear; public access observed without a published tariff","Public catalogue/API or linked service/download; exact export method/key/limits item-specific, unclear unless metadata specifies","unclear; Arc GIS reference-item bytes are not dataset download size","Design proposal: ROW/Sidewalk Cafe Use Permits supplies physical geometry/attributes; use non-personal fields only","Exclude personal names, owner/applicant/contact data; art inventory licence does not clear artwork reproduction; modified date is not refresh frequency.","https://data.cityoforlando.net;https://data.cityoforlando.net/d/6sbc-v4b9;https://data.cityoforlando.net/d/6sbc-v4b9;https://gis.orlando.gov/pdf_docs/CityofOrlandoOpenDataTermsofUseDisclaimer.pdf","2026-10-07","https://www2.census.gov/programs-surveys/popest/datasets/2020-2025/metro/totals/cbsa-est2025-alldata.csv"
"Orlando","20","https://data.cityoforlando.net","Socrata","Dataset-specific; see declaration/terms. No universal redistribution grant inferred.","https://gis.orlando.gov/pdf_docs/CityofOrlandoOpenDataTermsofUseDisclaimer.pdf","10","City Limits","https://data.cityoforlando.net/d/adpi-29a3","Central jurisdiction only; not the whole metro; item-specific extent verify","unclear","unclear","unclear","unclear","unclear","unclear; public access observed without a published tariff","Public catalogue/API or linked service/download; exact export method/key/limits item-specific, unclear unless metadata specifies","unclear; Arc GIS reference-item bytes are not dataset download size","Design proposal: City Limits supplies physical geometry/attributes; use non-personal fields only","Exclude personal names, owner/applicant/contact data; art inventory licence does not clear artwork reproduction; modified date is not refresh frequency.","https://data.cityoforlando.net;https://data.cityoforlando.net/d/adpi-29a3;https://data.cityoforlando.net/d/adpi-29a3;https://gis.orlando.gov/pdf_docs/CityofOrlandoOpenDataTermsofUseDisclaimer.pdf","2026-10-07","https://www2.census.gov/programs-surveys/popest/datasets/2020-2025/metro/totals/cbsa-est2025-alldata.csv"
