id,name,build_order,agent_effort,effort_basis,footprint_source,footprint_status,height_source,height_status,phone_aerial_detail,phone_street_detail,recognition_status,modeling_reason,exclusions,rights_status,source_urls,checked_date
LM001,Willis Tower,1,med,ASSUMPTION: relative effort for one modeling agent; no calibrated hours,OSM way 380868216: https://www.openstreetmap.org/way/380868216,VERIFIED parent closed ring and complete nodes; survey/parts UNVERIFIED,OSM parent has no height. CTBUH: 442.1 m architectural; 527 m tip. Candidate lidar: USGS Lidar Point Cloud IL_4_County_QL1_LiDAR_2016_B16 LAS_17258975; https://www.sciencebase.gov/catalog/item/64828f01d34ef77fcafcbbf8,VERIFIED as source/tag values; physical endpoints/roof returns UNVERIFIED,Bundled tubes and stepped roof; paired antennas; target 50–300 m aerial (assumed),"Dark piers, tube setbacks and current podium; target 5–40 m street (assumed)",ASSUMPTION: art-direction proposal; phone recognition not tested,Repeatable tower modules; podium needs newer evidence,"All logos, names/signage, ads, sponsor/team/university marks and public artworks; interiors omitted",UNVERIFIED individual architecture/design/trademark outcome; no release clearance,https://en.wikipedia.org/wiki/Willis_Tower | https://willistower.com/about | https://www.skyscrapercenter.com/building/id/169 | https://www.sciencebase.gov/catalog/item/64828f01d34ef77fcafcbbf8 | https://www.openstreetmap.org/way/380868216,2026-10-07
LM002,Wrigley Field,16,high,ASSUMPTION: relative effort for one modeling agent; no calibrated hours,Proposed OSM parent footprint/parts or park boundary; identity anchor https://en.wikipedia.org/wiki/Wrigley_Field,"UNVERIFIED: proposed route, no per-asset geometry checked","Proposed tagged OSM roof/part heights reconciled with USGS 3DEP roof minus local ground; choose project/tile and validate CRS, acquisition date and classification",UNVERIFIED source availability and physical measurement,Compact asymmetrical baseball bowl; target 50–300 m aerial (assumed),"Brick street edge, bleachers and roof line; target 5–40 m street (assumed)",ASSUMPTION: art-direction proposal; phone recognition not tested,Current additions and irregular bowl; signage removal,"All logos, names/signage, ads, sponsor/team/university marks and public artworks; interiors omitted",UNVERIFIED individual architecture/design/trademark outcome; no release clearance,https://en.wikipedia.org/wiki/Wrigley_Field | https://www.openstreetmap.org/copyright | https://apps.nationalmap.gov/lidar-explorer/,2026-10-07
LM003,Soldier Field,29,high,ASSUMPTION: relative effort for one modeling agent; no calibrated hours,Proposed OSM parent footprint/parts or park boundary; identity anchor https://en.wikipedia.org/wiki/Soldier_Field,"UNVERIFIED: proposed route, no per-asset geometry checked","Proposed tagged OSM roof/part heights reconciled with USGS 3DEP roof minus local ground; choose project/tile and validate CRS, acquisition date and classification",UNVERIFIED source availability and physical measurement,Historic colonnade with inserted modern bowl; target 50–300 m aerial (assumed),"Column spacing, low historic walls and elevated decks; target 5–40 m street (assumed)",ASSUMPTION: art-direction proposal; phone recognition not tested,Historic and modern shells must remain distinct,"All logos, names/signage, ads, sponsor/team/university marks and public artworks; interiors omitted",UNVERIFIED individual architecture/design/trademark outcome; no release clearance,https://en.wikipedia.org/wiki/Soldier_Field | https://www.openstreetmap.org/copyright | https://apps.nationalmap.gov/lidar-explorer/,2026-10-07
LM004,Chicago Riverwalk,17,high,ASSUMPTION: relative effort for one modeling agent; no calibrated hours,Proposed OSM corridor/structure ways and licensed municipal engineering evidence; identity anchor https://en.wikipedia.org/wiki/Chicago_Riverwalk,"UNVERIFIED: proposed route, no per-asset geometry checked","Proposed USGS 3DEP terrain + structure/clearance survey where needed; verify selected tiles, date and datum; airborne lidar cannot resolve covered lower decks",UNVERIFIED source availability and physical measurement,Terraced river-edge promenade and bridges; target 50–300 m aerial (assumed),"Steps, retaining walls, bridge piers and railings; target 5–40 m street (assumed)",ASSUMPTION: art-direction proposal; phone recognition not tested,Continuous shoreline elevations and many bridge components,"All logos, names/signage, ads, sponsor/team/university marks and public artworks; interiors omitted",UNVERIFIED individual architecture/design/trademark outcome; no release clearance,https://en.wikipedia.org/wiki/Chicago_Riverwalk | https://www.openstreetmap.org/copyright | https://apps.nationalmap.gov/lidar-explorer/,2026-10-07
LM005,Navy Pier,30,high,ASSUMPTION: relative effort for one modeling agent; no calibrated hours,Proposed OSM corridor/structure ways and licensed municipal engineering evidence; identity anchor https://en.wikipedia.org/wiki/Navy_Pier,"UNVERIFIED: proposed route, no per-asset geometry checked","Proposed USGS 3DEP terrain + structure/clearance survey where needed; verify selected tiles, date and datum; airborne lidar cannot resolve covered lower decks",UNVERIFIED source availability and physical measurement,"Long pier, terminal halls and generic wheel outline; target 50–300 m aerial (assumed)",Warehouse roof rhythm and waterfront promenade; target 5–40 m street (assumed),ASSUMPTION: art-direction proposal; phone recognition not tested,Large mixed complex; wheel engineering/rights unresolved,"All logos, names/signage, ads, sponsor/team/university marks and public artworks; interiors omitted",UNVERIFIED individual architecture/design/trademark outcome; no release clearance,https://en.wikipedia.org/wiki/Navy_Pier | https://www.openstreetmap.org/copyright | https://apps.nationalmap.gov/lidar-explorer/,2026-10-07
LM006,Northwestern University,31,high,ASSUMPTION: relative effort for one modeling agent; no calibrated hours,Proposed OSM building footprints and campus relation; official scope evidence https://maps.northwestern.edu/,"UNVERIFIED: proposed route, no per-asset geometry checked","Proposed tagged OSM roof/part heights reconciled with USGS 3DEP roof minus local ground; choose project/tile and validate CRS, acquisition date and classification",UNVERIFIED source availability and physical measurement,Gothic library and old quad contrast with stepped library and glass lakefront buildings; target 50–300 m aerial (assumed),"First two anchors: silhouette and broad facade; remaining buildings: roofline, entrance and repeatable bays.; target 5–40 m street (assumed)",ASSUMPTION: art-direction proposal; phone recognition not tested,7 separately scoped buildings plus paths/terrain; campus boundary not yet validated,"All logos, names/signage, ads, sponsor/team/university marks and public artworks; interiors omitted; Chicago campus, Ryan Field/athletics district, temporary venues",UNVERIFIED individual architecture/design/trademark outcome; no release clearance,https://en.wikipedia.org/wiki/Northwestern_University | https://maps.northwestern.edu/,2026-10-07
LM007,Chicago Water Tower,4,med,ASSUMPTION: relative effort for one modeling agent; no calibrated hours,OSM way 130147025: https://www.openstreetmap.org/way/130147025,VERIFIED parent closed ring and complete nodes; survey/parts UNVERIFIED,OSM 55.4 m; HABS describes a 154 ft (46.9392 m) central stone tower. Endpoint conflict unresolved. Candidate lidar: USGS Lidar Point Cloud IL_4_County_QL1_LiDAR_2016_B16 LAS_17509050; https://www.sciencebase.gov/catalog/item/64828d2fd34ef77fcafcabfa,VERIFIED as source/tag values; physical endpoints/roof returns UNVERIFIED,Central stone tower and steep conical roof; target 50–300 m aerial (assumed),"Large crenellations, openings and rough stone color bands; target 5–40 m street (assumed)",ASSUMPTION: art-direction proposal; phone recognition not tested,Historic articulation and unresolved height endpoints,"All logos, names/signage, ads, sponsor/team/university marks and public artworks; interiors omitted",UNVERIFIED individual architecture/design/trademark outcome; no release clearance,https://en.wikipedia.org/wiki/Chicago_Water_Tower | https://tile.loc.gov/storage-services/master/pnp/habshaer/il/il0000/il0097/supp/il0097supp.pdf | https://webapps1.chicago.gov/landmarksweb/web/districtdetails.htm?disId=23 | https://www.sciencebase.gov/catalog/item/64828d2fd34ef77fcafcabfa | https://www.openstreetmap.org/way/130147025,2026-10-07
LM008,Grant Park (Chicago),13,med,ASSUMPTION: relative effort for one modeling agent; no calibrated hours,Proposed OSM parent footprint/parts or park boundary; identity anchor https://en.wikipedia.org/wiki/Grant_Park_(Chicago),"UNVERIFIED: proposed route, no per-asset geometry checked","Proposed USGS 3DEP terrain + structure/clearance survey where needed; verify selected tiles, date and datum; airborne lidar cannot resolve covered lower decks",UNVERIFIED source availability and physical measurement,"Axial paths, lawns and tree rows; target 50–300 m aerial (assumed)","Path edges, canopy and broad garden beds; target 5–40 m street (assumed)",ASSUMPTION: art-direction proposal; phone recognition not tested,Terrain/path scope; all fountains and art omitted,"All logos, names/signage, ads, sponsor/team/university marks and public artworks; interiors omitted",UNVERIFIED individual architecture/design/trademark outcome; no release clearance,https://en.wikipedia.org/wiki/Grant_Park_(Chicago) | https://www.openstreetmap.org/copyright | https://apps.nationalmap.gov/lidar-explorer/,2026-10-07
LM009,Rate Field,18,high,ASSUMPTION: relative effort for one modeling agent; no calibrated hours,Proposed OSM parent footprint/parts or park boundary; identity anchor https://en.wikipedia.org/wiki/Rate_Field,"UNVERIFIED: proposed route, no per-asset geometry checked","Proposed tagged OSM roof/part heights reconciled with USGS 3DEP roof minus local ground; choose project/tile and validate CRS, acquisition date and classification",UNVERIFIED source availability and physical measurement,Open baseball bowl and long grandstands; target 50–300 m aerial (assumed),"Entrance masses, roof/truss bands and generic seat colors; target 5–40 m street (assumed)",ASSUMPTION: art-direction proposal; phone recognition not tested,Asymmetric field/bowl reconstruction,"All logos, names/signage, ads, sponsor/team/university marks and public artworks; interiors omitted",UNVERIFIED individual architecture/design/trademark outcome; no release clearance,https://en.wikipedia.org/wiki/Rate_Field | https://www.openstreetmap.org/copyright | https://apps.nationalmap.gov/lidar-explorer/,2026-10-07
LM010,United Center,12,med,ASSUMPTION: relative effort for one modeling agent; no calibrated hours,OSM way 205221993: https://www.openstreetmap.org/way/205221993,VERIFIED parent closed ring and complete nodes; survey/parts UNVERIFIED,"OSM levels=8, no height. Main arena and five-story east addition require separate measured heights. Candidate lidar: USGS Lidar Point Cloud IL_4_County_QL1_LiDAR_2016_B16 LAS_16258975; https://www.sciencebase.gov/catalog/item/64828d19d34ef77fcafcaae0",VERIFIED as source/tag values; physical endpoints/roof returns UNVERIFIED,Broad low arena roof and east addition; target 50–300 m aerial (assumed),"Atrium mass, broad facade bands and entrance bays; target 5–40 m street (assumed)",ASSUMPTION: art-direction proposal; phone recognition not tested,Repeatable shell; current addition and heights pending,"All logos, names/signage, ads, sponsor/team/university marks and public artworks; interiors omitted",UNVERIFIED individual architecture/design/trademark outcome; no release clearance,https://en.wikipedia.org/wiki/United_Center | https://www.unitedcenter.com/venue/blueprint/ | https://www.unitedcenter.com/venue/frequently-asked-questions/ | https://www.rios.com/projects/united-center-the-1901-project/ | https://www.sciencebase.gov/catalog/item/64828d19d34ef77fcafcaae0 | https://www.openstreetmap.org/way/205221993,2026-10-07
LM011,"Baháʼí House of Worship (Wilmette, Illinois)",32,high,ASSUMPTION: relative effort for one modeling agent; no calibrated hours,Proposed OSM parent footprint/parts or park boundary; identity anchor https://en.wikipedia.org/wiki/Bah%C3%A1%CA%BC%C3%AD_House_of_Worship_(Wilmette%2C_Illinois),"UNVERIFIED: proposed route, no per-asset geometry checked","Proposed tagged OSM roof/part heights reconciled with USGS 3DEP roof minus local ground; choose project/tile and validate CRS, acquisition date and classification",UNVERIFIED source availability and physical measurement,Nine-sided temple and ribbed dome; target 50–300 m aerial (assumed),"Major ribs, arches and entrance bays; flatten tiny carving; target 5–40 m street (assumed)",ASSUMPTION: art-direction proposal; phone recognition not tested,Unique radial shell; detailed ornament only where visible,"All logos, names/signage, ads, sponsor/team/university marks and public artworks; interiors omitted",UNVERIFIED individual architecture/design/trademark outcome; no release clearance,https://en.wikipedia.org/wiki/Bah%C3%A1%CA%BC%C3%AD_House_of_Worship_(Wilmette%2C_Illinois) | https://www.openstreetmap.org/copyright | https://apps.nationalmap.gov/lidar-explorer/,2026-10-07
LM012,Field Museum of Natural History,19,med,ASSUMPTION: relative effort for one modeling agent; no calibrated hours,Proposed OSM parent footprint/parts or park boundary; identity anchor https://en.wikipedia.org/wiki/Field_Museum_of_Natural_History,"UNVERIFIED: proposed route, no per-asset geometry checked","Proposed tagged OSM roof/part heights reconciled with USGS 3DEP roof minus local ground; choose project/tile and validate CRS, acquisition date and classification",UNVERIFIED source availability and physical measurement,Long classical museum with central portico; target 50–300 m aerial (assumed),"Main columns, stairs and window cadence; target 5–40 m street (assumed)",ASSUMPTION: art-direction proposal; phone recognition not tested,Regular facade; large portico needs modeled depth,"All logos, names/signage, ads, sponsor/team/university marks and public artworks; interiors omitted",UNVERIFIED individual architecture/design/trademark outcome; no release clearance,https://en.wikipedia.org/wiki/Field_Museum_of_Natural_History | https://www.openstreetmap.org/copyright | https://apps.nationalmap.gov/lidar-explorer/,2026-10-07
LM013,Lower Wacker Drive,33,high,ASSUMPTION: relative effort for one modeling agent; no calibrated hours,Proposed OSM corridor/structure ways and licensed municipal engineering evidence; identity anchor https://en.wikipedia.org/wiki/Wacker_Drive,"UNVERIFIED: proposed route, no per-asset geometry checked","Proposed USGS 3DEP terrain + structure/clearance survey where needed; verify selected tiles, date and datum; airborne lidar cannot resolve covered lower decks",UNVERIFIED source availability and physical measurement,Layered road corridor and tunnel portals; target 50–300 m aerial (assumed),"Deck heights, columns, curves and lighting; target 5–40 m street (assumed)",ASSUMPTION: art-direction proposal; phone recognition not tested,Airborne lidar cannot measure obscured lower deck,"All logos, names/signage, ads, sponsor/team/university marks and public artworks; interiors omitted",UNVERIFIED individual architecture/design/trademark outcome; no release clearance,https://en.wikipedia.org/wiki/Wacker_Drive | https://www.openstreetmap.org/copyright | https://apps.nationalmap.gov/lidar-explorer/,2026-10-07
LM014,DuSable Lake Shore Drive,20,high,ASSUMPTION: relative effort for one modeling agent; no calibrated hours,Proposed OSM corridor/structure ways and licensed municipal engineering evidence; identity anchor https://en.wikipedia.org/wiki/Lake_Shore_Drive,"UNVERIFIED: proposed route, no per-asset geometry checked","Proposed USGS 3DEP terrain + structure/clearance survey where needed; verify selected tiles, date and datum; airborne lidar cannot resolve covered lower decks",UNVERIFIED source availability and physical measurement,Lake-edge roadway curves and major junctions; target 50–300 m aerial (assumed),"Curbs, medians, overpasses and shoreline alignment; target 5–40 m street (assumed)",ASSUMPTION: art-direction proposal; phone recognition not tested,Corridor limits and layered road geometry not fixed,"All logos, names/signage, ads, sponsor/team/university marks and public artworks; interiors omitted",UNVERIFIED individual architecture/design/trademark outcome; no release clearance,https://en.wikipedia.org/wiki/Lake_Shore_Drive | https://www.openstreetmap.org/copyright | https://apps.nationalmap.gov/lidar-explorer/,2026-10-07
LM015,Cloud Gate (the Bean),,n/a,ASSUMPTION: relative effort for one modeling agent; no calibrated hours,NONE: excluded,EXCLUDED,NONE: excluded,UNVERIFIED source availability and physical measurement,REFERENCE ONLY; never model; target 50–300 m aerial (assumed),REFERENCE ONLY; no replica or texture substitute; target 5–40 m street (assumed),ASSUMPTION: art-direction proposal; phone recognition not tested,User exclusion: public artwork,"Entire asset: reference only, never built or replicated",USER EXCLUSION: never build,https://en.wikipedia.org/wiki/Cloud_Gate | https://www.openstreetmap.org/copyright | https://apps.nationalmap.gov/lidar-explorer/,2026-10-07
LM016,Chicago Picasso,,n/a,ASSUMPTION: relative effort for one modeling agent; no calibrated hours,NONE: excluded,EXCLUDED,NONE: excluded,UNVERIFIED source availability and physical measurement,REFERENCE ONLY; never model; target 50–300 m aerial (assumed),REFERENCE ONLY; no replica or texture substitute; target 5–40 m street (assumed),ASSUMPTION: art-direction proposal; phone recognition not tested,User exclusion: public artwork,"Entire asset: reference only, never built or replicated",USER EXCLUSION: never build,https://en.wikipedia.org/wiki/Chicago_Picasso | https://www.openstreetmap.org/copyright | https://apps.nationalmap.gov/lidar-explorer/,2026-10-07
LM017,University of Chicago,34,high,ASSUMPTION: relative effort for one modeling agent; no calibrated hours,Proposed OSM building footprints and campus relation; official scope evidence https://architecture.uchicago.edu/map/,"UNVERIFIED: proposed route, no per-asset geometry checked","Proposed tagged OSM roof/part heights reconciled with USGS 3DEP roof minus local ground; choose project/tile and validate CRS, acquisition date and classification",UNVERIFIED source availability and physical measurement,"Gothic quadrangles, tall chapel and low glass library dome; target 50–300 m aerial (assumed)","First two anchors: silhouette and broad facade; remaining buildings: roofline, entrance and repeatable bays.; target 5–40 m street (assumed)",ASSUMPTION: art-direction proposal; phone recognition not tested,6 separately scoped buildings plus paths/terrain; campus boundary not yet validated,"All logos, names/signage, ads, sponsor/team/university marks and public artworks; interiors omitted; Medical complex, downtown campus, detached properties and public art",UNVERIFIED individual architecture/design/trademark outcome; no release clearance,https://en.wikipedia.org/wiki/University_of_Chicago | https://architecture.uchicago.edu/map/,2026-10-07
LM018,Art Institute of Chicago,21,high,ASSUMPTION: relative effort for one modeling agent; no calibrated hours,Proposed OSM parent footprint/parts or park boundary; identity anchor https://en.wikipedia.org/wiki/Art_Institute_of_Chicago,"UNVERIFIED: proposed route, no per-asset geometry checked","Proposed tagged OSM roof/part heights reconciled with USGS 3DEP roof minus local ground; choose project/tile and validate CRS, acquisition date and classification",UNVERIFIED source availability and physical measurement,Classical entrance and distinct rear wing; target 50–300 m aerial (assumed),"Portico, steps and masonry cadence; omit lion sculptures; target 5–40 m street (assumed)",ASSUMPTION: art-direction proposal; phone recognition not tested,Multiple wings/vintages and art exclusions,"All logos, names/signage, ads, sponsor/team/university marks and public artworks; interiors omitted",UNVERIFIED individual architecture/design/trademark outcome; no release clearance,https://en.wikipedia.org/wiki/Art_Institute_of_Chicago | https://www.openstreetmap.org/copyright | https://apps.nationalmap.gov/lidar-explorer/,2026-10-07
LM019,875 North Michigan Avenue,7,med,ASSUMPTION: relative effort for one modeling agent; no calibrated hours,OSM way 31064573: https://www.openstreetmap.org/way/31064573,VERIFIED parent closed ring and complete nodes; survey/parts UNVERIFIED,OSM 343 m; CTBUH 343.7 m architectural. Operator quotes 457.2 m including antennae; antenna endpoint agreement unverified. Candidate lidar: USGS Lidar Point Cloud IL_4_County_QL1_LiDAR_2016_B16 LAS_17759050; https://www.sciencebase.gov/catalog/item/64828ab9d34ef77fcafc9488,VERIFIED as source/tag values; physical endpoints/roof returns UNVERIFIED,"Tapered tower, X-braces and twin antennas; target 50–300 m aerial (assumed)",Large diagonal braces and broad glazing rhythm; target 5–40 m street (assumed),ASSUMPTION: art-direction proposal; phone recognition not tested,Repeated braces; antenna endpoints unresolved,"All logos, names/signage, ads, sponsor/team/university marks and public artworks; interiors omitted",UNVERIFIED individual architecture/design/trademark outcome; no release clearance,https://en.wikipedia.org/wiki/John_Hancock_Center | https://www.skyscrapercenter.com/building/john-hancock-center/345 | https://360chicago.com/our-story | https://www.sciencebase.gov/catalog/item/64828ab9d34ef77fcafc9488 | https://www.openstreetmap.org/way/31064573,2026-10-07
LM020,Merchandise Mart,9,med,ASSUMPTION: relative effort for one modeling agent; no calibrated hours,OSM way 28293211: https://www.openstreetmap.org/way/28293211,VERIFIED parent closed ring and complete nodes; survey/parts UNVERIFIED,OSM has levels=18 but no height. Owner leasing site describes 25 stories overall; stepped component heights unverified. Candidate lidar: USGS Lidar Point Cloud IL_4_County_QL1_LiDAR_2016_B16 LAS_17259025; https://www.sciencebase.gov/catalog/item/64828eb7d34ef77fcafcb9a6,VERIFIED as source/tag values; physical endpoints/roof returns UNVERIFIED,Massive stepped block and central tower; target 50–300 m aerial (assumed),Stone piers and repeating windows; no projections; target 5–40 m street (assumed),ASSUMPTION: art-direction proposal; phone recognition not tested,Reusable facade; component heights missing,"All logos, names/signage, ads, sponsor/team/university marks and public artworks; interiors omitted; projected artworks",UNVERIFIED individual architecture/design/trademark outcome; no release clearance,https://en.wikipedia.org/wiki/Merchandise_Mart | https://martofficespace.squarespace.com/about | https://www.themart.com/wp-content/uploads/2023/05/MART-ShowroomResidential.pdf | https://www.sciencebase.gov/catalog/item/64828eb7d34ef77fcafcb9a6 | https://www.openstreetmap.org/way/28293211,2026-10-07
LM021,Colorado State Capitol,2,med,ASSUMPTION: relative effort for one modeling agent; no calibrated hours,OSM way 34008043: https://www.openstreetmap.org/way/34008043,VERIFIED parent closed ring and complete nodes; survey/parts UNVERIFIED,OSM height=23 m on main footprint; legislature gives 272 ft = 82.9056 m ground to dome top. Candidate lidar: USGS Lidar Point Cloud CO_DRCOG_2020_B20 w0501n4398; https://www.sciencebase.gov/catalog/item/61c5749cd34e2ca389dbb33f,VERIFIED as source/tag values; physical endpoints/roof returns UNVERIFIED,"Wings, drum and gold dome; target 50–300 m aerial (assumed)","Portico, broad cornices and dome ribs; target 5–40 m street (assumed)",ASSUMPTION: art-direction proposal; phone recognition not tested,Dome height conflict requires component measurement,"All logos, names/signage, ads, sponsor/team/university marks and public artworks; interiors omitted",UNVERIFIED individual architecture/design/trademark outcome; no release clearance,https://en.wikipedia.org/wiki/Colorado_State_Capitol | https://content.leg.colorado.gov/sites/default/files/images/capitol_building_at_a_glance-accessible.pdf | https://www.sciencebase.gov/catalog/item/61c5749cd34e2ca389dbb33f | https://www.openstreetmap.org/way/34008043,2026-10-07
LM022,Coors Field,25,high,ASSUMPTION: relative effort for one modeling agent; no calibrated hours,Proposed OSM parent footprint/parts or park boundary; identity anchor https://en.wikipedia.org/wiki/Coors_Field,"UNVERIFIED: proposed route, no per-asset geometry checked","Proposed tagged OSM roof/part heights reconciled with USGS 3DEP roof minus local ground; choose project/tile and validate CRS, acquisition date and classification",UNVERIFIED source availability and physical measurement,Open bowl and street-aligned perimeter; target 50–300 m aerial (assumed),"Brick arches, corner entries and roof edge; target 5–40 m street (assumed)",ASSUMPTION: art-direction proposal; phone recognition not tested,Irregular ballpark perimeter and seating decks,"All logos, names/signage, ads, sponsor/team/university marks and public artworks; interiors omitted",UNVERIFIED individual architecture/design/trademark outcome; no release clearance,https://en.wikipedia.org/wiki/Coors_Field | https://www.openstreetmap.org/copyright | https://apps.nationalmap.gov/lidar-explorer/,2026-10-07
LM023,Red Rocks Amphitheatre,40,high,ASSUMPTION: relative effort for one modeling agent; no calibrated hours,Proposed OSM parent footprint/parts or park boundary; identity anchor https://en.wikipedia.org/wiki/Red_Rocks_Amphitheatre,"UNVERIFIED: proposed route, no per-asset geometry checked","Proposed USGS 3DEP terrain + structure/clearance survey where needed; verify selected tiles, date and datum; airborne lidar cannot resolve covered lower decks",UNVERIFIED source availability and physical measurement,Stepped amphitheatre between large rock forms; target 50–300 m aerial (assumed),"Bench terraces, stage shell and rock silhouette; target 5–40 m street (assumed)",ASSUMPTION: art-direction proposal; phone recognition not tested,Terrain/topography drives recognition; venue art omitted,"All logos, names/signage, ads, sponsor/team/university marks and public artworks; interiors omitted",UNVERIFIED individual architecture/design/trademark outcome; no release clearance,https://en.wikipedia.org/wiki/Red_Rocks_Amphitheatre | https://www.openstreetmap.org/copyright | https://apps.nationalmap.gov/lidar-explorer/,2026-10-07
LM024,Denver Union Station,26,high,ASSUMPTION: relative effort for one modeling agent; no calibrated hours,Proposed OSM parent footprint/parts or park boundary; identity anchor https://en.wikipedia.org/wiki/Denver_Union_Station,"UNVERIFIED: proposed route, no per-asset geometry checked","Proposed tagged OSM roof/part heights reconciled with USGS 3DEP roof minus local ground; choose project/tile and validate CRS, acquisition date and classification",UNVERIFIED source availability and physical measurement,Historic station and train-hall canopy; target 50–300 m aerial (assumed),"Central arch, wings and roof; no clock branding/signs; target 5–40 m street (assumed)",ASSUMPTION: art-direction proposal; phone recognition not tested,Historic station plus modern transit structures,"All logos, names/signage, ads, sponsor/team/university marks and public artworks; interiors omitted",UNVERIFIED individual architecture/design/trademark outcome; no release clearance,https://en.wikipedia.org/wiki/Denver_Union_Station | https://www.openstreetmap.org/copyright | https://apps.nationalmap.gov/lidar-explorer/,2026-10-07
LM025,City Park (Denver),15,med,ASSUMPTION: relative effort for one modeling agent; no calibrated hours,Proposed OSM parent footprint/parts or park boundary; identity anchor https://en.wikipedia.org/wiki/City_Park%2C_Denver,"UNVERIFIED: proposed route, no per-asset geometry checked","Proposed USGS 3DEP terrain + structure/clearance survey where needed; verify selected tiles, date and datum; airborne lidar cannot resolve covered lower decks",UNVERIFIED source availability and physical measurement,"Lake shore, loop paths and skyline sightline; target 50–300 m aerial (assumed)","Lawns, shore edges and inferred tree groups; target 5–40 m street (assumed)",ASSUMPTION: art-direction proposal; phone recognition not tested,Landscape bounds and distant context; zoo excluded unless scoped,"All logos, names/signage, ads, sponsor/team/university marks and public artworks; interiors omitted",UNVERIFIED individual architecture/design/trademark outcome; no release clearance,https://en.wikipedia.org/wiki/City_Park%2C_Denver | https://www.openstreetmap.org/copyright | https://apps.nationalmap.gov/lidar-explorer/,2026-10-07
LM026,Daniels & Fisher Tower,5,med,ASSUMPTION: relative effort for one modeling agent; no calibrated hours,OSM way 36729544: https://www.openstreetmap.org/way/36729544,VERIFIED parent closed ring and complete nodes; survey/parts UNVERIFIED,OSM 100 m; CTBUH 99.1 m architectural and 113.4 m to tip. Different endpoints must remain distinct. Candidate lidar: USGS Lidar Point Cloud CO_DRCOG_2020_B20 w0499n4399; https://www.sciencebase.gov/catalog/item/61c57350d34e2ca389db9ed7,VERIFIED as source/tag values; physical endpoints/roof returns UNVERIFIED,Slender clock tower and peaked upper stages; target 50–300 m aerial (assumed),"Large clock disks, openings and cornice bands; target 5–40 m street (assumed)",ASSUMPTION: art-direction proposal; phone recognition not tested,Clock-stage articulation; projection artwork excluded,"All logos, names/signage, ads, sponsor/team/university marks and public artworks; interiors omitted; projected artworks",UNVERIFIED individual architecture/design/trademark outcome; no release clearance,https://en.wikipedia.org/wiki/Daniels_%26_Fisher_Tower | https://historicdenver.org/daniels-and-fisher-clock-tower/ | https://www.skyscrapercenter.com/building/daniels-fisher-tower/17101 | https://www.denvertheatredistrict.com/night-lights-denver | https://www.sciencebase.gov/catalog/item/61c57350d34e2ca389db9ed7 | https://www.openstreetmap.org/way/36729544,2026-10-07
LM027,"Brown Palace Hotel (Denver, Colorado)",10,med,ASSUMPTION: relative effort for one modeling agent; no calibrated hours,OSM way 458038539: https://www.openstreetmap.org/way/458038539,VERIFIED parent closed ring and complete nodes; survey/parts UNVERIFIED,OSM height=44 m and levels=9; physical height unmeasured. Heritage accounts describe eight stories; floor-count reconciliation pending. Candidate lidar: USGS Lidar Point Cloud CO_DRCOG_2020_B20 w0501n4398; https://www.sciencebase.gov/catalog/item/61c5749cd34e2ca389dbb33f,VERIFIED as source/tag values; physical endpoints/roof returns UNVERIFIED,Triangular block and stepped cornice; target 50–300 m aerial (assumed),"Bay-window rhythm, corner entry and warm stone bands; target 5–40 m street (assumed)",ASSUMPTION: art-direction proposal; phone recognition not tested,Triangular outline; floor/height reconciliation,"All logos, names/signage, ads, sponsor/team/university marks and public artworks; interiors omitted",UNVERIFIED individual architecture/design/trademark outcome; no release clearance,https://en.wikipedia.org/wiki/Brown_Palace_Hotel_(Denver) | https://www.historichotels.org/us/hotels-resorts/the-brown-palace-hotel-and-spa-autograph-collection/history | https://sah-archipedia.org/buildings/CO-01-DV025 | https://www.sciencebase.gov/catalog/item/61c5749cd34e2ca389dbb33f | https://www.openstreetmap.org/way/458038539,2026-10-07
LM028,Denver Art Museum,41,high,ASSUMPTION: relative effort for one modeling agent; no calibrated hours,Proposed OSM parent footprint/parts or park boundary; identity anchor https://en.wikipedia.org/wiki/Denver_Art_Museum,"UNVERIFIED: proposed route, no per-asset geometry checked","Proposed tagged OSM roof/part heights reconciled with USGS 3DEP roof minus local ground; choose project/tile and validate CRS, acquisition date and classification",UNVERIFIED source availability and physical measurement,Distinct castle-like and angular museum wings; target 50–300 m aerial (assumed),Broad metal/stone planes and roof junctions; target 5–40 m street (assumed),ASSUMPTION: art-direction proposal; phone recognition not tested,Unique shells and multiple modern designs,"All logos, names/signage, ads, sponsor/team/university marks and public artworks; interiors omitted",UNVERIFIED individual architecture/design/trademark outcome; no release clearance,https://en.wikipedia.org/wiki/Denver_Art_Museum | https://www.openstreetmap.org/copyright | https://apps.nationalmap.gov/lidar-explorer/,2026-10-07
LM029,Denver Public Library,27,high,ASSUMPTION: relative effort for one modeling agent; no calibrated hours,Proposed OSM parent footprint/parts or park boundary; identity anchor https://en.wikipedia.org/wiki/Denver_Public_Library,"UNVERIFIED: proposed route, no per-asset geometry checked","Proposed tagged OSM roof/part heights reconciled with USGS 3DEP roof minus local ground; choose project/tile and validate CRS, acquisition date and classification",UNVERIFIED source availability and physical measurement,Layered civic-library masses and roof forms; target 50–300 m aerial (assumed),"Large windows, stepped walls and entry arcade; target 5–40 m street (assumed)",ASSUMPTION: art-direction proposal; phone recognition not tested,Articulated volumes and later alterations need scope,"All logos, names/signage, ads, sponsor/team/university marks and public artworks; interiors omitted",UNVERIFIED individual architecture/design/trademark outcome; no release clearance,https://en.wikipedia.org/wiki/Denver_Public_Library | https://www.openstreetmap.org/copyright | https://apps.nationalmap.gov/lidar-explorer/,2026-10-07
LM030,Empower Field at Mile High,28,high,ASSUMPTION: relative effort for one modeling agent; no calibrated hours,Proposed OSM parent footprint/parts or park boundary; identity anchor https://en.wikipedia.org/wiki/Empower_Field_at_Mile_High,"UNVERIFIED: proposed route, no per-asset geometry checked","Proposed tagged OSM roof/part heights reconciled with USGS 3DEP roof minus local ground; choose project/tile and validate CRS, acquisition date and classification",UNVERIFIED source availability and physical measurement,Open bowl and horseshoe grandstand roof; target 50–300 m aerial (assumed),"Entrance masses, roof supports and facade bands; target 5–40 m street (assumed)",ASSUMPTION: art-direction proposal; phone recognition not tested,"Large bowl, complex tiers and roofline","All logos, names/signage, ads, sponsor/team/university marks and public artworks; interiors omitted",UNVERIFIED individual architecture/design/trademark outcome; no release clearance,https://en.wikipedia.org/wiki/Empower_Field_at_Mile_High | https://www.openstreetmap.org/copyright | https://apps.nationalmap.gov/lidar-explorer/,2026-10-07
LM031,Ball Arena,11,med,ASSUMPTION: relative effort for one modeling agent; no calibrated hours,OSM way 25312645: https://www.openstreetmap.org/way/25312645,VERIFIED parent closed ring and complete nodes; survey/parts UNVERIFIED,"OSM height=22 m; building:parts=yes. Roof profile, part heights and true physical height unverified. Candidate lidar: USGS Lidar Point Cloud CO_DRCOG_2020_B20 w0498n4399; https://www.sciencebase.gov/catalog/item/61c573acd34e2ca389dba3ec",VERIFIED as source/tag values; physical endpoints/roof returns UNVERIFIED,Low oval arena roof and projecting entry masses; target 50–300 m aerial (assumed),Large glazing/brick bands and generic entries; target 5–40 m street (assumed),ASSUMPTION: art-direction proposal; phone recognition not tested,Repeatable shell; future renovation flag,"All logos, names/signage, ads, sponsor/team/university marks and public artworks; interiors omitted",UNVERIFIED individual architecture/design/trademark outcome; no release clearance,https://en.wikipedia.org/wiki/Ball_Arena | https://www.ballarena.com/arena-information/about-ball-arena/ | https://www.nba.com/nuggets/news/ball-arena-to-undergo-massive-renovation | https://www.sciencebase.gov/catalog/item/61c573acd34e2ca389dba3ec | https://www.openstreetmap.org/way/25312645,2026-10-07
LM032,University of Denver,42,high,ASSUMPTION: relative effort for one modeling agent; no calibrated hours,Proposed OSM building footprints and campus relation; official scope evidence https://www.du.edu/comm-govt/community/resources/visitors,"UNVERIFIED: proposed route, no per-asset geometry checked","Proposed tagged OSM roof/part heights reconciled with USGS 3DEP roof minus local ground; choose project/tile and validate CRS, acquisition date and classification",UNVERIFIED source availability and physical measurement,"Red-brick towers, chapel and gold-roof sports complex; target 50–300 m aerial (assumed)","First two anchors: silhouette and broad facade; remaining buildings: roofline, entrance and repeatable bays.; target 5–40 m street (assumed)",ASSUMPTION: art-direction proposal; phone recognition not tested,6 separately scoped buildings plus paths/terrain; campus boundary not yet validated,"All logos, names/signage, ads, sponsor/team/university marks and public artworks; interiors omitted; Kennedy Mountain campus, off-campus housing and interiors",UNVERIFIED individual architecture/design/trademark outcome; no release clearance,https://en.wikipedia.org/wiki/University_of_Denver | https://www.du.edu/comm-govt/community/resources/visitors,2026-10-07
LM033,Freedom Tower (Miami),3,med,ASSUMPTION: relative effort for one modeling agent; no calibrated hours,OSM way 290629021: https://www.openstreetmap.org/way/290629021,VERIFIED parent closed ring and complete nodes; survey/parts UNVERIFIED,OSM 84.5 m; CTBUH architectural 86.3 m; museum history 289 ft = 88.0872 m. Conflict unresolved. Candidate lidar: USGS Lidar Point Cloud FL_MiamiDade_D23 LID2024_318451_0901; https://www.sciencebase.gov/catalog/item/68b8e541d4be0247d9626c6c,VERIFIED as source/tag values; physical endpoints/roof returns UNVERIFIED,"Low base, slender tower and domed crown; target 50–300 m aerial (assumed)","Tier transitions, arcaded base and broad warm plaster bands; target 5–40 m street (assumed)",ASSUMPTION: art-direction proposal; phone recognition not tested,Height conflict and restored exterior,"All logos, names/signage, ads, sponsor/team/university marks and public artworks; interiors omitted",UNVERIFIED individual architecture/design/trademark outcome; no release clearance,https://en.wikipedia.org/wiki/Freedom_Tower_(Miami) | https://moadmdc.org/freedom-tower/history-of-the-freedom-tower | https://www.skyscrapercenter.com/building/freedom-tower/18895 | https://www.sciencebase.gov/catalog/item/68b8e541d4be0247d9626c6c | https://www.openstreetmap.org/way/290629021,2026-10-07
LM034,Kaseya Center,14,med,ASSUMPTION: relative effort for one modeling agent; no calibrated hours,Proposed OSM parent footprint/parts or park boundary; identity anchor https://en.wikipedia.org/wiki/Kaseya_Center,"UNVERIFIED: proposed route, no per-asset geometry checked","Proposed tagged OSM roof/part heights reconciled with USGS 3DEP roof minus local ground; choose project/tile and validate CRS, acquisition date and classification",UNVERIFIED source availability and physical measurement,Low arena beside bay and plaza; target 50–300 m aerial (assumed),"Angular entry masses, glazing bands and roof edge; target 5–40 m street (assumed)",ASSUMPTION: art-direction proposal; phone recognition not tested,Simple shell; current entry geometry pending,"All logos, names/signage, ads, sponsor/team/university marks and public artworks; interiors omitted",UNVERIFIED individual architecture/design/trademark outcome; no release clearance,https://en.wikipedia.org/wiki/Kaseya_Center | https://www.openstreetmap.org/copyright | https://apps.nationalmap.gov/lidar-explorer/,2026-10-07
LM035,LoanDepot Park,35,high,ASSUMPTION: relative effort for one modeling agent; no calibrated hours,Proposed OSM parent footprint/parts or park boundary; identity anchor https://en.wikipedia.org/wiki/LoanDepot_Park,"UNVERIFIED: proposed route, no per-asset geometry checked","Proposed tagged OSM roof/part heights reconciled with USGS 3DEP roof minus local ground; choose project/tile and validate CRS, acquisition date and classification",UNVERIFIED source availability and physical measurement,Retractable roof over baseball bowl; target 50–300 m aerial (assumed),Roof ribs and end walls; generic seats; target 5–40 m street (assumed),ASSUMPTION: art-direction proposal; phone recognition not tested,Roof pose and complex moving-shell divisions,"All logos, names/signage, ads, sponsor/team/university marks and public artworks; interiors omitted",UNVERIFIED individual architecture/design/trademark outcome; no release clearance,https://en.wikipedia.org/wiki/LoanDepot_Park | https://www.openstreetmap.org/copyright | https://apps.nationalmap.gov/lidar-explorer/,2026-10-07
LM036,Hard Rock Stadium,36,high,ASSUMPTION: relative effort for one modeling agent; no calibrated hours,Proposed OSM parent footprint/parts or park boundary; identity anchor https://en.wikipedia.org/wiki/Hard_Rock_Stadium,"UNVERIFIED: proposed route, no per-asset geometry checked","Proposed tagged OSM roof/part heights reconciled with USGS 3DEP roof minus local ground; choose project/tile and validate CRS, acquisition date and classification",UNVERIFIED source availability and physical measurement,Rectangular stadium canopy and corner masts; target 50–300 m aerial (assumed),Canopy supports and entrance masses; target 5–40 m street (assumed),ASSUMPTION: art-direction proposal; phone recognition not tested,Large cantilever/cable geometry and bowl,"All logos, names/signage, ads, sponsor/team/university marks and public artworks; interiors omitted",UNVERIFIED individual architecture/design/trademark outcome; no release clearance,https://en.wikipedia.org/wiki/Hard_Rock_Stadium | https://www.openstreetmap.org/copyright | https://apps.nationalmap.gov/lidar-explorer/,2026-10-07
LM037,University of Miami,37,high,ASSUMPTION: relative effort for one modeling agent; no calibrated hours,Proposed OSM building footprints and campus relation; official scope evidence https://welcome.miami.edu/_assets/pdf/about-um/maps/Gables-Campus-Map-FINAL.pdf,"UNVERIFIED: proposed route, no per-asset geometry checked","Proposed tagged OSM roof/part heights reconciled with USGS 3DEP roof minus local ground; choose project/tile and validate CRS, acquisition date and classification",UNVERIFIED source availability and physical measurement,"Lake, low modernist blocks, shaded colonnades and tropical planting; target 50–300 m aerial (assumed)","First two anchors: silhouette and broad facade; remaining buildings: roofline, entrance and repeatable bays.; target 5–40 m street (assumed)",ASSUMPTION: art-direction proposal; phone recognition not tested,6 separately scoped buildings plus paths/terrain; campus boundary not yet validated,"All logos, names/signage, ads, sponsor/team/university marks and public artworks; interiors omitted; Medical campus, marine campus, stadiums and public art",UNVERIFIED individual architecture/design/trademark outcome; no release clearance,https://en.wikipedia.org/wiki/University_of_Miami | https://welcome.miami.edu/_assets/pdf/about-um/maps/Gables-Campus-Map-FINAL.pdf,2026-10-07
LM038,Florida International University,38,high,ASSUMPTION: relative effort for one modeling agent; no calibrated hours,Proposed OSM building footprints and campus relation; official scope evidence https://facilities.fiu.edu/Planning/Documents/CampusMaps/MMC.pdf,"UNVERIFIED: proposed route, no per-asset geometry checked","Proposed tagged OSM roof/part heights reconciled with USGS 3DEP roof minus local ground; choose project/tile and validate CRS, acquisition date and classification",UNVERIFIED source availability and physical measurement,"Tall library slab, arcaded student-center volumes and broad plaza network; target 50–300 m aerial (assumed)","First two anchors: silhouette and broad facade; remaining buildings: roofline, entrance and repeatable bays.; target 5–40 m street (assumed)",ASSUMPTION: art-direction proposal; phone recognition not tested,6 separately scoped buildings plus paths/terrain; campus boundary not yet validated,"All logos, names/signage, ads, sponsor/team/university marks and public artworks; interiors omitted; Biscayne Bay campus, stadium, unrelated off-campus properties",UNVERIFIED individual architecture/design/trademark outcome; no release clearance,https://en.wikipedia.org/wiki/Florida_International_University | https://facilities.fiu.edu/Planning/Documents/CampusMaps/MMC.pdf,2026-10-07
LM039,Vizcaya Museum and Gardens,22,high,ASSUMPTION: relative effort for one modeling agent; no calibrated hours,Proposed OSM parent footprint/parts or park boundary; identity anchor https://en.wikipedia.org/wiki/Vizcaya_Museum_and_Gardens,"UNVERIFIED: proposed route, no per-asset geometry checked","Proposed tagged OSM roof/part heights reconciled with USGS 3DEP roof minus local ground; choose project/tile and validate CRS, acquisition date and classification",UNVERIFIED source availability and physical measurement,Estate villa and formal garden axes; target 50–300 m aerial (assumed),"Loggias, tiled roofs and garden walls; omit sculptures; target 5–40 m street (assumed)",ASSUMPTION: art-direction proposal; phone recognition not tested,Historic exterior plus garden terrain; decorative-art omissions,"All logos, names/signage, ads, sponsor/team/university marks and public artworks; interiors omitted",UNVERIFIED individual architecture/design/trademark outcome; no release clearance,https://en.wikipedia.org/wiki/Vizcaya_Museum_and_Gardens | https://www.openstreetmap.org/copyright | https://apps.nationalmap.gov/lidar-explorer/,2026-10-07
LM040,Ocean Drive (South Beach),23,high,ASSUMPTION: relative effort for one modeling agent; no calibrated hours,Proposed OSM parent footprint/parts or park boundary; identity anchor https://en.wikipedia.org/wiki/Ocean_Drive_(South_Beach),"UNVERIFIED: proposed route, no per-asset geometry checked","Proposed tagged OSM roof/part heights reconciled with USGS 3DEP roof minus local ground; choose project/tile and validate CRS, acquisition date and classification",UNVERIFIED source availability and physical measurement,Linear street edge and beach-side promenade; target 50–300 m aerial (assumed),"Selected stepped facades, rounded corners and awnings; target 5–40 m street (assumed)",ASSUMPTION: art-direction proposal; phone recognition not tested,District scope requires selected buildings and current footprints,"All logos, names/signage, ads, sponsor/team/university marks and public artworks; interiors omitted",UNVERIFIED individual architecture/design/trademark outcome; no release clearance,https://en.wikipedia.org/wiki/Ocean_Drive_(South_Beach) | https://www.openstreetmap.org/copyright | https://apps.nationalmap.gov/lidar-explorer/,2026-10-07
LM041,Lummus Park (Miami Beach),6,med,ASSUMPTION: relative effort for one modeling agent; no calibrated hours,OSM way 76677464: https://www.openstreetmap.org/way/76677464,VERIFIED parent closed ring and complete nodes; survey/parts UNVERIFIED,"N/A for park boundary. Terrain, paths and canopy elevations require separate data; do not assign building height zero. Candidate lidar: USGS Lidar Point Cloud FL_MiamiDade_D23 LID2024_318455_0901; https://www.sciencebase.gov/catalog/item/68b8e524d4be0247d9626b6c",N/A building height; terrain unmeasured,Beach-side lawn and palm/path network; target 50–300 m aerial (assumed),"Path edges, generic palms and ground variation; target 5–40 m street (assumed)",ASSUMPTION: art-direction proposal; phone recognition not tested,Long park; surveyed planting absent,"All logos, names/signage, ads, sponsor/team/university marks and public artworks; interiors omitted",UNVERIFIED individual architecture/design/trademark outcome; no release clearance,https://en.wikipedia.org/wiki/Lummus_Park%2C_Miami_Beach | https://www.miamibeachfl.gov/city-hall/parks-and-recreation/parks-facilities-directory/lummus-park/ | https://www.sciencebase.gov/catalog/item/68b8e524d4be0247d9626b6c | https://www.openstreetmap.org/way/76677464,2026-10-07
LM042,Miami Tower,8,med,ASSUMPTION: relative effort for one modeling agent; no calibrated hours,OSM way 300232867: https://www.openstreetmap.org/way/300232867,VERIFIED parent closed ring and complete nodes; survey/parts UNVERIFIED,"OSM height='191 m', levels=47. Owner leasing brochure: 625 ft = 190.5 m, 47 stories; small endpoint/rounding difference unresolved. Candidate lidar: USGS Lidar Point Cloud FL_MiamiDade_D23 LID2024_318751_0901; https://www.sciencebase.gov/catalog/item/68b8e58dd4be0247d9626eea",VERIFIED as source/tag values; physical endpoints/roof returns UNVERIFIED,Three receding curved tiers and low podium; target 50–300 m aerial (assumed),"Broad glass bands, tier edges and generic night light; target 5–40 m street (assumed)",ASSUMPTION: art-direction proposal; phone recognition not tested,Curved volumes; tier heights not yet measured,"All logos, names/signage, ads, sponsor/team/university marks and public artworks; interiors omitted",UNVERIFIED individual architecture/design/trademark outcome; no release clearance,https://en.wikipedia.org/wiki/Miami_Tower | https://www.miamitower.net/ | https://images2.loopnet.com/d2/4cyRtWd9M6kzII7z7HuZ8i3bVUbPuUHRu_OLC8z5nEo/document.pdf | https://www.sciencebase.gov/catalog/item/68b8e58dd4be0247d9626eea | https://www.openstreetmap.org/way/300232867,2026-10-07
LM043,Brickell City Centre,39,high,ASSUMPTION: relative effort for one modeling agent; no calibrated hours,Proposed OSM parent footprint/parts or park boundary; identity anchor https://en.wikipedia.org/wiki/Brickell_City_Centre,"UNVERIFIED: proposed route, no per-asset geometry checked","Proposed tagged OSM roof/part heights reconciled with USGS 3DEP roof minus local ground; choose project/tile and validate CRS, acquisition date and classification",UNVERIFIED source availability and physical measurement,"Connected podium blocks, towers and canopy; target 50–300 m aerial (assumed)",Canopy silhouette and large glazed entry bays; target 5–40 m street (assumed),ASSUMPTION: art-direction proposal; phone recognition not tested,Multiple modern blocks and engineered canopy,"All logos, names/signage, ads, sponsor/team/university marks and public artworks; interiors omitted",UNVERIFIED individual architecture/design/trademark outcome; no release clearance,https://en.wikipedia.org/wiki/Brickell_City_Centre | https://www.openstreetmap.org/copyright | https://apps.nationalmap.gov/lidar-explorer/,2026-10-07
LM044,Fontainebleau Miami Beach,24,high,ASSUMPTION: relative effort for one modeling agent; no calibrated hours,Proposed OSM parent footprint/parts or park boundary; identity anchor https://en.wikipedia.org/wiki/Fontainebleau_Miami_Beach,"UNVERIFIED: proposed route, no per-asset geometry checked","Proposed tagged OSM roof/part heights reconciled with USGS 3DEP roof minus local ground; choose project/tile and validate CRS, acquisition date and classification",UNVERIFIED source availability and physical measurement,Curving hotel slab and separate towers; target 50–300 m aerial (assumed),Horizontal balconies and broad entrance volumes; target 5–40 m street (assumed),ASSUMPTION: art-direction proposal; phone recognition not tested,"Multiple eras, curved facade and modern wings","All logos, names/signage, ads, sponsor/team/university marks and public artworks; interiors omitted",UNVERIFIED individual architecture/design/trademark outcome; no release clearance,https://en.wikipedia.org/wiki/Fontainebleau_Miami_Beach | https://www.openstreetmap.org/copyright | https://apps.nationalmap.gov/lidar-explorer/,2026-10-07
LM045,Empire State Building,43,med,ASSUMPTION: relative effort for one modeling agent; no calibrated hours,Proposed OSM parent footprint/parts or park boundary; identity anchor https://en.wikipedia.org/wiki/Empire_State_Building,"UNVERIFIED: proposed route, no per-asset geometry checked","Proposed tagged OSM roof/part heights reconciled with USGS 3DEP roof minus local ground; choose project/tile and validate CRS, acquisition date and classification",UNVERIFIED source availability and physical measurement,Tiered tower and mast; target 50–300 m aerial (assumed),"Setback rhythm, vertical piers and upper crown; target 5–40 m street (assumed)",ASSUMPTION: art-direction proposal; phone recognition not tested,Modular setbacks; shape-mark review and height endpoints,"All logos, names/signage, ads, sponsor/team/university marks and public artworks; interiors omitted",UNVERIFIED individual architecture/design/trademark outcome; no release clearance,https://en.wikipedia.org/wiki/Empire_State_Building | https://www.openstreetmap.org/copyright | https://apps.nationalmap.gov/lidar-explorer/,2026-10-07
LM046,One World Trade Center,44,med,ASSUMPTION: relative effort for one modeling agent; no calibrated hours,Proposed OSM parent footprint/parts or park boundary; identity anchor https://en.wikipedia.org/wiki/One_World_Trade_Center,"UNVERIFIED: proposed route, no per-asset geometry checked","Proposed tagged OSM roof/part heights reconciled with USGS 3DEP roof minus local ground; choose project/tile and validate CRS, acquisition date and classification",UNVERIFIED source availability and physical measurement,Faceted taper and tall spire; target 50–300 m aerial (assumed),"Triangular planes, large base and glazing rhythm; target 5–40 m street (assumed)",ASSUMPTION: art-direction proposal; phone recognition not tested,Simple faceted shell; modern design and base details,"All logos, names/signage, ads, sponsor/team/university marks and public artworks; interiors omitted",UNVERIFIED individual architecture/design/trademark outcome; no release clearance,https://en.wikipedia.org/wiki/One_World_Trade_Center | https://www.openstreetmap.org/copyright | https://apps.nationalmap.gov/lidar-explorer/,2026-10-07
LM047,Chrysler Building,47,high,ASSUMPTION: relative effort for one modeling agent; no calibrated hours,Proposed OSM parent footprint/parts or park boundary; identity anchor https://en.wikipedia.org/wiki/Chrysler_Building,"UNVERIFIED: proposed route, no per-asset geometry checked","Proposed tagged OSM roof/part heights reconciled with USGS 3DEP roof minus local ground; choose project/tile and validate CRS, acquisition date and classification",UNVERIFIED source availability and physical measurement,Stepped tower and scalloped crown; target 50–300 m aerial (assumed),Crown arches and major piers; omit decorative replicas; target 5–40 m street (assumed),ASSUMPTION: art-direction proposal; phone recognition not tested,Crown complexity and decoration/rights scope,"All logos, names/signage, ads, sponsor/team/university marks and public artworks; interiors omitted",UNVERIFIED individual architecture/design/trademark outcome; no release clearance,https://en.wikipedia.org/wiki/Chrysler_Building | https://www.openstreetmap.org/copyright | https://apps.nationalmap.gov/lidar-explorer/,2026-10-07
LM048,Yankee Stadium,45,high,ASSUMPTION: relative effort for one modeling agent; no calibrated hours,Proposed OSM parent footprint/parts or park boundary; identity anchor https://en.wikipedia.org/wiki/Yankee_Stadium,"UNVERIFIED: proposed route, no per-asset geometry checked","Proposed tagged OSM roof/part heights reconciled with USGS 3DEP roof minus local ground; choose project/tile and validate CRS, acquisition date and classification",UNVERIFIED source availability and physical measurement,Baseball bowl and perimeter stadium block; target 50–300 m aerial (assumed),Broad entry archways and masonry piers; target 5–40 m street (assumed),ASSUMPTION: art-direction proposal; phone recognition not tested,Irregular bowl and large perimeter; names omitted,"All logos, names/signage, ads, sponsor/team/university marks and public artworks; interiors omitted",UNVERIFIED individual architecture/design/trademark outcome; no release clearance,https://en.wikipedia.org/wiki/Yankee_Stadium | https://www.openstreetmap.org/copyright | https://apps.nationalmap.gov/lidar-explorer/,2026-10-07
LM049,Columbia University,48,high,ASSUMPTION: relative effort for one modeling agent; no calibrated hours,Proposed OSM building footprints and campus relation; official scope evidence https://publicsafety.columbia.edu/content/maps-schedules,"UNVERIFIED: proposed route, no per-asset geometry checked","Proposed tagged OSM roof/part heights reconciled with USGS 3DEP roof minus local ground; choose project/tile and validate CRS, acquisition date and classification",UNVERIFIED source availability and physical measurement,"Dome, broad steps, opposing library colonnade and enclosed quad; target 50–300 m aerial (assumed)","First two anchors: silhouette and broad facade; remaining buildings: roofline, entrance and repeatable bays.; target 5–40 m street (assumed)",ASSUMPTION: art-direction proposal; phone recognition not tested,6 separately scoped buildings plus paths/terrain; campus boundary not yet validated,"All logos, names/signage, ads, sponsor/team/university marks and public artworks; interiors omitted; Manhattanville, medical campus, Alma Mater and other sculpture",UNVERIFIED individual architecture/design/trademark outcome; no release clearance,https://en.wikipedia.org/wiki/Columbia_University | https://publicsafety.columbia.edu/content/maps-schedules,2026-10-07
LM050,Griffith Observatory,49,med,ASSUMPTION: relative effort for one modeling agent; no calibrated hours,Proposed OSM parent footprint/parts or park boundary; identity anchor https://en.wikipedia.org/wiki/Griffith_Observatory,"UNVERIFIED: proposed route, no per-asset geometry checked","Proposed tagged OSM roof/part heights reconciled with USGS 3DEP roof minus local ground; choose project/tile and validate CRS, acquisition date and classification",UNVERIFIED source availability and physical measurement,Central dome and two smaller domes; target 50–300 m aerial (assumed),"White masses, terrace edges and entrance arches; target 5–40 m street (assumed)",ASSUMPTION: art-direction proposal; phone recognition not tested,Three primary domes and hillside terrain,"All logos, names/signage, ads, sponsor/team/university marks and public artworks; interiors omitted",UNVERIFIED individual architecture/design/trademark outcome; no release clearance,https://en.wikipedia.org/wiki/Griffith_Observatory | https://www.openstreetmap.org/copyright | https://apps.nationalmap.gov/lidar-explorer/,2026-10-07
LM051,Rose Bowl (stadium),50,med,ASSUMPTION: relative effort for one modeling agent; no calibrated hours,Proposed OSM parent footprint/parts or park boundary; identity anchor https://en.wikipedia.org/wiki/Rose_Bowl_(stadium),"UNVERIFIED: proposed route, no per-asset geometry checked","Proposed tagged OSM roof/part heights reconciled with USGS 3DEP roof minus local ground; choose project/tile and validate CRS, acquisition date and classification",UNVERIFIED source availability and physical measurement,Low oval open bowl; target 50–300 m aerial (assumed),"Outer arc, entry tunnels and generic bleachers; target 5–40 m street (assumed)",ASSUMPTION: art-direction proposal; phone recognition not tested,Simple bowl but grading and heights required,"All logos, names/signage, ads, sponsor/team/university marks and public artworks; interiors omitted",UNVERIFIED individual architecture/design/trademark outcome; no release clearance,https://en.wikipedia.org/wiki/Rose_Bowl_(stadium) | https://www.openstreetmap.org/copyright | https://apps.nationalmap.gov/lidar-explorer/,2026-10-07
LM052,SoFi Stadium,51,high,ASSUMPTION: relative effort for one modeling agent; no calibrated hours,Proposed OSM parent footprint/parts or park boundary; identity anchor https://en.wikipedia.org/wiki/SoFi_Stadium,"UNVERIFIED: proposed route, no per-asset geometry checked","Proposed tagged OSM roof/part heights reconciled with USGS 3DEP roof minus local ground; choose project/tile and validate CRS, acquisition date and classification",UNVERIFIED source availability and physical measurement,Large flowing roof canopy and lake-edge footprint; target 50–300 m aerial (assumed),"Canopy rim, perforated-envelope tone and support masses; target 5–40 m street (assumed)",ASSUMPTION: art-direction proposal; phone recognition not tested,Unique lightweight roof and campus-scale terrain,"All logos, names/signage, ads, sponsor/team/university marks and public artworks; interiors omitted",UNVERIFIED individual architecture/design/trademark outcome; no release clearance,https://en.wikipedia.org/wiki/SoFi_Stadium | https://www.openstreetmap.org/copyright | https://apps.nationalmap.gov/lidar-explorer/,2026-10-07
LM053,"University of California, Los Angeles",52,high,ASSUMPTION: relative effort for one modeling agent; no calibrated hours,Proposed OSM building footprints and campus relation; official scope evidence https://map.ucla.edu/downloads/pdf/UCLA_Campus_BW_Map.pdf,"UNVERIFIED: proposed route, no per-asset geometry checked","Proposed tagged OSM roof/part heights reconciled with USGS 3DEP roof minus local ground; choose project/tile and validate CRS, acquisition date and classification",UNVERIFIED source availability and physical measurement,"Twin-tower hall, Romanesque library dome, warm masonry and courtyards; target 50–300 m aerial (assumed)","First two anchors: silhouette and broad facade; remaining buildings: roofline, entrance and repeatable bays.; target 5–40 m street (assumed)",ASSUMPTION: art-direction proposal; phone recognition not tested,6 separately scoped buildings plus paths/terrain; campus boundary not yet validated,"All logos, names/signage, ads, sponsor/team/university marks and public artworks; interiors omitted; Medical center, sports venues, sculpture garden and broad residential areas",UNVERIFIED individual architecture/design/trademark outcome; no release clearance,https://en.wikipedia.org/wiki/University_of_California%2C_Los_Angeles | https://map.ucla.edu/downloads/pdf/UCLA_Campus_BW_Map.pdf,2026-10-07
LM054,AT&T Stadium,56,high,ASSUMPTION: relative effort for one modeling agent; no calibrated hours,Proposed OSM parent footprint/parts or park boundary; identity anchor https://en.wikipedia.org/wiki/AT%26T_Stadium,"UNVERIFIED: proposed route, no per-asset geometry checked","Proposed tagged OSM roof/part heights reconciled with USGS 3DEP roof minus local ground; choose project/tile and validate CRS, acquisition date and classification",UNVERIFIED source availability and physical measurement,Twin roof arches over large stadium; target 50–300 m aerial (assumed),"Roof trusses, glazed ends and broad entries; target 5–40 m street (assumed)",ASSUMPTION: art-direction proposal; phone recognition not tested,Complex operable roof; snapshot pose,"All logos, names/signage, ads, sponsor/team/university marks and public artworks; interiors omitted",UNVERIFIED individual architecture/design/trademark outcome; no release clearance,https://en.wikipedia.org/wiki/AT%26T_Stadium | https://www.openstreetmap.org/copyright | https://apps.nationalmap.gov/lidar-explorer/,2026-10-07
LM055,Reunion Tower,55,med,ASSUMPTION: relative effort for one modeling agent; no calibrated hours,Proposed OSM parent footprint/parts or park boundary; identity anchor https://en.wikipedia.org/wiki/Reunion_Tower,"UNVERIFIED: proposed route, no per-asset geometry checked","Proposed tagged OSM roof/part heights reconciled with USGS 3DEP roof minus local ground; choose project/tile and validate CRS, acquisition date and classification",UNVERIFIED source availability and physical measurement,Thin shaft and open spherical crown; target 50–300 m aerial (assumed),Crown strut rhythm and base entries; target 5–40 m street (assumed),ASSUMPTION: art-direction proposal; phone recognition not tested,Ball lattice simplified at distance; distinctive shape review,"All logos, names/signage, ads, sponsor/team/university marks and public artworks; interiors omitted",UNVERIFIED individual architecture/design/trademark outcome; no release clearance,https://en.wikipedia.org/wiki/Reunion_Tower | https://www.openstreetmap.org/copyright | https://apps.nationalmap.gov/lidar-explorer/,2026-10-07
LM056,Southern Methodist University,57,high,ASSUMPTION: relative effort for one modeling agent; no calibrated hours,Proposed OSM building footprints and campus relation; official scope evidence https://www.smu.edu/aboutsmu/maps/download,"UNVERIFIED: proposed route, no per-asset geometry checked","Proposed tagged OSM roof/part heights reconciled with USGS 3DEP roof minus local ground; choose project/tile and validate CRS, acquisition date and classification",UNVERIFIED source availability and physical measurement,"Domed Georgian hall, red-brick academic rows and white colonnades; target 50–300 m aerial (assumed)","First two anchors: silhouette and broad facade; remaining buildings: roofline, entrance and repeatable bays.; target 5–40 m street (assumed)",ASSUMPTION: art-direction proposal; phone recognition not tested,6 separately scoped buildings plus paths/terrain; campus boundary not yet validated,"All logos, names/signage, ads, sponsor/team/university marks and public artworks; interiors omitted; Athletics, Bush presidential complex and statues",UNVERIFIED individual architecture/design/trademark outcome; no release clearance,https://en.wikipedia.org/wiki/Southern_Methodist_University | https://www.smu.edu/aboutsmu/maps/download,2026-10-07
LM057,American Airlines Center,54,med,ASSUMPTION: relative effort for one modeling agent; no calibrated hours,Proposed OSM parent footprint/parts or park boundary; identity anchor https://en.wikipedia.org/wiki/American_Airlines_Center,"UNVERIFIED: proposed route, no per-asset geometry checked","Proposed tagged OSM roof/part heights reconciled with USGS 3DEP roof minus local ground; choose project/tile and validate CRS, acquisition date and classification",UNVERIFIED source availability and physical measurement,Arena box with barrel-like roof; target 50–300 m aerial (assumed),"Large arched windows, entry bays and masonry bands; target 5–40 m street (assumed)",ASSUMPTION: art-direction proposal; phone recognition not tested,Regular facade rhythm and broad roof,"All logos, names/signage, ads, sponsor/team/university marks and public artworks; interiors omitted",UNVERIFIED individual architecture/design/trademark outcome; no release clearance,https://en.wikipedia.org/wiki/American_Airlines_Center | https://www.openstreetmap.org/copyright | https://apps.nationalmap.gov/lidar-explorer/,2026-10-07
LM058,Daikin Park,58,high,ASSUMPTION: relative effort for one modeling agent; no calibrated hours,Proposed OSM parent footprint/parts or park boundary; identity anchor https://en.wikipedia.org/wiki/Daikin_Park,"UNVERIFIED: proposed route, no per-asset geometry checked","Proposed tagged OSM roof/part heights reconciled with USGS 3DEP roof minus local ground; choose project/tile and validate CRS, acquisition date and classification",UNVERIFIED source availability and physical measurement,Ballpark roof shell and asymmetrical field; target 50–300 m aerial (assumed),"Roof trusses, historic entry mass and generic glazing; target 5–40 m street (assumed)",ASSUMPTION: art-direction proposal; phone recognition not tested,Retractable roof pose and historic/modern components,"All logos, names/signage, ads, sponsor/team/university marks and public artworks; interiors omitted",UNVERIFIED individual architecture/design/trademark outcome; no release clearance,https://en.wikipedia.org/wiki/Daikin_Park | https://www.openstreetmap.org/copyright | https://apps.nationalmap.gov/lidar-explorer/,2026-10-07
LM059,Reliant Stadium,59,high,ASSUMPTION: relative effort for one modeling agent; no calibrated hours,Proposed OSM parent footprint/parts or park boundary; identity anchor https://en.wikipedia.org/wiki/Reliant_Stadium,"UNVERIFIED: proposed route, no per-asset geometry checked","Proposed tagged OSM roof/part heights reconciled with USGS 3DEP roof minus local ground; choose project/tile and validate CRS, acquisition date and classification",UNVERIFIED source availability and physical measurement,Rectangular stadium roof and end masses; target 50–300 m aerial (assumed),Roof support bands and large glazed entrances; target 5–40 m street (assumed),ASSUMPTION: art-direction proposal; phone recognition not tested,Operable roof and multilevel bowl,"All logos, names/signage, ads, sponsor/team/university marks and public artworks; interiors omitted",UNVERIFIED individual architecture/design/trademark outcome; no release clearance,https://en.wikipedia.org/wiki/Reliant_Stadium | https://www.openstreetmap.org/copyright | https://apps.nationalmap.gov/lidar-explorer/,2026-10-07
LM060,Rice University,60,high,ASSUMPTION: relative effort for one modeling agent; no calibrated hours,Proposed OSM building footprints and campus relation; official scope evidence https://www.rice.edu/sites/g/files/bxs2566/files/2020-07/Rice-Printable-Campus-Maps.pdf,"UNVERIFIED: proposed route, no per-asset geometry checked","Proposed tagged OSM roof/part heights reconciled with USGS 3DEP roof minus local ground; choose project/tile and validate CRS, acquisition date and classification",UNVERIFIED source availability and physical measurement,"Asymmetric entrance tower, arcades and pale masonry quad; target 50–300 m aerial (assumed)","First two anchors: silhouette and broad facade; remaining buildings: roofline, entrance and repeatable bays.; target 5–40 m street (assumed)",ASSUMPTION: art-direction proposal; phone recognition not tested,7 separately scoped buildings plus paths/terrain; campus boundary not yet validated,"All logos, names/signage, ads, sponsor/team/university marks and public artworks; interiors omitted; Residential colleges, sports district, founder statue and public art",UNVERIFIED individual architecture/design/trademark outcome; no release clearance,https://en.wikipedia.org/wiki/Rice_University | https://www.rice.edu/sites/g/files/bxs2566/files/2020-07/Rice-Printable-Campus-Maps.pdf,2026-10-07
LM061,United States Capitol,66,high,ASSUMPTION: relative effort for one modeling agent; no calibrated hours,Proposed OSM parent footprint/parts or park boundary; identity anchor https://en.wikipedia.org/wiki/United_States_Capitol,"UNVERIFIED: proposed route, no per-asset geometry checked","Proposed tagged OSM roof/part heights reconciled with USGS 3DEP roof minus local ground; choose project/tile and validate CRS, acquisition date and classification",UNVERIFIED source availability and physical measurement,"Dome, long wings and stepped porticos; target 50–300 m aerial (assumed)","Major columns, cornices and dome ribs; omit statuary; target 5–40 m street (assumed)",ASSUMPTION: art-direction proposal; phone recognition not tested,Large civic complex and many parts,"All logos, names/signage, ads, sponsor/team/university marks and public artworks; interiors omitted",UNVERIFIED individual architecture/design/trademark outcome; no release clearance,https://en.wikipedia.org/wiki/United_States_Capitol | https://www.openstreetmap.org/copyright | https://apps.nationalmap.gov/lidar-explorer/,2026-10-07
LM062,White House,65,med,ASSUMPTION: relative effort for one modeling agent; no calibrated hours,Proposed OSM parent footprint/parts or park boundary; identity anchor https://en.wikipedia.org/wiki/White_House,"UNVERIFIED: proposed route, no per-asset geometry checked","Proposed tagged OSM roof/part heights reconciled with USGS 3DEP roof minus local ground; choose project/tile and validate CRS, acquisition date and classification",UNVERIFIED source availability and physical measurement,"Central residence, wings and lawn axes; target 50–300 m aerial (assumed)","Portico, column cadence and window rhythm; target 5–40 m street (assumed)",ASSUMPTION: art-direction proposal; phone recognition not tested,Repeatable historic facade; no interiors/security details,"All logos, names/signage, ads, sponsor/team/university marks and public artworks; interiors omitted",UNVERIFIED individual architecture/design/trademark outcome; no release clearance,https://en.wikipedia.org/wiki/White_House | https://www.openstreetmap.org/copyright | https://apps.nationalmap.gov/lidar-explorer/,2026-10-07
LM063,Georgetown University,67,high,ASSUMPTION: relative effort for one modeling agent; no calibrated hours,Proposed OSM building footprints and campus relation; official scope evidence https://cne.georgetown.edu/wp-content/uploads/2025/06/GU_campus-map-v2-1.pdf,"UNVERIFIED: proposed route, no per-asset geometry checked","Proposed tagged OSM roof/part heights reconciled with USGS 3DEP roof minus local ground; choose project/tile and validate CRS, acquisition date and classification",UNVERIFIED source availability and physical measurement,"Twin-spired hall, compact chapel and angular library overlooking river; target 50–300 m aerial (assumed)","First two anchors: silhouette and broad facade; remaining buildings: roofline, entrance and repeatable bays.; target 5–40 m street (assumed)",ASSUMPTION: art-direction proposal; phone recognition not tested,6 separately scoped buildings plus paths/terrain; campus boundary not yet validated,"All logos, names/signage, ads, sponsor/team/university marks and public artworks; interiors omitted; Medical center, Capitol Campus, interiors and monuments",UNVERIFIED individual architecture/design/trademark outcome; no release clearance,https://en.wikipedia.org/wiki/Georgetown_University | https://cne.georgetown.edu/wp-content/uploads/2025/06/GU_campus-map-v2-1.pdf,2026-10-07
LM064,Philadelphia City Hall,69,high,ASSUMPTION: relative effort for one modeling agent; no calibrated hours,Proposed OSM parent footprint/parts or park boundary; identity anchor https://en.wikipedia.org/wiki/Philadelphia_City_Hall,"UNVERIFIED: proposed route, no per-asset geometry checked","Proposed tagged OSM roof/part heights reconciled with USGS 3DEP roof minus local ground; choose project/tile and validate CRS, acquisition date and classification",UNVERIFIED source availability and physical measurement,Large civic block with central tower; target 50–300 m aerial (assumed),"Masonry tiers, arches and corner pavilions; omit statues; target 5–40 m street (assumed)",ASSUMPTION: art-direction proposal; phone recognition not tested,Dense massing and carved decoration exclusion,"All logos, names/signage, ads, sponsor/team/university marks and public artworks; interiors omitted",UNVERIFIED individual architecture/design/trademark outcome; no release clearance,https://en.wikipedia.org/wiki/Philadelphia_City_Hall | https://www.openstreetmap.org/copyright | https://apps.nationalmap.gov/lidar-explorer/,2026-10-07
LM065,Citizens Bank Park,68,high,ASSUMPTION: relative effort for one modeling agent; no calibrated hours,Proposed OSM parent footprint/parts or park boundary; identity anchor https://en.wikipedia.org/wiki/Citizens_Bank_Park,"UNVERIFIED: proposed route, no per-asset geometry checked","Proposed tagged OSM roof/part heights reconciled with USGS 3DEP roof minus local ground; choose project/tile and validate CRS, acquisition date and classification",UNVERIFIED source availability and physical measurement,Open baseball bowl and asymmetric grandstands; target 50–300 m aerial (assumed),"Brick perimeter, entrance bays and roof bands; target 5–40 m street (assumed)",ASSUMPTION: art-direction proposal; phone recognition not tested,Ballpark geometry and current additions,"All logos, names/signage, ads, sponsor/team/university marks and public artworks; interiors omitted",UNVERIFIED individual architecture/design/trademark outcome; no release clearance,https://en.wikipedia.org/wiki/Citizens_Bank_Park | https://www.openstreetmap.org/copyright | https://apps.nationalmap.gov/lidar-explorer/,2026-10-07
LM066,University of Pennsylvania,70,high,ASSUMPTION: relative effort for one modeling agent; no calibrated hours,Proposed OSM building footprints and campus relation; official scope evidence https://facilities.upenn.edu/sites/default/files/pdfs/penn_campus_map_directory_0.pdf,"UNVERIFIED: proposed route, no per-asset geometry checked","Proposed tagged OSM roof/part heights reconciled with USGS 3DEP roof minus local ground; choose project/tile and validate CRS, acquisition date and classification",UNVERIFIED source availability and physical measurement,"Green stone hall, red masonry library, auditorium tower and quad edges; target 50–300 m aerial (assumed)","First two anchors: silhouette and broad facade; remaining buildings: roofline, entrance and repeatable bays.; target 5–40 m street (assumed)",ASSUMPTION: art-direction proposal; phone recognition not tested,6 separately scoped buildings plus paths/terrain; campus boundary not yet validated,"All logos, names/signage, ads, sponsor/team/university marks and public artworks; interiors omitted; Hospital campus, stadium district, Franklin statue and other artworks",UNVERIFIED individual architecture/design/trademark outcome; no release clearance,https://en.wikipedia.org/wiki/University_of_Pennsylvania | https://facilities.upenn.edu/sites/default/files/pdfs/penn_campus_map_directory_0.pdf,2026-10-07
LM067,Mercedes-Benz Stadium,63,high,ASSUMPTION: relative effort for one modeling agent; no calibrated hours,Proposed OSM parent footprint/parts or park boundary; identity anchor https://en.wikipedia.org/wiki/Mercedes-Benz_Stadium,"UNVERIFIED: proposed route, no per-asset geometry checked","Proposed tagged OSM roof/part heights reconciled with USGS 3DEP roof minus local ground; choose project/tile and validate CRS, acquisition date and classification",UNVERIFIED source availability and physical measurement,Angular stadium roof and petal divisions; target 50–300 m aerial (assumed),Triangular envelope bands and roof rim; target 5–40 m street (assumed),ASSUMPTION: art-direction proposal; phone recognition not tested,Operable petal roof and complex shell,"All logos, names/signage, ads, sponsor/team/university marks and public artworks; interiors omitted",UNVERIFIED individual architecture/design/trademark outcome; no release clearance,https://en.wikipedia.org/wiki/Mercedes-Benz_Stadium | https://www.openstreetmap.org/copyright | https://apps.nationalmap.gov/lidar-explorer/,2026-10-07
LM068,Georgia Institute of Technology,64,high,ASSUMPTION: relative effort for one modeling agent; no calibrated hours,Proposed OSM building footprints and campus relation; official scope evidence https://visits.gatech.edu/images/pdf/campusmapDec2024.pdf,"UNVERIFIED: proposed route, no per-asset geometry checked","Proposed tagged OSM roof/part heights reconciled with USGS 3DEP roof minus local ground; choose project/tile and validate CRS, acquisition date and classification",UNVERIFIED source availability and physical measurement,"Brick clock-tower mass, modern library pair and planted pedestrian terraces; target 50–300 m aerial (assumed)","First two anchors: silhouette and broad facade; remaining buildings: roofline, entrance and repeatable bays.; target 5–40 m street (assumed)",ASSUMPTION: art-direction proposal; phone recognition not tested,6 separately scoped buildings plus paths/terrain; campus boundary not yet validated,"All logos, names/signage, ads, sponsor/team/university marks and public artworks; interiors omitted; Tech Square, football stadium, tower lettering and public art",UNVERIFIED individual architecture/design/trademark outcome; no release clearance,https://en.wikipedia.org/wiki/Georgia_Tech | https://visits.gatech.edu/images/pdf/campusmapDec2024.pdf,2026-10-07
LM069,Bank of America Plaza (Atlanta),61,med,ASSUMPTION: relative effort for one modeling agent; no calibrated hours,Proposed OSM parent footprint/parts or park boundary; identity anchor https://en.wikipedia.org/wiki/Bank_of_America_Plaza_(Atlanta),"UNVERIFIED: proposed route, no per-asset geometry checked","Proposed tagged OSM roof/part heights reconciled with USGS 3DEP roof minus local ground; choose project/tile and validate CRS, acquisition date and classification",UNVERIFIED source availability and physical measurement,Tapered tower and open pyramidal top; target 50–300 m aerial (assumed),Vertical facade bands and crown lattice; target 5–40 m street (assumed),ASSUMPTION: art-direction proposal; phone recognition not tested,Repeated tower form; open crown needs measured parts,"All logos, names/signage, ads, sponsor/team/university marks and public artworks; interiors omitted",UNVERIFIED individual architecture/design/trademark outcome; no release clearance,https://en.wikipedia.org/wiki/Bank_of_America_Plaza_(Atlanta) | https://www.openstreetmap.org/copyright | https://apps.nationalmap.gov/lidar-explorer/,2026-10-07
LM070,Fenway Park,75,high,ASSUMPTION: relative effort for one modeling agent; no calibrated hours,Proposed OSM parent footprint/parts or park boundary; identity anchor https://en.wikipedia.org/wiki/Fenway_Park,"UNVERIFIED: proposed route, no per-asset geometry checked","Proposed tagged OSM roof/part heights reconciled with USGS 3DEP roof minus local ground; choose project/tile and validate CRS, acquisition date and classification",UNVERIFIED source availability and physical measurement,Tight irregular baseball bowl; target 50–300 m aerial (assumed),"Brick street wall, green wall mass and roof edge; target 5–40 m street (assumed)",ASSUMPTION: art-direction proposal; phone recognition not tested,Constrained irregular field and layered rooflines,"All logos, names/signage, ads, sponsor/team/university marks and public artworks; interiors omitted",UNVERIFIED individual architecture/design/trademark outcome; no release clearance,https://en.wikipedia.org/wiki/Fenway_Park | https://www.openstreetmap.org/copyright | https://apps.nationalmap.gov/lidar-explorer/,2026-10-07
LM071,Harvard University,76,high,ASSUMPTION: relative effort for one modeling agent; no calibrated hours,Proposed OSM building footprints and campus relation; official scope evidence https://www.harvard.edu/visit/maps-directions/,"UNVERIFIED: proposed route, no per-asset geometry checked","Proposed tagged OSM roof/part heights reconciled with USGS 3DEP roof minus local ground; choose project/tile and validate CRS, acquisition date and classification",UNVERIFIED source availability and physical measurement,"Brick Yard, large library steps, church steeple and Gothic hall roof; target 50–300 m aerial (assumed)","First two anchors: silhouette and broad facade; remaining buildings: roofline, entrance and repeatable bays.; target 5–40 m street (assumed)",ASSUMPTION: art-direction proposal; phone recognition not tested,7 separately scoped buildings plus paths/terrain; campus boundary not yet validated,"All logos, names/signage, ads, sponsor/team/university marks and public artworks; interiors omitted; Allston, Longwood, residential houses beyond core, John Harvard statue",UNVERIFIED individual architecture/design/trademark outcome; no release clearance,https://en.wikipedia.org/wiki/Harvard_University | https://www.harvard.edu/visit/maps-directions/,2026-10-07
LM072,Massachusetts Institute of Technology,77,high,ASSUMPTION: relative effort for one modeling agent; no calibrated hours,Proposed OSM building footprints and campus relation; official scope evidence https://whereis.mit.edu/,"UNVERIFIED: proposed route, no per-asset geometry checked","Proposed tagged OSM roof/part heights reconciled with USGS 3DEP roof minus local ground; choose project/tile and validate CRS, acquisition date and classification",UNVERIFIED source availability and physical measurement,"Dome/columned court, thin curved auditorium and angular Stata massing; target 50–300 m aerial (assumed)","First two anchors: silhouette and broad facade; remaining buildings: roofline, entrance and repeatable bays.; target 5–40 m street (assumed)",ASSUMPTION: art-direction proposal; phone recognition not tested,6 separately scoped buildings plus paths/terrain; campus boundary not yet validated,"All logos, names/signage, ads, sponsor/team/university marks and public artworks; interiors omitted; Kendall extensions, dormitories, public artworks and dome hacks",UNVERIFIED individual architecture/design/trademark outcome; no release clearance,https://en.wikipedia.org/wiki/Massachusetts_Institute_of_Technology | https://whereis.mit.edu/,2026-10-07
LM073,Custom House Tower,74,med,ASSUMPTION: relative effort for one modeling agent; no calibrated hours,Proposed OSM parent footprint/parts or park boundary; identity anchor https://en.wikipedia.org/wiki/Custom_House_Tower,"UNVERIFIED: proposed route, no per-asset geometry checked","Proposed tagged OSM roof/part heights reconciled with USGS 3DEP roof minus local ground; choose project/tile and validate CRS, acquisition date and classification",UNVERIFIED source availability and physical measurement,Tall tower over broad classical base; target 50–300 m aerial (assumed),"Clock stage, columned base and roof tiers; target 5–40 m street (assumed)",ASSUMPTION: art-direction proposal; phone recognition not tested,Historic base and tower endpoint reconstruction,"All logos, names/signage, ads, sponsor/team/university marks and public artworks; interiors omitted",UNVERIFIED individual architecture/design/trademark outcome; no release clearance,https://en.wikipedia.org/wiki/Custom_House_Tower | https://www.openstreetmap.org/copyright | https://apps.nationalmap.gov/lidar-explorer/,2026-10-07
LM074,Chase Field,71,high,ASSUMPTION: relative effort for one modeling agent; no calibrated hours,Proposed OSM parent footprint/parts or park boundary; identity anchor https://en.wikipedia.org/wiki/Chase_Field,"UNVERIFIED: proposed route, no per-asset geometry checked","Proposed tagged OSM roof/part heights reconciled with USGS 3DEP roof minus local ground; choose project/tile and validate CRS, acquisition date and classification",UNVERIFIED source availability and physical measurement,Rectangular retractable roof over bowl; target 50–300 m aerial (assumed),"Roof ribs, broad facades and corner entrances; target 5–40 m street (assumed)",ASSUMPTION: art-direction proposal; phone recognition not tested,Roof pose plus ballpark reconstruction,"All logos, names/signage, ads, sponsor/team/university marks and public artworks; interiors omitted",UNVERIFIED individual architecture/design/trademark outcome; no release clearance,https://en.wikipedia.org/wiki/Chase_Field | https://www.openstreetmap.org/copyright | https://apps.nationalmap.gov/lidar-explorer/,2026-10-07
LM075,State Farm Stadium,72,high,ASSUMPTION: relative effort for one modeling agent; no calibrated hours,Proposed OSM parent footprint/parts or park boundary; identity anchor https://en.wikipedia.org/wiki/State_Farm_Stadium,"UNVERIFIED: proposed route, no per-asset geometry checked","Proposed tagged OSM roof/part heights reconciled with USGS 3DEP roof minus local ground; choose project/tile and validate CRS, acquisition date and classification",UNVERIFIED source availability and physical measurement,Rounded stadium shell and operable roof slot; target 50–300 m aerial (assumed),"Broad metal panels, entry masses and support edges; target 5–40 m street (assumed)",ASSUMPTION: art-direction proposal; phone recognition not tested,Complex roof and moving field configuration,"All logos, names/signage, ads, sponsor/team/university marks and public artworks; interiors omitted",UNVERIFIED individual architecture/design/trademark outcome; no release clearance,https://en.wikipedia.org/wiki/State_Farm_Stadium | https://www.openstreetmap.org/copyright | https://apps.nationalmap.gov/lidar-explorer/,2026-10-07
LM076,Arizona State University,73,high,ASSUMPTION: relative effort for one modeling agent; no calibrated hours,Proposed OSM building footprints and campus relation; official scope evidence https://campus.asu.edu/tempe,"UNVERIFIED: proposed route, no per-asset geometry checked","Proposed tagged OSM roof/part heights reconciled with USGS 3DEP roof minus local ground; choose project/tile and validate CRS, acquisition date and classification",UNVERIFIED source availability and physical measurement,"Historic brick, shaded malls, sunken library court and circular performance hall; target 50–300 m aerial (assumed)","First two anchors: silhouette and broad facade; remaining buildings: roofline, entrance and repeatable bays.; target 5–40 m street (assumed)",ASSUMPTION: art-direction proposal; phone recognition not tested,6 separately scoped buildings plus paths/terrain; campus boundary not yet validated,"All logos, names/signage, ads, sponsor/team/university marks and public artworks; interiors omitted; Other ASU campuses, stadiums, mascots and murals",UNVERIFIED individual architecture/design/trademark outcome; no release clearance,https://en.wikipedia.org/wiki/Arizona_State_University | https://campus.asu.edu/tempe,2026-10-07
LM077,Transamerica Pyramid,80,med,ASSUMPTION: relative effort for one modeling agent; no calibrated hours,Proposed OSM parent footprint/parts or park boundary; identity anchor https://en.wikipedia.org/wiki/Transamerica_Pyramid,"UNVERIFIED: proposed route, no per-asset geometry checked","Proposed tagged OSM roof/part heights reconciled with USGS 3DEP roof minus local ground; choose project/tile and validate CRS, acquisition date and classification",UNVERIFIED source availability and physical measurement,Pyramid tower with top spire and side wings; target 50–300 m aerial (assumed),Diagonal outline and repeated window bands; target 5–40 m street (assumed),ASSUMPTION: art-direction proposal; phone recognition not tested,Simple tapered form; shape-mark review,"All logos, names/signage, ads, sponsor/team/university marks and public artworks; interiors omitted",UNVERIFIED individual architecture/design/trademark outcome; no release clearance,https://en.wikipedia.org/wiki/Transamerica_Pyramid | https://www.openstreetmap.org/copyright | https://apps.nationalmap.gov/lidar-explorer/,2026-10-07
LM078,Oracle Park,81,high,ASSUMPTION: relative effort for one modeling agent; no calibrated hours,Proposed OSM parent footprint/parts or park boundary; identity anchor https://en.wikipedia.org/wiki/Oracle_Park,"UNVERIFIED: proposed route, no per-asset geometry checked","Proposed tagged OSM roof/part heights reconciled with USGS 3DEP roof minus local ground; choose project/tile and validate CRS, acquisition date and classification",UNVERIFIED source availability and physical measurement,Waterfront baseball bowl; target 50–300 m aerial (assumed),"Brick waterfront edge, arched bays and grandstand roof; target 5–40 m street (assumed)",ASSUMPTION: art-direction proposal; phone recognition not tested,Shoreline integration and irregular ballpark,"All logos, names/signage, ads, sponsor/team/university marks and public artworks; interiors omitted",UNVERIFIED individual architecture/design/trademark outcome; no release clearance,https://en.wikipedia.org/wiki/Oracle_Park | https://www.openstreetmap.org/copyright | https://apps.nationalmap.gov/lidar-explorer/,2026-10-07
LM079,"University of California, Berkeley",82,high,ASSUMPTION: relative effort for one modeling agent; no calibrated hours,Proposed OSM building footprints and campus relation; official scope evidence https://www.berkeley.edu/map-pdf/campusmap.pdf,"UNVERIFIED: proposed route, no per-asset geometry checked","Proposed tagged OSM roof/part heights reconciled with USGS 3DEP roof minus local ground; choose project/tile and validate CRS, acquisition date and classification",UNVERIFIED source availability and physical measurement,"Campanile, classical library, historic brick hall and sloping campus; target 50–300 m aerial (assumed)","First two anchors: silhouette and broad facade; remaining buildings: roofline, entrance and repeatable bays.; target 5–40 m street (assumed)",ASSUMPTION: art-direction proposal; phone recognition not tested,6 separately scoped buildings plus paths/terrain; campus boundary not yet validated,"All logos, names/signage, ads, sponsor/team/university marks and public artworks; interiors omitted; Hill laboratories, stadium, off-campus housing and art",UNVERIFIED individual architecture/design/trademark outcome; no release clearance,https://en.wikipedia.org/wiki/University_of_California%2C_Berkeley | https://www.berkeley.edu/map-pdf/campusmap.pdf,2026-10-07
LM080,Golden Gate Bridge,83,high,ASSUMPTION: relative effort for one modeling agent; no calibrated hours,Proposed OSM corridor/structure ways and licensed municipal engineering evidence; identity anchor https://en.wikipedia.org/wiki/Golden_Gate_Bridge,"UNVERIFIED: proposed route, no per-asset geometry checked","Proposed USGS 3DEP terrain + structure/clearance survey where needed; verify selected tiles, date and datum; airborne lidar cannot resolve covered lower decks",UNVERIFIED source availability and physical measurement,Twin bridge towers and suspended roadway; target 50–300 m aerial (assumed),"Tower openings, main cables and sparse hanger rhythm; target 5–40 m street (assumed)",ASSUMPTION: art-direction proposal; phone recognition not tested,"Span/deck levels, cable geometry and simplification","All logos, names/signage, ads, sponsor/team/university marks and public artworks; interiors omitted",UNVERIFIED individual architecture/design/trademark outcome; no release clearance,https://en.wikipedia.org/wiki/Golden_Gate_Bridge | https://www.openstreetmap.org/copyright | https://apps.nationalmap.gov/lidar-explorer/,2026-10-07
LM081,Comerica Park,84,high,ASSUMPTION: relative effort for one modeling agent; no calibrated hours,Proposed OSM parent footprint/parts or park boundary; identity anchor https://en.wikipedia.org/wiki/Comerica_Park,"UNVERIFIED: proposed route, no per-asset geometry checked","Proposed tagged OSM roof/part heights reconciled with USGS 3DEP roof minus local ground; choose project/tile and validate CRS, acquisition date and classification",UNVERIFIED source availability and physical measurement,Open bowl and separated entry masses; target 50–300 m aerial (assumed),Brick/steel bands and roof edges; omit animal sculptures; target 5–40 m street (assumed),ASSUMPTION: art-direction proposal; phone recognition not tested,Irregular bowl; sculpture-free recognition,"All logos, names/signage, ads, sponsor/team/university marks and public artworks; interiors omitted",UNVERIFIED individual architecture/design/trademark outcome; no release clearance,https://en.wikipedia.org/wiki/Comerica_Park | https://www.openstreetmap.org/copyright | https://apps.nationalmap.gov/lidar-explorer/,2026-10-07
LM082,Renaissance Center,85,high,ASSUMPTION: relative effort for one modeling agent; no calibrated hours,Proposed OSM parent footprint/parts or park boundary; identity anchor https://en.wikipedia.org/wiki/Renaissance_Center,"UNVERIFIED: proposed route, no per-asset geometry checked","Proposed tagged OSM roof/part heights reconciled with USGS 3DEP roof minus local ground; choose project/tile and validate CRS, acquisition date and classification",UNVERIFIED source availability and physical measurement,Central cylindrical tower with surrounding towers; target 50–300 m aerial (assumed),Round glazing bands and connected podium; target 5–40 m street (assumed),ASSUMPTION: art-direction proposal; phone recognition not tested,"Multi-tower spacing, podium and redevelopment snapshot","All logos, names/signage, ads, sponsor/team/university marks and public artworks; interiors omitted",UNVERIFIED individual architecture/design/trademark outcome; no release clearance,https://en.wikipedia.org/wiki/Renaissance_Center | https://www.openstreetmap.org/copyright | https://apps.nationalmap.gov/lidar-explorer/,2026-10-07
LM083,Wayne State University,86,high,ASSUMPTION: relative effort for one modeling agent; no calibrated hours,Proposed OSM building footprints and campus relation; official scope evidence https://library.wayne.edu/info/maps/,"UNVERIFIED: proposed route, no per-asset geometry checked","Proposed tagged OSM roof/part heights reconciled with USGS 3DEP roof minus local ground; choose project/tile and validate CRS, acquisition date and classification",UNVERIFIED source availability and physical measurement,"Historic clock tower, light modernist conference-center geometry and library volumes; target 50–300 m aerial (assumed)","First two anchors: silhouette and broad facade; remaining buildings: roofline, entrance and repeatable bays.; target 5–40 m street (assumed)",ASSUMPTION: art-direction proposal; phone recognition not tested,6 separately scoped buildings plus paths/terrain; campus boundary not yet validated,"All logos, names/signage, ads, sponsor/team/university marks and public artworks; interiors omitted; Medical campus, public art and Detroit Public Library (not university-owned)",UNVERIFIED individual architecture/design/trademark outcome; no release clearance,https://en.wikipedia.org/wiki/Wayne_State_University | https://library.wayne.edu/info/maps/,2026-10-07
LM084,Space Needle,87,med,ASSUMPTION: relative effort for one modeling agent; no calibrated hours,Proposed OSM parent footprint/parts or park boundary; identity anchor https://en.wikipedia.org/wiki/Space_Needle,"UNVERIFIED: proposed route, no per-asset geometry checked","Proposed tagged OSM roof/part heights reconciled with USGS 3DEP roof minus local ground; choose project/tile and validate CRS, acquisition date and classification",UNVERIFIED source availability and physical measurement,Slender supports and saucer-shaped crown; target 50–300 m aerial (assumed),"Crown rim, upper glazing and major legs; target 5–40 m street (assumed)",ASSUMPTION: art-direction proposal; phone recognition not tested,Distinctive structure; shape-mark review,"All logos, names/signage, ads, sponsor/team/university marks and public artworks; interiors omitted",UNVERIFIED individual architecture/design/trademark outcome; no release clearance,https://en.wikipedia.org/wiki/Space_Needle | https://www.openstreetmap.org/copyright | https://apps.nationalmap.gov/lidar-explorer/,2026-10-07
LM085,T-Mobile Park,88,high,ASSUMPTION: relative effort for one modeling agent; no calibrated hours,Proposed OSM parent footprint/parts or park boundary; identity anchor https://en.wikipedia.org/wiki/T-Mobile_Park,"UNVERIFIED: proposed route, no per-asset geometry checked","Proposed tagged OSM roof/part heights reconciled with USGS 3DEP roof minus local ground; choose project/tile and validate CRS, acquisition date and classification",UNVERIFIED source availability and physical measurement,Ballpark and adjacent sliding roof; target 50–300 m aerial (assumed),"Large roof trusses, entry arches and broad brick bands; target 5–40 m street (assumed)",ASSUMPTION: art-direction proposal; phone recognition not tested,Roof pose and bowl; keep generic materials,"All logos, names/signage, ads, sponsor/team/university marks and public artworks; interiors omitted",UNVERIFIED individual architecture/design/trademark outcome; no release clearance,https://en.wikipedia.org/wiki/T-Mobile_Park | https://www.openstreetmap.org/copyright | https://apps.nationalmap.gov/lidar-explorer/,2026-10-07
LM086,University of Washington,89,high,ASSUMPTION: relative effort for one modeling agent; no calibrated hours,Proposed OSM building footprints and campus relation; official scope evidence https://www.washington.edu/maps/,"UNVERIFIED: proposed route, no per-asset geometry checked","Proposed tagged OSM roof/part heights reconciled with USGS 3DEP roof minus local ground; choose project/tile and validate CRS, acquisition date and classification",UNVERIFIED source availability and physical measurement,"Gothic library, cherry-tree quad, brick/stone halls and mountain-view axis; target 50–300 m aerial (assumed)","First two anchors: silhouette and broad facade; remaining buildings: roofline, entrance and repeatable bays.; target 5–40 m street (assumed)",ASSUMPTION: art-direction proposal; phone recognition not tested,7 separately scoped buildings plus paths/terrain; campus boundary not yet validated,"All logos, names/signage, ads, sponsor/team/university marks and public artworks; interiors omitted; Medical complex, athletics, Tacoma/Bothell, fountains and statues",UNVERIFIED individual architecture/design/trademark outcome; no release clearance,https://en.wikipedia.org/wiki/University_of_Washington | https://www.washington.edu/maps/,2026-10-07
LM087,U.S. Bank Stadium,91,high,ASSUMPTION: relative effort for one modeling agent; no calibrated hours,Proposed OSM parent footprint/parts or park boundary; identity anchor https://en.wikipedia.org/wiki/U.S._Bank_Stadium,"UNVERIFIED: proposed route, no per-asset geometry checked","Proposed tagged OSM roof/part heights reconciled with USGS 3DEP roof minus local ground; choose project/tile and validate CRS, acquisition date and classification",UNVERIFIED source availability and physical measurement,Angular enclosed stadium and long ridge; target 50–300 m aerial (assumed),Faceted roof planes and large transparent end wall; target 5–40 m street (assumed),ASSUMPTION: art-direction proposal; phone recognition not tested,"Unique shell, roof structure and current snapshot","All logos, names/signage, ads, sponsor/team/university marks and public artworks; interiors omitted",UNVERIFIED individual architecture/design/trademark outcome; no release clearance,https://en.wikipedia.org/wiki/U.S._Bank_Stadium | https://www.openstreetmap.org/copyright | https://apps.nationalmap.gov/lidar-explorer/,2026-10-07
LM088,University of Minnesota,92,high,ASSUMPTION: relative effort for one modeling agent; no calibrated hours,Proposed OSM building footprints and campus relation; official scope evidence https://campusmaps.umn.edu/,"UNVERIFIED: proposed route, no per-asset geometry checked","Proposed tagged OSM roof/part heights reconciled with USGS 3DEP roof minus local ground; choose project/tile and validate CRS, acquisition date and classification",UNVERIFIED source availability and physical measurement,"Classical mall, river crossing, metallic museum shell and angular west-bank buildings; target 50–300 m aerial (assumed)","First two anchors: silhouette and broad facade; remaining buildings: roofline, entrance and repeatable bays.; target 5–40 m street (assumed)",ASSUMPTION: art-direction proposal; phone recognition not tested,7 separately scoped buildings plus paths/terrain; campus boundary not yet validated,"All logos, names/signage, ads, sponsor/team/university marks and public artworks; interiors omitted; Saint Paul, other UMN campuses, hospitals, stadiums and public art",UNVERIFIED individual architecture/design/trademark outcome; no release clearance,https://en.wikipedia.org/wiki/University_of_Minnesota | https://campusmaps.umn.edu/,2026-10-07
LM089,Foshay Tower,90,med,ASSUMPTION: relative effort for one modeling agent; no calibrated hours,Proposed OSM parent footprint/parts or park boundary; identity anchor https://en.wikipedia.org/wiki/Foshay_Tower,"UNVERIFIED: proposed route, no per-asset geometry checked","Proposed tagged OSM roof/part heights reconciled with USGS 3DEP roof minus local ground; choose project/tile and validate CRS, acquisition date and classification",UNVERIFIED source availability and physical measurement,Tapered rectangular tower and upper setbacks; target 50–300 m aerial (assumed),Vertical piers and broad cornice bands; target 5–40 m street (assumed),ASSUMPTION: art-direction proposal; phone recognition not tested,Repeated Art Deco facade; remove tower lettering,"All logos, names/signage, ads, sponsor/team/university marks and public artworks; interiors omitted",UNVERIFIED individual architecture/design/trademark outcome; no release clearance,https://en.wikipedia.org/wiki/Foshay_Tower | https://www.openstreetmap.org/copyright | https://apps.nationalmap.gov/lidar-explorer/,2026-10-07
LM090,Raymond James Stadium,93,high,ASSUMPTION: relative effort for one modeling agent; no calibrated hours,Proposed OSM parent footprint/parts or park boundary; identity anchor https://en.wikipedia.org/wiki/Raymond_James_Stadium,"UNVERIFIED: proposed route, no per-asset geometry checked","Proposed tagged OSM roof/part heights reconciled with USGS 3DEP roof minus local ground; choose project/tile and validate CRS, acquisition date and classification",UNVERIFIED source availability and physical measurement,Open stadium bowl and four corner masses; target 50–300 m aerial (assumed),"Entry ramps, facade bands and generic seats; target 5–40 m street (assumed)",ASSUMPTION: art-direction proposal; phone recognition not tested,Multiple decks; omit themed ship/art features,"All logos, names/signage, ads, sponsor/team/university marks and public artworks; interiors omitted",UNVERIFIED individual architecture/design/trademark outcome; no release clearance,https://en.wikipedia.org/wiki/Raymond_James_Stadium | https://www.openstreetmap.org/copyright | https://apps.nationalmap.gov/lidar-explorer/,2026-10-07
LM091,University of South Florida,94,high,ASSUMPTION: relative effort for one modeling agent; no calibrated hours,Proposed OSM building footprints and campus relation; official scope evidence https://maps.usf.edu/Campus_Maps/Tampa_Campus_11x17.pdf,"UNVERIFIED: proposed route, no per-asset geometry checked","Proposed tagged OSM roof/part heights reconciled with USGS 3DEP roof minus local ground; choose project/tile and validate CRS, acquisition date and classification",UNVERIFIED source availability and physical measurement,"Low academic blocks, library mass, broad lawns and modern student center; target 50–300 m aerial (assumed)","First two anchors: silhouette and broad facade; remaining buildings: roofline, entrance and repeatable bays.; target 5–40 m street (assumed)",ASSUMPTION: art-direction proposal; phone recognition not tested,6 separately scoped buildings plus paths/terrain; campus boundary not yet validated,"All logos, names/signage, ads, sponsor/team/university marks and public artworks; interiors omitted; Other campuses, medical expansion, athletics and public-art collection",UNVERIFIED individual architecture/design/trademark outcome; no release clearance,https://en.wikipedia.org/wiki/University_of_South_Florida | https://maps.usf.edu/Campus_Maps/Tampa_Campus_11x17.pdf,2026-10-07
LM092,Petco Park,95,high,ASSUMPTION: relative effort for one modeling agent; no calibrated hours,Proposed OSM parent footprint/parts or park boundary; identity anchor https://en.wikipedia.org/wiki/Petco_Park,"UNVERIFIED: proposed route, no per-asset geometry checked","Proposed tagged OSM roof/part heights reconciled with USGS 3DEP roof minus local ground; choose project/tile and validate CRS, acquisition date and classification",UNVERIFIED source availability and physical measurement,Baseball bowl alongside retained brick block; target 50–300 m aerial (assumed),Historic masonry edge and upper grandstand roof; target 5–40 m street (assumed),ASSUMPTION: art-direction proposal; phone recognition not tested,Historic/modern merge and irregular bowl,"All logos, names/signage, ads, sponsor/team/university marks and public artworks; interiors omitted",UNVERIFIED individual architecture/design/trademark outcome; no release clearance,https://en.wikipedia.org/wiki/Petco_Park | https://www.openstreetmap.org/copyright | https://apps.nationalmap.gov/lidar-explorer/,2026-10-07
LM093,"University of California, San Diego",96,high,ASSUMPTION: relative effort for one modeling agent; no calibrated hours,Proposed OSM building footprints and campus relation; official scope evidence https://m.ucsd.edu/maps/,"UNVERIFIED: proposed route, no per-asset geometry checked","Proposed tagged OSM roof/part heights reconciled with USGS 3DEP roof minus local ground; choose project/tile and validate CRS, acquisition date and classification",UNVERIFIED source availability and physical measurement,"Elevated stepped library, tall supporting piers and eucalyptus academic landscape; target 50–300 m aerial (assumed)","First two anchors: silhouette and broad facade; remaining buildings: roofline, entrance and repeatable bays.; target 5–40 m street (assumed)",ASSUMPTION: art-direction proposal; phone recognition not tested,6 separately scoped buildings plus paths/terrain; campus boundary not yet validated,"All logos, names/signage, ads, sponsor/team/university marks and public artworks; interiors omitted; Medical center, Scripps coastal campus, distant colleges and Stuart Collection art",UNVERIFIED individual architecture/design/trademark outcome; no release clearance,https://en.wikipedia.org/wiki/University_of_California%2C_San_Diego | https://m.ucsd.edu/maps/,2026-10-07
LM094,Camping World Stadium,97,high,ASSUMPTION: relative effort for one modeling agent; no calibrated hours,Proposed OSM parent footprint/parts or park boundary; identity anchor https://en.wikipedia.org/wiki/Camping_World_Stadium,"UNVERIFIED: proposed route, no per-asset geometry checked","Proposed tagged OSM roof/part heights reconciled with USGS 3DEP roof minus local ground; choose project/tile and validate CRS, acquisition date and classification",UNVERIFIED source availability and physical measurement,Open stadium bowl and large upper decks; target 50–300 m aerial (assumed),"Entry masses, exposed structure and generic seating; target 5–40 m street (assumed)",ASSUMPTION: art-direction proposal; phone recognition not tested,Deck/bowl reconstruction and renovation vintage,"All logos, names/signage, ads, sponsor/team/university marks and public artworks; interiors omitted",UNVERIFIED individual architecture/design/trademark outcome; no release clearance,https://en.wikipedia.org/wiki/Camping_World_Stadium | https://www.openstreetmap.org/copyright | https://apps.nationalmap.gov/lidar-explorer/,2026-10-07
LM095,University of Central Florida,98,high,ASSUMPTION: relative effort for one modeling agent; no calibrated hours,Proposed OSM building footprints and campus relation; official scope evidence https://map.ucf.edu/,"UNVERIFIED: proposed route, no per-asset geometry checked","Proposed tagged OSM roof/part heights reconciled with USGS 3DEP roof minus local ground; choose project/tile and validate CRS, acquisition date and classification",UNVERIFIED source availability and physical measurement,"Concentric paths, library/student-center volumes and radial landscape; target 50–300 m aerial (assumed)","First two anchors: silhouette and broad facade; remaining buildings: roofline, entrance and repeatable bays.; target 5–40 m street (assumed)",ASSUMPTION: art-direction proposal; phone recognition not tested,6 separately scoped buildings plus paths/terrain; campus boundary not yet validated,"All logos, names/signage, ads, sponsor/team/university marks and public artworks; interiors omitted; Downtown/health campuses, stadiums, Pegasus marks and fountains",UNVERIFIED individual architecture/design/trademark outcome; no release clearance,https://en.wikipedia.org/wiki/University_of_Central_Florida | https://map.ucf.edu/,2026-10-07
LM096,Madison Square Garden,46,high,ASSUMPTION: relative effort for one modeling agent; no calibrated hours,Proposed OSM parent footprint/parts or park boundary; identity anchor https://en.wikipedia.org/wiki/Madison_Square_Garden,"UNVERIFIED: proposed route, no per-asset geometry checked","Proposed tagged OSM roof/part heights reconciled with USGS 3DEP roof minus local ground; choose project/tile and validate CRS, acquisition date and classification",UNVERIFIED source availability and physical measurement,Circular arena roof over station block; target 50–300 m aerial (assumed),"Cylinder ribs, entrance masses and base transitions; target 5–40 m street (assumed)",ASSUMPTION: art-direction proposal; phone recognition not tested,Arena/base layering and current station context,"All logos, names/signage, ads, sponsor/team/university marks and public artworks; interiors omitted",UNVERIFIED individual architecture/design/trademark outcome; no release clearance,https://en.wikipedia.org/wiki/Madison_Square_Garden | https://www.openstreetmap.org/copyright | https://apps.nationalmap.gov/lidar-explorer/,2026-10-07
LM097,University of Southern California,53,high,ASSUMPTION: relative effort for one modeling agent; no calibrated hours,Proposed OSM building footprints and campus relation; official scope evidence https://transnet.usc.edu/index.php/maps/,"UNVERIFIED: proposed route, no per-asset geometry checked","Proposed tagged OSM roof/part heights reconciled with USGS 3DEP roof minus local ground; choose project/tile and validate CRS, acquisition date and classification",UNVERIFIED source availability and physical measurement,"Brick Romanesque halls, bell tower, library steps and shaded quads; target 50–300 m aerial (assumed)","First two anchors: silhouette and broad facade; remaining buildings: roofline, entrance and repeatable bays.; target 5–40 m street (assumed)",ASSUMPTION: art-direction proposal; phone recognition not tested,6 separately scoped buildings plus paths/terrain; campus boundary not yet validated,"All logos, names/signage, ads, sponsor/team/university marks and public artworks; interiors omitted; Health Sciences campus, stadiums, Tommy Trojan and other statues",UNVERIFIED individual architecture/design/trademark outcome; no release clearance,https://en.wikipedia.org/wiki/University_of_Southern_California | https://transnet.usc.edu/index.php/maps/,2026-10-07
LM098,Truist Park,62,high,ASSUMPTION: relative effort for one modeling agent; no calibrated hours,Proposed OSM parent footprint/parts or park boundary; identity anchor https://en.wikipedia.org/wiki/Truist_Park,"UNVERIFIED: proposed route, no per-asset geometry checked","Proposed tagged OSM roof/part heights reconciled with USGS 3DEP roof minus local ground; choose project/tile and validate CRS, acquisition date and classification",UNVERIFIED source availability and physical measurement,Baseball bowl and surrounding entry blocks; target 50–300 m aerial (assumed),"Brick perimeter, roof supports and generic seating; target 5–40 m street (assumed)",ASSUMPTION: art-direction proposal; phone recognition not tested,Irregular bowl and mixed adjoining development,"All logos, names/signage, ads, sponsor/team/university marks and public artworks; interiors omitted",UNVERIFIED individual architecture/design/trademark outcome; no release clearance,https://en.wikipedia.org/wiki/Truist_Park | https://www.openstreetmap.org/copyright | https://apps.nationalmap.gov/lidar-explorer/,2026-10-07
LM099,The Mission Inn Hotel & Spa,78,high,ASSUMPTION: relative effort for one modeling agent; no calibrated hours,Proposed OSM parent footprint/parts or park boundary; identity anchor https://en.wikipedia.org/wiki/The_Mission_Inn_Hotel_%26_Spa,"UNVERIFIED: proposed route, no per-asset geometry checked","Proposed tagged OSM roof/part heights reconciled with USGS 3DEP roof minus local ground; choose project/tile and validate CRS, acquisition date and classification",UNVERIFIED source availability and physical measurement,Courtyard hotel with towers and varied tiled roofs; target 50–300 m aerial (assumed),"Arcades, arches and major corner masses; omit art collections; target 5–40 m street (assumed)",ASSUMPTION: art-direction proposal; phone recognition not tested,Many historic phases; selected exterior scope required,"All logos, names/signage, ads, sponsor/team/university marks and public artworks; interiors omitted",UNVERIFIED individual architecture/design/trademark outcome; no release clearance,https://en.wikipedia.org/wiki/The_Mission_Inn_Hotel_%26_Spa | https://www.openstreetmap.org/copyright | https://apps.nationalmap.gov/lidar-explorer/,2026-10-07
LM100,"University of California, Riverside",79,high,ASSUMPTION: relative effort for one modeling agent; no calibrated hours,Proposed OSM building footprints and campus relation; official scope evidence https://documents.ucr.edu/admissions/uc-riverside_tour-by-car-map.pdf,"UNVERIFIED: proposed route, no per-asset geometry checked","Proposed tagged OSM roof/part heights reconciled with USGS 3DEP roof minus local ground; choose project/tile and validate CRS, acquisition date and classification",UNVERIFIED source availability and physical measurement,"Carillon, library arcade, modernist academic blocks and mountain backdrop; target 50–300 m aerial (assumed)","First two anchors: silhouette and broad facade; remaining buildings: roofline, entrance and repeatable bays.; target 5–40 m street (assumed)",ASSUMPTION: art-direction proposal; phone recognition not tested,6 separately scoped buildings plus paths/terrain; campus boundary not yet validated,"All logos, names/signage, ads, sponsor/team/university marks and public artworks; interiors omitted; West-campus extensions, distant housing, athletics and public art",UNVERIFIED individual architecture/design/trademark outcome; no release clearance,https://en.wikipedia.org/wiki/University_of_California%2C_Riverside | https://documents.ucr.edu/admissions/uc-riverside_tour-by-car-map.pdf,2026-10-07
