id,name,search_aliases,city,metro,metro_population_rank_2025,type,latitude_wgs84,longitude_wgs84,coordinate_role,coordinate_status,coordinate_source_url,scope,best_open_geometry_route,geometry_source_url,geometry_licence,geometry_licence_source_url,geometry_status,architecture_protection,protection_basis,rights_guidance_url,logo_trademark_risk,trademark_status,build_difficulty_1_to_5,difficulty_basis,build_order,build_phase,build_eligibility,identity_source_url,additional_verified_source_url,verified_on,verify_first
LM001,Willis Tower,,Chicago,Chicago,3,tower,41.8789,-87.6358,Place search anchor; not surveyed control,VERIFIED source value: Wikipedia API; independent survey unverified,https://en.wikipedia.org/wiki/Willis_Tower,Bundled-tube tower and antennas,OSM plan + 3DEP roof/height; hand-author spire and silhouette,https://www.openstreetmap.org/?mlat=41.8789&mlon=-87.6358#map=18/41.8789/-87.6358,OSM ODbL 1.0; USGS 3DEP US Government Public Domain (project metadata check required),https://www.openstreetmap.org/copyright ; https://www.usgs.gov/faqs/what-are-terms-uselicensing-map-services-and-data-national-map,"UNVERIFIED per-place coverage, object IDs, project/date and usable detail; route is a recommendation",UNVERIFIED: legacy design candidate,ASSUMPTION: legacy class; no per-place registration or design-fixation search,https://www.copyright.gov/circs/circ41.pdf ; https://www.govinfo.gov/content/pkg/USCODE-2024-title17/html/USCODE-2024-title17-chap1-sec120.htm,Medium: place/operator names and possible shape marks,ASSUMPTION: risk triage; no comprehensive mark or trade-dress clearance,3,"ASSUMPTION: exterior style-B scope, not measured hours",1,1: silhouette prototypes,CANDIDATE_PENDING_GEOMETRY_AND_RIGHTS_VERIFICATION,https://en.wikipedia.org/wiki/Willis_Tower,,2026-10-07,Confirm OSM object IDs and geometry; select a dated 3DEP project and roof returns. Review architectural rights and strip marks/art before release.
LM002,Wrigley Field,,Chicago,Chicago,3,stadium,41.94805556,-87.65555556,Place search anchor; not surveyed control,VERIFIED source value: Wikipedia API; independent survey unverified,https://en.wikipedia.org/wiki/Wrigley_Field,Ballpark bowl and street-facing shell; no ivy signage,OSM boundary/footprint + 3DEP roof/bowl evidence; hand-author bowl,https://www.openstreetmap.org/?mlat=41.94805556&mlon=-87.65555556#map=18/41.94805556/-87.65555556,OSM ODbL 1.0; USGS 3DEP US Government Public Domain (project metadata check required),https://www.openstreetmap.org/copyright ; https://www.usgs.gov/faqs/what-are-terms-uselicensing-map-services-and-data-national-map,"UNVERIFIED per-place coverage, object IDs, project/date and usable detail; route is a recommendation",UNVERIFIED: mixed-age architectural designs,ASSUMPTION: mixed class; no per-place registration or design-fixation search,https://www.copyright.gov/circs/circ41.pdf ; https://www.govinfo.gov/content/pkg/USCODE-2024-title17/html/USCODE-2024-title17-chap1-sec120.htm,"High: team, venue, naming-rights sponsor and ads",ASSUMPTION: risk triage; no comprehensive mark or trade-dress clearance,4,"ASSUMPTION: exterior style-B scope, not measured hours",16,2: priority metros,CANDIDATE_PENDING_GEOMETRY_AND_RIGHTS_VERIFICATION,https://en.wikipedia.org/wiki/Wrigley_Field,,2026-10-07,"Confirm OSM object IDs and geometry; select a dated 3DEP project and roof returns. Verify current venue name, remodel date and logo-free bowl/roof state. Review architectural rights and strip marks/art before release."
LM003,Soldier Field,,Chicago,Chicago,3,stadium,41.8623,-87.6167,Place search anchor; not surveyed control,VERIFIED source value: Wikipedia API; independent survey unverified,https://en.wikipedia.org/wiki/Soldier_Field,Historic colonnades and modern bowl,OSM boundary/footprint + 3DEP roof/bowl evidence; hand-author bowl,https://www.openstreetmap.org/?mlat=41.8623&mlon=-87.6167#map=18/41.8623/-87.6167,OSM ODbL 1.0; USGS 3DEP US Government Public Domain (project metadata check required),https://www.openstreetmap.org/copyright ; https://www.usgs.gov/faqs/what-are-terms-uselicensing-map-services-and-data-national-map,"UNVERIFIED per-place coverage, object IDs, project/date and usable detail; route is a recommendation",UNVERIFIED: mixed-age architectural designs,ASSUMPTION: mixed class; no per-place registration or design-fixation search,https://www.copyright.gov/circs/circ41.pdf ; https://www.govinfo.gov/content/pkg/USCODE-2024-title17/html/USCODE-2024-title17-chap1-sec120.htm,"High: team, venue, naming-rights sponsor and ads",ASSUMPTION: risk triage; no comprehensive mark or trade-dress clearance,5,"ASSUMPTION: exterior style-B scope, not measured hours",29,2: priority metros,CANDIDATE_PENDING_GEOMETRY_AND_RIGHTS_VERIFICATION,https://en.wikipedia.org/wiki/Soldier_Field,,2026-10-07,"Confirm OSM object IDs and geometry; select a dated 3DEP project and roof returns. Verify current venue name, remodel date and logo-free bowl/roof state. Review architectural rights and strip marks/art before release."
LM004,Chicago Riverwalk,,Chicago,Chicago,3,waterfront,41.8883,-87.6218,Area/corridor search anchor; not a centroid guarantee,VERIFIED source value: Wikipedia API; independent survey unverified,https://en.wikipedia.org/wiki/Chicago_Riverwalk,Riverwalk and adjacent bridge approaches; omit sculpture,OSM paths/water/bridges + 3DEP terrain; hand-author retaining walls,https://www.openstreetmap.org/?mlat=41.8883&mlon=-87.6218#map=18/41.8883/-87.6218,OSM ODbL 1.0; USGS 3DEP US Government Public Domain (project metadata check required),https://www.openstreetmap.org/copyright ; https://www.usgs.gov/faqs/what-are-terms-uselicensing-map-services-and-data-national-map,"UNVERIFIED per-place coverage, object IDs, project/date and usable detail; route is a recommendation",UNVERIFIED: landscape and built structures,ASSUMPTION: landscape class; no per-place registration or design-fixation search,https://www.copyright.gov/circs/circ41.pdf ; https://www.govinfo.gov/content/pkg/USCODE-2024-title17/html/USCODE-2024-title17-chap1-sec120.htm,Medium: place/operator names and possible shape marks,ASSUMPTION: risk triage; no comprehensive mark or trade-dress clearance,4,"ASSUMPTION: exterior style-B scope, not measured hours",17,2: priority metros,CANDIDATE_PENDING_GEOMETRY_AND_RIGHTS_VERIFICATION,https://en.wikipedia.org/wiki/Chicago_Riverwalk,,2026-10-07,Confirm OSM object IDs and geometry; select a dated 3DEP project and roof returns. Review architectural rights and strip marks/art before release.
LM005,Navy Pier,,Chicago,Chicago,3,pier,41.89138889,-87.59972222,Place search anchor; not surveyed control,VERIFIED source value: Wikipedia API; independent survey unverified,https://en.wikipedia.org/wiki/Navy_Pier,Pier buildings and wheel; rides are a separate design review,OSM pier/building footprints + 3DEP elevations; hand-author wheel only after review,https://www.openstreetmap.org/?mlat=41.89138889&mlon=-87.59972222#map=18/41.89138889/-87.59972222,OSM ODbL 1.0; USGS 3DEP US Government Public Domain (project metadata check required),https://www.openstreetmap.org/copyright ; https://www.usgs.gov/faqs/what-are-terms-uselicensing-map-services-and-data-national-map,"UNVERIFIED per-place coverage, object IDs, project/date and usable detail; route is a recommendation",UNVERIFIED: mixed-age architectural designs,ASSUMPTION: mixed class; no per-place registration or design-fixation search,https://www.copyright.gov/circs/circ41.pdf ; https://www.govinfo.gov/content/pkg/USCODE-2024-title17/html/USCODE-2024-title17-chap1-sec120.htm,Medium: place/operator names and possible shape marks,ASSUMPTION: risk triage; no comprehensive mark or trade-dress clearance,5,"ASSUMPTION: exterior style-B scope, not measured hours",30,2: priority metros,CANDIDATE_PENDING_GEOMETRY_AND_RIGHTS_VERIFICATION,https://en.wikipedia.org/wiki/Navy_Pier,,2026-10-07,Confirm OSM object IDs and geometry; select a dated 3DEP project and roof returns. Review architectural rights and strip marks/art before release.
LM006,Northwestern University,,Evanston,Chicago,3,university,42.05583333,-87.67472222,Institution/campus search anchor; not a boundary,VERIFIED source value: Wikipedia API; independent survey unverified,https://en.wikipedia.org/wiki/Northwestern_University,Lakefront campus exterior; exclude seals and public art,OSM campus/building footprints + 3DEP roof heights; scoped exterior assembly,https://www.openstreetmap.org/?mlat=42.05583333&mlon=-87.67472222#map=18/42.05583333/-87.67472222,OSM ODbL 1.0; USGS 3DEP US Government Public Domain (project metadata check required),https://www.openstreetmap.org/copyright ; https://www.usgs.gov/faqs/what-are-terms-uselicensing-map-services-and-data-national-map,"UNVERIFIED per-place coverage, object IDs, project/date and usable detail; route is a recommendation",UNVERIFIED: mixed-age architectural designs,ASSUMPTION: mixed class; no per-place registration or design-fixation search,https://www.copyright.gov/circs/circ41.pdf ; https://www.govinfo.gov/content/pkg/USCODE-2024-title17/html/USCODE-2024-title17-chap1-sec120.htm,"High: university names, seals, mascots and sponsor graphics",ASSUMPTION: risk triage; no comprehensive mark or trade-dress clearance,5,"ASSUMPTION: exterior style-B scope, not measured hours",31,2: priority metros,CANDIDATE_PENDING_GEOMETRY_AND_RIGHTS_VERIFICATION,https://en.wikipedia.org/wiki/Northwestern_University,,2026-10-07,Confirm OSM object IDs and geometry; select a dated 3DEP project and roof returns. Fix main-campus polygon and first 3-5 building scope; distinguish institution from site coordinates. Evanston lakefront only; exclude Chicago campus and stadium projects unless separately scoped. Review architectural rights and strip marks/art before release.
LM007,Chicago Water Tower,,Chicago,Chicago,3,historic building,41.89717222,-87.62442222,Place search anchor; not surveyed control,VERIFIED source value: Wikipedia API; independent survey unverified,https://en.wikipedia.org/wiki/Chicago_Water_Tower,Water Tower only; pumping station separate footprint,OSM plan + 3DEP roof; hand-author characteristic facade,https://www.openstreetmap.org/?mlat=41.89717222&mlon=-87.62442222#map=18/41.89717222/-87.62442222,OSM ODbL 1.0; USGS 3DEP US Government Public Domain (project metadata check required),https://www.openstreetmap.org/copyright ; https://www.usgs.gov/faqs/what-are-terms-uselicensing-map-services-and-data-national-map,"UNVERIFIED per-place coverage, object IDs, project/date and usable detail; route is a recommendation",UNVERIFIED: legacy design candidate,ASSUMPTION: legacy class; no per-place registration or design-fixation search,https://www.copyright.gov/circs/circ41.pdf ; https://www.govinfo.gov/content/pkg/USCODE-2024-title17/html/USCODE-2024-title17-chap1-sec120.htm,Medium: place/operator names and possible shape marks,ASSUMPTION: risk triage; no comprehensive mark or trade-dress clearance,3,"ASSUMPTION: exterior style-B scope, not measured hours",4,1: silhouette prototypes,CANDIDATE_PENDING_GEOMETRY_AND_RIGHTS_VERIFICATION,https://en.wikipedia.org/wiki/Chicago_Water_Tower,,2026-10-07,Confirm OSM object IDs and geometry; select a dated 3DEP project and roof returns. Review architectural rights and strip marks/art before release.
LM008,Grant Park (Chicago),,Chicago,Chicago,3,park,41.87583333,-87.61888889,Area/corridor search anchor; not a centroid guarantee,VERIFIED source value: Wikipedia API; independent survey unverified,https://en.wikipedia.org/wiki/Grant_Park_(Chicago),Paths and landscape; exclude fountains and artworks,OSM paths/landuse + 3DEP bare-earth terrain; inferred vegetation is separate,https://www.openstreetmap.org/?mlat=41.87583333&mlon=-87.61888889#map=18/41.87583333/-87.61888889,OSM ODbL 1.0; USGS 3DEP US Government Public Domain (project metadata check required),https://www.openstreetmap.org/copyright ; https://www.usgs.gov/faqs/what-are-terms-uselicensing-map-services-and-data-national-map,"UNVERIFIED per-place coverage, object IDs, project/date and usable detail; route is a recommendation",UNVERIFIED: landscape and built structures,ASSUMPTION: landscape class; no per-place registration or design-fixation search,https://www.copyright.gov/circs/circ41.pdf ; https://www.govinfo.gov/content/pkg/USCODE-2024-title17/html/USCODE-2024-title17-chap1-sec120.htm,Medium: place/operator names and possible shape marks,ASSUMPTION: risk triage; no comprehensive mark or trade-dress clearance,3,"ASSUMPTION: exterior style-B scope, not measured hours",13,2: priority metros,CANDIDATE_PENDING_GEOMETRY_AND_RIGHTS_VERIFICATION,https://en.wikipedia.org/wiki/Grant_Park_(Chicago),,2026-10-07,"Confirm OSM object IDs and geometry; select a dated 3DEP project and roof returns. Exclude fountains, sculptures and memorial art; do not infer surveyed tree positions. Review architectural rights and strip marks/art before release."
LM009,Rate Field,US Cellular Field; Comiskey Park II; Guaranteed Rate Field,Chicago,Chicago,3,stadium,41.83,-87.63388889,Place search anchor; not surveyed control,VERIFIED source value: Wikipedia API; independent survey unverified,https://en.wikipedia.org/wiki/Rate_Field,South Side ballpark; current sponsor name requires verification,OSM boundary/footprint + 3DEP roof/bowl evidence; hand-author bowl,https://www.openstreetmap.org/?mlat=41.83&mlon=-87.63388889#map=18/41.83/-87.63388889,OSM ODbL 1.0; USGS 3DEP US Government Public Domain (project metadata check required),https://www.openstreetmap.org/copyright ; https://www.usgs.gov/faqs/what-are-terms-uselicensing-map-services-and-data-national-map,"UNVERIFIED per-place coverage, object IDs, project/date and usable detail; route is a recommendation",UNVERIFIED: likely protected architectural design,ASSUMPTION: modern class; no per-place registration or design-fixation search,https://www.copyright.gov/circs/circ41.pdf ; https://www.govinfo.gov/content/pkg/USCODE-2024-title17/html/USCODE-2024-title17-chap1-sec120.htm,"High: team, venue, naming-rights sponsor and ads",ASSUMPTION: risk triage; no comprehensive mark or trade-dress clearance,4,"ASSUMPTION: exterior style-B scope, not measured hours",18,2: priority metros,CANDIDATE_PENDING_GEOMETRY_AND_RIGHTS_VERIFICATION,https://en.wikipedia.org/wiki/Rate_Field,https://www.mlb.com/whitesox/ballpark/information,2026-10-07,"Confirm OSM object IDs and geometry; select a dated 3DEP project and roof returns. Verify current venue name, remodel date and logo-free bowl/roof state. Review architectural rights and strip marks/art before release."
LM010,United Center,,Chicago,Chicago,3,arena,41.88055556,-87.67416667,Place search anchor; not surveyed control,VERIFIED source value: Wikipedia API; independent survey unverified,https://en.wikipedia.org/wiki/United_Center,Arena shell; omit team/sponsor identities,OSM footprint + 3DEP roof; hand-author shell,https://www.openstreetmap.org/?mlat=41.88055556&mlon=-87.67416667#map=18/41.88055556/-87.67416667,OSM ODbL 1.0; USGS 3DEP US Government Public Domain (project metadata check required),https://www.openstreetmap.org/copyright ; https://www.usgs.gov/faqs/what-are-terms-uselicensing-map-services-and-data-national-map,"UNVERIFIED per-place coverage, object IDs, project/date and usable detail; route is a recommendation",UNVERIFIED: likely protected architectural design,ASSUMPTION: modern class; no per-place registration or design-fixation search,https://www.copyright.gov/circs/circ41.pdf ; https://www.govinfo.gov/content/pkg/USCODE-2024-title17/html/USCODE-2024-title17-chap1-sec120.htm,"High: team, venue, naming-rights sponsor and ads",ASSUMPTION: risk triage; no comprehensive mark or trade-dress clearance,3,"ASSUMPTION: exterior style-B scope, not measured hours",12,1: silhouette prototypes,CANDIDATE_PENDING_GEOMETRY_AND_RIGHTS_VERIFICATION,https://en.wikipedia.org/wiki/United_Center,,2026-10-07,"Confirm OSM object IDs and geometry; select a dated 3DEP project and roof returns. Verify current venue name, remodel date and logo-free bowl/roof state. Review architectural rights and strip marks/art before release."
LM011,"Baháʼí House of Worship (Wilmette, Illinois)",,Wilmette,Chicago,3,religious building,42.07416667,-87.68416667,Place search anchor; not surveyed control,VERIFIED source value: Wikipedia API; independent survey unverified,https://en.wikipedia.org/wiki/Bah%C3%A1%CA%BC%C3%AD_House_of_Worship_(Wilmette%2C_Illinois),Temple exterior and grounds; omit religious marks,OSM footprint + 3DEP roof; hand-author dome and exterior,https://www.openstreetmap.org/?mlat=42.07416667&mlon=-87.68416667#map=18/42.07416667/-87.68416667,OSM ODbL 1.0; USGS 3DEP US Government Public Domain (project metadata check required),https://www.openstreetmap.org/copyright ; https://www.usgs.gov/faqs/what-are-terms-uselicensing-map-services-and-data-national-map,"UNVERIFIED per-place coverage, object IDs, project/date and usable detail; route is a recommendation",UNVERIFIED: legacy design candidate,ASSUMPTION: legacy class; no per-place registration or design-fixation search,https://www.copyright.gov/circs/circ41.pdf ; https://www.govinfo.gov/content/pkg/USCODE-2024-title17/html/USCODE-2024-title17-chap1-sec120.htm,Medium: place/operator names and possible shape marks,ASSUMPTION: risk triage; no comprehensive mark or trade-dress clearance,5,"ASSUMPTION: exterior style-B scope, not measured hours",32,2: priority metros,CANDIDATE_PENDING_GEOMETRY_AND_RIGHTS_VERIFICATION,https://en.wikipedia.org/wiki/Bah%C3%A1%CA%BC%C3%AD_House_of_Worship_(Wilmette%2C_Illinois),,2026-10-07,Confirm OSM object IDs and geometry; select a dated 3DEP project and roof returns. Review architectural rights and strip marks/art before release.
LM012,Field Museum of Natural History,,Chicago,Chicago,3,museum,41.86611111,-87.61694444,Place search anchor; not surveyed control,VERIFIED source value: Wikipedia API; independent survey unverified,https://en.wikipedia.org/wiki/Field_Museum_of_Natural_History,Museum exterior; no exhibit replicas,OSM footprint + 3DEP roof; hand-author wings,https://www.openstreetmap.org/?mlat=41.86611111&mlon=-87.61694444#map=18/41.86611111/-87.61694444,OSM ODbL 1.0; USGS 3DEP US Government Public Domain (project metadata check required),https://www.openstreetmap.org/copyright ; https://www.usgs.gov/faqs/what-are-terms-uselicensing-map-services-and-data-national-map,"UNVERIFIED per-place coverage, object IDs, project/date and usable detail; route is a recommendation",UNVERIFIED: legacy design candidate,ASSUMPTION: legacy class; no per-place registration or design-fixation search,https://www.copyright.gov/circs/circ41.pdf ; https://www.govinfo.gov/content/pkg/USCODE-2024-title17/html/USCODE-2024-title17-chap1-sec120.htm,Medium: place/operator names and possible shape marks,ASSUMPTION: risk triage; no comprehensive mark or trade-dress clearance,4,"ASSUMPTION: exterior style-B scope, not measured hours",19,2: priority metros,CANDIDATE_PENDING_GEOMETRY_AND_RIGHTS_VERIFICATION,https://en.wikipedia.org/wiki/Field_Museum_of_Natural_History,,2026-10-07,Confirm OSM object IDs and geometry; select a dated 3DEP project and roof returns. Review architectural rights and strip marks/art before release.
LM013,Lower Wacker Drive,Wacker Drive,Chicago,Chicago,3,road infrastructure,41.88688,-87.62738,Road-corridor search anchor; not full lower-level geometry,VERIFIED source value: Wikipedia API; independent survey unverified,https://en.wikipedia.org/wiki/Wacker_Drive,"Lower Wacker layered road, portals and columns; anchor is corridor point",OSM road topology/layer tags + 3DEP surface; below-ground decks require independent evidence,https://www.openstreetmap.org/?mlat=41.88688&mlon=-87.62738#map=18/41.88688/-87.62738,OSM ODbL 1.0; USGS 3DEP US Government Public Domain (project metadata check required),https://www.openstreetmap.org/copyright ; https://www.usgs.gov/faqs/what-are-terms-uselicensing-map-services-and-data-national-map,"UNVERIFIED per-place coverage, object IDs, project/date and usable detail; route is a recommendation",UNVERIFIED: infrastructure and attachments,ASSUMPTION: infrastructure class; no per-place registration or design-fixation search,https://www.copyright.gov/circs/circ41.pdf ; https://www.govinfo.gov/content/pkg/USCODE-2024-title17/html/USCODE-2024-title17-chap1-sec120.htm,Medium: place/operator names and possible shape marks,ASSUMPTION: risk triage; no comprehensive mark or trade-dress clearance,5,"ASSUMPTION: exterior style-B scope, not measured hours",33,2: priority metros,CANDIDATE_PENDING_GEOMETRY_AND_RIGHTS_VERIFICATION,https://en.wikipedia.org/wiki/Wacker_Drive,,2026-10-07,Confirm OSM object IDs and geometry; select a dated 3DEP project and roof returns. Obtain open evidence for lower deck/portal heights; airborne lidar cannot resolve them. Review architectural rights and strip marks/art before release.
LM014,DuSable Lake Shore Drive,Lake Shore Drive; Jean Baptiste Pointe DuSable Lake Shore Drive,Chicago,Chicago,3,road infrastructure,41.88841667,-87.61405556,Representative corridor anchor at Outer Drive Bridge,VERIFIED source value: Wikipedia API; independent survey unverified,https://en.wikipedia.org/wiki/Outer_Drive_Bridge,Lakefront road corridor; anchor is representative point,OSM road topology/layer tags + 3DEP surface; below-ground decks require independent evidence,https://www.openstreetmap.org/?mlat=41.88841667&mlon=-87.61405556#map=18/41.88841667/-87.61405556,OSM ODbL 1.0; USGS 3DEP US Government Public Domain (project metadata check required),https://www.openstreetmap.org/copyright ; https://www.usgs.gov/faqs/what-are-terms-uselicensing-map-services-and-data-national-map,"UNVERIFIED per-place coverage, object IDs, project/date and usable detail; route is a recommendation",UNVERIFIED: infrastructure and attachments,ASSUMPTION: infrastructure class; no per-place registration or design-fixation search,https://www.copyright.gov/circs/circ41.pdf ; https://www.govinfo.gov/content/pkg/USCODE-2024-title17/html/USCODE-2024-title17-chap1-sec120.htm,Medium: place/operator names and possible shape marks,ASSUMPTION: risk triage; no comprehensive mark or trade-dress clearance,4,"ASSUMPTION: exterior style-B scope, not measured hours",20,2: priority metros,CANDIDATE_PENDING_GEOMETRY_AND_RIGHTS_VERIFICATION,https://en.wikipedia.org/wiki/Lake_Shore_Drive,,2026-10-07,Confirm OSM object IDs and geometry; select a dated 3DEP project and roof returns. Treat Outer Drive Bridge coordinate as a corridor anchor; define start/end and layered roads. Review architectural rights and strip marks/art before release.
LM015,Cloud Gate (the Bean),The Bean,Chicago,Chicago,3,public artwork,41.8827,-87.62333,Place search anchor; not surveyed control,VERIFIED source value: Wikipedia API; independent survey unverified,https://en.wikipedia.org/wiki/Cloud_Gate,Reference-only search anchor; never create a mesh,NONE: reference only,,Not applicable: no geometry build,,NOT APPLICABLE,UNVERIFIED copyright; reference only by user rule,ASSUMPTION: art class; no per-place registration or design-fixation search,https://www.copyright.gov/circs/circ41.pdf ; https://www.govinfo.gov/content/pkg/USCODE-2024-title17/html/USCODE-2024-title17-chap1-sec120.htm,REFERENCE ONLY: artwork identity and artist rights,ASSUMPTION: risk triage; no comprehensive mark or trade-dress clearance,5,"ASSUMPTION: exterior style-B scope, not measured hours",,Excluded,REFERENCE_ONLY_NEVER_BUILD,https://en.wikipedia.org/wiki/Cloud_Gate,,2026-10-07,"No mesh, decorative proxy, texture or merchandise depiction. Search/reference anchor only. Artwork rights remain unverified."
LM016,Chicago Picasso,Untitled Picasso sculpture,Chicago,Chicago,3,public artwork,41.88361,-87.62997,Place search anchor; not surveyed control,VERIFIED source value: Wikipedia API; independent survey unverified,https://en.wikipedia.org/wiki/Chicago_Picasso,Reference-only search anchor; never create a mesh,NONE: reference only,,Not applicable: no geometry build,,NOT APPLICABLE,UNVERIFIED copyright; reference only by user rule,ASSUMPTION: art class; no per-place registration or design-fixation search,https://www.copyright.gov/circs/circ41.pdf ; https://www.govinfo.gov/content/pkg/USCODE-2024-title17/html/USCODE-2024-title17-chap1-sec120.htm,REFERENCE ONLY: artwork identity and artist rights,ASSUMPTION: risk triage; no comprehensive mark or trade-dress clearance,5,"ASSUMPTION: exterior style-B scope, not measured hours",,Excluded,REFERENCE_ONLY_NEVER_BUILD,https://en.wikipedia.org/wiki/Chicago_Picasso,,2026-10-07,"No mesh, decorative proxy, texture or merchandise depiction. Search/reference anchor only. Artwork rights remain unverified."
LM017,University of Chicago,,Chicago,Chicago,3,university,41.78972222,-87.59972222,Institution/campus search anchor; not a boundary,VERIFIED source value: Wikipedia API; independent survey unverified,https://en.wikipedia.org/wiki/University_of_Chicago,Main campus exterior; mixed-age buildings,OSM campus/building footprints + 3DEP roof heights; scoped exterior assembly,https://www.openstreetmap.org/?mlat=41.78972222&mlon=-87.59972222#map=18/41.78972222/-87.59972222,OSM ODbL 1.0; USGS 3DEP US Government Public Domain (project metadata check required),https://www.openstreetmap.org/copyright ; https://www.usgs.gov/faqs/what-are-terms-uselicensing-map-services-and-data-national-map,"UNVERIFIED per-place coverage, object IDs, project/date and usable detail; route is a recommendation",UNVERIFIED: mixed-age architectural designs,ASSUMPTION: mixed class; no per-place registration or design-fixation search,https://www.copyright.gov/circs/circ41.pdf ; https://www.govinfo.gov/content/pkg/USCODE-2024-title17/html/USCODE-2024-title17-chap1-sec120.htm,"High: university names, seals, mascots and sponsor graphics",ASSUMPTION: risk triage; no comprehensive mark or trade-dress clearance,5,"ASSUMPTION: exterior style-B scope, not measured hours",34,2: priority metros,CANDIDATE_PENDING_GEOMETRY_AND_RIGHTS_VERIFICATION,https://en.wikipedia.org/wiki/University_of_Chicago,,2026-10-07,Confirm OSM object IDs and geometry; select a dated 3DEP project and roof returns. Fix main-campus polygon and first 3-5 building scope; distinguish institution from site coordinates. Review architectural rights and strip marks/art before release.
LM018,Art Institute of Chicago,,Chicago,Chicago,3,museum,41.87944444,-87.62388889,Place search anchor; not surveyed control,VERIFIED source value: Wikipedia API; independent survey unverified,https://en.wikipedia.org/wiki/Art_Institute_of_Chicago,Historic exterior plus modern wing; omit lions and other art,OSM footprint + 3DEP roof; hand-author wings,https://www.openstreetmap.org/?mlat=41.87944444&mlon=-87.62388889#map=18/41.87944444/-87.62388889,OSM ODbL 1.0; USGS 3DEP US Government Public Domain (project metadata check required),https://www.openstreetmap.org/copyright ; https://www.usgs.gov/faqs/what-are-terms-uselicensing-map-services-and-data-national-map,"UNVERIFIED per-place coverage, object IDs, project/date and usable detail; route is a recommendation",UNVERIFIED: mixed-age architectural designs,ASSUMPTION: mixed class; no per-place registration or design-fixation search,https://www.copyright.gov/circs/circ41.pdf ; https://www.govinfo.gov/content/pkg/USCODE-2024-title17/html/USCODE-2024-title17-chap1-sec120.htm,Medium: place/operator names and possible shape marks,ASSUMPTION: risk triage; no comprehensive mark or trade-dress clearance,4,"ASSUMPTION: exterior style-B scope, not measured hours",21,2: priority metros,CANDIDATE_PENDING_GEOMETRY_AND_RIGHTS_VERIFICATION,https://en.wikipedia.org/wiki/Art_Institute_of_Chicago,,2026-10-07,Confirm OSM object IDs and geometry; select a dated 3DEP project and roof returns. Review architectural rights and strip marks/art before release.
LM019,875 North Michigan Avenue,John Hancock Center,Chicago,Chicago,3,tower,41.8988,-87.623,Place search anchor; not surveyed control,VERIFIED source value: Wikipedia API; independent survey unverified,https://en.wikipedia.org/wiki/John_Hancock_Center,Tapered tower and X-bracing,OSM plan + 3DEP roof/height; hand-author spire and silhouette,https://www.openstreetmap.org/?mlat=41.8988&mlon=-87.623#map=18/41.8988/-87.623,OSM ODbL 1.0; USGS 3DEP US Government Public Domain (project metadata check required),https://www.openstreetmap.org/copyright ; https://www.usgs.gov/faqs/what-are-terms-uselicensing-map-services-and-data-national-map,"UNVERIFIED per-place coverage, object IDs, project/date and usable detail; route is a recommendation",UNVERIFIED: legacy design candidate,ASSUMPTION: legacy class; no per-place registration or design-fixation search,https://www.copyright.gov/circs/circ41.pdf ; https://www.govinfo.gov/content/pkg/USCODE-2024-title17/html/USCODE-2024-title17-chap1-sec120.htm,Medium: place/operator names and possible shape marks,ASSUMPTION: risk triage; no comprehensive mark or trade-dress clearance,3,"ASSUMPTION: exterior style-B scope, not measured hours",7,1: silhouette prototypes,CANDIDATE_PENDING_GEOMETRY_AND_RIGHTS_VERIFICATION,https://en.wikipedia.org/wiki/John_Hancock_Center,,2026-10-07,Confirm OSM object IDs and geometry; select a dated 3DEP project and roof returns. Review architectural rights and strip marks/art before release.
LM020,Merchandise Mart,,Chicago,Chicago,3,downtown icon,41.8884,-87.6355,Place search anchor; not surveyed control,VERIFIED source value: Wikipedia API; independent survey unverified,https://en.wikipedia.org/wiki/Merchandise_Mart,Stepped massing and repetitive facade; exclude art projections,OSM building footprints + 3DEP roofs; assemble stepped massing,https://www.openstreetmap.org/?mlat=41.8884&mlon=-87.6355#map=18/41.8884/-87.6355,OSM ODbL 1.0; USGS 3DEP US Government Public Domain (project metadata check required),https://www.openstreetmap.org/copyright ; https://www.usgs.gov/faqs/what-are-terms-uselicensing-map-services-and-data-national-map,"UNVERIFIED per-place coverage, object IDs, project/date and usable detail; route is a recommendation",UNVERIFIED: legacy design candidate,ASSUMPTION: legacy class; no per-place registration or design-fixation search,https://www.copyright.gov/circs/circ41.pdf ; https://www.govinfo.gov/content/pkg/USCODE-2024-title17/html/USCODE-2024-title17-chap1-sec120.htm,Medium: place/operator names and possible shape marks,ASSUMPTION: risk triage; no comprehensive mark or trade-dress clearance,3,"ASSUMPTION: exterior style-B scope, not measured hours",9,1: silhouette prototypes,CANDIDATE_PENDING_GEOMETRY_AND_RIGHTS_VERIFICATION,https://en.wikipedia.org/wiki/Merchandise_Mart,,2026-10-07,Confirm OSM object IDs and geometry; select a dated 3DEP project and roof returns. Review architectural rights and strip marks/art before release.
LM021,Colorado State Capitol,,Denver,Denver,19,civic building,39.7392321,-104.9848677,Place search anchor; not surveyed control,VERIFIED source value: Wikipedia API; independent survey unverified,https://en.wikipedia.org/wiki/Colorado_State_Capitol,Capitol exterior and dome; exclude monuments,OSM footprint + 3DEP roof; hand-author dome/massing,https://www.openstreetmap.org/?mlat=39.7392321&mlon=-104.9848677#map=18/39.7392321/-104.9848677,OSM ODbL 1.0; USGS 3DEP US Government Public Domain (project metadata check required),https://www.openstreetmap.org/copyright ; https://www.usgs.gov/faqs/what-are-terms-uselicensing-map-services-and-data-national-map,"UNVERIFIED per-place coverage, object IDs, project/date and usable detail; route is a recommendation",UNVERIFIED: legacy design candidate,ASSUMPTION: legacy class; no per-place registration or design-fixation search,https://www.copyright.gov/circs/circ41.pdf ; https://www.govinfo.gov/content/pkg/USCODE-2024-title17/html/USCODE-2024-title17-chap1-sec120.htm,Medium: place/operator names and possible shape marks,ASSUMPTION: risk triage; no comprehensive mark or trade-dress clearance,3,"ASSUMPTION: exterior style-B scope, not measured hours",2,1: silhouette prototypes,CANDIDATE_PENDING_GEOMETRY_AND_RIGHTS_VERIFICATION,https://en.wikipedia.org/wiki/Colorado_State_Capitol,,2026-10-07,Confirm OSM object IDs and geometry; select a dated 3DEP project and roof returns. Review architectural rights and strip marks/art before release.
LM022,Coors Field,,Denver,Denver,19,stadium,39.75611111,-104.99416667,Place search anchor; not surveyed control,VERIFIED source value: Wikipedia API; independent survey unverified,https://en.wikipedia.org/wiki/Coors_Field,Ballpark shell and bowl,OSM boundary/footprint + 3DEP roof/bowl evidence; hand-author bowl,https://www.openstreetmap.org/?mlat=39.75611111&mlon=-104.99416667#map=18/39.75611111/-104.99416667,OSM ODbL 1.0; USGS 3DEP US Government Public Domain (project metadata check required),https://www.openstreetmap.org/copyright ; https://www.usgs.gov/faqs/what-are-terms-uselicensing-map-services-and-data-national-map,"UNVERIFIED per-place coverage, object IDs, project/date and usable detail; route is a recommendation",UNVERIFIED: likely protected architectural design,ASSUMPTION: modern class; no per-place registration or design-fixation search,https://www.copyright.gov/circs/circ41.pdf ; https://www.govinfo.gov/content/pkg/USCODE-2024-title17/html/USCODE-2024-title17-chap1-sec120.htm,"High: team, venue, naming-rights sponsor and ads",ASSUMPTION: risk triage; no comprehensive mark or trade-dress clearance,4,"ASSUMPTION: exterior style-B scope, not measured hours",25,2: priority metros,CANDIDATE_PENDING_GEOMETRY_AND_RIGHTS_VERIFICATION,https://en.wikipedia.org/wiki/Coors_Field,,2026-10-07,"Confirm OSM object IDs and geometry; select a dated 3DEP project and roof returns. Verify current venue name, remodel date and logo-free bowl/roof state. Review architectural rights and strip marks/art before release."
LM023,Red Rocks Amphitheatre,,Morrison,Denver,19,amphitheatre,39.66527778,-105.20583333,Place search anchor; not surveyed control,VERIFIED source value: Wikipedia API; independent survey unverified,https://en.wikipedia.org/wiki/Red_Rocks_Amphitheatre,"Terrain, rock formations and amphitheatre terraces",3DEP terrain point cloud first + OSM footprint/paths; hand-author terraces,https://apps.nationalmap.gov/lidar-explorer/,OSM ODbL 1.0; USGS 3DEP US Government Public Domain (project metadata check required),https://www.openstreetmap.org/copyright ; https://www.usgs.gov/faqs/what-are-terms-uselicensing-map-services-and-data-national-map,"UNVERIFIED per-place coverage, object IDs, project/date and usable detail; route is a recommendation",UNVERIFIED: mixed-age architectural designs,ASSUMPTION: mixed class; no per-place registration or design-fixation search,https://www.copyright.gov/circs/circ41.pdf ; https://www.govinfo.gov/content/pkg/USCODE-2024-title17/html/USCODE-2024-title17-chap1-sec120.htm,Medium: place/operator names and possible shape marks,ASSUMPTION: risk triage; no comprehensive mark or trade-dress clearance,5,"ASSUMPTION: exterior style-B scope, not measured hours",40,2: priority metros,CANDIDATE_PENDING_GEOMETRY_AND_RIGHTS_VERIFICATION,https://en.wikipedia.org/wiki/Red_Rocks_Amphitheatre,,2026-10-07,Confirm OSM object IDs and geometry; select a dated 3DEP project and roof returns. Review architectural rights and strip marks/art before release.
LM024,Denver Union Station,,Denver,Denver,19,station,39.75305556,-105,Place search anchor; not surveyed control,VERIFIED source value: Wikipedia API; independent survey unverified,https://en.wikipedia.org/wiki/Denver_Union_Station,Historic terminal and modern canopy; no rail branding,OSM footprint + USGS 3DEP roof/height,https://www.openstreetmap.org/?mlat=39.75305556&mlon=-105#map=18/39.75305556/-105,OSM ODbL 1.0; USGS 3DEP US Government Public Domain (project metadata check required),https://www.openstreetmap.org/copyright ; https://www.usgs.gov/faqs/what-are-terms-uselicensing-map-services-and-data-national-map,"UNVERIFIED per-place coverage, object IDs, project/date and usable detail; route is a recommendation",UNVERIFIED: mixed-age architectural designs,ASSUMPTION: mixed class; no per-place registration or design-fixation search,https://www.copyright.gov/circs/circ41.pdf ; https://www.govinfo.gov/content/pkg/USCODE-2024-title17/html/USCODE-2024-title17-chap1-sec120.htm,Medium: place/operator names and possible shape marks,ASSUMPTION: risk triage; no comprehensive mark or trade-dress clearance,4,"ASSUMPTION: exterior style-B scope, not measured hours",26,2: priority metros,CANDIDATE_PENDING_GEOMETRY_AND_RIGHTS_VERIFICATION,https://en.wikipedia.org/wiki/Denver_Union_Station,,2026-10-07,Confirm OSM object IDs and geometry; select a dated 3DEP project and roof returns. Review architectural rights and strip marks/art before release.
LM025,City Park (Denver),Denver skyline from City Park,Denver,Denver,19,park,39.74722222,-104.95055556,Area/corridor search anchor; not a centroid guarantee,VERIFIED source value: Wikipedia API; independent survey unverified,https://en.wikipedia.org/wiki/City_Park%2C_Denver,Park and lake with skyline backdrop; exclude sculpture,OSM paths/landuse + 3DEP bare-earth terrain; inferred vegetation is separate,https://www.openstreetmap.org/?mlat=39.74722222&mlon=-104.95055556#map=18/39.74722222/-104.95055556,OSM ODbL 1.0; USGS 3DEP US Government Public Domain (project metadata check required),https://www.openstreetmap.org/copyright ; https://www.usgs.gov/faqs/what-are-terms-uselicensing-map-services-and-data-national-map,"UNVERIFIED per-place coverage, object IDs, project/date and usable detail; route is a recommendation",UNVERIFIED: landscape and built structures,ASSUMPTION: landscape class; no per-place registration or design-fixation search,https://www.copyright.gov/circs/circ41.pdf ; https://www.govinfo.gov/content/pkg/USCODE-2024-title17/html/USCODE-2024-title17-chap1-sec120.htm,Medium: place/operator names and possible shape marks,ASSUMPTION: risk triage; no comprehensive mark or trade-dress clearance,3,"ASSUMPTION: exterior style-B scope, not measured hours",15,2: priority metros,CANDIDATE_PENDING_GEOMETRY_AND_RIGHTS_VERIFICATION,https://en.wikipedia.org/wiki/City_Park%2C_Denver,,2026-10-07,"Confirm OSM object IDs and geometry; select a dated 3DEP project and roof returns. Exclude fountains, sculptures and memorial art; do not infer surveyed tree positions. Review architectural rights and strip marks/art before release."
LM026,Daniels & Fisher Tower,,Denver,Denver,19,historic tower,39.74833333,-104.99527778,Place search anchor; not surveyed control,VERIFIED source value: Wikipedia API; independent survey unverified,https://en.wikipedia.org/wiki/Daniels_%26_Fisher_Tower,Clock tower exterior,OSM plan + 3DEP height; hand-author clock/crown,https://www.openstreetmap.org/?mlat=39.74833333&mlon=-104.99527778#map=18/39.74833333/-104.99527778,OSM ODbL 1.0; USGS 3DEP US Government Public Domain (project metadata check required),https://www.openstreetmap.org/copyright ; https://www.usgs.gov/faqs/what-are-terms-uselicensing-map-services-and-data-national-map,"UNVERIFIED per-place coverage, object IDs, project/date and usable detail; route is a recommendation",UNVERIFIED: legacy design candidate,ASSUMPTION: legacy class; no per-place registration or design-fixation search,https://www.copyright.gov/circs/circ41.pdf ; https://www.govinfo.gov/content/pkg/USCODE-2024-title17/html/USCODE-2024-title17-chap1-sec120.htm,Medium: place/operator names and possible shape marks,ASSUMPTION: risk triage; no comprehensive mark or trade-dress clearance,3,"ASSUMPTION: exterior style-B scope, not measured hours",5,1: silhouette prototypes,CANDIDATE_PENDING_GEOMETRY_AND_RIGHTS_VERIFICATION,https://en.wikipedia.org/wiki/Daniels_%26_Fisher_Tower,,2026-10-07,Confirm OSM object IDs and geometry; select a dated 3DEP project and roof returns. Review architectural rights and strip marks/art before release.
LM027,"Brown Palace Hotel (Denver, Colorado)",,Denver,Denver,19,historic building,39.74416667,-104.98722222,Place search anchor; not surveyed control,VERIFIED source value: Wikipedia API; independent survey unverified,https://en.wikipedia.org/wiki/Brown_Palace_Hotel_(Denver),Triangular hotel exterior,OSM plan + 3DEP roof; hand-author characteristic facade,https://www.openstreetmap.org/?mlat=39.74416667&mlon=-104.98722222#map=18/39.74416667/-104.98722222,OSM ODbL 1.0; USGS 3DEP US Government Public Domain (project metadata check required),https://www.openstreetmap.org/copyright ; https://www.usgs.gov/faqs/what-are-terms-uselicensing-map-services-and-data-national-map,"UNVERIFIED per-place coverage, object IDs, project/date and usable detail; route is a recommendation",UNVERIFIED: legacy design candidate,ASSUMPTION: legacy class; no per-place registration or design-fixation search,https://www.copyright.gov/circs/circ41.pdf ; https://www.govinfo.gov/content/pkg/USCODE-2024-title17/html/USCODE-2024-title17-chap1-sec120.htm,Medium: place/operator names and possible shape marks,ASSUMPTION: risk triage; no comprehensive mark or trade-dress clearance,3,"ASSUMPTION: exterior style-B scope, not measured hours",10,1: silhouette prototypes,CANDIDATE_PENDING_GEOMETRY_AND_RIGHTS_VERIFICATION,https://en.wikipedia.org/wiki/Brown_Palace_Hotel_(Denver),,2026-10-07,Confirm OSM object IDs and geometry; select a dated 3DEP project and roof returns. Review architectural rights and strip marks/art before release.
LM028,Denver Art Museum,,Denver,Denver,19,museum,39.73718806,-104.989345,Place search anchor; not surveyed control,VERIFIED source value: Wikipedia API; independent survey unverified,https://en.wikipedia.org/wiki/Denver_Art_Museum,Hamilton and Martin exteriors; no public art,OSM footprint + 3DEP roof; hand-author wings,https://www.openstreetmap.org/?mlat=39.73718806&mlon=-104.989345#map=18/39.73718806/-104.989345,OSM ODbL 1.0; USGS 3DEP US Government Public Domain (project metadata check required),https://www.openstreetmap.org/copyright ; https://www.usgs.gov/faqs/what-are-terms-uselicensing-map-services-and-data-national-map,"UNVERIFIED per-place coverage, object IDs, project/date and usable detail; route is a recommendation",UNVERIFIED: mixed-age architectural designs,ASSUMPTION: mixed class; no per-place registration or design-fixation search,https://www.copyright.gov/circs/circ41.pdf ; https://www.govinfo.gov/content/pkg/USCODE-2024-title17/html/USCODE-2024-title17-chap1-sec120.htm,Medium: place/operator names and possible shape marks,ASSUMPTION: risk triage; no comprehensive mark or trade-dress clearance,5,"ASSUMPTION: exterior style-B scope, not measured hours",41,2: priority metros,CANDIDATE_PENDING_GEOMETRY_AND_RIGHTS_VERIFICATION,https://en.wikipedia.org/wiki/Denver_Art_Museum,,2026-10-07,Confirm OSM object IDs and geometry; select a dated 3DEP project and roof returns. Review architectural rights and strip marks/art before release.
LM029,Denver Public Library,,Denver,Denver,19,civic building,39.737313,-104.988246,Place search anchor; not surveyed control,VERIFIED source value: Wikipedia API; independent survey unverified,https://en.wikipedia.org/wiki/Denver_Public_Library,Central library exterior; exclude public art,OSM footprint + 3DEP roof; hand-author dome/massing,https://www.openstreetmap.org/?mlat=39.737313&mlon=-104.988246#map=18/39.737313/-104.988246,OSM ODbL 1.0; USGS 3DEP US Government Public Domain (project metadata check required),https://www.openstreetmap.org/copyright ; https://www.usgs.gov/faqs/what-are-terms-uselicensing-map-services-and-data-national-map,"UNVERIFIED per-place coverage, object IDs, project/date and usable detail; route is a recommendation",UNVERIFIED: mixed-age architectural designs,ASSUMPTION: mixed class; no per-place registration or design-fixation search,https://www.copyright.gov/circs/circ41.pdf ; https://www.govinfo.gov/content/pkg/USCODE-2024-title17/html/USCODE-2024-title17-chap1-sec120.htm,Medium: place/operator names and possible shape marks,ASSUMPTION: risk triage; no comprehensive mark or trade-dress clearance,4,"ASSUMPTION: exterior style-B scope, not measured hours",27,2: priority metros,CANDIDATE_PENDING_GEOMETRY_AND_RIGHTS_VERIFICATION,https://en.wikipedia.org/wiki/Denver_Public_Library,,2026-10-07,Confirm OSM object IDs and geometry; select a dated 3DEP project and roof returns. Review architectural rights and strip marks/art before release.
LM030,Empower Field at Mile High,,Denver,Denver,19,stadium,39.74388889,-105.02,Place search anchor; not surveyed control,VERIFIED source value: Wikipedia API; independent survey unverified,https://en.wikipedia.org/wiki/Empower_Field_at_Mile_High,Football stadium shell and bowl,OSM boundary/footprint + 3DEP roof/bowl evidence; hand-author bowl,https://www.openstreetmap.org/?mlat=39.74388889&mlon=-105.02#map=18/39.74388889/-105.02,OSM ODbL 1.0; USGS 3DEP US Government Public Domain (project metadata check required),https://www.openstreetmap.org/copyright ; https://www.usgs.gov/faqs/what-are-terms-uselicensing-map-services-and-data-national-map,"UNVERIFIED per-place coverage, object IDs, project/date and usable detail; route is a recommendation",UNVERIFIED: likely protected architectural design,ASSUMPTION: modern class; no per-place registration or design-fixation search,https://www.copyright.gov/circs/circ41.pdf ; https://www.govinfo.gov/content/pkg/USCODE-2024-title17/html/USCODE-2024-title17-chap1-sec120.htm,"High: team, venue, naming-rights sponsor and ads",ASSUMPTION: risk triage; no comprehensive mark or trade-dress clearance,4,"ASSUMPTION: exterior style-B scope, not measured hours",28,2: priority metros,CANDIDATE_PENDING_GEOMETRY_AND_RIGHTS_VERIFICATION,https://en.wikipedia.org/wiki/Empower_Field_at_Mile_High,,2026-10-07,"Confirm OSM object IDs and geometry; select a dated 3DEP project and roof returns. Verify current venue name, remodel date and logo-free bowl/roof state. Review architectural rights and strip marks/art before release."
LM031,Ball Arena,,Denver,Denver,19,arena,39.74861111,-105.0075,Place search anchor; not surveyed control,VERIFIED source value: Wikipedia API; independent survey unverified,https://en.wikipedia.org/wiki/Ball_Arena,Arena shell,OSM footprint + 3DEP roof; hand-author shell,https://www.openstreetmap.org/?mlat=39.74861111&mlon=-105.0075#map=18/39.74861111/-105.0075,OSM ODbL 1.0; USGS 3DEP US Government Public Domain (project metadata check required),https://www.openstreetmap.org/copyright ; https://www.usgs.gov/faqs/what-are-terms-uselicensing-map-services-and-data-national-map,"UNVERIFIED per-place coverage, object IDs, project/date and usable detail; route is a recommendation",UNVERIFIED: likely protected architectural design,ASSUMPTION: modern class; no per-place registration or design-fixation search,https://www.copyright.gov/circs/circ41.pdf ; https://www.govinfo.gov/content/pkg/USCODE-2024-title17/html/USCODE-2024-title17-chap1-sec120.htm,"High: team, venue, naming-rights sponsor and ads",ASSUMPTION: risk triage; no comprehensive mark or trade-dress clearance,3,"ASSUMPTION: exterior style-B scope, not measured hours",11,1: silhouette prototypes,CANDIDATE_PENDING_GEOMETRY_AND_RIGHTS_VERIFICATION,https://en.wikipedia.org/wiki/Ball_Arena,,2026-10-07,"Confirm OSM object IDs and geometry; select a dated 3DEP project and roof returns. Verify current venue name, remodel date and logo-free bowl/roof state. Review architectural rights and strip marks/art before release."
LM032,University of Denver,,Denver,Denver,19,university,39.67833333,-104.96222222,Institution/campus search anchor; not a boundary,VERIFIED source value: Wikipedia API; independent survey unverified,https://en.wikipedia.org/wiki/University_of_Denver,Main campus exterior; mixed-age structures,OSM campus/building footprints + 3DEP roof heights; scoped exterior assembly,https://www.openstreetmap.org/?mlat=39.67833333&mlon=-104.96222222#map=18/39.67833333/-104.96222222,OSM ODbL 1.0; USGS 3DEP US Government Public Domain (project metadata check required),https://www.openstreetmap.org/copyright ; https://www.usgs.gov/faqs/what-are-terms-uselicensing-map-services-and-data-national-map,"UNVERIFIED per-place coverage, object IDs, project/date and usable detail; route is a recommendation",UNVERIFIED: mixed-age architectural designs,ASSUMPTION: mixed class; no per-place registration or design-fixation search,https://www.copyright.gov/circs/circ41.pdf ; https://www.govinfo.gov/content/pkg/USCODE-2024-title17/html/USCODE-2024-title17-chap1-sec120.htm,"High: university names, seals, mascots and sponsor graphics",ASSUMPTION: risk triage; no comprehensive mark or trade-dress clearance,5,"ASSUMPTION: exterior style-B scope, not measured hours",42,2: priority metros,CANDIDATE_PENDING_GEOMETRY_AND_RIGHTS_VERIFICATION,https://en.wikipedia.org/wiki/University_of_Denver,,2026-10-07,Confirm OSM object IDs and geometry; select a dated 3DEP project and roof returns. Fix main-campus polygon and first 3-5 building scope; distinguish institution from site coordinates. Review architectural rights and strip marks/art before release.
LM033,Freedom Tower (Miami),,Miami,Miami,8,historic tower,25.78,-80.18972222,Place search anchor; not surveyed control,VERIFIED source value: Wikipedia API; independent survey unverified,https://en.wikipedia.org/wiki/Freedom_Tower_(Miami),Tower exterior,OSM plan + 3DEP height; hand-author clock/crown,https://www.openstreetmap.org/?mlat=25.78&mlon=-80.18972222#map=18/25.78/-80.18972222,OSM ODbL 1.0; USGS 3DEP US Government Public Domain (project metadata check required),https://www.openstreetmap.org/copyright ; https://www.usgs.gov/faqs/what-are-terms-uselicensing-map-services-and-data-national-map,"UNVERIFIED per-place coverage, object IDs, project/date and usable detail; route is a recommendation",UNVERIFIED: legacy design candidate,ASSUMPTION: legacy class; no per-place registration or design-fixation search,https://www.copyright.gov/circs/circ41.pdf ; https://www.govinfo.gov/content/pkg/USCODE-2024-title17/html/USCODE-2024-title17-chap1-sec120.htm,Medium: place/operator names and possible shape marks,ASSUMPTION: risk triage; no comprehensive mark or trade-dress clearance,3,"ASSUMPTION: exterior style-B scope, not measured hours",3,1: silhouette prototypes,CANDIDATE_PENDING_GEOMETRY_AND_RIGHTS_VERIFICATION,https://en.wikipedia.org/wiki/Freedom_Tower_(Miami),,2026-10-07,Confirm OSM object IDs and geometry; select a dated 3DEP project and roof returns. Review architectural rights and strip marks/art before release.
LM034,Kaseya Center,,Miami,Miami,8,arena,25.78138889,-80.18805556,Place search anchor; not surveyed control,VERIFIED source value: Wikipedia API; independent survey unverified,https://en.wikipedia.org/wiki/Kaseya_Center,Arena shell; sponsor lettering removed,OSM footprint + 3DEP roof; hand-author shell,https://www.openstreetmap.org/?mlat=25.78138889&mlon=-80.18805556#map=18/25.78138889/-80.18805556,OSM ODbL 1.0; USGS 3DEP US Government Public Domain (project metadata check required),https://www.openstreetmap.org/copyright ; https://www.usgs.gov/faqs/what-are-terms-uselicensing-map-services-and-data-national-map,"UNVERIFIED per-place coverage, object IDs, project/date and usable detail; route is a recommendation",UNVERIFIED: likely protected architectural design,ASSUMPTION: modern class; no per-place registration or design-fixation search,https://www.copyright.gov/circs/circ41.pdf ; https://www.govinfo.gov/content/pkg/USCODE-2024-title17/html/USCODE-2024-title17-chap1-sec120.htm,"High: team, venue, naming-rights sponsor and ads",ASSUMPTION: risk triage; no comprehensive mark or trade-dress clearance,3,"ASSUMPTION: exterior style-B scope, not measured hours",14,2: priority metros,CANDIDATE_PENDING_GEOMETRY_AND_RIGHTS_VERIFICATION,https://en.wikipedia.org/wiki/Kaseya_Center,,2026-10-07,"Confirm OSM object IDs and geometry; select a dated 3DEP project and roof returns. Verify current venue name, remodel date and logo-free bowl/roof state. Review architectural rights and strip marks/art before release."
LM035,LoanDepot Park,,Miami,Miami,8,stadium,25.77805556,-80.21972222,Place search anchor; not surveyed control,VERIFIED source value: Wikipedia API; independent survey unverified,https://en.wikipedia.org/wiki/LoanDepot_Park,Ballpark and retractable roof; roof pose is versioned,OSM boundary/footprint + 3DEP roof/bowl evidence; hand-author bowl,https://www.openstreetmap.org/?mlat=25.77805556&mlon=-80.21972222#map=18/25.77805556/-80.21972222,OSM ODbL 1.0; USGS 3DEP US Government Public Domain (project metadata check required),https://www.openstreetmap.org/copyright ; https://www.usgs.gov/faqs/what-are-terms-uselicensing-map-services-and-data-national-map,"UNVERIFIED per-place coverage, object IDs, project/date and usable detail; route is a recommendation",UNVERIFIED: likely protected architectural design,ASSUMPTION: modern class; no per-place registration or design-fixation search,https://www.copyright.gov/circs/circ41.pdf ; https://www.govinfo.gov/content/pkg/USCODE-2024-title17/html/USCODE-2024-title17-chap1-sec120.htm,"High: team, venue, naming-rights sponsor and ads",ASSUMPTION: risk triage; no comprehensive mark or trade-dress clearance,5,"ASSUMPTION: exterior style-B scope, not measured hours",35,2: priority metros,CANDIDATE_PENDING_GEOMETRY_AND_RIGHTS_VERIFICATION,https://en.wikipedia.org/wiki/LoanDepot_Park,,2026-10-07,"Confirm OSM object IDs and geometry; select a dated 3DEP project and roof returns. Verify current venue name, remodel date and logo-free bowl/roof state. Freeze roof pose and capture date. Review architectural rights and strip marks/art before release."
LM036,Hard Rock Stadium,,Miami Gardens,Miami,8,stadium,25.95805556,-80.23888889,Place search anchor; not surveyed control,VERIFIED source value: Wikipedia API; independent survey unverified,https://en.wikipedia.org/wiki/Hard_Rock_Stadium,Stadium with modern canopy; omit all brands,OSM boundary/footprint + 3DEP roof/bowl evidence; hand-author bowl,https://www.openstreetmap.org/?mlat=25.95805556&mlon=-80.23888889#map=18/25.95805556/-80.23888889,OSM ODbL 1.0; USGS 3DEP US Government Public Domain (project metadata check required),https://www.openstreetmap.org/copyright ; https://www.usgs.gov/faqs/what-are-terms-uselicensing-map-services-and-data-national-map,"UNVERIFIED per-place coverage, object IDs, project/date and usable detail; route is a recommendation",UNVERIFIED: mixed-age architectural designs,ASSUMPTION: mixed class; no per-place registration or design-fixation search,https://www.copyright.gov/circs/circ41.pdf ; https://www.govinfo.gov/content/pkg/USCODE-2024-title17/html/USCODE-2024-title17-chap1-sec120.htm,"High: team, venue, naming-rights sponsor and ads",ASSUMPTION: risk triage; no comprehensive mark or trade-dress clearance,5,"ASSUMPTION: exterior style-B scope, not measured hours",36,2: priority metros,CANDIDATE_PENDING_GEOMETRY_AND_RIGHTS_VERIFICATION,https://en.wikipedia.org/wiki/Hard_Rock_Stadium,,2026-10-07,"Confirm OSM object IDs and geometry; select a dated 3DEP project and roof returns. Verify current venue name, remodel date and logo-free bowl/roof state. Review architectural rights and strip marks/art before release."
LM037,University of Miami,,Coral Gables,Miami,8,university,25.7216,-80.2793,Institution/campus search anchor; not a boundary,VERIFIED source value: Wikipedia API; independent survey unverified,https://en.wikipedia.org/wiki/University_of_Miami,Coral Gables main campus exterior,OSM campus/building footprints + 3DEP roof heights; scoped exterior assembly,https://www.openstreetmap.org/?mlat=25.7216&mlon=-80.2793#map=18/25.7216/-80.2793,OSM ODbL 1.0; USGS 3DEP US Government Public Domain (project metadata check required),https://www.openstreetmap.org/copyright ; https://www.usgs.gov/faqs/what-are-terms-uselicensing-map-services-and-data-national-map,"UNVERIFIED per-place coverage, object IDs, project/date and usable detail; route is a recommendation",UNVERIFIED: mixed-age architectural designs,ASSUMPTION: mixed class; no per-place registration or design-fixation search,https://www.copyright.gov/circs/circ41.pdf ; https://www.govinfo.gov/content/pkg/USCODE-2024-title17/html/USCODE-2024-title17-chap1-sec120.htm,"High: university names, seals, mascots and sponsor graphics",ASSUMPTION: risk triage; no comprehensive mark or trade-dress clearance,5,"ASSUMPTION: exterior style-B scope, not measured hours",37,2: priority metros,CANDIDATE_PENDING_GEOMETRY_AND_RIGHTS_VERIFICATION,https://en.wikipedia.org/wiki/University_of_Miami,,2026-10-07,Confirm OSM object IDs and geometry; select a dated 3DEP project and roof returns. Fix main-campus polygon and first 3-5 building scope; distinguish institution from site coordinates. Review architectural rights and strip marks/art before release.
LM038,Florida International University,,University Park,Miami,8,university,25.757,-80.374,Institution/campus search anchor; not a boundary,VERIFIED source value: Wikipedia API; independent survey unverified,https://en.wikipedia.org/wiki/Florida_International_University,Modesto A. Maidique campus exterior; not Biscayne Bay campus,OSM campus/building footprints + 3DEP roof heights; scoped exterior assembly,https://www.openstreetmap.org/?mlat=25.757&mlon=-80.374#map=18/25.757/-80.374,OSM ODbL 1.0; USGS 3DEP US Government Public Domain (project metadata check required),https://www.openstreetmap.org/copyright ; https://www.usgs.gov/faqs/what-are-terms-uselicensing-map-services-and-data-national-map,"UNVERIFIED per-place coverage, object IDs, project/date and usable detail; route is a recommendation",UNVERIFIED: mixed-age architectural designs,ASSUMPTION: mixed class; no per-place registration or design-fixation search,https://www.copyright.gov/circs/circ41.pdf ; https://www.govinfo.gov/content/pkg/USCODE-2024-title17/html/USCODE-2024-title17-chap1-sec120.htm,"High: university names, seals, mascots and sponsor graphics",ASSUMPTION: risk triage; no comprehensive mark or trade-dress clearance,5,"ASSUMPTION: exterior style-B scope, not measured hours",38,2: priority metros,CANDIDATE_PENDING_GEOMETRY_AND_RIGHTS_VERIFICATION,https://en.wikipedia.org/wiki/Florida_International_University,,2026-10-07,Confirm OSM object IDs and geometry; select a dated 3DEP project and roof returns. Fix main-campus polygon and first 3-5 building scope; distinguish institution from site coordinates. Check anchor is Modesto A. Maidique campus; verify unincorporated city label. Review architectural rights and strip marks/art before release.
LM039,Vizcaya Museum and Gardens,,Miami,Miami,8,historic estate,25.74361111,-80.21027778,Place search anchor; not surveyed control,VERIFIED source value: Wikipedia API; independent survey unverified,https://en.wikipedia.org/wiki/Vizcaya_Museum_and_Gardens,Villa and landscape; omit sculpture and decorative art replicas,OSM footprint + 3DEP roof/terrain; omit sculpture,https://www.openstreetmap.org/?mlat=25.74361111&mlon=-80.21027778#map=18/25.74361111/-80.21027778,OSM ODbL 1.0; USGS 3DEP US Government Public Domain (project metadata check required),https://www.openstreetmap.org/copyright ; https://www.usgs.gov/faqs/what-are-terms-uselicensing-map-services-and-data-national-map,"UNVERIFIED per-place coverage, object IDs, project/date and usable detail; route is a recommendation",UNVERIFIED: legacy design candidate,ASSUMPTION: legacy class; no per-place registration or design-fixation search,https://www.copyright.gov/circs/circ41.pdf ; https://www.govinfo.gov/content/pkg/USCODE-2024-title17/html/USCODE-2024-title17-chap1-sec120.htm,Medium: place/operator names and possible shape marks,ASSUMPTION: risk triage; no comprehensive mark or trade-dress clearance,4,"ASSUMPTION: exterior style-B scope, not measured hours",22,2: priority metros,CANDIDATE_PENDING_GEOMETRY_AND_RIGHTS_VERIFICATION,https://en.wikipedia.org/wiki/Vizcaya_Museum_and_Gardens,,2026-10-07,Confirm OSM object IDs and geometry; select a dated 3DEP project and roof returns. Review architectural rights and strip marks/art before release.
LM040,Ocean Drive (South Beach),,Miami Beach,Miami,8,historic district,25.776755,-80.131434,Area/corridor search anchor; not a centroid guarantee,VERIFIED source value: Wikipedia API; independent survey unverified,https://en.wikipedia.org/wiki/Ocean_Drive_(South_Beach),Art Deco street corridor; no hotel signs,OSM street/building footprints + 3DEP roof heights; assemble scoped corridor,https://www.openstreetmap.org/?mlat=25.776755&mlon=-80.131434#map=18/25.776755/-80.131434,OSM ODbL 1.0; USGS 3DEP US Government Public Domain (project metadata check required),https://www.openstreetmap.org/copyright ; https://www.usgs.gov/faqs/what-are-terms-uselicensing-map-services-and-data-national-map,"UNVERIFIED per-place coverage, object IDs, project/date and usable detail; route is a recommendation",UNVERIFIED: mixed-age architectural designs,ASSUMPTION: mixed class; no per-place registration or design-fixation search,https://www.copyright.gov/circs/circ41.pdf ; https://www.govinfo.gov/content/pkg/USCODE-2024-title17/html/USCODE-2024-title17-chap1-sec120.htm,Medium: place/operator names and possible shape marks,ASSUMPTION: risk triage; no comprehensive mark or trade-dress clearance,4,"ASSUMPTION: exterior style-B scope, not measured hours",23,2: priority metros,CANDIDATE_PENDING_GEOMETRY_AND_RIGHTS_VERIFICATION,https://en.wikipedia.org/wiki/Ocean_Drive_(South_Beach),,2026-10-07,Confirm OSM object IDs and geometry; select a dated 3DEP project and roof returns. Review architectural rights and strip marks/art before release.
LM041,Lummus Park (Miami Beach),Lummus Park,Miami Beach,Miami,8,park,25.78042,-80.1299,Area/corridor search anchor; not a centroid guarantee,VERIFIED source value: Wikipedia API; independent survey unverified,https://en.wikipedia.org/wiki/Lummus_Park%2C_Miami_Beach,Landscape paths and beach edge; omit artworks,OSM paths/landuse + 3DEP bare-earth terrain; inferred vegetation is separate,https://www.openstreetmap.org/?mlat=25.78042&mlon=-80.1299#map=18/25.78042/-80.1299,OSM ODbL 1.0; USGS 3DEP US Government Public Domain (project metadata check required),https://www.openstreetmap.org/copyright ; https://www.usgs.gov/faqs/what-are-terms-uselicensing-map-services-and-data-national-map,"UNVERIFIED per-place coverage, object IDs, project/date and usable detail; route is a recommendation",UNVERIFIED: landscape and built structures,ASSUMPTION: landscape class; no per-place registration or design-fixation search,https://www.copyright.gov/circs/circ41.pdf ; https://www.govinfo.gov/content/pkg/USCODE-2024-title17/html/USCODE-2024-title17-chap1-sec120.htm,Medium: place/operator names and possible shape marks,ASSUMPTION: risk triage; no comprehensive mark or trade-dress clearance,2,"ASSUMPTION: exterior style-B scope, not measured hours",6,1: silhouette prototypes,CANDIDATE_PENDING_GEOMETRY_AND_RIGHTS_VERIFICATION,https://en.wikipedia.org/wiki/Lummus_Park%2C_Miami_Beach,https://www.miamibeachfl.gov/city-hall/parks-and-recreation/parks-facilities-directory/lummus-park/,2026-10-07,"Confirm OSM object IDs and geometry; select a dated 3DEP project and roof returns. Exclude fountains, sculptures and memorial art; do not infer surveyed tree positions. Review architectural rights and strip marks/art before release."
LM042,Miami Tower,,Miami,Miami,8,tower,25.772,-80.1912,Place search anchor; not surveyed control,VERIFIED source value: Wikipedia API; independent survey unverified,https://en.wikipedia.org/wiki/Miami_Tower,Stepped tower massing,OSM plan + 3DEP roof/height; hand-author spire and silhouette,https://www.openstreetmap.org/?mlat=25.772&mlon=-80.1912#map=18/25.772/-80.1912,OSM ODbL 1.0; USGS 3DEP US Government Public Domain (project metadata check required),https://www.openstreetmap.org/copyright ; https://www.usgs.gov/faqs/what-are-terms-uselicensing-map-services-and-data-national-map,"UNVERIFIED per-place coverage, object IDs, project/date and usable detail; route is a recommendation",UNVERIFIED: legacy design candidate,ASSUMPTION: legacy class; no per-place registration or design-fixation search,https://www.copyright.gov/circs/circ41.pdf ; https://www.govinfo.gov/content/pkg/USCODE-2024-title17/html/USCODE-2024-title17-chap1-sec120.htm,Medium: place/operator names and possible shape marks,ASSUMPTION: risk triage; no comprehensive mark or trade-dress clearance,3,"ASSUMPTION: exterior style-B scope, not measured hours",8,1: silhouette prototypes,CANDIDATE_PENDING_GEOMETRY_AND_RIGHTS_VERIFICATION,https://en.wikipedia.org/wiki/Miami_Tower,,2026-10-07,Confirm OSM object IDs and geometry; select a dated 3DEP project and roof returns. Review architectural rights and strip marks/art before release.
LM043,Brickell City Centre,,Miami,Miami,8,retail complex,25.767159,-80.193087,Place search anchor; not surveyed control,VERIFIED source value: Wikipedia API; independent survey unverified,https://en.wikipedia.org/wiki/Brickell_City_Centre,Exterior complex and climate ribbon; no shops or branding,OSM footprints + 3DEP roof; hand-author exterior canopy,https://www.openstreetmap.org/?mlat=25.767159&mlon=-80.193087#map=18/25.767159/-80.193087,OSM ODbL 1.0; USGS 3DEP US Government Public Domain (project metadata check required),https://www.openstreetmap.org/copyright ; https://www.usgs.gov/faqs/what-are-terms-uselicensing-map-services-and-data-national-map,"UNVERIFIED per-place coverage, object IDs, project/date and usable detail; route is a recommendation",UNVERIFIED: likely protected architectural design,ASSUMPTION: modern class; no per-place registration or design-fixation search,https://www.copyright.gov/circs/circ41.pdf ; https://www.govinfo.gov/content/pkg/USCODE-2024-title17/html/USCODE-2024-title17-chap1-sec120.htm,High: operator/store brands and signs,ASSUMPTION: risk triage; no comprehensive mark or trade-dress clearance,5,"ASSUMPTION: exterior style-B scope, not measured hours",39,2: priority metros,CANDIDATE_PENDING_GEOMETRY_AND_RIGHTS_VERIFICATION,https://en.wikipedia.org/wiki/Brickell_City_Centre,,2026-10-07,Confirm OSM object IDs and geometry; select a dated 3DEP project and roof returns. Review architectural rights and strip marks/art before release.
LM044,Fontainebleau Miami Beach,,Miami Beach,Miami,8,hotel,25.81805556,-80.12222222,Place search anchor; not surveyed control,VERIFIED source value: Wikipedia API; independent survey unverified,https://en.wikipedia.org/wiki/Fontainebleau_Miami_Beach,Curved hotel shell and later additions,OSM footprint + 3DEP roof; curved-shell reconstruction,https://www.openstreetmap.org/?mlat=25.81805556&mlon=-80.12222222#map=18/25.81805556/-80.12222222,OSM ODbL 1.0; USGS 3DEP US Government Public Domain (project metadata check required),https://www.openstreetmap.org/copyright ; https://www.usgs.gov/faqs/what-are-terms-uselicensing-map-services-and-data-national-map,"UNVERIFIED per-place coverage, object IDs, project/date and usable detail; route is a recommendation",UNVERIFIED: mixed-age architectural designs,ASSUMPTION: mixed class; no per-place registration or design-fixation search,https://www.copyright.gov/circs/circ41.pdf ; https://www.govinfo.gov/content/pkg/USCODE-2024-title17/html/USCODE-2024-title17-chap1-sec120.htm,High: operator/store brands and signs,ASSUMPTION: risk triage; no comprehensive mark or trade-dress clearance,4,"ASSUMPTION: exterior style-B scope, not measured hours",24,2: priority metros,CANDIDATE_PENDING_GEOMETRY_AND_RIGHTS_VERIFICATION,https://en.wikipedia.org/wiki/Fontainebleau_Miami_Beach,,2026-10-07,Confirm OSM object IDs and geometry; select a dated 3DEP project and roof returns. Review architectural rights and strip marks/art before release.
LM045,Empire State Building,,New York,New York,1,tower,40.7483,-73.9856,Place search anchor; not surveyed control,VERIFIED source value: Wikipedia API; independent survey unverified,https://en.wikipedia.org/wiki/Empire_State_Building,Tower and spire; silhouette trade-dress review,OSM plan + 3DEP roof/height; hand-author spire and silhouette,https://www.openstreetmap.org/?mlat=40.7483&mlon=-73.9856#map=18/40.7483/-73.9856,OSM ODbL 1.0; USGS 3DEP US Government Public Domain (project metadata check required),https://www.openstreetmap.org/copyright ; https://www.usgs.gov/faqs/what-are-terms-uselicensing-map-services-and-data-national-map,"UNVERIFIED per-place coverage, object IDs, project/date and usable detail; route is a recommendation",UNVERIFIED: legacy design candidate,ASSUMPTION: legacy class; no per-place registration or design-fixation search,https://www.copyright.gov/circs/circ41.pdf ; https://www.govinfo.gov/content/pkg/USCODE-2024-title17/html/USCODE-2024-title17-chap1-sec120.htm,High: distinctive silhouette/trade-dress check as well as names,ASSUMPTION: risk triage; no comprehensive mark or trade-dress clearance,4,"ASSUMPTION: exterior style-B scope, not measured hours",43,3: remaining top-20 metros,CANDIDATE_PENDING_GEOMETRY_AND_RIGHTS_VERIFICATION,https://en.wikipedia.org/wiki/Empire_State_Building,,2026-10-07,Confirm OSM object IDs and geometry; select a dated 3DEP project and roof returns. Search shape marks and obtain advice for interactive 3D depiction. Compare NYC 2014 model only after dataset reuse terms are confirmed. Review architectural rights and strip marks/art before release.
LM046,One World Trade Center,,New York,New York,1,tower,40.71305556,-74.01333333,Place search anchor; not surveyed control,VERIFIED source value: Wikipedia API; independent survey unverified,https://en.wikipedia.org/wiki/One_World_Trade_Center,Faceted tower and antenna,OSM plan + 3DEP roof/height; hand-author spire and silhouette,https://www.openstreetmap.org/?mlat=40.71305556&mlon=-74.01333333#map=18/40.71305556/-74.01333333,OSM ODbL 1.0; USGS 3DEP US Government Public Domain (project metadata check required),https://www.openstreetmap.org/copyright ; https://www.usgs.gov/faqs/what-are-terms-uselicensing-map-services-and-data-national-map,"UNVERIFIED per-place coverage, object IDs, project/date and usable detail; route is a recommendation",UNVERIFIED: likely protected architectural design,ASSUMPTION: modern class; no per-place registration or design-fixation search,https://www.copyright.gov/circs/circ41.pdf ; https://www.govinfo.gov/content/pkg/USCODE-2024-title17/html/USCODE-2024-title17-chap1-sec120.htm,Medium: place/operator names and possible shape marks,ASSUMPTION: risk triage; no comprehensive mark or trade-dress clearance,4,"ASSUMPTION: exterior style-B scope, not measured hours",44,3: remaining top-20 metros,CANDIDATE_PENDING_GEOMETRY_AND_RIGHTS_VERIFICATION,https://en.wikipedia.org/wiki/One_World_Trade_Center,,2026-10-07,Confirm OSM object IDs and geometry; select a dated 3DEP project and roof returns. Compare NYC 2014 model only after dataset reuse terms are confirmed. Review architectural rights and strip marks/art before release.
LM047,Chrysler Building,,New York,New York,1,tower,40.75166667,-73.97527778,Place search anchor; not surveyed control,VERIFIED source value: Wikipedia API; independent survey unverified,https://en.wikipedia.org/wiki/Chrysler_Building,Crown and setbacks; ornament simplified,OSM plan + 3DEP roof/height; hand-author spire and silhouette,https://www.openstreetmap.org/?mlat=40.75166667&mlon=-73.97527778#map=18/40.75166667/-73.97527778,OSM ODbL 1.0; USGS 3DEP US Government Public Domain (project metadata check required),https://www.openstreetmap.org/copyright ; https://www.usgs.gov/faqs/what-are-terms-uselicensing-map-services-and-data-national-map,"UNVERIFIED per-place coverage, object IDs, project/date and usable detail; route is a recommendation",UNVERIFIED: legacy design candidate,ASSUMPTION: legacy class; no per-place registration or design-fixation search,https://www.copyright.gov/circs/circ41.pdf ; https://www.govinfo.gov/content/pkg/USCODE-2024-title17/html/USCODE-2024-title17-chap1-sec120.htm,Medium: place/operator names and possible shape marks,ASSUMPTION: risk triage; no comprehensive mark or trade-dress clearance,5,"ASSUMPTION: exterior style-B scope, not measured hours",47,3: remaining top-20 metros,CANDIDATE_PENDING_GEOMETRY_AND_RIGHTS_VERIFICATION,https://en.wikipedia.org/wiki/Chrysler_Building,,2026-10-07,Confirm OSM object IDs and geometry; select a dated 3DEP project and roof returns. Compare NYC 2014 model only after dataset reuse terms are confirmed. Review architectural rights and strip marks/art before release.
LM048,Yankee Stadium,,New York,New York,1,stadium,40.82916667,-73.92638889,Place search anchor; not surveyed control,VERIFIED source value: Wikipedia API; independent survey unverified,https://en.wikipedia.org/wiki/Yankee_Stadium,Current ballpark exterior; not former site,OSM boundary/footprint + 3DEP roof/bowl evidence; hand-author bowl,https://www.openstreetmap.org/?mlat=40.82916667&mlon=-73.92638889#map=18/40.82916667/-73.92638889,OSM ODbL 1.0; USGS 3DEP US Government Public Domain (project metadata check required),https://www.openstreetmap.org/copyright ; https://www.usgs.gov/faqs/what-are-terms-uselicensing-map-services-and-data-national-map,"UNVERIFIED per-place coverage, object IDs, project/date and usable detail; route is a recommendation",UNVERIFIED: likely protected architectural design,ASSUMPTION: modern class; no per-place registration or design-fixation search,https://www.copyright.gov/circs/circ41.pdf ; https://www.govinfo.gov/content/pkg/USCODE-2024-title17/html/USCODE-2024-title17-chap1-sec120.htm,"High: team, venue, naming-rights sponsor and ads",ASSUMPTION: risk triage; no comprehensive mark or trade-dress clearance,4,"ASSUMPTION: exterior style-B scope, not measured hours",45,3: remaining top-20 metros,CANDIDATE_PENDING_GEOMETRY_AND_RIGHTS_VERIFICATION,https://en.wikipedia.org/wiki/Yankee_Stadium,,2026-10-07,"Confirm OSM object IDs and geometry; select a dated 3DEP project and roof returns. Verify current venue name, remodel date and logo-free bowl/roof state. Compare NYC 2014 model only after dataset reuse terms are confirmed. Review architectural rights and strip marks/art before release."
LM049,Columbia University,,New York,New York,1,university,40.8075,-73.96194444,Institution/campus search anchor; not a boundary,VERIFIED source value: Wikipedia API; independent survey unverified,https://en.wikipedia.org/wiki/Columbia_University,Morningside campus exterior; exclude statues,OSM campus/building footprints + 3DEP roof heights; scoped exterior assembly,https://www.openstreetmap.org/?mlat=40.8075&mlon=-73.96194444#map=18/40.8075/-73.96194444,OSM ODbL 1.0; USGS 3DEP US Government Public Domain (project metadata check required),https://www.openstreetmap.org/copyright ; https://www.usgs.gov/faqs/what-are-terms-uselicensing-map-services-and-data-national-map,"UNVERIFIED per-place coverage, object IDs, project/date and usable detail; route is a recommendation",UNVERIFIED: mixed-age architectural designs,ASSUMPTION: mixed class; no per-place registration or design-fixation search,https://www.copyright.gov/circs/circ41.pdf ; https://www.govinfo.gov/content/pkg/USCODE-2024-title17/html/USCODE-2024-title17-chap1-sec120.htm,"High: university names, seals, mascots and sponsor graphics",ASSUMPTION: risk triage; no comprehensive mark or trade-dress clearance,5,"ASSUMPTION: exterior style-B scope, not measured hours",48,3: remaining top-20 metros,CANDIDATE_PENDING_GEOMETRY_AND_RIGHTS_VERIFICATION,https://en.wikipedia.org/wiki/Columbia_University,,2026-10-07,Confirm OSM object IDs and geometry; select a dated 3DEP project and roof returns. Fix main-campus polygon and first 3-5 building scope; distinguish institution from site coordinates. Compare NYC 2014 model only after dataset reuse terms are confirmed. Review architectural rights and strip marks/art before release.
LM050,Griffith Observatory,,Los Angeles,Los Angeles,2,civic building,34.11833333,-118.30033333,Place search anchor; not surveyed control,VERIFIED source value: Wikipedia API; independent survey unverified,https://en.wikipedia.org/wiki/Griffith_Observatory,Domes and observatory shell; omit monument,OSM footprint + 3DEP roof; hand-author dome/massing,https://www.openstreetmap.org/?mlat=34.11833333&mlon=-118.30033333#map=18/34.11833333/-118.30033333,OSM ODbL 1.0; USGS 3DEP US Government Public Domain (project metadata check required),https://www.openstreetmap.org/copyright ; https://www.usgs.gov/faqs/what-are-terms-uselicensing-map-services-and-data-national-map,"UNVERIFIED per-place coverage, object IDs, project/date and usable detail; route is a recommendation",UNVERIFIED: legacy design candidate,ASSUMPTION: legacy class; no per-place registration or design-fixation search,https://www.copyright.gov/circs/circ41.pdf ; https://www.govinfo.gov/content/pkg/USCODE-2024-title17/html/USCODE-2024-title17-chap1-sec120.htm,Medium: place/operator names and possible shape marks,ASSUMPTION: risk triage; no comprehensive mark or trade-dress clearance,4,"ASSUMPTION: exterior style-B scope, not measured hours",49,3: remaining top-20 metros,CANDIDATE_PENDING_GEOMETRY_AND_RIGHTS_VERIFICATION,https://en.wikipedia.org/wiki/Griffith_Observatory,,2026-10-07,Confirm OSM object IDs and geometry; select a dated 3DEP project and roof returns. Review architectural rights and strip marks/art before release.
LM051,Rose Bowl (stadium),,Pasadena,Los Angeles,2,stadium,34.161,-118.168,Place search anchor; not surveyed control,VERIFIED source value: Wikipedia API; independent survey unverified,https://en.wikipedia.org/wiki/Rose_Bowl_(stadium),Stadium bowl and facade,OSM boundary/footprint + 3DEP roof/bowl evidence; hand-author bowl,https://www.openstreetmap.org/?mlat=34.161&mlon=-118.168#map=18/34.161/-118.168,OSM ODbL 1.0; USGS 3DEP US Government Public Domain (project metadata check required),https://www.openstreetmap.org/copyright ; https://www.usgs.gov/faqs/what-are-terms-uselicensing-map-services-and-data-national-map,"UNVERIFIED per-place coverage, object IDs, project/date and usable detail; route is a recommendation",UNVERIFIED: mixed-age architectural designs,ASSUMPTION: mixed class; no per-place registration or design-fixation search,https://www.copyright.gov/circs/circ41.pdf ; https://www.govinfo.gov/content/pkg/USCODE-2024-title17/html/USCODE-2024-title17-chap1-sec120.htm,"High: team, venue, naming-rights sponsor and ads",ASSUMPTION: risk triage; no comprehensive mark or trade-dress clearance,4,"ASSUMPTION: exterior style-B scope, not measured hours",50,3: remaining top-20 metros,CANDIDATE_PENDING_GEOMETRY_AND_RIGHTS_VERIFICATION,https://en.wikipedia.org/wiki/Rose_Bowl_(stadium),,2026-10-07,"Confirm OSM object IDs and geometry; select a dated 3DEP project and roof returns. Verify current venue name, remodel date and logo-free bowl/roof state. Review architectural rights and strip marks/art before release."
LM052,SoFi Stadium,,Inglewood,Los Angeles,2,stadium,33.953,-118.339,Place search anchor; not surveyed control,VERIFIED source value: Wikipedia API; independent survey unverified,https://en.wikipedia.org/wiki/SoFi_Stadium,Canopy and stadium; remove sponsor graphics,OSM boundary/footprint + 3DEP roof/bowl evidence; hand-author bowl,https://www.openstreetmap.org/?mlat=33.953&mlon=-118.339#map=18/33.953/-118.339,OSM ODbL 1.0; USGS 3DEP US Government Public Domain (project metadata check required),https://www.openstreetmap.org/copyright ; https://www.usgs.gov/faqs/what-are-terms-uselicensing-map-services-and-data-national-map,"UNVERIFIED per-place coverage, object IDs, project/date and usable detail; route is a recommendation",UNVERIFIED: likely protected architectural design,ASSUMPTION: modern class; no per-place registration or design-fixation search,https://www.copyright.gov/circs/circ41.pdf ; https://www.govinfo.gov/content/pkg/USCODE-2024-title17/html/USCODE-2024-title17-chap1-sec120.htm,"High: team, venue, naming-rights sponsor and ads",ASSUMPTION: risk triage; no comprehensive mark or trade-dress clearance,5,"ASSUMPTION: exterior style-B scope, not measured hours",51,3: remaining top-20 metros,CANDIDATE_PENDING_GEOMETRY_AND_RIGHTS_VERIFICATION,https://en.wikipedia.org/wiki/SoFi_Stadium,,2026-10-07,"Confirm OSM object IDs and geometry; select a dated 3DEP project and roof returns. Verify current venue name, remodel date and logo-free bowl/roof state. Review architectural rights and strip marks/art before release."
LM053,"University of California, Los Angeles",,Los Angeles,Los Angeles,2,university,34.0722,-118.4427,Institution/campus search anchor; not a boundary,VERIFIED source value: Wikipedia API; independent survey unverified,https://en.wikipedia.org/wiki/University_of_California%2C_Los_Angeles,Westwood campus exterior,OSM campus/building footprints + 3DEP roof heights; scoped exterior assembly,https://www.openstreetmap.org/?mlat=34.0722&mlon=-118.4427#map=18/34.0722/-118.4427,OSM ODbL 1.0; USGS 3DEP US Government Public Domain (project metadata check required),https://www.openstreetmap.org/copyright ; https://www.usgs.gov/faqs/what-are-terms-uselicensing-map-services-and-data-national-map,"UNVERIFIED per-place coverage, object IDs, project/date and usable detail; route is a recommendation",UNVERIFIED: mixed-age architectural designs,ASSUMPTION: mixed class; no per-place registration or design-fixation search,https://www.copyright.gov/circs/circ41.pdf ; https://www.govinfo.gov/content/pkg/USCODE-2024-title17/html/USCODE-2024-title17-chap1-sec120.htm,"High: university names, seals, mascots and sponsor graphics",ASSUMPTION: risk triage; no comprehensive mark or trade-dress clearance,5,"ASSUMPTION: exterior style-B scope, not measured hours",52,3: remaining top-20 metros,CANDIDATE_PENDING_GEOMETRY_AND_RIGHTS_VERIFICATION,https://en.wikipedia.org/wiki/University_of_California%2C_Los_Angeles,,2026-10-07,Confirm OSM object IDs and geometry; select a dated 3DEP project and roof returns. Fix main-campus polygon and first 3-5 building scope; distinguish institution from site coordinates. Review architectural rights and strip marks/art before release.
LM054,AT&T Stadium,,Arlington,Dallas–Fort Worth,4,stadium,32.74777778,-97.09277778,Place search anchor; not surveyed control,VERIFIED source value: Wikipedia API; independent survey unverified,https://en.wikipedia.org/wiki/AT%26T_Stadium,Stadium arches and roof; no sponsor text,OSM boundary/footprint + 3DEP roof/bowl evidence; hand-author bowl,https://www.openstreetmap.org/?mlat=32.74777778&mlon=-97.09277778#map=18/32.74777778/-97.09277778,OSM ODbL 1.0; USGS 3DEP US Government Public Domain (project metadata check required),https://www.openstreetmap.org/copyright ; https://www.usgs.gov/faqs/what-are-terms-uselicensing-map-services-and-data-national-map,"UNVERIFIED per-place coverage, object IDs, project/date and usable detail; route is a recommendation",UNVERIFIED: likely protected architectural design,ASSUMPTION: modern class; no per-place registration or design-fixation search,https://www.copyright.gov/circs/circ41.pdf ; https://www.govinfo.gov/content/pkg/USCODE-2024-title17/html/USCODE-2024-title17-chap1-sec120.htm,"High: team, venue, naming-rights sponsor and ads",ASSUMPTION: risk triage; no comprehensive mark or trade-dress clearance,5,"ASSUMPTION: exterior style-B scope, not measured hours",56,3: remaining top-20 metros,CANDIDATE_PENDING_GEOMETRY_AND_RIGHTS_VERIFICATION,https://en.wikipedia.org/wiki/AT%26T_Stadium,,2026-10-07,"Confirm OSM object IDs and geometry; select a dated 3DEP project and roof returns. Verify current venue name, remodel date and logo-free bowl/roof state. Freeze roof pose and capture date. Review architectural rights and strip marks/art before release."
LM055,Reunion Tower,,Dallas,Dallas–Fort Worth,4,tower,32.7753,-96.8089,Place search anchor; not surveyed control,VERIFIED source value: Wikipedia API; independent survey unverified,https://en.wikipedia.org/wiki/Reunion_Tower,Shaft and lattice sphere,OSM plan + 3DEP roof/height; hand-author spire and silhouette,https://www.openstreetmap.org/?mlat=32.7753&mlon=-96.8089#map=18/32.7753/-96.8089,OSM ODbL 1.0; USGS 3DEP US Government Public Domain (project metadata check required),https://www.openstreetmap.org/copyright ; https://www.usgs.gov/faqs/what-are-terms-uselicensing-map-services-and-data-national-map,"UNVERIFIED per-place coverage, object IDs, project/date and usable detail; route is a recommendation",UNVERIFIED: legacy design candidate,ASSUMPTION: legacy class; no per-place registration or design-fixation search,https://www.copyright.gov/circs/circ41.pdf ; https://www.govinfo.gov/content/pkg/USCODE-2024-title17/html/USCODE-2024-title17-chap1-sec120.htm,Medium: place/operator names and possible shape marks,ASSUMPTION: risk triage; no comprehensive mark or trade-dress clearance,4,"ASSUMPTION: exterior style-B scope, not measured hours",55,3: remaining top-20 metros,CANDIDATE_PENDING_GEOMETRY_AND_RIGHTS_VERIFICATION,https://en.wikipedia.org/wiki/Reunion_Tower,,2026-10-07,Confirm OSM object IDs and geometry; select a dated 3DEP project and roof returns. Review architectural rights and strip marks/art before release.
LM056,Southern Methodist University,,University Park,Dallas–Fort Worth,4,university,32.83855,-96.78294,Institution/campus search anchor; not a boundary,VERIFIED source value: Wikipedia API; independent survey unverified,https://en.wikipedia.org/wiki/Southern_Methodist_University,Main campus exterior,OSM campus/building footprints + 3DEP roof heights; scoped exterior assembly,https://www.openstreetmap.org/?mlat=32.83855&mlon=-96.78294#map=18/32.83855/-96.78294,OSM ODbL 1.0; USGS 3DEP US Government Public Domain (project metadata check required),https://www.openstreetmap.org/copyright ; https://www.usgs.gov/faqs/what-are-terms-uselicensing-map-services-and-data-national-map,"UNVERIFIED per-place coverage, object IDs, project/date and usable detail; route is a recommendation",UNVERIFIED: mixed-age architectural designs,ASSUMPTION: mixed class; no per-place registration or design-fixation search,https://www.copyright.gov/circs/circ41.pdf ; https://www.govinfo.gov/content/pkg/USCODE-2024-title17/html/USCODE-2024-title17-chap1-sec120.htm,"High: university names, seals, mascots and sponsor graphics",ASSUMPTION: risk triage; no comprehensive mark or trade-dress clearance,5,"ASSUMPTION: exterior style-B scope, not measured hours",57,3: remaining top-20 metros,CANDIDATE_PENDING_GEOMETRY_AND_RIGHTS_VERIFICATION,https://en.wikipedia.org/wiki/Southern_Methodist_University,,2026-10-07,Confirm OSM object IDs and geometry; select a dated 3DEP project and roof returns. Fix main-campus polygon and first 3-5 building scope; distinguish institution from site coordinates. Review architectural rights and strip marks/art before release.
LM057,American Airlines Center,,Dallas,Dallas–Fort Worth,4,arena,32.79055556,-96.81027778,Place search anchor; not surveyed control,VERIFIED source value: Wikipedia API; independent survey unverified,https://en.wikipedia.org/wiki/American_Airlines_Center,Arena shell,OSM footprint + 3DEP roof; hand-author shell,https://www.openstreetmap.org/?mlat=32.79055556&mlon=-96.81027778#map=18/32.79055556/-96.81027778,OSM ODbL 1.0; USGS 3DEP US Government Public Domain (project metadata check required),https://www.openstreetmap.org/copyright ; https://www.usgs.gov/faqs/what-are-terms-uselicensing-map-services-and-data-national-map,"UNVERIFIED per-place coverage, object IDs, project/date and usable detail; route is a recommendation",UNVERIFIED: likely protected architectural design,ASSUMPTION: modern class; no per-place registration or design-fixation search,https://www.copyright.gov/circs/circ41.pdf ; https://www.govinfo.gov/content/pkg/USCODE-2024-title17/html/USCODE-2024-title17-chap1-sec120.htm,"High: team, venue, naming-rights sponsor and ads",ASSUMPTION: risk triage; no comprehensive mark or trade-dress clearance,3,"ASSUMPTION: exterior style-B scope, not measured hours",54,3: remaining top-20 metros,CANDIDATE_PENDING_GEOMETRY_AND_RIGHTS_VERIFICATION,https://en.wikipedia.org/wiki/American_Airlines_Center,,2026-10-07,"Confirm OSM object IDs and geometry; select a dated 3DEP project and roof returns. Verify current venue name, remodel date and logo-free bowl/roof state. Review architectural rights and strip marks/art before release."
LM058,Daikin Park,Minute Maid Park; Enron Field,Houston,Houston,5,stadium,29.75694444,-95.35555556,Place search anchor; not surveyed control,VERIFIED source value: Wikipedia API; independent survey unverified,https://en.wikipedia.org/wiki/Daikin_Park,Downtown baseball stadium; current name verify; retractable roof,OSM boundary/footprint + 3DEP roof/bowl evidence; hand-author bowl,https://www.openstreetmap.org/?mlat=29.75694444&mlon=-95.35555556#map=18/29.75694444/-95.35555556,OSM ODbL 1.0; USGS 3DEP US Government Public Domain (project metadata check required),https://www.openstreetmap.org/copyright ; https://www.usgs.gov/faqs/what-are-terms-uselicensing-map-services-and-data-national-map,"UNVERIFIED per-place coverage, object IDs, project/date and usable detail; route is a recommendation",UNVERIFIED: likely protected architectural design,ASSUMPTION: modern class; no per-place registration or design-fixation search,https://www.copyright.gov/circs/circ41.pdf ; https://www.govinfo.gov/content/pkg/USCODE-2024-title17/html/USCODE-2024-title17-chap1-sec120.htm,"High: team, venue, naming-rights sponsor and ads",ASSUMPTION: risk triage; no comprehensive mark or trade-dress clearance,5,"ASSUMPTION: exterior style-B scope, not measured hours",58,3: remaining top-20 metros,CANDIDATE_PENDING_GEOMETRY_AND_RIGHTS_VERIFICATION,https://en.wikipedia.org/wiki/Daikin_Park,https://www.mlb.com/astros/ballpark,2026-10-07,"Confirm OSM object IDs and geometry; select a dated 3DEP project and roof returns. Verify current venue name, remodel date and logo-free bowl/roof state. Freeze roof pose and capture date. Review architectural rights and strip marks/art before release."
LM059,Reliant Stadium,NRG Stadium,Houston,Houston,5,stadium,29.68472222,-95.41083333,Place search anchor; not surveyed control,VERIFIED source value: Wikipedia API; independent survey unverified,https://en.wikipedia.org/wiki/Reliant_Stadium,Football stadium and roof; no sponsors,OSM boundary/footprint + 3DEP roof/bowl evidence; hand-author bowl,https://www.openstreetmap.org/?mlat=29.68472222&mlon=-95.41083333#map=18/29.68472222/-95.41083333,OSM ODbL 1.0; USGS 3DEP US Government Public Domain (project metadata check required),https://www.openstreetmap.org/copyright ; https://www.usgs.gov/faqs/what-are-terms-uselicensing-map-services-and-data-national-map,"UNVERIFIED per-place coverage, object IDs, project/date and usable detail; route is a recommendation",UNVERIFIED: likely protected architectural design,ASSUMPTION: modern class; no per-place registration or design-fixation search,https://www.copyright.gov/circs/circ41.pdf ; https://www.govinfo.gov/content/pkg/USCODE-2024-title17/html/USCODE-2024-title17-chap1-sec120.htm,"High: team, venue, naming-rights sponsor and ads",ASSUMPTION: risk triage; no comprehensive mark or trade-dress clearance,5,"ASSUMPTION: exterior style-B scope, not measured hours",59,3: remaining top-20 metros,CANDIDATE_PENDING_GEOMETRY_AND_RIGHTS_VERIFICATION,https://en.wikipedia.org/wiki/Reliant_Stadium,https://www.houstontexans.com/stadium/,2026-10-07,"Confirm OSM object IDs and geometry; select a dated 3DEP project and roof returns. Verify current venue name, remodel date and logo-free bowl/roof state. Freeze roof pose and capture date. Review architectural rights and strip marks/art before release."
LM060,Rice University,,Houston,Houston,5,university,29.71694444,-95.40277778,Institution/campus search anchor; not a boundary,VERIFIED source value: Wikipedia API; independent survey unverified,https://en.wikipedia.org/wiki/Rice_University,Main campus exterior; exclude public art,OSM campus/building footprints + 3DEP roof heights; scoped exterior assembly,https://www.openstreetmap.org/?mlat=29.71694444&mlon=-95.40277778#map=18/29.71694444/-95.40277778,OSM ODbL 1.0; USGS 3DEP US Government Public Domain (project metadata check required),https://www.openstreetmap.org/copyright ; https://www.usgs.gov/faqs/what-are-terms-uselicensing-map-services-and-data-national-map,"UNVERIFIED per-place coverage, object IDs, project/date and usable detail; route is a recommendation",UNVERIFIED: mixed-age architectural designs,ASSUMPTION: mixed class; no per-place registration or design-fixation search,https://www.copyright.gov/circs/circ41.pdf ; https://www.govinfo.gov/content/pkg/USCODE-2024-title17/html/USCODE-2024-title17-chap1-sec120.htm,"High: university names, seals, mascots and sponsor graphics",ASSUMPTION: risk triage; no comprehensive mark or trade-dress clearance,5,"ASSUMPTION: exterior style-B scope, not measured hours",60,3: remaining top-20 metros,CANDIDATE_PENDING_GEOMETRY_AND_RIGHTS_VERIFICATION,https://en.wikipedia.org/wiki/Rice_University,,2026-10-07,Confirm OSM object IDs and geometry; select a dated 3DEP project and roof returns. Fix main-campus polygon and first 3-5 building scope; distinguish institution from site coordinates. Review architectural rights and strip marks/art before release.
LM061,United States Capitol,,Washington,Washington,7,civic building,38.88972222,-77.00888889,Place search anchor; not surveyed control,VERIFIED source value: Wikipedia API; independent survey unverified,https://en.wikipedia.org/wiki/United_States_Capitol,Building exterior; omit statuary,OSM footprint + 3DEP roof; hand-author dome/massing,https://www.openstreetmap.org/?mlat=38.88972222&mlon=-77.00888889#map=18/38.88972222/-77.00888889,OSM ODbL 1.0; USGS 3DEP US Government Public Domain (project metadata check required),https://www.openstreetmap.org/copyright ; https://www.usgs.gov/faqs/what-are-terms-uselicensing-map-services-and-data-national-map,"UNVERIFIED per-place coverage, object IDs, project/date and usable detail; route is a recommendation",UNVERIFIED: mixed-age architectural designs,ASSUMPTION: mixed class; no per-place registration or design-fixation search,https://www.copyright.gov/circs/circ41.pdf ; https://www.govinfo.gov/content/pkg/USCODE-2024-title17/html/USCODE-2024-title17-chap1-sec120.htm,Medium: place/operator names and possible shape marks,ASSUMPTION: risk triage; no comprehensive mark or trade-dress clearance,5,"ASSUMPTION: exterior style-B scope, not measured hours",66,3: remaining top-20 metros,CANDIDATE_PENDING_GEOMETRY_AND_RIGHTS_VERIFICATION,https://en.wikipedia.org/wiki/United_States_Capitol,,2026-10-07,Confirm OSM object IDs and geometry; select a dated 3DEP project and roof returns. Review architectural rights and strip marks/art before release.
LM062,White House,,Washington,Washington,7,civic building,38.89777778,-77.03638889,Place search anchor; not surveyed control,VERIFIED source value: Wikipedia API; independent survey unverified,https://en.wikipedia.org/wiki/White_House,Exterior only; no interiors or inferred security layouts,OSM footprint + 3DEP roof; hand-author dome/massing,https://www.openstreetmap.org/?mlat=38.89777778&mlon=-77.03638889#map=18/38.89777778/-77.03638889,OSM ODbL 1.0; USGS 3DEP US Government Public Domain (project metadata check required),https://www.openstreetmap.org/copyright ; https://www.usgs.gov/faqs/what-are-terms-uselicensing-map-services-and-data-national-map,"UNVERIFIED per-place coverage, object IDs, project/date and usable detail; route is a recommendation",UNVERIFIED: legacy design candidate,ASSUMPTION: legacy class; no per-place registration or design-fixation search,https://www.copyright.gov/circs/circ41.pdf ; https://www.govinfo.gov/content/pkg/USCODE-2024-title17/html/USCODE-2024-title17-chap1-sec120.htm,Medium: place/operator names and possible shape marks,ASSUMPTION: risk triage; no comprehensive mark or trade-dress clearance,3,"ASSUMPTION: exterior style-B scope, not measured hours",65,3: remaining top-20 metros,CANDIDATE_PENDING_GEOMETRY_AND_RIGHTS_VERIFICATION,https://en.wikipedia.org/wiki/White_House,,2026-10-07,Confirm OSM object IDs and geometry; select a dated 3DEP project and roof returns. Review architectural rights and strip marks/art before release.
LM063,Georgetown University,,Washington,Washington,7,university,38.90722222,-77.07277778,Institution/campus search anchor; not a boundary,VERIFIED source value: Wikipedia API; independent survey unverified,https://en.wikipedia.org/wiki/Georgetown_University,Main campus exterior; exclude sculptures,OSM campus/building footprints + 3DEP roof heights; scoped exterior assembly,https://www.openstreetmap.org/?mlat=38.90722222&mlon=-77.07277778#map=18/38.90722222/-77.07277778,OSM ODbL 1.0; USGS 3DEP US Government Public Domain (project metadata check required),https://www.openstreetmap.org/copyright ; https://www.usgs.gov/faqs/what-are-terms-uselicensing-map-services-and-data-national-map,"UNVERIFIED per-place coverage, object IDs, project/date and usable detail; route is a recommendation",UNVERIFIED: mixed-age architectural designs,ASSUMPTION: mixed class; no per-place registration or design-fixation search,https://www.copyright.gov/circs/circ41.pdf ; https://www.govinfo.gov/content/pkg/USCODE-2024-title17/html/USCODE-2024-title17-chap1-sec120.htm,"High: university names, seals, mascots and sponsor graphics",ASSUMPTION: risk triage; no comprehensive mark or trade-dress clearance,5,"ASSUMPTION: exterior style-B scope, not measured hours",67,3: remaining top-20 metros,CANDIDATE_PENDING_GEOMETRY_AND_RIGHTS_VERIFICATION,https://en.wikipedia.org/wiki/Georgetown_University,,2026-10-07,Confirm OSM object IDs and geometry; select a dated 3DEP project and roof returns. Fix main-campus polygon and first 3-5 building scope; distinguish institution from site coordinates. Review architectural rights and strip marks/art before release.
LM064,Philadelphia City Hall,,Philadelphia,Philadelphia,9,civic building,39.95239444,-75.16359722,Place search anchor; not surveyed control,VERIFIED source value: Wikipedia API; independent survey unverified,https://en.wikipedia.org/wiki/Philadelphia_City_Hall,Building shell; omit William Penn statue and sculpture,OSM footprint + 3DEP roof; hand-author dome/massing,https://www.openstreetmap.org/?mlat=39.95239444&mlon=-75.16359722#map=18/39.95239444/-75.16359722,OSM ODbL 1.0; USGS 3DEP US Government Public Domain (project metadata check required),https://www.openstreetmap.org/copyright ; https://www.usgs.gov/faqs/what-are-terms-uselicensing-map-services-and-data-national-map,"UNVERIFIED per-place coverage, object IDs, project/date and usable detail; route is a recommendation",UNVERIFIED: legacy design candidate,ASSUMPTION: legacy class; no per-place registration or design-fixation search,https://www.copyright.gov/circs/circ41.pdf ; https://www.govinfo.gov/content/pkg/USCODE-2024-title17/html/USCODE-2024-title17-chap1-sec120.htm,Medium: place/operator names and possible shape marks,ASSUMPTION: risk triage; no comprehensive mark or trade-dress clearance,5,"ASSUMPTION: exterior style-B scope, not measured hours",69,3: remaining top-20 metros,CANDIDATE_PENDING_GEOMETRY_AND_RIGHTS_VERIFICATION,https://en.wikipedia.org/wiki/Philadelphia_City_Hall,,2026-10-07,Confirm OSM object IDs and geometry; select a dated 3DEP project and roof returns. Review architectural rights and strip marks/art before release.
LM065,Citizens Bank Park,,Philadelphia,Philadelphia,9,stadium,39.90583333,-75.16638889,Place search anchor; not surveyed control,VERIFIED source value: Wikipedia API; independent survey unverified,https://en.wikipedia.org/wiki/Citizens_Bank_Park,Ballpark shell,OSM boundary/footprint + 3DEP roof/bowl evidence; hand-author bowl,https://www.openstreetmap.org/?mlat=39.90583333&mlon=-75.16638889#map=18/39.90583333/-75.16638889,OSM ODbL 1.0; USGS 3DEP US Government Public Domain (project metadata check required),https://www.openstreetmap.org/copyright ; https://www.usgs.gov/faqs/what-are-terms-uselicensing-map-services-and-data-national-map,"UNVERIFIED per-place coverage, object IDs, project/date and usable detail; route is a recommendation",UNVERIFIED: likely protected architectural design,ASSUMPTION: modern class; no per-place registration or design-fixation search,https://www.copyright.gov/circs/circ41.pdf ; https://www.govinfo.gov/content/pkg/USCODE-2024-title17/html/USCODE-2024-title17-chap1-sec120.htm,"High: team, venue, naming-rights sponsor and ads",ASSUMPTION: risk triage; no comprehensive mark or trade-dress clearance,4,"ASSUMPTION: exterior style-B scope, not measured hours",68,3: remaining top-20 metros,CANDIDATE_PENDING_GEOMETRY_AND_RIGHTS_VERIFICATION,https://en.wikipedia.org/wiki/Citizens_Bank_Park,,2026-10-07,"Confirm OSM object IDs and geometry; select a dated 3DEP project and roof returns. Verify current venue name, remodel date and logo-free bowl/roof state. Review architectural rights and strip marks/art before release."
LM066,University of Pennsylvania,,Philadelphia,Philadelphia,9,university,39.95194444,-75.19361111,Institution/campus search anchor; not a boundary,VERIFIED source value: Wikipedia API; independent survey unverified,https://en.wikipedia.org/wiki/University_of_Pennsylvania,Main campus exterior,OSM campus/building footprints + 3DEP roof heights; scoped exterior assembly,https://www.openstreetmap.org/?mlat=39.95194444&mlon=-75.19361111#map=18/39.95194444/-75.19361111,OSM ODbL 1.0; USGS 3DEP US Government Public Domain (project metadata check required),https://www.openstreetmap.org/copyright ; https://www.usgs.gov/faqs/what-are-terms-uselicensing-map-services-and-data-national-map,"UNVERIFIED per-place coverage, object IDs, project/date and usable detail; route is a recommendation",UNVERIFIED: mixed-age architectural designs,ASSUMPTION: mixed class; no per-place registration or design-fixation search,https://www.copyright.gov/circs/circ41.pdf ; https://www.govinfo.gov/content/pkg/USCODE-2024-title17/html/USCODE-2024-title17-chap1-sec120.htm,"High: university names, seals, mascots and sponsor graphics",ASSUMPTION: risk triage; no comprehensive mark or trade-dress clearance,5,"ASSUMPTION: exterior style-B scope, not measured hours",70,3: remaining top-20 metros,CANDIDATE_PENDING_GEOMETRY_AND_RIGHTS_VERIFICATION,https://en.wikipedia.org/wiki/University_of_Pennsylvania,,2026-10-07,Confirm OSM object IDs and geometry; select a dated 3DEP project and roof returns. Fix main-campus polygon and first 3-5 building scope; distinguish institution from site coordinates. Review architectural rights and strip marks/art before release.
LM067,Mercedes-Benz Stadium,,Atlanta,Atlanta,6,stadium,33.75555556,-84.4,Place search anchor; not surveyed control,VERIFIED source value: Wikipedia API; independent survey unverified,https://en.wikipedia.org/wiki/Mercedes-Benz_Stadium,Angular shell and operable roof,OSM boundary/footprint + 3DEP roof/bowl evidence; hand-author bowl,https://www.openstreetmap.org/?mlat=33.75555556&mlon=-84.4#map=18/33.75555556/-84.4,OSM ODbL 1.0; USGS 3DEP US Government Public Domain (project metadata check required),https://www.openstreetmap.org/copyright ; https://www.usgs.gov/faqs/what-are-terms-uselicensing-map-services-and-data-national-map,"UNVERIFIED per-place coverage, object IDs, project/date and usable detail; route is a recommendation",UNVERIFIED: likely protected architectural design,ASSUMPTION: modern class; no per-place registration or design-fixation search,https://www.copyright.gov/circs/circ41.pdf ; https://www.govinfo.gov/content/pkg/USCODE-2024-title17/html/USCODE-2024-title17-chap1-sec120.htm,"High: team, venue, naming-rights sponsor and ads",ASSUMPTION: risk triage; no comprehensive mark or trade-dress clearance,5,"ASSUMPTION: exterior style-B scope, not measured hours",63,3: remaining top-20 metros,CANDIDATE_PENDING_GEOMETRY_AND_RIGHTS_VERIFICATION,https://en.wikipedia.org/wiki/Mercedes-Benz_Stadium,,2026-10-07,"Confirm OSM object IDs and geometry; select a dated 3DEP project and roof returns. Verify current venue name, remodel date and logo-free bowl/roof state. Freeze roof pose and capture date. Review architectural rights and strip marks/art before release."
LM068,Georgia Institute of Technology,,Atlanta,Atlanta,6,university,33.776,-84.396,Institution/campus search anchor; not a boundary,VERIFIED source value: Wikipedia API; independent survey unverified,https://en.wikipedia.org/wiki/Georgia_Tech,Main campus exterior,OSM campus/building footprints + 3DEP roof heights; scoped exterior assembly,https://www.openstreetmap.org/?mlat=33.776&mlon=-84.396#map=18/33.776/-84.396,OSM ODbL 1.0; USGS 3DEP US Government Public Domain (project metadata check required),https://www.openstreetmap.org/copyright ; https://www.usgs.gov/faqs/what-are-terms-uselicensing-map-services-and-data-national-map,"UNVERIFIED per-place coverage, object IDs, project/date and usable detail; route is a recommendation",UNVERIFIED: mixed-age architectural designs,ASSUMPTION: mixed class; no per-place registration or design-fixation search,https://www.copyright.gov/circs/circ41.pdf ; https://www.govinfo.gov/content/pkg/USCODE-2024-title17/html/USCODE-2024-title17-chap1-sec120.htm,"High: university names, seals, mascots and sponsor graphics",ASSUMPTION: risk triage; no comprehensive mark or trade-dress clearance,5,"ASSUMPTION: exterior style-B scope, not measured hours",64,3: remaining top-20 metros,CANDIDATE_PENDING_GEOMETRY_AND_RIGHTS_VERIFICATION,https://en.wikipedia.org/wiki/Georgia_Tech,,2026-10-07,Confirm OSM object IDs and geometry; select a dated 3DEP project and roof returns. Fix main-campus polygon and first 3-5 building scope; distinguish institution from site coordinates. Review architectural rights and strip marks/art before release.
LM069,Bank of America Plaza (Atlanta),,Atlanta,Atlanta,6,tower,33.7708,-84.3861,Place search anchor; not surveyed control,VERIFIED source value: Wikipedia API; independent survey unverified,https://en.wikipedia.org/wiki/Bank_of_America_Plaza_(Atlanta),Tower and pyramidal spire,OSM plan + 3DEP roof/height; hand-author spire and silhouette,https://www.openstreetmap.org/?mlat=33.7708&mlon=-84.3861#map=18/33.7708/-84.3861,OSM ODbL 1.0; USGS 3DEP US Government Public Domain (project metadata check required),https://www.openstreetmap.org/copyright ; https://www.usgs.gov/faqs/what-are-terms-uselicensing-map-services-and-data-national-map,"UNVERIFIED per-place coverage, object IDs, project/date and usable detail; route is a recommendation",UNVERIFIED: likely protected architectural design,ASSUMPTION: modern class; no per-place registration or design-fixation search,https://www.copyright.gov/circs/circ41.pdf ; https://www.govinfo.gov/content/pkg/USCODE-2024-title17/html/USCODE-2024-title17-chap1-sec120.htm,Medium: place/operator names and possible shape marks,ASSUMPTION: risk triage; no comprehensive mark or trade-dress clearance,3,"ASSUMPTION: exterior style-B scope, not measured hours",61,3: remaining top-20 metros,CANDIDATE_PENDING_GEOMETRY_AND_RIGHTS_VERIFICATION,https://en.wikipedia.org/wiki/Bank_of_America_Plaza_(Atlanta),,2026-10-07,Confirm OSM object IDs and geometry; select a dated 3DEP project and roof returns. Review architectural rights and strip marks/art before release.
LM070,Fenway Park,,Boston,Boston,11,stadium,42.34638889,-71.09777778,Place search anchor; not surveyed control,VERIFIED source value: Wikipedia API; independent survey unverified,https://en.wikipedia.org/wiki/Fenway_Park,Ballpark and wall geometry; no team graphics,OSM boundary/footprint + 3DEP roof/bowl evidence; hand-author bowl,https://www.openstreetmap.org/?mlat=42.34638889&mlon=-71.09777778#map=18/42.34638889/-71.09777778,OSM ODbL 1.0; USGS 3DEP US Government Public Domain (project metadata check required),https://www.openstreetmap.org/copyright ; https://www.usgs.gov/faqs/what-are-terms-uselicensing-map-services-and-data-national-map,"UNVERIFIED per-place coverage, object IDs, project/date and usable detail; route is a recommendation",UNVERIFIED: mixed-age architectural designs,ASSUMPTION: mixed class; no per-place registration or design-fixation search,https://www.copyright.gov/circs/circ41.pdf ; https://www.govinfo.gov/content/pkg/USCODE-2024-title17/html/USCODE-2024-title17-chap1-sec120.htm,"High: team, venue, naming-rights sponsor and ads",ASSUMPTION: risk triage; no comprehensive mark or trade-dress clearance,4,"ASSUMPTION: exterior style-B scope, not measured hours",75,3: remaining top-20 metros,CANDIDATE_PENDING_GEOMETRY_AND_RIGHTS_VERIFICATION,https://en.wikipedia.org/wiki/Fenway_Park,,2026-10-07,"Confirm OSM object IDs and geometry; select a dated 3DEP project and roof returns. Verify current venue name, remodel date and logo-free bowl/roof state. Review architectural rights and strip marks/art before release."
LM071,Harvard University,,Cambridge,Boston,11,university,42.37444444,-71.11694444,Institution/campus search anchor; not a boundary,VERIFIED source value: Wikipedia API; independent survey unverified,https://en.wikipedia.org/wiki/Harvard_University,Harvard Yard exterior; not entire university holdings,OSM campus/building footprints + 3DEP roof heights; scoped exterior assembly,https://www.openstreetmap.org/?mlat=42.37444444&mlon=-71.11694444#map=18/42.37444444/-71.11694444,OSM ODbL 1.0; USGS 3DEP US Government Public Domain (project metadata check required),https://www.openstreetmap.org/copyright ; https://www.usgs.gov/faqs/what-are-terms-uselicensing-map-services-and-data-national-map,"UNVERIFIED per-place coverage, object IDs, project/date and usable detail; route is a recommendation",UNVERIFIED: mixed-age architectural designs,ASSUMPTION: mixed class; no per-place registration or design-fixation search,https://www.copyright.gov/circs/circ41.pdf ; https://www.govinfo.gov/content/pkg/USCODE-2024-title17/html/USCODE-2024-title17-chap1-sec120.htm,"High: university names, seals, mascots and sponsor graphics",ASSUMPTION: risk triage; no comprehensive mark or trade-dress clearance,5,"ASSUMPTION: exterior style-B scope, not measured hours",76,3: remaining top-20 metros,CANDIDATE_PENDING_GEOMETRY_AND_RIGHTS_VERIFICATION,https://en.wikipedia.org/wiki/Harvard_University,,2026-10-07,Confirm OSM object IDs and geometry; select a dated 3DEP project and roof returns. Fix main-campus polygon and first 3-5 building scope; distinguish institution from site coordinates. Review architectural rights and strip marks/art before release.
LM072,Massachusetts Institute of Technology,,Cambridge,Boston,11,university,42.3597,-71.0919,Institution/campus search anchor; not a boundary,VERIFIED source value: Wikipedia API; independent survey unverified,https://en.wikipedia.org/wiki/Massachusetts_Institute_of_Technology,Cambridge campus exterior; exclude public art,OSM campus/building footprints + 3DEP roof heights; scoped exterior assembly,https://www.openstreetmap.org/?mlat=42.3597&mlon=-71.0919#map=18/42.3597/-71.0919,OSM ODbL 1.0; USGS 3DEP US Government Public Domain (project metadata check required),https://www.openstreetmap.org/copyright ; https://www.usgs.gov/faqs/what-are-terms-uselicensing-map-services-and-data-national-map,"UNVERIFIED per-place coverage, object IDs, project/date and usable detail; route is a recommendation",UNVERIFIED: mixed-age architectural designs,ASSUMPTION: mixed class; no per-place registration or design-fixation search,https://www.copyright.gov/circs/circ41.pdf ; https://www.govinfo.gov/content/pkg/USCODE-2024-title17/html/USCODE-2024-title17-chap1-sec120.htm,"High: university names, seals, mascots and sponsor graphics",ASSUMPTION: risk triage; no comprehensive mark or trade-dress clearance,5,"ASSUMPTION: exterior style-B scope, not measured hours",77,3: remaining top-20 metros,CANDIDATE_PENDING_GEOMETRY_AND_RIGHTS_VERIFICATION,https://en.wikipedia.org/wiki/Massachusetts_Institute_of_Technology,,2026-10-07,Confirm OSM object IDs and geometry; select a dated 3DEP project and roof returns. Fix main-campus polygon and first 3-5 building scope; distinguish institution from site coordinates. Review architectural rights and strip marks/art before release.
LM073,Custom House Tower,,Boston,Boston,11,historic tower,42.35906944,-71.05336944,Place search anchor; not surveyed control,VERIFIED source value: Wikipedia API; independent survey unverified,https://en.wikipedia.org/wiki/Custom_House_Tower,Clock tower and historic base,OSM plan + 3DEP height; hand-author clock/crown,https://www.openstreetmap.org/?mlat=42.35906944&mlon=-71.05336944#map=18/42.35906944/-71.05336944,OSM ODbL 1.0; USGS 3DEP US Government Public Domain (project metadata check required),https://www.openstreetmap.org/copyright ; https://www.usgs.gov/faqs/what-are-terms-uselicensing-map-services-and-data-national-map,"UNVERIFIED per-place coverage, object IDs, project/date and usable detail; route is a recommendation",UNVERIFIED: legacy design candidate,ASSUMPTION: legacy class; no per-place registration or design-fixation search,https://www.copyright.gov/circs/circ41.pdf ; https://www.govinfo.gov/content/pkg/USCODE-2024-title17/html/USCODE-2024-title17-chap1-sec120.htm,Medium: place/operator names and possible shape marks,ASSUMPTION: risk triage; no comprehensive mark or trade-dress clearance,3,"ASSUMPTION: exterior style-B scope, not measured hours",74,3: remaining top-20 metros,CANDIDATE_PENDING_GEOMETRY_AND_RIGHTS_VERIFICATION,https://en.wikipedia.org/wiki/Custom_House_Tower,,2026-10-07,Confirm OSM object IDs and geometry; select a dated 3DEP project and roof returns. Review architectural rights and strip marks/art before release.
LM074,Chase Field,,Phoenix,Phoenix,10,stadium,33.44527778,-112.06694444,Place search anchor; not surveyed control,VERIFIED source value: Wikipedia API; independent survey unverified,https://en.wikipedia.org/wiki/Chase_Field,Ballpark and operable roof,OSM boundary/footprint + 3DEP roof/bowl evidence; hand-author bowl,https://www.openstreetmap.org/?mlat=33.44527778&mlon=-112.06694444#map=18/33.44527778/-112.06694444,OSM ODbL 1.0; USGS 3DEP US Government Public Domain (project metadata check required),https://www.openstreetmap.org/copyright ; https://www.usgs.gov/faqs/what-are-terms-uselicensing-map-services-and-data-national-map,"UNVERIFIED per-place coverage, object IDs, project/date and usable detail; route is a recommendation",UNVERIFIED: likely protected architectural design,ASSUMPTION: modern class; no per-place registration or design-fixation search,https://www.copyright.gov/circs/circ41.pdf ; https://www.govinfo.gov/content/pkg/USCODE-2024-title17/html/USCODE-2024-title17-chap1-sec120.htm,"High: team, venue, naming-rights sponsor and ads",ASSUMPTION: risk triage; no comprehensive mark or trade-dress clearance,5,"ASSUMPTION: exterior style-B scope, not measured hours",71,3: remaining top-20 metros,CANDIDATE_PENDING_GEOMETRY_AND_RIGHTS_VERIFICATION,https://en.wikipedia.org/wiki/Chase_Field,,2026-10-07,"Confirm OSM object IDs and geometry; select a dated 3DEP project and roof returns. Verify current venue name, remodel date and logo-free bowl/roof state. Freeze roof pose and capture date. Review architectural rights and strip marks/art before release."
LM075,State Farm Stadium,,Glendale,Phoenix,10,stadium,33.528,-112.263,Place search anchor; not surveyed control,VERIFIED source value: Wikipedia API; independent survey unverified,https://en.wikipedia.org/wiki/State_Farm_Stadium,Stadium shell and operable roof,OSM boundary/footprint + 3DEP roof/bowl evidence; hand-author bowl,https://www.openstreetmap.org/?mlat=33.528&mlon=-112.263#map=18/33.528/-112.263,OSM ODbL 1.0; USGS 3DEP US Government Public Domain (project metadata check required),https://www.openstreetmap.org/copyright ; https://www.usgs.gov/faqs/what-are-terms-uselicensing-map-services-and-data-national-map,"UNVERIFIED per-place coverage, object IDs, project/date and usable detail; route is a recommendation",UNVERIFIED: likely protected architectural design,ASSUMPTION: modern class; no per-place registration or design-fixation search,https://www.copyright.gov/circs/circ41.pdf ; https://www.govinfo.gov/content/pkg/USCODE-2024-title17/html/USCODE-2024-title17-chap1-sec120.htm,"High: team, venue, naming-rights sponsor and ads",ASSUMPTION: risk triage; no comprehensive mark or trade-dress clearance,5,"ASSUMPTION: exterior style-B scope, not measured hours",72,3: remaining top-20 metros,CANDIDATE_PENDING_GEOMETRY_AND_RIGHTS_VERIFICATION,https://en.wikipedia.org/wiki/State_Farm_Stadium,,2026-10-07,"Confirm OSM object IDs and geometry; select a dated 3DEP project and roof returns. Verify current venue name, remodel date and logo-free bowl/roof state. Freeze roof pose and capture date. Review architectural rights and strip marks/art before release."
LM076,Arizona State University,,Tempe,Phoenix,10,university,33.4209,-111.934,Institution/campus search anchor; not a boundary,VERIFIED source value: Wikipedia API; independent survey unverified,https://en.wikipedia.org/wiki/Arizona_State_University,Tempe campus exterior; not other campuses,OSM campus/building footprints + 3DEP roof heights; scoped exterior assembly,https://www.openstreetmap.org/?mlat=33.4209&mlon=-111.934#map=18/33.4209/-111.934,OSM ODbL 1.0; USGS 3DEP US Government Public Domain (project metadata check required),https://www.openstreetmap.org/copyright ; https://www.usgs.gov/faqs/what-are-terms-uselicensing-map-services-and-data-national-map,"UNVERIFIED per-place coverage, object IDs, project/date and usable detail; route is a recommendation",UNVERIFIED: mixed-age architectural designs,ASSUMPTION: mixed class; no per-place registration or design-fixation search,https://www.copyright.gov/circs/circ41.pdf ; https://www.govinfo.gov/content/pkg/USCODE-2024-title17/html/USCODE-2024-title17-chap1-sec120.htm,"High: university names, seals, mascots and sponsor graphics",ASSUMPTION: risk triage; no comprehensive mark or trade-dress clearance,5,"ASSUMPTION: exterior style-B scope, not measured hours",73,3: remaining top-20 metros,CANDIDATE_PENDING_GEOMETRY_AND_RIGHTS_VERIFICATION,https://en.wikipedia.org/wiki/Arizona_State_University,,2026-10-07,Confirm OSM object IDs and geometry; select a dated 3DEP project and roof returns. Fix main-campus polygon and first 3-5 building scope; distinguish institution from site coordinates. Review architectural rights and strip marks/art before release.
LM077,Transamerica Pyramid,,San Francisco,San Francisco,13,tower,37.7952,-122.4028,Place search anchor; not surveyed control,VERIFIED source value: Wikipedia API; independent survey unverified,https://en.wikipedia.org/wiki/Transamerica_Pyramid,Pyramid and wing forms,OSM plan + 3DEP roof/height; hand-author spire and silhouette,https://www.openstreetmap.org/?mlat=37.7952&mlon=-122.4028#map=18/37.7952/-122.4028,OSM ODbL 1.0; USGS 3DEP US Government Public Domain (project metadata check required),https://www.openstreetmap.org/copyright ; https://www.usgs.gov/faqs/what-are-terms-uselicensing-map-services-and-data-national-map,"UNVERIFIED per-place coverage, object IDs, project/date and usable detail; route is a recommendation",UNVERIFIED: legacy design candidate,ASSUMPTION: legacy class; no per-place registration or design-fixation search,https://www.copyright.gov/circs/circ41.pdf ; https://www.govinfo.gov/content/pkg/USCODE-2024-title17/html/USCODE-2024-title17-chap1-sec120.htm,Medium: place/operator names and possible shape marks,ASSUMPTION: risk triage; no comprehensive mark or trade-dress clearance,3,"ASSUMPTION: exterior style-B scope, not measured hours",80,3: remaining top-20 metros,CANDIDATE_PENDING_GEOMETRY_AND_RIGHTS_VERIFICATION,https://en.wikipedia.org/wiki/Transamerica_Pyramid,,2026-10-07,Confirm OSM object IDs and geometry; select a dated 3DEP project and roof returns. Search shape marks and obtain advice for interactive 3D depiction. Review architectural rights and strip marks/art before release.
LM078,Oracle Park,,San Francisco,San Francisco,13,stadium,37.77861111,-122.38916667,Place search anchor; not surveyed control,VERIFIED source value: Wikipedia API; independent survey unverified,https://en.wikipedia.org/wiki/Oracle_Park,Waterfront ballpark,OSM boundary/footprint + 3DEP roof/bowl evidence; hand-author bowl,https://www.openstreetmap.org/?mlat=37.77861111&mlon=-122.38916667#map=18/37.77861111/-122.38916667,OSM ODbL 1.0; USGS 3DEP US Government Public Domain (project metadata check required),https://www.openstreetmap.org/copyright ; https://www.usgs.gov/faqs/what-are-terms-uselicensing-map-services-and-data-national-map,"UNVERIFIED per-place coverage, object IDs, project/date and usable detail; route is a recommendation",UNVERIFIED: likely protected architectural design,ASSUMPTION: modern class; no per-place registration or design-fixation search,https://www.copyright.gov/circs/circ41.pdf ; https://www.govinfo.gov/content/pkg/USCODE-2024-title17/html/USCODE-2024-title17-chap1-sec120.htm,"High: team, venue, naming-rights sponsor and ads",ASSUMPTION: risk triage; no comprehensive mark or trade-dress clearance,4,"ASSUMPTION: exterior style-B scope, not measured hours",81,3: remaining top-20 metros,CANDIDATE_PENDING_GEOMETRY_AND_RIGHTS_VERIFICATION,https://en.wikipedia.org/wiki/Oracle_Park,,2026-10-07,"Confirm OSM object IDs and geometry; select a dated 3DEP project and roof returns. Verify current venue name, remodel date and logo-free bowl/roof state. Review architectural rights and strip marks/art before release."
LM079,"University of California, Berkeley",,Berkeley,San Francisco,13,university,37.8719,-122.2583,Institution/campus search anchor; not a boundary,VERIFIED source value: Wikipedia API; independent survey unverified,https://en.wikipedia.org/wiki/University_of_California%2C_Berkeley,Main campus exterior; exclude art,OSM campus/building footprints + 3DEP roof heights; scoped exterior assembly,https://www.openstreetmap.org/?mlat=37.8719&mlon=-122.2583#map=18/37.8719/-122.2583,OSM ODbL 1.0; USGS 3DEP US Government Public Domain (project metadata check required),https://www.openstreetmap.org/copyright ; https://www.usgs.gov/faqs/what-are-terms-uselicensing-map-services-and-data-national-map,"UNVERIFIED per-place coverage, object IDs, project/date and usable detail; route is a recommendation",UNVERIFIED: mixed-age architectural designs,ASSUMPTION: mixed class; no per-place registration or design-fixation search,https://www.copyright.gov/circs/circ41.pdf ; https://www.govinfo.gov/content/pkg/USCODE-2024-title17/html/USCODE-2024-title17-chap1-sec120.htm,"High: university names, seals, mascots and sponsor graphics",ASSUMPTION: risk triage; no comprehensive mark or trade-dress clearance,5,"ASSUMPTION: exterior style-B scope, not measured hours",82,3: remaining top-20 metros,CANDIDATE_PENDING_GEOMETRY_AND_RIGHTS_VERIFICATION,https://en.wikipedia.org/wiki/University_of_California%2C_Berkeley,,2026-10-07,Confirm OSM object IDs and geometry; select a dated 3DEP project and roof returns. Fix main-campus polygon and first 3-5 building scope; distinguish institution from site coordinates. Review architectural rights and strip marks/art before release.
LM080,Golden Gate Bridge,,San Francisco,San Francisco,13,bridge,37.81972222,-122.47861111,Place search anchor; not surveyed control,VERIFIED source value: Wikipedia API; independent survey unverified,https://en.wikipedia.org/wiki/Golden_Gate_Bridge,Bridge and approaches; cable LOD; no commemorative artwork,OSM bridge alignment + 3DEP exposed structure; hand-author cable/tower LOD,https://www.openstreetmap.org/?mlat=37.81972222&mlon=-122.47861111#map=18/37.81972222/-122.47861111,OSM ODbL 1.0; USGS 3DEP US Government Public Domain (project metadata check required),https://www.openstreetmap.org/copyright ; https://www.usgs.gov/faqs/what-are-terms-uselicensing-map-services-and-data-national-map,"UNVERIFIED per-place coverage, object IDs, project/date and usable detail; route is a recommendation",UNVERIFIED: infrastructure and attachments,ASSUMPTION: infrastructure class; no per-place registration or design-fixation search,https://www.copyright.gov/circs/circ41.pdf ; https://www.govinfo.gov/content/pkg/USCODE-2024-title17/html/USCODE-2024-title17-chap1-sec120.htm,Medium: place/operator names and possible shape marks,ASSUMPTION: risk triage; no comprehensive mark or trade-dress clearance,5,"ASSUMPTION: exterior style-B scope, not measured hours",83,3: remaining top-20 metros,CANDIDATE_PENDING_GEOMETRY_AND_RIGHTS_VERIFICATION,https://en.wikipedia.org/wiki/Golden_Gate_Bridge,,2026-10-07,Confirm OSM object IDs and geometry; select a dated 3DEP project and roof returns. Review architectural rights and strip marks/art before release.
LM081,Comerica Park,,Detroit,Detroit,14,stadium,42.33916667,-83.04861111,Place search anchor; not surveyed control,VERIFIED source value: Wikipedia API; independent survey unverified,https://en.wikipedia.org/wiki/Comerica_Park,Ballpark shell; omit tiger sculptures,OSM boundary/footprint + 3DEP roof/bowl evidence; hand-author bowl,https://www.openstreetmap.org/?mlat=42.33916667&mlon=-83.04861111#map=18/42.33916667/-83.04861111,OSM ODbL 1.0; USGS 3DEP US Government Public Domain (project metadata check required),https://www.openstreetmap.org/copyright ; https://www.usgs.gov/faqs/what-are-terms-uselicensing-map-services-and-data-national-map,"UNVERIFIED per-place coverage, object IDs, project/date and usable detail; route is a recommendation",UNVERIFIED: likely protected architectural design,ASSUMPTION: modern class; no per-place registration or design-fixation search,https://www.copyright.gov/circs/circ41.pdf ; https://www.govinfo.gov/content/pkg/USCODE-2024-title17/html/USCODE-2024-title17-chap1-sec120.htm,"High: team, venue, naming-rights sponsor and ads",ASSUMPTION: risk triage; no comprehensive mark or trade-dress clearance,4,"ASSUMPTION: exterior style-B scope, not measured hours",84,3: remaining top-20 metros,CANDIDATE_PENDING_GEOMETRY_AND_RIGHTS_VERIFICATION,https://en.wikipedia.org/wiki/Comerica_Park,,2026-10-07,"Confirm OSM object IDs and geometry; select a dated 3DEP project and roof returns. Verify current venue name, remodel date and logo-free bowl/roof state. Review architectural rights and strip marks/art before release."
LM082,Renaissance Center,,Detroit,Detroit,14,downtown icon,42.3289,-83.0397,Place search anchor; not surveyed control,VERIFIED source value: Wikipedia API; independent survey unverified,https://en.wikipedia.org/wiki/Renaissance_Center,Tower group; verify demolition/redevelopment status,OSM building footprints + 3DEP roofs; assemble stepped massing,https://www.openstreetmap.org/?mlat=42.3289&mlon=-83.0397#map=18/42.3289/-83.0397,OSM ODbL 1.0; USGS 3DEP US Government Public Domain (project metadata check required),https://www.openstreetmap.org/copyright ; https://www.usgs.gov/faqs/what-are-terms-uselicensing-map-services-and-data-national-map,"UNVERIFIED per-place coverage, object IDs, project/date and usable detail; route is a recommendation",UNVERIFIED: legacy design candidate,ASSUMPTION: legacy class; no per-place registration or design-fixation search,https://www.copyright.gov/circs/circ41.pdf ; https://www.govinfo.gov/content/pkg/USCODE-2024-title17/html/USCODE-2024-title17-chap1-sec120.htm,Medium: place/operator names and possible shape marks,ASSUMPTION: risk triage; no comprehensive mark or trade-dress clearance,4,"ASSUMPTION: exterior style-B scope, not measured hours",85,3: remaining top-20 metros,CANDIDATE_PENDING_GEOMETRY_AND_RIGHTS_VERIFICATION,https://en.wikipedia.org/wiki/Renaissance_Center,https://detroitmi.gov/departments/planning-and-development-department/community-benefits-ordinance/current-cbo-engagements/renaissance-center-and-east-riverfront-projects,2026-10-07,Confirm OSM object IDs and geometry; select a dated 3DEP project and roof returns. Confirm current towers versus proposed redevelopment; version geometry by survey date. Review architectural rights and strip marks/art before release.
LM083,Wayne State University,,Detroit,Detroit,14,university,42.35734444,-83.07010556,Institution/campus search anchor; not a boundary,VERIFIED source value: Wikipedia API; independent survey unverified,https://en.wikipedia.org/wiki/Wayne_State_University,Main campus exterior,OSM campus/building footprints + 3DEP roof heights; scoped exterior assembly,https://www.openstreetmap.org/?mlat=42.35734444&mlon=-83.07010556#map=18/42.35734444/-83.07010556,OSM ODbL 1.0; USGS 3DEP US Government Public Domain (project metadata check required),https://www.openstreetmap.org/copyright ; https://www.usgs.gov/faqs/what-are-terms-uselicensing-map-services-and-data-national-map,"UNVERIFIED per-place coverage, object IDs, project/date and usable detail; route is a recommendation",UNVERIFIED: mixed-age architectural designs,ASSUMPTION: mixed class; no per-place registration or design-fixation search,https://www.copyright.gov/circs/circ41.pdf ; https://www.govinfo.gov/content/pkg/USCODE-2024-title17/html/USCODE-2024-title17-chap1-sec120.htm,"High: university names, seals, mascots and sponsor graphics",ASSUMPTION: risk triage; no comprehensive mark or trade-dress clearance,5,"ASSUMPTION: exterior style-B scope, not measured hours",86,3: remaining top-20 metros,CANDIDATE_PENDING_GEOMETRY_AND_RIGHTS_VERIFICATION,https://en.wikipedia.org/wiki/Wayne_State_University,,2026-10-07,Confirm OSM object IDs and geometry; select a dated 3DEP project and roof returns. Fix main-campus polygon and first 3-5 building scope; distinguish institution from site coordinates. Review architectural rights and strip marks/art before release.
LM084,Space Needle,,Seattle,Seattle,15,tower,47.6204,-122.3491,Place search anchor; not surveyed control,VERIFIED source value: Wikipedia API; independent survey unverified,https://en.wikipedia.org/wiki/Space_Needle,Tower silhouette; specific shape/trade-dress review,OSM plan + 3DEP roof/height; hand-author spire and silhouette,https://www.openstreetmap.org/?mlat=47.6204&mlon=-122.3491#map=18/47.6204/-122.3491,OSM ODbL 1.0; USGS 3DEP US Government Public Domain (project metadata check required),https://www.openstreetmap.org/copyright ; https://www.usgs.gov/faqs/what-are-terms-uselicensing-map-services-and-data-national-map,"UNVERIFIED per-place coverage, object IDs, project/date and usable detail; route is a recommendation",UNVERIFIED: legacy design candidate,ASSUMPTION: legacy class; no per-place registration or design-fixation search,https://www.copyright.gov/circs/circ41.pdf ; https://www.govinfo.gov/content/pkg/USCODE-2024-title17/html/USCODE-2024-title17-chap1-sec120.htm,High: distinctive silhouette/trade-dress check as well as names,ASSUMPTION: risk triage; no comprehensive mark or trade-dress clearance,4,"ASSUMPTION: exterior style-B scope, not measured hours",87,3: remaining top-20 metros,CANDIDATE_PENDING_GEOMETRY_AND_RIGHTS_VERIFICATION,https://en.wikipedia.org/wiki/Space_Needle,,2026-10-07,Confirm OSM object IDs and geometry; select a dated 3DEP project and roof returns. Search shape marks and obtain advice for interactive 3D depiction. Review architectural rights and strip marks/art before release.
LM085,T-Mobile Park,,Seattle,Seattle,15,stadium,47.591,-122.333,Place search anchor; not surveyed control,VERIFIED source value: Wikipedia API; independent survey unverified,https://en.wikipedia.org/wiki/T-Mobile_Park,Ballpark with roof; no sponsor signage,OSM boundary/footprint + 3DEP roof/bowl evidence; hand-author bowl,https://www.openstreetmap.org/?mlat=47.591&mlon=-122.333#map=18/47.591/-122.333,OSM ODbL 1.0; USGS 3DEP US Government Public Domain (project metadata check required),https://www.openstreetmap.org/copyright ; https://www.usgs.gov/faqs/what-are-terms-uselicensing-map-services-and-data-national-map,"UNVERIFIED per-place coverage, object IDs, project/date and usable detail; route is a recommendation",UNVERIFIED: likely protected architectural design,ASSUMPTION: modern class; no per-place registration or design-fixation search,https://www.copyright.gov/circs/circ41.pdf ; https://www.govinfo.gov/content/pkg/USCODE-2024-title17/html/USCODE-2024-title17-chap1-sec120.htm,"High: team, venue, naming-rights sponsor and ads",ASSUMPTION: risk triage; no comprehensive mark or trade-dress clearance,5,"ASSUMPTION: exterior style-B scope, not measured hours",88,3: remaining top-20 metros,CANDIDATE_PENDING_GEOMETRY_AND_RIGHTS_VERIFICATION,https://en.wikipedia.org/wiki/T-Mobile_Park,,2026-10-07,"Confirm OSM object IDs and geometry; select a dated 3DEP project and roof returns. Verify current venue name, remodel date and logo-free bowl/roof state. Freeze roof pose and capture date. Review architectural rights and strip marks/art before release."
LM086,University of Washington,,Seattle,Seattle,15,university,47.6542,-122.3081,Institution/campus search anchor; not a boundary,VERIFIED source value: Wikipedia API; independent survey unverified,https://en.wikipedia.org/wiki/University_of_Washington,Seattle main campus exterior,OSM campus/building footprints + 3DEP roof heights; scoped exterior assembly,https://www.openstreetmap.org/?mlat=47.6542&mlon=-122.3081#map=18/47.6542/-122.3081,OSM ODbL 1.0; USGS 3DEP US Government Public Domain (project metadata check required),https://www.openstreetmap.org/copyright ; https://www.usgs.gov/faqs/what-are-terms-uselicensing-map-services-and-data-national-map,"UNVERIFIED per-place coverage, object IDs, project/date and usable detail; route is a recommendation",UNVERIFIED: mixed-age architectural designs,ASSUMPTION: mixed class; no per-place registration or design-fixation search,https://www.copyright.gov/circs/circ41.pdf ; https://www.govinfo.gov/content/pkg/USCODE-2024-title17/html/USCODE-2024-title17-chap1-sec120.htm,"High: university names, seals, mascots and sponsor graphics",ASSUMPTION: risk triage; no comprehensive mark or trade-dress clearance,5,"ASSUMPTION: exterior style-B scope, not measured hours",89,3: remaining top-20 metros,CANDIDATE_PENDING_GEOMETRY_AND_RIGHTS_VERIFICATION,https://en.wikipedia.org/wiki/University_of_Washington,,2026-10-07,Confirm OSM object IDs and geometry; select a dated 3DEP project and roof returns. Fix main-campus polygon and first 3-5 building scope; distinguish institution from site coordinates. Review architectural rights and strip marks/art before release.
LM087,U.S. Bank Stadium,,Minneapolis,Minneapolis,16,stadium,44.974,-93.258,Place search anchor; not surveyed control,VERIFIED source value: Wikipedia API; independent survey unverified,https://en.wikipedia.org/wiki/U.S._Bank_Stadium,Angular stadium and glazed roof,OSM boundary/footprint + 3DEP roof/bowl evidence; hand-author bowl,https://www.openstreetmap.org/?mlat=44.974&mlon=-93.258#map=18/44.974/-93.258,OSM ODbL 1.0; USGS 3DEP US Government Public Domain (project metadata check required),https://www.openstreetmap.org/copyright ; https://www.usgs.gov/faqs/what-are-terms-uselicensing-map-services-and-data-national-map,"UNVERIFIED per-place coverage, object IDs, project/date and usable detail; route is a recommendation",UNVERIFIED: likely protected architectural design,ASSUMPTION: modern class; no per-place registration or design-fixation search,https://www.copyright.gov/circs/circ41.pdf ; https://www.govinfo.gov/content/pkg/USCODE-2024-title17/html/USCODE-2024-title17-chap1-sec120.htm,"High: team, venue, naming-rights sponsor and ads",ASSUMPTION: risk triage; no comprehensive mark or trade-dress clearance,5,"ASSUMPTION: exterior style-B scope, not measured hours",91,3: remaining top-20 metros,CANDIDATE_PENDING_GEOMETRY_AND_RIGHTS_VERIFICATION,https://en.wikipedia.org/wiki/U.S._Bank_Stadium,,2026-10-07,"Confirm OSM object IDs and geometry; select a dated 3DEP project and roof returns. Verify current venue name, remodel date and logo-free bowl/roof state. Freeze roof pose and capture date. Review architectural rights and strip marks/art before release."
LM088,University of Minnesota,,Minneapolis,Minneapolis,16,university,44.975,-93.23527778,Institution/campus search anchor; not a boundary,VERIFIED source value: Wikipedia API; independent survey unverified,https://en.wikipedia.org/wiki/University_of_Minnesota,Twin Cities east/west-bank campus exterior; Saint Paul campus separate,OSM campus/building footprints + 3DEP roof heights; scoped exterior assembly,https://www.openstreetmap.org/?mlat=44.975&mlon=-93.23527778#map=18/44.975/-93.23527778,OSM ODbL 1.0; USGS 3DEP US Government Public Domain (project metadata check required),https://www.openstreetmap.org/copyright ; https://www.usgs.gov/faqs/what-are-terms-uselicensing-map-services-and-data-national-map,"UNVERIFIED per-place coverage, object IDs, project/date and usable detail; route is a recommendation",UNVERIFIED: mixed-age architectural designs,ASSUMPTION: mixed class; no per-place registration or design-fixation search,https://www.copyright.gov/circs/circ41.pdf ; https://www.govinfo.gov/content/pkg/USCODE-2024-title17/html/USCODE-2024-title17-chap1-sec120.htm,"High: university names, seals, mascots and sponsor graphics",ASSUMPTION: risk triage; no comprehensive mark or trade-dress clearance,5,"ASSUMPTION: exterior style-B scope, not measured hours",92,3: remaining top-20 metros,CANDIDATE_PENDING_GEOMETRY_AND_RIGHTS_VERIFICATION,https://en.wikipedia.org/wiki/University_of_Minnesota,,2026-10-07,Confirm OSM object IDs and geometry; select a dated 3DEP project and roof returns. Fix main-campus polygon and first 3-5 building scope; distinguish institution from site coordinates. Do not use institution-level point as campus centroid; delimit Minneapolis banks separately. Review architectural rights and strip marks/art before release.
LM089,Foshay Tower,,Minneapolis,Minneapolis,16,historic tower,44.97444444,-93.27152778,Place search anchor; not surveyed control,VERIFIED source value: Wikipedia API; independent survey unverified,https://en.wikipedia.org/wiki/Foshay_Tower,Obelisk tower and base; no rooftop brand text,OSM plan + 3DEP height; hand-author clock/crown,https://www.openstreetmap.org/?mlat=44.97444444&mlon=-93.27152778#map=18/44.97444444/-93.27152778,OSM ODbL 1.0; USGS 3DEP US Government Public Domain (project metadata check required),https://www.openstreetmap.org/copyright ; https://www.usgs.gov/faqs/what-are-terms-uselicensing-map-services-and-data-national-map,"UNVERIFIED per-place coverage, object IDs, project/date and usable detail; route is a recommendation",UNVERIFIED: legacy design candidate,ASSUMPTION: legacy class; no per-place registration or design-fixation search,https://www.copyright.gov/circs/circ41.pdf ; https://www.govinfo.gov/content/pkg/USCODE-2024-title17/html/USCODE-2024-title17-chap1-sec120.htm,Medium: place/operator names and possible shape marks,ASSUMPTION: risk triage; no comprehensive mark or trade-dress clearance,3,"ASSUMPTION: exterior style-B scope, not measured hours",90,3: remaining top-20 metros,CANDIDATE_PENDING_GEOMETRY_AND_RIGHTS_VERIFICATION,https://en.wikipedia.org/wiki/Foshay_Tower,,2026-10-07,Confirm OSM object IDs and geometry; select a dated 3DEP project and roof returns. Freeze roof pose and capture date. Review architectural rights and strip marks/art before release.
LM090,Raymond James Stadium,,Tampa,Tampa,17,stadium,27.97583333,-82.50333333,Place search anchor; not surveyed control,VERIFIED source value: Wikipedia API; independent survey unverified,https://en.wikipedia.org/wiki/Raymond_James_Stadium,Stadium shell; exclude themed ship and brands,OSM boundary/footprint + 3DEP roof/bowl evidence; hand-author bowl,https://www.openstreetmap.org/?mlat=27.97583333&mlon=-82.50333333#map=18/27.97583333/-82.50333333,OSM ODbL 1.0; USGS 3DEP US Government Public Domain (project metadata check required),https://www.openstreetmap.org/copyright ; https://www.usgs.gov/faqs/what-are-terms-uselicensing-map-services-and-data-national-map,"UNVERIFIED per-place coverage, object IDs, project/date and usable detail; route is a recommendation",UNVERIFIED: likely protected architectural design,ASSUMPTION: modern class; no per-place registration or design-fixation search,https://www.copyright.gov/circs/circ41.pdf ; https://www.govinfo.gov/content/pkg/USCODE-2024-title17/html/USCODE-2024-title17-chap1-sec120.htm,"High: team, venue, naming-rights sponsor and ads",ASSUMPTION: risk triage; no comprehensive mark or trade-dress clearance,4,"ASSUMPTION: exterior style-B scope, not measured hours",93,3: remaining top-20 metros,CANDIDATE_PENDING_GEOMETRY_AND_RIGHTS_VERIFICATION,https://en.wikipedia.org/wiki/Raymond_James_Stadium,,2026-10-07,"Confirm OSM object IDs and geometry; select a dated 3DEP project and roof returns. Verify current venue name, remodel date and logo-free bowl/roof state. Review architectural rights and strip marks/art before release."
LM091,University of South Florida,,Tampa,Tampa,17,university,28.05456111,-82.41305833,Institution/campus search anchor; not a boundary,VERIFIED source value: Wikipedia API; independent survey unverified,https://en.wikipedia.org/wiki/University_of_South_Florida,Tampa campus exterior,OSM campus/building footprints + 3DEP roof heights; scoped exterior assembly,https://www.openstreetmap.org/?mlat=28.05456111&mlon=-82.41305833#map=18/28.05456111/-82.41305833,OSM ODbL 1.0; USGS 3DEP US Government Public Domain (project metadata check required),https://www.openstreetmap.org/copyright ; https://www.usgs.gov/faqs/what-are-terms-uselicensing-map-services-and-data-national-map,"UNVERIFIED per-place coverage, object IDs, project/date and usable detail; route is a recommendation",UNVERIFIED: mixed-age architectural designs,ASSUMPTION: mixed class; no per-place registration or design-fixation search,https://www.copyright.gov/circs/circ41.pdf ; https://www.govinfo.gov/content/pkg/USCODE-2024-title17/html/USCODE-2024-title17-chap1-sec120.htm,"High: university names, seals, mascots and sponsor graphics",ASSUMPTION: risk triage; no comprehensive mark or trade-dress clearance,5,"ASSUMPTION: exterior style-B scope, not measured hours",94,3: remaining top-20 metros,CANDIDATE_PENDING_GEOMETRY_AND_RIGHTS_VERIFICATION,https://en.wikipedia.org/wiki/University_of_South_Florida,,2026-10-07,Confirm OSM object IDs and geometry; select a dated 3DEP project and roof returns. Fix main-campus polygon and first 3-5 building scope; distinguish institution from site coordinates. Review architectural rights and strip marks/art before release.
LM092,Petco Park,,San Diego,San Diego,18,stadium,32.7073,-117.1566,Place search anchor; not surveyed control,VERIFIED source value: Wikipedia API; independent survey unverified,https://en.wikipedia.org/wiki/Petco_Park,Ballpark shell and historic warehouse,OSM boundary/footprint + 3DEP roof/bowl evidence; hand-author bowl,https://www.openstreetmap.org/?mlat=32.7073&mlon=-117.1566#map=18/32.7073/-117.1566,OSM ODbL 1.0; USGS 3DEP US Government Public Domain (project metadata check required),https://www.openstreetmap.org/copyright ; https://www.usgs.gov/faqs/what-are-terms-uselicensing-map-services-and-data-national-map,"UNVERIFIED per-place coverage, object IDs, project/date and usable detail; route is a recommendation",UNVERIFIED: mixed-age architectural designs,ASSUMPTION: mixed class; no per-place registration or design-fixation search,https://www.copyright.gov/circs/circ41.pdf ; https://www.govinfo.gov/content/pkg/USCODE-2024-title17/html/USCODE-2024-title17-chap1-sec120.htm,"High: team, venue, naming-rights sponsor and ads",ASSUMPTION: risk triage; no comprehensive mark or trade-dress clearance,4,"ASSUMPTION: exterior style-B scope, not measured hours",95,3: remaining top-20 metros,CANDIDATE_PENDING_GEOMETRY_AND_RIGHTS_VERIFICATION,https://en.wikipedia.org/wiki/Petco_Park,,2026-10-07,"Confirm OSM object IDs and geometry; select a dated 3DEP project and roof returns. Verify current venue name, remodel date and logo-free bowl/roof state. Review architectural rights and strip marks/art before release."
LM093,"University of California, San Diego",,San Diego,San Diego,18,university,32.8801,-117.234,Institution/campus search anchor; not a boundary,VERIFIED source value: Wikipedia API; independent survey unverified,https://en.wikipedia.org/wiki/University_of_California%2C_San_Diego,Main campus exterior including library; exclude art,OSM campus/building footprints + 3DEP roof heights; scoped exterior assembly,https://www.openstreetmap.org/?mlat=32.8801&mlon=-117.234#map=18/32.8801/-117.234,OSM ODbL 1.0; USGS 3DEP US Government Public Domain (project metadata check required),https://www.openstreetmap.org/copyright ; https://www.usgs.gov/faqs/what-are-terms-uselicensing-map-services-and-data-national-map,"UNVERIFIED per-place coverage, object IDs, project/date and usable detail; route is a recommendation",UNVERIFIED: mixed-age architectural designs,ASSUMPTION: mixed class; no per-place registration or design-fixation search,https://www.copyright.gov/circs/circ41.pdf ; https://www.govinfo.gov/content/pkg/USCODE-2024-title17/html/USCODE-2024-title17-chap1-sec120.htm,"High: university names, seals, mascots and sponsor graphics",ASSUMPTION: risk triage; no comprehensive mark or trade-dress clearance,5,"ASSUMPTION: exterior style-B scope, not measured hours",96,3: remaining top-20 metros,CANDIDATE_PENDING_GEOMETRY_AND_RIGHTS_VERIFICATION,https://en.wikipedia.org/wiki/University_of_California%2C_San_Diego,,2026-10-07,Confirm OSM object IDs and geometry; select a dated 3DEP project and roof returns. Fix main-campus polygon and first 3-5 building scope; distinguish institution from site coordinates. Review architectural rights and strip marks/art before release.
LM094,Camping World Stadium,,Orlando,Orlando,20,stadium,28.53888889,-81.40277778,Place search anchor; not surveyed control,VERIFIED source value: Wikipedia API; independent survey unverified,https://en.wikipedia.org/wiki/Camping_World_Stadium,Stadium shell; mixed-age remodels,OSM boundary/footprint + 3DEP roof/bowl evidence; hand-author bowl,https://www.openstreetmap.org/?mlat=28.53888889&mlon=-81.40277778#map=18/28.53888889/-81.40277778,OSM ODbL 1.0; USGS 3DEP US Government Public Domain (project metadata check required),https://www.openstreetmap.org/copyright ; https://www.usgs.gov/faqs/what-are-terms-uselicensing-map-services-and-data-national-map,"UNVERIFIED per-place coverage, object IDs, project/date and usable detail; route is a recommendation",UNVERIFIED: mixed-age architectural designs,ASSUMPTION: mixed class; no per-place registration or design-fixation search,https://www.copyright.gov/circs/circ41.pdf ; https://www.govinfo.gov/content/pkg/USCODE-2024-title17/html/USCODE-2024-title17-chap1-sec120.htm,"High: team, venue, naming-rights sponsor and ads",ASSUMPTION: risk triage; no comprehensive mark or trade-dress clearance,4,"ASSUMPTION: exterior style-B scope, not measured hours",97,3: remaining top-20 metros,CANDIDATE_PENDING_GEOMETRY_AND_RIGHTS_VERIFICATION,https://en.wikipedia.org/wiki/Camping_World_Stadium,,2026-10-07,"Confirm OSM object IDs and geometry; select a dated 3DEP project and roof returns. Verify current venue name, remodel date and logo-free bowl/roof state. Review architectural rights and strip marks/art before release."
LM095,University of Central Florida,,Orlando,Orlando,20,university,28.6016,-81.2005,Institution/campus search anchor; not a boundary,VERIFIED source value: Wikipedia API; independent survey unverified,https://en.wikipedia.org/wiki/University_of_Central_Florida,Main campus exterior,OSM campus/building footprints + 3DEP roof heights; scoped exterior assembly,https://www.openstreetmap.org/?mlat=28.6016&mlon=-81.2005#map=18/28.6016/-81.2005,OSM ODbL 1.0; USGS 3DEP US Government Public Domain (project metadata check required),https://www.openstreetmap.org/copyright ; https://www.usgs.gov/faqs/what-are-terms-uselicensing-map-services-and-data-national-map,"UNVERIFIED per-place coverage, object IDs, project/date and usable detail; route is a recommendation",UNVERIFIED: mixed-age architectural designs,ASSUMPTION: mixed class; no per-place registration or design-fixation search,https://www.copyright.gov/circs/circ41.pdf ; https://www.govinfo.gov/content/pkg/USCODE-2024-title17/html/USCODE-2024-title17-chap1-sec120.htm,"High: university names, seals, mascots and sponsor graphics",ASSUMPTION: risk triage; no comprehensive mark or trade-dress clearance,5,"ASSUMPTION: exterior style-B scope, not measured hours",98,3: remaining top-20 metros,CANDIDATE_PENDING_GEOMETRY_AND_RIGHTS_VERIFICATION,https://en.wikipedia.org/wiki/University_of_Central_Florida,,2026-10-07,Confirm OSM object IDs and geometry; select a dated 3DEP project and roof returns. Fix main-campus polygon and first 3-5 building scope; distinguish institution from site coordinates. Review architectural rights and strip marks/art before release.
LM096,Madison Square Garden,,New York,New York,1,arena,40.75055556,-73.99361111,Place search anchor; not surveyed control,VERIFIED source value: Wikipedia API; independent survey unverified,https://en.wikipedia.org/wiki/Madison_Square_Garden,Arena drum and podium; no brands,OSM footprint + 3DEP roof; hand-author shell,https://www.openstreetmap.org/?mlat=40.75055556&mlon=-73.99361111#map=18/40.75055556/-73.99361111,OSM ODbL 1.0; USGS 3DEP US Government Public Domain (project metadata check required),https://www.openstreetmap.org/copyright ; https://www.usgs.gov/faqs/what-are-terms-uselicensing-map-services-and-data-national-map,"UNVERIFIED per-place coverage, object IDs, project/date and usable detail; route is a recommendation",UNVERIFIED: legacy design candidate,ASSUMPTION: legacy class; no per-place registration or design-fixation search,https://www.copyright.gov/circs/circ41.pdf ; https://www.govinfo.gov/content/pkg/USCODE-2024-title17/html/USCODE-2024-title17-chap1-sec120.htm,"High: team, venue, naming-rights sponsor and ads",ASSUMPTION: risk triage; no comprehensive mark or trade-dress clearance,4,"ASSUMPTION: exterior style-B scope, not measured hours",46,3: remaining top-20 metros,CANDIDATE_PENDING_GEOMETRY_AND_RIGHTS_VERIFICATION,https://en.wikipedia.org/wiki/Madison_Square_Garden,,2026-10-07,"Confirm OSM object IDs and geometry; select a dated 3DEP project and roof returns. Verify current venue name, remodel date and logo-free bowl/roof state. Compare NYC 2014 model only after dataset reuse terms are confirmed. Review architectural rights and strip marks/art before release."
LM097,University of Southern California,,Los Angeles,Los Angeles,2,university,34.0206,-118.2848,Institution/campus search anchor; not a boundary,VERIFIED source value: Wikipedia API; independent survey unverified,https://en.wikipedia.org/wiki/University_of_Southern_California,University Park campus exterior,OSM campus/building footprints + 3DEP roof heights; scoped exterior assembly,https://www.openstreetmap.org/?mlat=34.0206&mlon=-118.2848#map=18/34.0206/-118.2848,OSM ODbL 1.0; USGS 3DEP US Government Public Domain (project metadata check required),https://www.openstreetmap.org/copyright ; https://www.usgs.gov/faqs/what-are-terms-uselicensing-map-services-and-data-national-map,"UNVERIFIED per-place coverage, object IDs, project/date and usable detail; route is a recommendation",UNVERIFIED: mixed-age architectural designs,ASSUMPTION: mixed class; no per-place registration or design-fixation search,https://www.copyright.gov/circs/circ41.pdf ; https://www.govinfo.gov/content/pkg/USCODE-2024-title17/html/USCODE-2024-title17-chap1-sec120.htm,"High: university names, seals, mascots and sponsor graphics",ASSUMPTION: risk triage; no comprehensive mark or trade-dress clearance,5,"ASSUMPTION: exterior style-B scope, not measured hours",53,3: remaining top-20 metros,CANDIDATE_PENDING_GEOMETRY_AND_RIGHTS_VERIFICATION,https://en.wikipedia.org/wiki/University_of_Southern_California,,2026-10-07,Confirm OSM object IDs and geometry; select a dated 3DEP project and roof returns. Fix main-campus polygon and first 3-5 building scope; distinguish institution from site coordinates. Review architectural rights and strip marks/art before release.
LM098,Truist Park,,Cumberland,Atlanta,6,stadium,33.89,-84.468,Place search anchor; not surveyed control,VERIFIED source value: Wikipedia API; independent survey unverified,https://en.wikipedia.org/wiki/Truist_Park,Ballpark shell and bowl; no team or sponsor graphics,OSM boundary/footprint + 3DEP roof/bowl evidence; hand-author bowl,https://www.openstreetmap.org/?mlat=33.89&mlon=-84.468#map=18/33.89/-84.468,OSM ODbL 1.0; USGS 3DEP US Government Public Domain (project metadata check required),https://www.openstreetmap.org/copyright ; https://www.usgs.gov/faqs/what-are-terms-uselicensing-map-services-and-data-national-map,"UNVERIFIED per-place coverage, object IDs, project/date and usable detail; route is a recommendation",UNVERIFIED: likely protected architectural design,ASSUMPTION: modern class; no per-place registration or design-fixation search,https://www.copyright.gov/circs/circ41.pdf ; https://www.govinfo.gov/content/pkg/USCODE-2024-title17/html/USCODE-2024-title17-chap1-sec120.htm,"High: team, venue, naming-rights sponsor and ads",ASSUMPTION: risk triage; no comprehensive mark or trade-dress clearance,4,"ASSUMPTION: exterior style-B scope, not measured hours",62,3: remaining top-20 metros,CANDIDATE_PENDING_GEOMETRY_AND_RIGHTS_VERIFICATION,https://en.wikipedia.org/wiki/Truist_Park,,2026-10-07,"Confirm OSM object IDs and geometry; select a dated 3DEP project and roof returns. Verify current venue name, remodel date and logo-free bowl/roof state. Review architectural rights and strip marks/art before release."
LM099,The Mission Inn Hotel & Spa,Mission Inn,Riverside,Riverside–San Bernardino,12,historic hotel,33.98333333,-117.37277778,Place search anchor; not surveyed control,VERIFIED source value: Wikipedia API; independent survey unverified,https://en.wikipedia.org/wiki/The_Mission_Inn_Hotel_%26_Spa,Historic exterior complex; omit sculpture and decorative artworks,OSM footprint + 3DEP roof; irregular shell and courtyards,https://www.openstreetmap.org/?mlat=33.98333333&mlon=-117.37277778#map=18/33.98333333/-117.37277778,OSM ODbL 1.0; USGS 3DEP US Government Public Domain (project metadata check required),https://www.openstreetmap.org/copyright ; https://www.usgs.gov/faqs/what-are-terms-uselicensing-map-services-and-data-national-map,"UNVERIFIED per-place coverage, object IDs, project/date and usable detail; route is a recommendation",UNVERIFIED: mixed-age architectural designs,ASSUMPTION: mixed class; no per-place registration or design-fixation search,https://www.copyright.gov/circs/circ41.pdf ; https://www.govinfo.gov/content/pkg/USCODE-2024-title17/html/USCODE-2024-title17-chap1-sec120.htm,High: operator/store brands and signs,ASSUMPTION: risk triage; no comprehensive mark or trade-dress clearance,5,"ASSUMPTION: exterior style-B scope, not measured hours",78,3: remaining top-20 metros,CANDIDATE_PENDING_GEOMETRY_AND_RIGHTS_VERIFICATION,https://en.wikipedia.org/wiki/The_Mission_Inn_Hotel_%26_Spa,,2026-10-07,Confirm OSM object IDs and geometry; select a dated 3DEP project and roof returns. Review architectural rights and strip marks/art before release.
LM100,"University of California, Riverside",,Riverside,Riverside–San Bernardino,12,university,33.97555556,-117.33111111,Institution/campus search anchor; not a boundary,VERIFIED source value: Wikipedia API; independent survey unverified,https://en.wikipedia.org/wiki/University_of_California%2C_Riverside,Main campus exterior; exclude public art,OSM campus/building footprints + 3DEP roof heights; scoped exterior assembly,https://www.openstreetmap.org/?mlat=33.97555556&mlon=-117.33111111#map=18/33.97555556/-117.33111111,OSM ODbL 1.0; USGS 3DEP US Government Public Domain (project metadata check required),https://www.openstreetmap.org/copyright ; https://www.usgs.gov/faqs/what-are-terms-uselicensing-map-services-and-data-national-map,"UNVERIFIED per-place coverage, object IDs, project/date and usable detail; route is a recommendation",UNVERIFIED: mixed-age architectural designs,ASSUMPTION: mixed class; no per-place registration or design-fixation search,https://www.copyright.gov/circs/circ41.pdf ; https://www.govinfo.gov/content/pkg/USCODE-2024-title17/html/USCODE-2024-title17-chap1-sec120.htm,"High: university names, seals, mascots and sponsor graphics",ASSUMPTION: risk triage; no comprehensive mark or trade-dress clearance,5,"ASSUMPTION: exterior style-B scope, not measured hours",79,3: remaining top-20 metros,CANDIDATE_PENDING_GEOMETRY_AND_RIGHTS_VERIFICATION,https://en.wikipedia.org/wiki/University_of_California%2C_Riverside,,2026-10-07,Confirm OSM object IDs and geometry; select a dated 3DEP project and roof returns. Fix main-campus polygon and first 3-5 building scope; distinguish institution from site coordinates. Review architectural rights and strip marks/art before release.
