metro,house_type,era,share_estimate,generator_weight_pct,storeys,roof_form,roof_pitch_deg_proposal,materials,facade_hex_proposal,roof_hex_proposal,porch_stoop,setback_m_proposal,lot_width_m_proposal,garage_alley,detection_rule,detection_data_url,detection_licence,evidence_urls,evidence_status,region,msa_rank_2025,cbsa_code,msa_population_2025,population_source_url,controls_status,source_scope,checked_date,metro_style_share_estimate
Chicago,Chicago brick bungalow,1910–mid1930s,Metro unverified;nearly1/3 Chicago CITY single-family stock per CBA,30,1.5 above full basement,low hip,18–28,brick,#955C46;#82634F;#B67550;#C1A56E,#56524B,raised porch; occasional side entrance,3–6,7.62 published standard lot,rear garage conditional on mapped alley,"Proposed: combine verified building age, footprint aspect/geometry, storeys, roof tags and mapped garage access. Style remains probabilistic; missing tags are not negative evidence.",https://datacatalog.cookcountyil.gov/stories/s/Assessor-2025-Open-Data-Refresh/gzdr-q7c4/,Item-specific commercial redistribution rights unclear; OSM inputs require ODbL compliance,https://www.chicagobungalow.org/chicago-bungalow,"Type presence sourced; weights, pitch, setback, most lot widths and hex colours are proposed generator defaults",Midwest,3,16980,9434123,https://www2.census.gov/programs-surveys/popest/datasets/2020-2025/metro/totals/cbsa-est2025-alldata.csv,"All weights, numeric default dimensions, roof pitches, spacing and hex values are proposals unless explicitly marked sourced; observed geometry overrides",City/district examples and standards establish local forms only; full-MSA distributions unverified,2026-10-07,unverified; no representative MSA architectural-style denominator established
Chicago,Brick two-/three-flat,late19th–early20th century,Metro prevalence unverified,25,2–3 full floors,flat/parapet; earlier gable,0–4,brick/frame variants,#92513E;#B09373,#56524B,raised entry/front bay,1–4,7.6–10,rear access conditional,"Proposed: combine verified building age, footprint aspect/geometry, storeys, roof tags and mapped garage access. Style remains probabilistic; missing tags are not negative evidence.",https://datacatalog.cookcountyil.gov/stories/s/Assessor-2025-Open-Data-Refresh/gzdr-q7c4/,Item-specific commercial redistribution rights unclear; OSM inputs require ODbL compliance,https://workerscottage.org/twoflats.html,"Type presence sourced; weights, pitch, setback, most lot widths and hex colours are proposed generator defaults",Midwest,3,16980,9434123,https://www2.census.gov/programs-surveys/popest/datasets/2020-2025/metro/totals/cbsa-est2025-alldata.csv,"All weights, numeric default dimensions, roof pitches, spacing and hex values are proposals unless explicitly marked sourced; observed geometry overrides",City/district examples and standards establish local forms only; full-MSA distributions unverified,2026-10-07,unverified; no representative MSA architectural-style denominator established
Chicago,Worker's cottage,1880s–1910s,Metro prevalence unverified,15,usually1.5,front gable,32–45,wood or brick,#AEB8B1;#C9C1AD;#955544,#56524B,offset entry/stoop,1–4,7.62 published standard lot,rear access conditional,"Proposed: combine verified building age, footprint aspect/geometry, storeys, roof tags and mapped garage access. Style remains probabilistic; missing tags are not negative evidence.",https://datacatalog.cookcountyil.gov/stories/s/Assessor-2025-Open-Data-Refresh/gzdr-q7c4/,Item-specific commercial redistribution rights unclear; OSM inputs require ODbL compliance,https://www.workerscottage.org/WCIdentification.pdf,"Type presence sourced; weights, pitch, setback, most lot widths and hex colours are proposed generator defaults",Midwest,3,16980,9434123,https://www2.census.gov/programs-surveys/popest/datasets/2020-2025/metro/totals/cbsa-est2025-alldata.csv,"All weights, numeric default dimensions, roof pitches, spacing and hex values are proposals unless explicitly marked sourced; observed geometry overrides",City/district examples and standards establish local forms only; full-MSA distributions unverified,2026-10-07,unverified; no representative MSA architectural-style denominator established
Chicago,American Foursquare,1900–1930,Metro prevalence unverified,10,2–2.5 proposed,hip proposed,25–38,wood/stucco/brick proposed,#D3C6AB;#ADA68A;#895A48,#56524B,broad porch proposed,4–8,10–15,rear/side access conditional,"Proposed: combine verified building age, footprint aspect/geometry, storeys, roof tags and mapped garage access. Style remains probabilistic; missing tags are not negative evidence.",https://datacatalog.cookcountyil.gov/stories/s/Assessor-2025-Open-Data-Refresh/gzdr-q7c4/,Item-specific commercial redistribution rights unclear; OSM inputs require ODbL compliance,https://webapps1.chicago.gov/landmarksweb/web/styledetails.htm?styId=190,"Type presence sourced; weights, pitch, setback, most lot widths and hex colours are proposed generator defaults",Midwest,3,16980,9434123,https://www2.census.gov/programs-surveys/popest/datasets/2020-2025/metro/totals/cbsa-est2025-alldata.csv,"All weights, numeric default dimensions, roof pitches, spacing and hex values are proposals unless explicitly marked sourced; observed geometry overrides",City/district examples and standards establish local forms only; full-MSA distributions unverified,2026-10-07,unverified; no representative MSA architectural-style denominator established
Chicago,Postwar ranch / split-level,1945–1980 proposed,Metro prevalence unverified,20,1–2 proposed,low side gable/hip proposed,14–25,brick/siding proposed,#A8785C;#C4B9A3,#56524B,small landing proposed,6–12,15–25,front drive/attached garage proposed,"Proposed: combine verified building age, footprint aspect/geometry, storeys, roof tags and mapped garage access. Style remains probabilistic; missing tags are not negative evidence.",https://datacatalog.cookcountyil.gov/stories/s/Assessor-2025-Open-Data-Refresh/gzdr-q7c4/,Item-specific commercial redistribution rights unclear; OSM inputs require ODbL compliance,https://www.chicagohistory.org/chicagos-bungalows/,"Type presence sourced; weights, pitch, setback, most lot widths and hex colours are proposed generator defaults",Midwest,3,16980,9434123,https://www2.census.gov/programs-surveys/popest/datasets/2020-2025/metro/totals/cbsa-est2025-alldata.csv,"All weights, numeric default dimensions, roof pitches, spacing and hex values are proposals unless explicitly marked sourced; observed geometry overrides",City/district examples and standards establish local forms only; full-MSA distributions unverified,2026-10-07,unverified; no representative MSA architectural-style denominator established
Denver,Denver Square / American Foursquare,1900–1930,unverified: no representative metro style denominator,15,2,hip / pyramidal; optional central dormer,25–35,Often yellow brick; district examples also red brick,#B59865;#925F48,#625F59,Broad front porch; proposed depth2–3m,5–8,12–18,Mapped alley/rear accessory garage; no universal rear-garage assumption,Proposed candidate rule: Age1900–1930 +2levels +aspect0.8–1.25; hipped tag strengthens; age alone insufficient,https://opendata-geospatialdenver.hub.arcgis.com/?q=property,Denver catalog CC BY3.0: credit City of Denver Open Data Catalog/link licence; actual year-built schema and suburban county rights unverified,https://news.ucdenver.edu/what-is-a-denver-square/ | https://www.denvergov.org/files/assets/public/v/2/community-planning-and-development/documents/landmark-preservation/design-review-and-guidelines/character_defining_features-cover.pdf,D1 supports era/storeys/roof/porch/yellow brick; district D2 red brick. Other numbers and colours proposed.,Mountain West,19,19740,3092037,https://www2.census.gov/programs-surveys/popest/datasets/2020-2025/metro/totals/cbsa-est2025-alldata.csv,"All weights, numeric default dimensions, roof pitches, spacing and hex values are proposals unless explicitly marked sourced; observed geometry overrides",City/district examples and standards establish local forms only; full-MSA distributions unverified,2026-10-07,unverified; no representative MSA architectural-style denominator established
Denver,Craftsman bungalow,Early twentieth century; proposed detection1900–1935,unverified: no representative metro style denominator,20,1–1.5; overlay accommodates1–2,low gable,18–28,Masonry or wood clapboard,#9A6650;#B9A88B;#CAC4AC,#67645B,Open porch; raised foundation,5–8,12–18,Mapped rear garage/alley; preserve actual layout,Proposed candidate rule: Early age +low levels +gable +compact rectangle; porch/eave survey needed,https://opendata-geospatialdenver.hub.arcgis.com/?q=property,Denver catalog CC BY3.0: credit City of Denver Open Data Catalog/link licence; actual year-built schema and suburban county rights unverified,https://denvergov.org/files/assets/public/v/1/community-planning-and-development/documents/planning/projects/southwest-area-plan/southwest_area_plan_draft_1_public_review.pdf | https://denvergov.org/files/assets/public/v/11/community-planning-and-development/documents/zoning/denver-zoning-code/denver_zoning_code_article9_special_districts.pdf,Municipal draft/overlay support form; dimensions/hex/weights proposed; overlay not blanket style label.,Mountain West,19,19740,3092037,https://www2.census.gov/programs-surveys/popest/datasets/2020-2025/metro/totals/cbsa-est2025-alldata.csv,"All weights, numeric default dimensions, roof pitches, spacing and hex values are proposals unless explicitly marked sourced; observed geometry overrides",City/district examples and standards establish local forms only; full-MSA distributions unverified,2026-10-07,unverified; no representative MSA architectural-style denominator established
Denver,Minimal Traditional,Around WWII; proposed detection1930–1955,unverified: no representative metro style denominator,15,1,low gable or hip; close eaves,18–30,Brick/painted siding proposal; material distribution unverified,#A7785E;#D0CCBF,#706B63,Central entry documented; small stoop proposed,5–9,15–21,Mapped driveway/accessory geometry; front/rear frequency unclear,Proposed candidate rule: Age1930–1955 +1level +small rectangle +low roof; porch/eaves needed to separate bungalow,https://opendata-geospatialdenver.hub.arcgis.com/?q=property,Denver catalog CC BY3.0: credit City of Denver Open Data Catalog/link licence; actual year-built schema and suburban county rights unverified,https://denvergov.org/files/assets/public/v/1/community-planning-and-development/documents/planning/projects/southwest-area-plan/southwest_area_plan_draft_1_public_review.pdf,"Form supported by April2025 municipal draft, not metro prevalence.",Mountain West,19,19740,3092037,https://www2.census.gov/programs-surveys/popest/datasets/2020-2025/metro/totals/cbsa-est2025-alldata.csv,"All weights, numeric default dimensions, roof pitches, spacing and hex values are proposals unless explicitly marked sourced; observed geometry overrides",City/district examples and standards establish local forms only; full-MSA distributions unverified,2026-10-07,unverified; no representative MSA architectural-style denominator established
Denver,Postwar ranch / raised ranch,Postwar–1960s locally; statewide ranch guide1945–1975,unverified: no representative metro style denominator,25,1 principal storey; basement exposure from height,low roof; gable/hip if supported,12–23,Wood/brick/stone or mixed cladding,#A17E62;#C9BDA5;#D1CEC4,#6D6A62,Small entry canopy/stoop proposal,7–12,18–27,"Integral garage supported; front driveway3–6m proposal, mapped access overrides",Proposed candidate rule: Postwar age +1level +aspect≥1.6; garage protrusion strengthens; raised ranch requires elevation,https://opendata-geospatialdenver.hub.arcgis.com/?q=property,Denver catalog CC BY3.0: credit City of Denver Open Data Catalog/link licence; actual year-built schema and suburban county rights unverified,https://denvergov.org/files/assets/public/v/1/community-planning-and-development/documents/planning/projects/southwest-area-plan/southwest_area_plan_draft_1_public_review.pdf | https://historicdenver.org/wp-content/uploads/2017/05/Architectural-Styles-in-Colorado.pdf,Local form supported; statewide date range broader; all dimensions/hex/weight proposed.,Mountain West,19,19740,3092037,https://www2.census.gov/programs-surveys/popest/datasets/2020-2025/metro/totals/cbsa-est2025-alldata.csv,"All weights, numeric default dimensions, roof pitches, spacing and hex values are proposals unless explicitly marked sourced; observed geometry overrides",City/district examples and standards establish local forms only; full-MSA distributions unverified,2026-10-07,unverified; no representative MSA architectural-style denominator established
Denver,Split-level suburban,1955–1975 statewide style guide,unverified: no representative metro style denominator,15,Two-storey mass plus intermediate wing,low pitched; staggered volumes,14–25,Brick base/painted siding proposal,#92735A;#C3BEAC,#69665D,Small landing proposal,7–12,18–27,Mapped front garage/drive; suburban alley frequency unclear,Proposed candidate rule: Age1955–1975 +adjoining roof volumes at different heights; footprint alone cannot identify,https://opendata-geospatialdenver.hub.arcgis.com/?q=property,Denver catalog CC BY3.0: credit City of Denver Open Data Catalog/link licence; actual year-built schema and suburban county rights unverified,https://historicdenver.org/wp-content/uploads/2017/05/Architectural-Styles-in-Colorado.pdf,Statewide type/era supported; metro prevalence/location and material proportions unverified.,Mountain West,19,19740,3092037,https://www2.census.gov/programs-surveys/popest/datasets/2020-2025/metro/totals/cbsa-est2025-alldata.csv,"All weights, numeric default dimensions, roof pitches, spacing and hex values are proposals unless explicitly marked sourced; observed geometry overrides",City/district examples and standards establish local forms only; full-MSA distributions unverified,2026-10-07,unverified; no representative MSA architectural-style denominator established
Denver,Contemporary detached / duplex / narrow infill,1990–present proposed bin,unverified: no representative metro style denominator,10,2–3 proposal; observed height wins,hip/gable detached; flat/low-slope infill only when supported,0–8 flat;20–35 pitched,Masonry base plus siding/stucco upper proposal,#D2CCBE;#8A857B;#454A49,#555A57,Small porch/stoop proposal,3–8,9–18,Rear garage on mapped historic-grid alley; front mapped suburban access,Proposed candidate rule: Recent actual year +building subtype +footprint/levels; roof tags outrank date,https://opendata-geospatialdenver.hub.arcgis.com/?q=property,Denver catalog CC BY3.0: credit City of Denver Open Data Catalog/link licence; actual year-built schema and suburban county rights unverified,https://www.denvergov.org/files/assets/public/v/3/community-planning-and-development/documents/landmark-preservation/design-review-and-guidelines/denver_landmark_guidelines-new_bldg.pdf,"Declared unverified generator archetype; guideline supports block setbacks/alleys, not style frequency.",Mountain West,19,19740,3092037,https://www2.census.gov/programs-surveys/popest/datasets/2020-2025/metro/totals/cbsa-est2025-alldata.csv,"All weights, numeric default dimensions, roof pitches, spacing and hex values are proposals unless explicitly marked sourced; observed geometry overrides",City/district examples and standards establish local forms only; full-MSA distributions unverified,2026-10-07,unverified; no representative MSA architectural-style denominator established
Miami,Postwar masonry ranch / minimal-traditional,post-WWII; classifier 1945–1975 proposed,unverified; no representative MSA denominator,45,1 (generator proposal),hip or side gable (source-informed proposal),12–24,rendered concrete block,#E4DDD0/#F0E8D9/#D7CEC0,#AD7056/#75716A,shallow recessed entry/stoop; optional screen wall (proposal controls),5–9,18–28,front/side drive; attached carport/garage (proposal; actual access wins),"Actual construction year + footprint/height/storeys + roof/material/porch evidence where present; historic survey increases confidence; generic OSM house tag insufficient; split-level needs building-part/slope evidence. Proposed probabilistic rule, not style ground truth.",https://gisweb.miamidade.gov/GISSelfServices/Data/HTML/PTXGIS.htm,"Commercial bulk use, redistribution and attribution unclear; public access is not permission. Exclude owners/addresses/occupants/exemptions/value fields. County scope is narrower than MSA.",https://www.miamidade.gov/global/economy/historic-preservation/county-architectural-history.page | https://www.miamidade.gov/planning/library/reports/resilient-rehab-report.pdf,"Qualitative local taxonomy documented unless row says proposed/unverified; all numeric geometry, palettes and generator weights are proposals, never measured shares. Later suburban archetype and Tampa ranch local prevalence unverified.",Southeast/Florida,8,33100,6391072,https://www2.census.gov/programs-surveys/popest/datasets/2020-2025/metro/totals/cbsa-est2025-alldata.csv,"All weights, numeric default dimensions, roof pitches, spacing and hex values are proposals unless explicitly marked sourced; observed geometry overrides",City/district examples and standards establish local forms only; full-MSA distributions unverified,2026-10-07,unverified; no representative MSA architectural-style denominator established
Miami,Mediterranean Revival,1920s association verified; classifier 1915–1940 proposed,unverified; no representative MSA denominator,15,1–2 (generator proposal),tile hip/gable; optional flat parapet (source-informed proposal),10–22,"stucco, terracotta; limestone accent",#EEE0C6/#DCC8A8,#A75E43,arched loggia/courtyard (proposal controls),4–10,15–30,side drive/rear garage only when mapped (proposal; actual access wins),"Actual construction year + footprint/height/storeys + roof/material/porch evidence where present; historic survey increases confidence; generic OSM house tag insufficient; split-level needs building-part/slope evidence. Proposed probabilistic rule, not style ground truth.",https://gisweb.miamidade.gov/GISSelfServices/Data/HTML/PTXGIS.htm,"Commercial bulk use, redistribution and attribution unclear; public access is not permission. Exclude owners/addresses/occupants/exemptions/value fields. County scope is narrower than MSA.",https://www.miamidade.gov/global/economy/historic-preservation/county-architectural-history.page | https://www.miamidade.gov/planning/library/reports/resilient-rehab-report.pdf,"Qualitative local taxonomy documented unless row says proposed/unverified; all numeric geometry, palettes and generator weights are proposals, never measured shares. Later suburban archetype and Tampa ranch local prevalence unverified.",Southeast/Florida,8,33100,6391072,https://www2.census.gov/programs-surveys/popest/datasets/2020-2025/metro/totals/cbsa-est2025-alldata.csv,"All weights, numeric default dimensions, roof pitches, spacing and hex values are proposals unless explicitly marked sourced; observed geometry overrides",City/district examples and standards establish local forms only; full-MSA distributions unverified,2026-10-07,unverified; no representative MSA architectural-style denominator established
Miami,Wood-frame vernacular cottage / bungalow,early twentieth century; classifier 1890–1935 proposed,unverified; no representative MSA denominator,10,1–1.5 (generator proposal),front/side gable (source-informed proposal),22–35,wood siding; optional metal roof,#E5DFC9/#B8C9BE/#D4D5CC,#A8ABA6,raised full/partial porch; depth 1.8–2.5 m proposed (proposal controls),3–7,12–22,side drive/rear accessory structure if mapped (proposal; actual access wins),"Actual construction year + footprint/height/storeys + roof/material/porch evidence where present; historic survey increases confidence; generic OSM house tag insufficient; split-level needs building-part/slope evidence. Proposed probabilistic rule, not style ground truth.",https://gisweb.miamidade.gov/GISSelfServices/Data/HTML/PTXGIS.htm,"Commercial bulk use, redistribution and attribution unclear; public access is not permission. Exclude owners/addresses/occupants/exemptions/value fields. County scope is narrower than MSA.",https://www.miamidade.gov/global/economy/historic-preservation/county-architectural-history.page | https://www.miami.gov/My-Government/Departments/Planning/Historic-Preservation-Main-Page,"Qualitative local taxonomy documented unless row says proposed/unverified; all numeric geometry, palettes and generator weights are proposals, never measured shares. Later suburban archetype and Tampa ranch local prevalence unverified.",Southeast/Florida,8,33100,6391072,https://www2.census.gov/programs-surveys/popest/datasets/2020-2025/metro/totals/cbsa-est2025-alldata.csv,"All weights, numeric default dimensions, roof pitches, spacing and hex values are proposals unless explicitly marked sourced; observed geometry overrides",City/district examples and standards establish local forms only; full-MSA distributions unverified,2026-10-07,unverified; no representative MSA architectural-style denominator established
Miami,Postwar modern / MiMo low-rise residential,postwar; classifier 1945–1970 proposed,unverified; no representative MSA denominator,10,1–3 (generator proposal),flat or shallow canopy (source-informed proposal),0–5,rendered masonry,#EDEBE0/#D9E1DF/#9BBFC0,#B9BBB3,deep canopy/open-gallery shadow (proposal controls),3–7,15–30,mapped surface parking or side access (proposal; actual access wins),"Actual construction year + footprint/height/storeys + roof/material/porch evidence where present; historic survey increases confidence; generic OSM house tag insufficient; split-level needs building-part/slope evidence. Proposed probabilistic rule, not style ground truth.",https://gisweb.miamidade.gov/GISSelfServices/Data/HTML/PTXGIS.htm,"Commercial bulk use, redistribution and attribution unclear; public access is not permission. Exclude owners/addresses/occupants/exemptions/value fields. County scope is narrower than MSA.",https://www.miamidade.gov/global/economy/historic-preservation/county-architectural-history.page | https://www.miamidade.gov/planning/library/reports/resilient-rehab-report.pdf,"Qualitative local taxonomy documented unless row says proposed/unverified; all numeric geometry, palettes and generator weights are proposals, never measured shares. Later suburban archetype and Tampa ranch local prevalence unverified.",Southeast/Florida,8,33100,6391072,https://www2.census.gov/programs-surveys/popest/datasets/2020-2025/metro/totals/cbsa-est2025-alldata.csv,"All weights, numeric default dimensions, roof pitches, spacing and hex values are proposals unless explicitly marked sourced; observed geometry overrides",City/district examples and standards establish local forms only; full-MSA distributions unverified,2026-10-07,unverified; no representative MSA architectural-style denominator established
Miami,Later stucco suburban house / townhouse,1980–present proposed,unverified; no representative MSA denominator,20,1–2 (generator proposal),hip/multi-gable (source-informed proposal),18–30,stucco; tile,#E7D8BE/#CDBDA4/#EEE8DA,#987052,recessed entry/small porch (proposal controls),5–9,12–24 detached; 6–9 attached module,attached front garage if access supports (proposal; actual access wins),"Actual construction year + footprint/height/storeys + roof/material/porch evidence where present; historic survey increases confidence; generic OSM house tag insufficient; split-level needs building-part/slope evidence. Proposed probabilistic rule, not style ground truth.",https://gisweb.miamidade.gov/GISSelfServices/Data/HTML/PTXGIS.htm,"Commercial bulk use, redistribution and attribution unclear; public access is not permission. Exclude owners/addresses/occupants/exemptions/value fields. County scope is narrower than MSA.",https://gisweb.miamidade.gov/GISSelfServices/Data/HTML/PTXGIS.htm,"Qualitative local taxonomy documented unless row says proposed/unverified; all numeric geometry, palettes and generator weights are proposals, never measured shares. Later suburban archetype and Tampa ranch local prevalence unverified.",Southeast/Florida,8,33100,6391072,https://www2.census.gov/programs-surveys/popest/datasets/2020-2025/metro/totals/cbsa-est2025-alldata.csv,"All weights, numeric default dimensions, roof pitches, spacing and hex values are proposals unless explicitly marked sourced; observed geometry overrides",City/district examples and standards establish local forms only; full-MSA distributions unverified,2026-10-07,unverified; no representative MSA architectural-style denominator established
New York,Brownstone / brick urban rowhouse,"Nineteenth century; exact local age band from survey, not universal",unclear/unverified: no metro-wide style denominator,30,3–4 proposed unless actual levels,Flat/low-slope plus cornice; one source example altered to flat [https://s-media.nyc.gov/agencies/lpc/lp/2590.pdf],0–5,Brownstone/brick documented [https://s-media.nyc.gov/agencies/lpc/lp/2590.pdf],#8C6E5B;#9A6751,#62625D,Raised stoop and areaway [https://s-media.nyc.gov/agencies/lpc/lp/2590.pdf],0–4,5–8,No front garage fallback; mapped rear access only,"Proposed heuristic: Attached terrace + age + 3–4 levels + narrow lot; LPC type/style labels strongest; brownstone material cannot be inferred from age; OSM building:levels, roof:shape, roof:material and start_date only when present; absence means unknown",https://www.nyc.gov/assets/planning/download/pdf/data-maps/open-data/pluto_datadictionary.pdf,NYC portal terms apply [https://data.cityofnewyork.us/stories/s/Terms-of-Use/k9k7-3cje]; explicit current PLUTO commercial-redistribution/attribution grant unclear from reviewed text. Adjacent NJ/NY county rights separate. OSM ODbL: https://www.openstreetmap.org/copyright,https://s-media.nyc.gov/agencies/lpc/lp/2590.pdf | https://www.nyc.gov/assets/planning/download/pdf/data-maps/open-data/pluto_datadictionary.pdf,Qualitative cited facts scoped to source district/manual; all hex/pitch/setback/lot/weights are proposals; detached suburban fallback type and era unverified,Mid-Atlantic/Northeast,1,35620,20112448,https://www2.census.gov/programs-surveys/popest/datasets/2020-2025/metro/totals/cbsa-est2025-alldata.csv,"All weights, numeric default dimensions, roof pitches, spacing and hex values are proposals unless explicitly marked sourced; observed geometry overrides",City/district examples and standards establish local forms only; full-MSA distributions unverified,2026-10-07,unverified; no representative MSA architectural-style denominator established
New York,Urban tenement / flats block,Late nineteenth–early twentieth century [https://www.nyc.gov/assets/planning/download/pdf/applicants/env-review/hudson_square/07_feis.pdf],unclear/unverified: no metro-wide style denominator,25,3–8 documented district range [https://www.nyc.gov/assets/planning/download/pdf/applicants/env-review/hudson_square/07_feis.pdf]; do not impose same height citywide,Low-slope proposal unless observed tag,0–5,Brick/stone proposal; specific cladding requires building survey,#9B7058;#C4B497,#62625D,Small shared entrance stoop proposed,0–2,7–15,No speculative driveway; shared rear courtyard only where geometry supports,"Proposed heuristic: building=apartments + actual levels + PLUTO building class and year; cannot classify tenement from footprint alone; OSM building:levels, roof:shape, roof:material and start_date only when present; absence means unknown",https://www.nyc.gov/assets/planning/download/pdf/data-maps/open-data/pluto_datadictionary.pdf,NYC portal terms apply [https://data.cityofnewyork.us/stories/s/Terms-of-Use/k9k7-3cje]; explicit current PLUTO commercial-redistribution/attribution grant unclear from reviewed text. Adjacent NJ/NY county rights separate. OSM ODbL: https://www.openstreetmap.org/copyright,https://www.nyc.gov/assets/planning/download/pdf/applicants/env-review/hudson_square/07_feis.pdf | https://www.nyc.gov/assets/planning/download/pdf/data-maps/open-data/pluto_datadictionary.pdf,Qualitative cited facts scoped to source district/manual; all hex/pitch/setback/lot/weights are proposals; detached suburban fallback type and era unverified,Mid-Atlantic/Northeast,1,35620,20112448,https://www2.census.gov/programs-surveys/popest/datasets/2020-2025/metro/totals/cbsa-est2025-alldata.csv,"All weights, numeric default dimensions, roof pitches, spacing and hex values are proposals unless explicitly marked sourced; observed geometry overrides",City/district examples and standards establish local forms only; full-MSA distributions unverified,2026-10-07,unverified; no representative MSA architectural-style denominator established
New York,Queens Tudor / Storybook row,1931 Cambria Heights examples [https://www.nyc.gov/site/lpc/about/pr2022/lpc-designates-two-historic-districts-in-cambria-heights-queens.page]; proposed regional bin1920–1940,unclear/unverified: no metro-wide style denominator,15,2 proposed; actual building levels override,"Prominent gable proposal; source confirms Tudor/Storybook style, not a metro roof distribution",35–50,Brick/stone/stucco mix proposed; per-building survey overrides,#AF9070;#C9BA9C;#885C46,#62625D,Small entrance/stoop proposed,3–6,6–10,Use mapped rear driveway; garage prevalence unverified,"Proposed heuristic: Historic district label + 1930s age + gable evidence; do not label every Queens1930s house Tudor; OSM building:levels, roof:shape, roof:material and start_date only when present; absence means unknown",https://www.nyc.gov/assets/planning/download/pdf/data-maps/open-data/pluto_datadictionary.pdf,NYC portal terms apply [https://data.cityofnewyork.us/stories/s/Terms-of-Use/k9k7-3cje]; explicit current PLUTO commercial-redistribution/attribution grant unclear from reviewed text. Adjacent NJ/NY county rights separate. OSM ODbL: https://www.openstreetmap.org/copyright,https://www.nyc.gov/site/lpc/about/pr2022/lpc-designates-two-historic-districts-in-cambria-heights-queens.page | https://www.nyc.gov/assets/planning/download/pdf/data-maps/open-data/pluto_datadictionary.pdf,Qualitative cited facts scoped to source district/manual; all hex/pitch/setback/lot/weights are proposals; detached suburban fallback type and era unverified,Mid-Atlantic/Northeast,1,35620,20112448,https://www2.census.gov/programs-surveys/popest/datasets/2020-2025/metro/totals/cbsa-est2025-alldata.csv,"All weights, numeric default dimensions, roof pitches, spacing and hex values are proposals unless explicitly marked sourced; observed geometry overrides",City/district examples and standards establish local forms only; full-MSA distributions unverified,2026-10-07,unverified; no representative MSA architectural-style denominator established
New York,Metro detached suburban fallback,Postwar–present proposed broad bin,unclear/unverified: no metro-wide style denominator,30,1–2 proposed,Gable/hip proposed,20–40,Siding/brick veneer proposal,#CFCEC2;#AB7C61,#62625D,Small porch/stoop proposed,6–12,15–27,Front/side drive only when mapped,"Proposed heuristic: building=detached + parcel/footprint spacing + actual age/levels; no architectural subtype without geometry; OSM building:levels, roof:shape, roof:material and start_date only when present; absence means unknown",https://www.nyc.gov/assets/planning/download/pdf/data-maps/open-data/pluto_datadictionary.pdf,NYC portal terms apply [https://data.cityofnewyork.us/stories/s/Terms-of-Use/k9k7-3cje]; explicit current PLUTO commercial-redistribution/attribution grant unclear from reviewed text. Adjacent NJ/NY county rights separate. OSM ODbL: https://www.openstreetmap.org/copyright,https://www.nyc.gov/assets/planning/download/pdf/data-maps/open-data/pluto_datadictionary.pdf,Qualitative cited facts scoped to source district/manual; all hex/pitch/setback/lot/weights are proposals; detached suburban fallback type and era unverified,Mid-Atlantic/Northeast,1,35620,20112448,https://www2.census.gov/programs-surveys/popest/datasets/2020-2025/metro/totals/cbsa-est2025-alldata.csv,"All weights, numeric default dimensions, roof pitches, spacing and hex values are proposals unless explicitly marked sourced; observed geometry overrides",City/district examples and standards establish local forms only; full-MSA distributions unverified,2026-10-07,unverified; no representative MSA architectural-style denominator established
Los Angeles,Craftsman / California bungalow,1905–1930 (Torrance),UNVERIFIED: no metro-wide style denominator established,20,1–1.5 proposal,"broad gable, deep eaves",22,wood siding/shingles; masonry accents,#A49B80,#615C54,covered porch; tapered supports,5,15,rear detached garage proposal,Unvalidated heuristic: original year + geometry + height + historic district; year alone does not classify style,https://public.gis.lacounty.gov/public/rest/services/LACounty_Cache/LACounty_Parcel/MapServer/0,unclear: verify source-specific commercial redistribution terms,https://www.torranceca.gov/Government/Departments-Offices/Departments-Offices/Community-Development/Planning-Division/Comprehensive-Planning/Historic-Preservation-Program/Architectural-Design-Guidelines,"Official local guide; metro applicability and all numeric dimensions, hex palettes and weights are proposals, NOT prevalence",Pacific,2,31080,12844441,https://www2.census.gov/programs-surveys/popest/datasets/2020-2025/metro/totals/cbsa-est2025-alldata.csv,"All weights, numeric default dimensions, roof pitches, spacing and hex values are proposals unless explicitly marked sourced; observed geometry overrides",City/district examples and standards establish local forms only; full-MSA distributions unverified,2026-10-07,unverified; no representative MSA architectural-style denominator established
Los Angeles,Spanish Colonial Revival,1915–1942 (SurveyLA),UNVERIFIED: no metro-wide style denominator established,30,1–2 proposal,low tile gable/hip,15,stucco/plaster; clay tile,#E6D7BC,#A15D42,recessed entry/loggia; courtyard,5,16,rear/side garage proposal,Unvalidated heuristic: original year + geometry + height + historic district; year alone does not classify style,https://public.gis.lacounty.gov/public/rest/services/LACounty_Cache/LACounty_Parcel/MapServer/0,unclear: verify source-specific commercial redistribution terms,https://planning.lacity.gov/odocument/097f6db5-feee-43f5-a448-fd140763de90/MediterraneanandIndigenousRevivalArchitecture_1893-1948.pdf,"Official local guide; metro applicability and all numeric dimensions, hex palettes and weights are proposals, NOT prevalence",Pacific,2,31080,12844441,https://www2.census.gov/programs-surveys/popest/datasets/2020-2025/metro/totals/cbsa-est2025-alldata.csv,"All weights, numeric default dimensions, roof pitches, spacing and hex values are proposals unless explicitly marked sourced; observed geometry overrides",City/district examples and standards establish local forms only; full-MSA distributions unverified,2026-10-07,unverified; no representative MSA architectural-style denominator established
Los Angeles,Ranch,1935–1975 (Torrance),UNVERIFIED: no metro-wide style denominator established,35,1 proposal,low gable/hip,17,proposal: stucco/wood; masonry accent,#D3C6AF,#786E60,shallow entry cover proposal,7,21,attached garage/driveway proposal,Unvalidated heuristic: original year + geometry + height + historic district; year alone does not classify style,https://public.gis.lacounty.gov/public/rest/services/LACounty_Cache/LACounty_Parcel/MapServer/0,unclear: verify source-specific commercial redistribution terms,https://www.torranceca.gov/Government/Departments-Offices/Departments-Offices/Community-Development/Planning-Division/Comprehensive-Planning/Historic-Preservation-Program/Architectural-Design-Guidelines,"Official local guide; metro applicability and all numeric dimensions, hex palettes and weights are proposals, NOT prevalence",Pacific,2,31080,12844441,https://www2.census.gov/programs-surveys/popest/datasets/2020-2025/metro/totals/cbsa-est2025-alldata.csv,"All weights, numeric default dimensions, roof pitches, spacing and hex values are proposals unless explicitly marked sourced; observed geometry overrides",City/district examples and standards establish local forms only; full-MSA distributions unverified,2026-10-07,unverified; no representative MSA architectural-style denominator established
Los Angeles,Tudor / English cottage,1890–1940 (Torrance),UNVERIFIED: no metro-wide style denominator established,15,1–2 proposal,steep intersecting gables,43,proposal: stucco/brick; half timber,#D6CDBD,#5A5148,compact recessed entry proposal,5,15,rear/side garage proposal,Unvalidated heuristic: original year + geometry + height + historic district; year alone does not classify style,https://public.gis.lacounty.gov/public/rest/services/LACounty_Cache/LACounty_Parcel/MapServer/0,unclear: verify source-specific commercial redistribution terms,https://www.torranceca.gov/Government/Departments-Offices/Departments-Offices/Community-Development/Planning-Division/Comprehensive-Planning/Historic-Preservation-Program/Architectural-Design-Guidelines,"Official local guide; metro applicability and all numeric dimensions, hex palettes and weights are proposals, NOT prevalence",Pacific,2,31080,12844441,https://www2.census.gov/programs-surveys/popest/datasets/2020-2025/metro/totals/cbsa-est2025-alldata.csv,"All weights, numeric default dimensions, roof pitches, spacing and hex values are proposals unless explicitly marked sourced; observed geometry overrides",City/district examples and standards establish local forms only; full-MSA distributions unverified,2026-10-07,unverified; no representative MSA architectural-style denominator established
Dallas–Fort Worth,Broad ranch,Proposed era bin: 1940s–1970s,"Unverified: no metro-wide style prevalence measured; generator weight is a design prior, not a housing share.",45,Proposal: 1,Proposal: low side-gable or hip,15–26,Renderer proposal: red/tan brick with limited wood gable panels,#A77964; #B8A080,#5D5853; #6C6258,Proposal: shallow covered entry,7–12,20–30,Proposal: attached or side-entry garage; alley only if mapped,"Heuristic proposal; valid source geometry/height/roof/material attributes override priors. Wide detached one-floor footprint plus available low roof attributes => ranch candidate; do not manufacture exact construction date. Footprint alone cannot confirm style or era; no person, owner, address, race or income inputs.",https://docs.overturemaps.org/schema/reference/buildings/building/; https://docs.overturemaps.org/guides/buildings/,Overture buildings: ODbL 1.0; commercial reuse with attribution and applicable database share-alike. No building-specific style accuracy guaranteed. https://docs.overturemaps.org/attribution/; https://opendatacommons.org/licenses/odbl/1-0/,https://dallascityhall.com/departments/pnv/PublishingImages/Pages/Lakewood-Expansion/CD%202_Lakewood%20Expansion_TractIV_FINAL%20CPC%20DRAFT.pdf,"Scoped evidence: Lakewood draft lists Ranch examples; facade mix is a proposal. All numerical geometry, colors and weights are unmeasured renderer proposals; reference districts do not establish metro prevalence.",Texas/South Central,4,19100,8477157,https://www2.census.gov/programs-surveys/popest/datasets/2020-2025/metro/totals/cbsa-est2025-alldata.csv,"All weights, numeric default dimensions, roof pitches, spacing and hex values are proposals unless explicitly marked sourced; observed geometry overrides",City/district examples and standards establish local forms only; full-MSA distributions unverified,2026-10-07,unverified; no representative MSA architectural-style denominator established
Dallas–Fort Worth,Later traditional detached,Proposed era bin: 1980s–2020s,"Unverified: no metro-wide style prevalence measured; generator weight is a design prior, not a housing share.",25,Proposal: 1–2,Proposal: hip/cross-gable assembled volumes,24–38,Renderer proposal: brick with restrained pale stone accents,#B89A7C; #A57C63,#5B5753; #6C6055,Proposal: small recessed porch,6–10,16–24,Proposal: attached garage; preserve mapped front or rear approach,"Heuristic proposal; valid source geometry/height/roof/material attributes override priors. Residential detached footprint with two floors and articulated roof attributes => candidate; missing attributes keep neutral low-detail form. Footprint alone cannot confirm style or era; no person, owner, address, race or income inputs.",https://docs.overturemaps.org/schema/reference/buildings/building/; https://docs.overturemaps.org/guides/buildings/,Overture buildings: ODbL 1.0; commercial reuse with attribution and applicable database share-alike. No building-specific style accuracy guaranteed. https://docs.overturemaps.org/attribution/; https://opendatacommons.org/licenses/odbl/1-0/,https://dallascityhall.com/departments/pnv/PublishingImages/Pages/Lakewood-Expansion/CD%202_Lakewood%20Expansion_TractIV_FINAL%20CPC%20DRAFT.pdf,"Scoped evidence: Lakewood draft lists later New Traditional styles; suburban prevalence/material mix unverified. All numerical geometry, colors and weights are unmeasured renderer proposals; reference districts do not establish metro prevalence.",Texas/South Central,4,19100,8477157,https://www2.census.gov/programs-surveys/popest/datasets/2020-2025/metro/totals/cbsa-est2025-alldata.csv,"All weights, numeric default dimensions, roof pitches, spacing and hex values are proposals unless explicitly marked sourced; observed geometry overrides",City/district examples and standards establish local forms only; full-MSA distributions unverified,2026-10-07,unverified; no representative MSA architectural-style denominator established
Dallas–Fort Worth,Minimal Traditional cottage,Proposed era bin: 1935–1955,"Unverified: no metro-wide style prevalence measured; generator weight is a design prior, not a housing share.",15,Proposal: 1,Proposal: simple side-gable with small front gable,22–32,Renderer proposal: brick or painted wood; few ornaments,#AD8870; #C6C3B7,#67625A,Proposal: small stoop/entry hood,5–9,14–22,Proposal: rear detached garage or modest side drive,"Heuristic proposal; valid source geometry/height/roof/material attributes override priors. Compact one-floor rectangular footprint plus simple roof tags => candidate; small eaves are generated, not detected. Footprint alone cannot confirm style or era; no person, owner, address, race or income inputs.",https://docs.overturemaps.org/schema/reference/buildings/building/; https://docs.overturemaps.org/guides/buildings/,Overture buildings: ODbL 1.0; commercial reuse with attribution and applicable database share-alike. No building-specific style accuracy guaranteed. https://docs.overturemaps.org/attribution/; https://opendatacommons.org/licenses/odbl/1-0/,https://www.fortworthtexas.gov/files/assets/public/v/1/development-services/documents/all-preservation-and-design/historic/historic-districts/fairmount/section1-introduction.pdf; https://dallascityhall.com/departments/pnv/PublishingImages/Pages/Lakewood-Expansion/CD%202_Lakewood%20Expansion_TractIV_FINAL%20CPC%20DRAFT.pdf,"Scoped evidence: Fairmount guide and Lakewood style list include Minimal Traditional. All numerical geometry, colors and weights are unmeasured renderer proposals; reference districts do not establish metro prevalence.",Texas/South Central,4,19100,8477157,https://www2.census.gov/programs-surveys/popest/datasets/2020-2025/metro/totals/cbsa-est2025-alldata.csv,"All weights, numeric default dimensions, roof pitches, spacing and hex values are proposals unless explicitly marked sourced; observed geometry overrides",City/district examples and standards establish local forms only; full-MSA distributions unverified,2026-10-07,unverified; no representative MSA architectural-style denominator established
Dallas–Fort Worth,Craftsman bungalow,Proposed era bin: 1905–1935,"Unverified: no metro-wide style prevalence measured; generator weight is a design prior, not a housing share.",10,Proposal: 1–1.5,Proposal: front/side gable with broad eaves,22–34,Renderer proposal: painted wood and limited brick/stone porch piers,#ACA68D; #B9B8AD,#5D625E,Proposal: broad porch with simplified square piers,5–9,13–20,Proposal: small rear garage; alley connection only if geometry exists,"Heuristic proposal; valid source geometry/height/roof/material attributes override priors. Small detached low building in a verified historic district plus roof/material tags => candidate; district membership is not proof of style. Footprint alone cannot confirm style or era; no person, owner, address, race or income inputs.",https://docs.overturemaps.org/schema/reference/buildings/building/; https://docs.overturemaps.org/guides/buildings/,Overture buildings: ODbL 1.0; commercial reuse with attribution and applicable database share-alike. No building-specific style accuracy guaranteed. https://docs.overturemaps.org/attribution/; https://opendatacommons.org/licenses/odbl/1-0/,https://www.fortworthtexas.gov/files/assets/public/v/1/development-services/documents/all-preservation-and-design/historic/historic-districts/fairmount/section1-introduction.pdf,"Scoped evidence: Fairmount local guide describes bungalow forms and materials. All numerical geometry, colors and weights are unmeasured renderer proposals; reference districts do not establish metro prevalence.",Texas/South Central,4,19100,8477157,https://www2.census.gov/programs-surveys/popest/datasets/2020-2025/metro/totals/cbsa-est2025-alldata.csv,"All weights, numeric default dimensions, roof pitches, spacing and hex values are proposals unless explicitly marked sourced; observed geometry overrides",City/district examples and standards establish local forms only; full-MSA distributions unverified,2026-10-07,unverified; no representative MSA architectural-style denominator established
Dallas–Fort Worth,Tudor/English Revival cottage,Proposed era bin: 1920s–1940s,"Unverified: no metro-wide style prevalence measured; generator weight is a design prior, not a housing share.",5,Proposal: 1–1.5,Proposal: steeper cross-gable; one dominant front gable,38–48,Renderer proposal: brick with sparse stone doorway trim,#A6745C; #A9967B,#59554F,Proposal: compact stoop; omit ornate timbering by default,5–9,14–22,Proposal: rear detached/side garage; mapped alley only,"Heuristic proposal; valid source geometry/height/roof/material attributes override priors. Available roof shape/height supporting steep intersecting roofs plus scoped historic evidence => candidate; never infer Tudor from neighborhood name alone. Footprint alone cannot confirm style or era; no person, owner, address, race or income inputs.",https://docs.overturemaps.org/schema/reference/buildings/building/; https://docs.overturemaps.org/guides/buildings/,Overture buildings: ODbL 1.0; commercial reuse with attribution and applicable database share-alike. No building-specific style accuracy guaranteed. https://docs.overturemaps.org/attribution/; https://opendatacommons.org/licenses/odbl/1-0/,https://www.fortworthtexas.gov/files/assets/public/v/1/development-services/documents/all-preservation-and-design/historic/historic-districts/fairmount/section1-introduction.pdf; https://dallascityhall.com/departments/pnv/PublishingImages/Pages/Lakewood-Expansion/CD%202_Lakewood%20Expansion_TractIV_FINAL%20CPC%20DRAFT.pdf,"Scoped evidence: Fairmount guide describes steep Tudor gables and masonry; Lakewood lists Tudor. All numerical geometry, colors and weights are unmeasured renderer proposals; reference districts do not establish metro prevalence.",Texas/South Central,4,19100,8477157,https://www2.census.gov/programs-surveys/popest/datasets/2020-2025/metro/totals/cbsa-est2025-alldata.csv,"All weights, numeric default dimensions, roof pitches, spacing and hex values are proposals unless explicitly marked sourced; observed geometry overrides",City/district examples and standards establish local forms only; full-MSA distributions unverified,2026-10-07,unverified; no representative MSA architectural-style denominator established
Houston,Traditional ranch,Proposed era bin: 1940s–1970s,"Unverified: no metro-wide style prevalence measured; generator weight is a design prior, not a housing share.",45,Proposal: 1,"Proposal: low hip/side-gable, optional courtyard wing",15–25,Renderer proposal: brick with limited painted siding,#AE8469; #BCAC90,#625F58,Proposal: recessed entry or short covered porch,7–12,19–29,Proposal: attached garage; side-entry variation only when supported,"Heuristic proposal; valid source geometry/height/roof/material attributes override priors. One floor, wide detached footprint and available low roof attributes => candidate; court only if actual footprint has one. Footprint alone cannot confirm style or era; no person, owner, address, race or income inputs.",https://docs.overturemaps.org/schema/reference/buildings/building/; https://docs.overturemaps.org/guides/buildings/,Overture buildings: ODbL 1.0; commercial reuse with attribution and applicable database share-alike. No building-specific style accuracy guaranteed. https://docs.overturemaps.org/attribution/; https://opendatacommons.org/licenses/odbl/1-0/,https://www.houstontx.gov/planning/HistoricPres/HistoricPreservationManual/historic_districts/glenbrook_arch.html,"Scoped evidence: Glenbrook Valley contains one-story traditional Ranch forms. All numerical geometry, colors and weights are unmeasured renderer proposals; reference districts do not establish metro prevalence.",Texas/South Central,5,26420,7904627,https://www2.census.gov/programs-surveys/popest/datasets/2020-2025/metro/totals/cbsa-est2025-alldata.csv,"All weights, numeric default dimensions, roof pitches, spacing and hex values are proposals unless explicitly marked sourced; observed geometry overrides",City/district examples and standards establish local forms only; full-MSA distributions unverified,2026-10-07,unverified; no representative MSA architectural-style denominator established
Houston,Mid-century ranch/carport,Proposed era bin: 1950s–1960s,"Unverified: no metro-wide style prevalence measured; generator weight is a design prior, not a housing share.",10,Proposal: 1,Proposal: low gable/hip with broad eaves,8–20,Renderer proposal: brick/wood planes; simplified glazed strip,#B0A08A; #A18C76,#66645F,Proposal: broad sheltered entry,7–12,21–31,Proposal: carport candidate only if tagged or footprint supported; otherwise garage-neutral,"Heuristic proposal; valid source geometry/height/roof/material attributes override priors. One-floor articulated footprint and low roof tags => modern-ranch candidate; do not create a carport from absence of building footprint. Footprint alone cannot confirm style or era; no person, owner, address, race or income inputs.",https://docs.overturemaps.org/schema/reference/buildings/building/; https://docs.overturemaps.org/guides/buildings/,Overture buildings: ODbL 1.0; commercial reuse with attribution and applicable database share-alike. No building-specific style accuracy guaranteed. https://docs.overturemaps.org/attribution/; https://opendatacommons.org/licenses/odbl/1-0/,https://www.houstontx.gov/planning/HistoricPres/HistoricPreservationManual/historic_districts/glenbrook_arch.html,"Scoped evidence: Glenbrook guide describes Mid-Century Modern houses and carports. All numerical geometry, colors and weights are unmeasured renderer proposals; reference districts do not establish metro prevalence.",Texas/South Central,5,26420,7904627,https://www2.census.gov/programs-surveys/popest/datasets/2020-2025/metro/totals/cbsa-est2025-alldata.csv,"All weights, numeric default dimensions, roof pitches, spacing and hex values are proposals unless explicitly marked sourced; observed geometry overrides",City/district examples and standards establish local forms only; full-MSA distributions unverified,2026-10-07,unverified; no representative MSA architectural-style denominator established
Houston,Craftsman bungalow,Proposed era bin: 1905–1930,"Unverified: no metro-wide style prevalence measured; generator weight is a design prior, not a housing share.",20,Proposal: 1,Proposal: front/side-gable with broad eaves,20–32,Renderer proposal: painted wood siding; restrained masonry porch bases,#B8B6A3; #BCC6C1,#666961,Proposal: large shaded porch,4–8,12–19,Proposal: rear detached garage/side drive; alley if mapped,"Heuristic proposal; valid source geometry/height/roof/material attributes override priors. Compact low footprint plus roof/material attributes in verified historic context => candidate; facade details remain proposals. Footprint alone cannot confirm style or era; no person, owner, address, race or income inputs.",https://docs.overturemaps.org/schema/reference/buildings/building/; https://docs.overturemaps.org/guides/buildings/,Overture buildings: ODbL 1.0; commercial reuse with attribution and applicable database share-alike. No building-specific style accuracy guaranteed. https://docs.overturemaps.org/attribution/; https://opendatacommons.org/licenses/odbl/1-0/,https://www.houstontx.gov/planning/HistoricPres/HistoricPreservationManual/historic_districts/freeland_arch.html,"Scoped evidence: Freeland documents wood-framed bungalows with broad eaves/porches. All numerical geometry, colors and weights are unmeasured renderer proposals; reference districts do not establish metro prevalence.",Texas/South Central,5,26420,7904627,https://www2.census.gov/programs-surveys/popest/datasets/2020-2025/metro/totals/cbsa-est2025-alldata.csv,"All weights, numeric default dimensions, roof pitches, spacing and hex values are proposals unless explicitly marked sourced; observed geometry overrides",City/district examples and standards establish local forms only; full-MSA distributions unverified,2026-10-07,unverified; no representative MSA architectural-style denominator established
Houston,Folk cottage,Proposed era bin: 1890s–1930s,"Unverified: no metro-wide style prevalence measured; generator weight is a design prior, not a housing share.",10,Proposal: 1,Proposal: simple gable or pyramidal hip,25–36,"Renderer proposal: painted wood, minimal trim",#C9C2B0; #B2BEB8,#68635C,Proposal: small partial porch,4–8,11–18,"Proposal: narrow side drive, small rear garage only if mapped","Heuristic proposal; valid source geometry/height/roof/material attributes override priors. Simple small residential footprint with roof tags => vernacular fallback; no automatic ornate Victorian detailing. Footprint alone cannot confirm style or era; no person, owner, address, race or income inputs.",https://docs.overturemaps.org/schema/reference/buildings/building/; https://docs.overturemaps.org/guides/buildings/,Overture buildings: ODbL 1.0; commercial reuse with attribution and applicable database share-alike. No building-specific style accuracy guaranteed. https://docs.overturemaps.org/attribution/; https://opendatacommons.org/licenses/odbl/1-0/,https://www.houstontx.gov/planning/HistoricPres/HistoricPreservationManual/historic_districts/freeland_arch.html,"Scoped evidence: Freeland describes simpler Folk National forms; exact citywide mix unverified. All numerical geometry, colors and weights are unmeasured renderer proposals; reference districts do not establish metro prevalence.",Texas/South Central,5,26420,7904627,https://www2.census.gov/programs-surveys/popest/datasets/2020-2025/metro/totals/cbsa-est2025-alldata.csv,"All weights, numeric default dimensions, roof pitches, spacing and hex values are proposals unless explicitly marked sourced; observed geometry overrides",City/district examples and standards establish local forms only; full-MSA distributions unverified,2026-10-07,unverified; no representative MSA architectural-style denominator established
Houston,Compact townhouse/patio-home infill,Proposed era bin: 1990s–2020s,"Unverified: no metro-wide style prevalence measured; generator weight is a design prior, not a housing share.",15,Proposal: 2–3,Proposal: simple hip/gable or flat parapet,0–30,Renderer proposal: muted brick/stucco and painted panels,#C3B9A7; #AE8D76,#575C5E,Proposal: small recessed entry,2–5,6–11,Proposal: shared drive or integral garage if mapped; avoid invented curb cuts,"Heuristic proposal; valid source geometry/height/roof/material attributes override priors. Narrow residential footprint, available two-plus floor tag and adjacent similar buildings => candidate; townhouse versus apartment remains uncertain without class tags. Footprint alone cannot confirm style or era; no person, owner, address, race or income inputs.",https://docs.overturemaps.org/schema/reference/buildings/building/; https://docs.overturemaps.org/guides/buildings/,Overture buildings: ODbL 1.0; commercial reuse with attribution and applicable database share-alike. No building-specific style accuracy guaranteed. https://docs.overturemaps.org/attribution/; https://opendatacommons.org/licenses/odbl/1-0/,https://pwehelp.houstontx.gov/superneighborhoods/18.html,"Scoped evidence: official Briar Forest description includes patio/townhomes; storeys/roof/material choices unverified proposals. All numerical geometry, colors and weights are unmeasured renderer proposals; reference districts do not establish metro prevalence.",Texas/South Central,5,26420,7904627,https://www2.census.gov/programs-surveys/popest/datasets/2020-2025/metro/totals/cbsa-est2025-alldata.csv,"All weights, numeric default dimensions, roof pitches, spacing and hex values are proposals unless explicitly marked sourced; observed geometry overrides",City/district examples and standards establish local forms only; full-MSA distributions unverified,2026-10-07,unverified; no representative MSA architectural-style denominator established
Atlanta,Craftsman bungalow,1905–1930 source taxonomy,unverified; no representative MSA denominator,20,1–1.5 (generator proposal),gable with deep eaves; occasional hip (source-informed proposal),18–30,wood/brick mix,#AEB4A1/#D3C8B4/#8F5949,#66645E,full/partial porch; 1.8–2.6 m depth proposed (proposal controls),4–8,12–20,side drive/rear garage if mapped (proposal; actual access wins),"Actual construction year + footprint/height/storeys + roof/material/porch evidence where present; historic survey increases confidence; generic OSM house tag insufficient; split-level needs building-part/slope evidence. Proposed probabilistic rule, not style ground truth.",https://fultonassessor.org/wp-content/uploads/sites/16/2023/11/2023-Annual-Report-Revised-Final-11-03-23.pdf,"Commercial bulk use, redistribution and attribution unclear; public access is not permission. Exclude owners/addresses/occupants/exemptions/value fields. County scope is narrower than MSA.",https://www.atlantaga.gov/home/showpublisheddocument/27612/637587643986030000,"Qualitative local taxonomy documented unless row says proposed/unverified; all numeric geometry, palettes and generator weights are proposals, never measured shares. Later suburban archetype and Tampa ranch local prevalence unverified.",Southeast/Florida,6,12060,6482182,https://www2.census.gov/programs-surveys/popest/datasets/2020-2025/metro/totals/cbsa-est2025-alldata.csv,"All weights, numeric default dimensions, roof pitches, spacing and hex values are proposals unless explicitly marked sourced; observed geometry overrides",City/district examples and standards establish local forms only; full-MSA distributions unverified,2026-10-07,unverified; no representative MSA architectural-style denominator established
Atlanta,Minimal traditional / American small house,1935–1950 minimal-traditional source taxonomy,unverified; no representative MSA denominator,15,1–1.5 (generator proposal),"side gable, optional front gable (source-informed proposal)",25–38,brick/siding,#9C6653/#DACFB8/#C7C9BB,#6C6B64,small entry canopy/steps (proposal controls),5–10,15–24,side driveway; detached garage optional (proposal; actual access wins),"Actual construction year + footprint/height/storeys + roof/material/porch evidence where present; historic survey increases confidence; generic OSM house tag insufficient; split-level needs building-part/slope evidence. Proposed probabilistic rule, not style ground truth.",https://fultonassessor.org/wp-content/uploads/sites/16/2023/11/2023-Annual-Report-Revised-Final-11-03-23.pdf,"Commercial bulk use, redistribution and attribution unclear; public access is not permission. Exclude owners/addresses/occupants/exemptions/value fields. County scope is narrower than MSA.",https://www.atlantaga.gov/home/showpublisheddocument/27612/637587643986030000 | https://www.atlantaga.gov/Home/Components/News/News/1943/1338?arch=1&npage=67&seldept=1,"Qualitative local taxonomy documented unless row says proposed/unverified; all numeric geometry, palettes and generator weights are proposals, never measured shares. Later suburban archetype and Tampa ranch local prevalence unverified.",Southeast/Florida,6,12060,6482182,https://www2.census.gov/programs-surveys/popest/datasets/2020-2025/metro/totals/cbsa-est2025-alldata.csv,"All weights, numeric default dimensions, roof pitches, spacing and hex values are proposals unless explicitly marked sourced; observed geometry overrides",City/district examples and standards establish local forms only; full-MSA distributions unverified,2026-10-07,unverified; no representative MSA architectural-style denominator established
Atlanta,Brick ranch,1935–1975 source taxonomy; postwar emphasis proposed,unverified; no representative MSA denominator,30,1 (generator proposal),hip/side gable (source-informed proposal),12–24,brick,#9F6550/#A78465/#6E655A,#686661,recessed entry/small slab porch (proposal controls),7–15,22–35,attached garage/carport; front/side drive (proposal; actual access wins),"Actual construction year + footprint/height/storeys + roof/material/porch evidence where present; historic survey increases confidence; generic OSM house tag insufficient; split-level needs building-part/slope evidence. Proposed probabilistic rule, not style ground truth.",https://fultonassessor.org/wp-content/uploads/sites/16/2023/11/2023-Annual-Report-Revised-Final-11-03-23.pdf,"Commercial bulk use, redistribution and attribution unclear; public access is not permission. Exclude owners/addresses/occupants/exemptions/value fields. County scope is narrower than MSA.",https://www.atlantaga.gov/home/showpublisheddocument/27612/637587643986030000 | https://www.atlantaga.gov/Home/Components/News/News/1943/1338?arch=1&npage=67&seldept=1 | https://dca.georgia.gov/document/resources/ranch-house-historic-context-report/download,"Qualitative local taxonomy documented unless row says proposed/unverified; all numeric geometry, palettes and generator weights are proposals, never measured shares. Later suburban archetype and Tampa ranch local prevalence unverified.",Southeast/Florida,6,12060,6482182,https://www2.census.gov/programs-surveys/popest/datasets/2020-2025/metro/totals/cbsa-est2025-alldata.csv,"All weights, numeric default dimensions, roof pitches, spacing and hex values are proposals unless explicitly marked sourced; observed geometry overrides",City/district examples and standards establish local forms only; full-MSA distributions unverified,2026-10-07,unverified; no representative MSA architectural-style denominator established
Atlanta,Split-level / split foyer,mid-twentieth century; classifier 1950–1980 proposed,unverified; no representative MSA denominator,15,1.5–2 apparent (generator proposal),offset side gables (source-informed proposal),16–28,"lower brick, upper siding",#95604D/#D5D1C4/#B1B4A5,#6B6D64,landing/short flight to raised entry (proposal controls),7–15,22–35,lower-level/side garage (proposal; actual access wins),"Actual construction year + footprint/height/storeys + roof/material/porch evidence where present; historic survey increases confidence; generic OSM house tag insufficient; split-level needs building-part/slope evidence. Proposed probabilistic rule, not style ground truth.",https://fultonassessor.org/wp-content/uploads/sites/16/2023/11/2023-Annual-Report-Revised-Final-11-03-23.pdf,"Commercial bulk use, redistribution and attribution unclear; public access is not permission. Exclude owners/addresses/occupants/exemptions/value fields. County scope is narrower than MSA.",https://www.atlantaga.gov/Home/Components/News/News/1943/1338?arch=1&npage=67&seldept=1 | https://dca.georgia.gov/document/resources/ranch-house-historic-context-report/download,"Qualitative local taxonomy documented unless row says proposed/unverified; all numeric geometry, palettes and generator weights are proposals, never measured shares. Later suburban archetype and Tampa ranch local prevalence unverified.",Southeast/Florida,6,12060,6482182,https://www2.census.gov/programs-surveys/popest/datasets/2020-2025/metro/totals/cbsa-est2025-alldata.csv,"All weights, numeric default dimensions, roof pitches, spacing and hex values are proposals unless explicitly marked sourced; observed geometry overrides",City/district examples and standards establish local forms only; full-MSA distributions unverified,2026-10-07,unverified; no representative MSA architectural-style denominator established
Atlanta,Later two-storey suburban traditional,1980–present proposed,unverified; no representative MSA denominator,20,2 (generator proposal),hip/multi-gable (source-informed proposal),28–40,brick veneer/siding,#94604C/#D7CBBB/#B8BBAF,#66665F,portico/partial porch (proposal controls),7–14,18–30,front/side attached garage (proposal; actual access wins),"Actual construction year + footprint/height/storeys + roof/material/porch evidence where present; historic survey increases confidence; generic OSM house tag insufficient; split-level needs building-part/slope evidence. Proposed probabilistic rule, not style ground truth.",https://fultonassessor.org/wp-content/uploads/sites/16/2023/11/2023-Annual-Report-Revised-Final-11-03-23.pdf,"Commercial bulk use, redistribution and attribution unclear; public access is not permission. Exclude owners/addresses/occupants/exemptions/value fields. County scope is narrower than MSA.",https://fultonassessor.org/wp-content/uploads/sites/16/2023/11/2023-Annual-Report-Revised-Final-11-03-23.pdf,"Qualitative local taxonomy documented unless row says proposed/unverified; all numeric geometry, palettes and generator weights are proposals, never measured shares. Later suburban archetype and Tampa ranch local prevalence unverified.",Southeast/Florida,6,12060,6482182,https://www2.census.gov/programs-surveys/popest/datasets/2020-2025/metro/totals/cbsa-est2025-alldata.csv,"All weights, numeric default dimensions, roof pitches, spacing and hex values are proposals unless explicitly marked sourced; observed geometry overrides",City/district examples and standards establish local forms only; full-MSA distributions unverified,2026-10-07,unverified; no representative MSA architectural-style denominator established
Washington DC,Victorian bay-front brick rowhouse,Late nineteenth century Capitol Hill examples [https://planning.dc.gov/sites/default/files/dc/sites/op/publication/attachments/Capitol_Hill_Brochure_0.pdf],unclear/unverified: no metro-wide style denominator,35,2–3;2.5-storey example documented [https://planning.dc.gov/sites/default/files/dc/sites/op/publication/attachments/Capitol_Hill_Brochure_0.pdf],Low roof/mansard choices conditional on observed geometry; both allowed by scoped pattern book [https://planning.dc.gov/sites/default/files/dc/sites/op/publication/attachments/140318_CHASEPatternBook-LO_Part2_0.pdf],0–5 flat;60–75 mansard skirt proposed,Brick [https://planning.dc.gov/sites/default/files/dc/sites/op/publication/attachments/Capitol_Hill_Brochure_0.pdf],#975D48;#B77E60,#62625D,Raised stoop; projecting bay [https://planning.dc.gov/sites/default/files/dc/sites/op/publication/attachments/Capitol_Hill_Brochure_0.pdf],2–5,5–8,Rear garage only along mapped alley [https://planning.dc.gov/sites/default/files/dc/sites/op/publication/attachments/140318_CHASEPatternBook-LO_Part2_0.pdf],"Proposed heuristic: Historical style/type label + late19th-century age + attached footprint; bay geometry useful, not compulsory; OSM building:levels, roof:shape, roof:material and start_date only when present; absence means unknown",https://opendata.dc.gov/datasets/DCGIS::building-footprints,"Open Data DC default CC0 unless otherwise noted; credit requested, not compulsory; third-party copyrighted content/logos excluded [https://dc.gov/page/terms-and-conditions-use-district-data]. MD/VA county rights separate. OSM ODbL: https://www.openstreetmap.org/copyright",https://planning.dc.gov/sites/default/files/dc/sites/op/publication/attachments/Capitol_Hill_Brochure_0.pdf | https://opendata.dc.gov/datasets/DCGIS::building-footprints,Qualitative cited facts scoped to source district/manual; all hex/pitch/setback/lot/weights are proposals; detached suburban fallback type and era unverified,Mid-Atlantic/Northeast,7,47900,6465724,https://www2.census.gov/programs-surveys/popest/datasets/2020-2025/metro/totals/cbsa-est2025-alldata.csv,"All weights, numeric default dimensions, roof pitches, spacing and hex values are proposals unless explicitly marked sourced; observed geometry overrides",City/district examples and standards establish local forms only; full-MSA distributions unverified,2026-10-07,unverified; no representative MSA architectural-style denominator established
Washington DC,Porch-front brick rowhouse,Early twentieth century proposed age band; exact local era requires district survey,unclear/unverified: no metro-wide style denominator,25,2 proposed; actual levels override,Flat/parapet or gable as locally evidenced [https://planning.dc.gov/sites/default/files/dc/sites/op/publication/attachments/140318_CHASEPatternBook-LO_Part2_0.pdf],0–5 flat;25–40 gable proposed,Brick facade proposed; concrete entry steps locally documented [https://planning.dc.gov/sites/default/files/dc/sites/op/publication/attachments/Draft%20Design%20Guidelines%20for%20Proposed%20Bloomingdale%20Historic%20District_0.pdf],#A1745A;#B68D70,#62625D,Full porch proposal; concrete steps and low masonry flank walls [https://planning.dc.gov/sites/default/files/dc/sites/op/publication/attachments/Draft%20Design%20Guidelines%20for%20Proposed%20Bloomingdale%20Historic%20District_0.pdf],3–6,5–8,Rear alley parking where mapped [https://planning.dc.gov/sites/default/files/dc/sites/op/publication/attachments/140318_CHASEPatternBook-LO_Part2_0.pdf],"Proposed heuristic: building=terrace + actual age + porch outline/roof shape; district context insufficient to assign individual facade; OSM building:levels, roof:shape, roof:material and start_date only when present; absence means unknown",https://opendata.dc.gov/datasets/DCGIS::building-footprints,"Open Data DC default CC0 unless otherwise noted; credit requested, not compulsory; third-party copyrighted content/logos excluded [https://dc.gov/page/terms-and-conditions-use-district-data]. MD/VA county rights separate. OSM ODbL: https://www.openstreetmap.org/copyright",https://planning.dc.gov/sites/default/files/dc/sites/op/publication/attachments/Draft%20Design%20Guidelines%20for%20Proposed%20Bloomingdale%20Historic%20District_0.pdf | https://opendata.dc.gov/datasets/DCGIS::building-footprints,Qualitative cited facts scoped to source district/manual; all hex/pitch/setback/lot/weights are proposals; detached suburban fallback type and era unverified,Mid-Atlantic/Northeast,7,47900,6465724,https://www2.census.gov/programs-surveys/popest/datasets/2020-2025/metro/totals/cbsa-est2025-alldata.csv,"All weights, numeric default dimensions, roof pitches, spacing and hex values are proposals unless explicitly marked sourced; observed geometry overrides",City/district examples and standards establish local forms only; full-MSA distributions unverified,2026-10-07,unverified; no representative MSA architectural-style denominator established
Washington DC,Semi-detached urban-edge pair,Twentieth-century broad bin proposed,unclear/unverified: no metro-wide style denominator,15,"2 proposed, supported by sample layouts [https://planning.dc.gov/sites/default/files/dc/sites/op/publication/attachments/140318_CHASEPatternBook-LO_Part2_0.pdf]","Flat/parapet, gable or mansard options in scoped guide [https://planning.dc.gov/sites/default/files/dc/sites/op/publication/attachments/140318_CHASEPatternBook-LO_Part2_0.pdf]",0–5 flat;25–40 gable proposed,Brick/stucco/siding proposal,#B38A6C;#D1CABC,#62625D,Front porch proposal,3–7,10–15,Rear alley access where mapped; front parking not the pattern-book design [https://planning.dc.gov/sites/default/files/dc/sites/op/publication/attachments/140318_CHASEPatternBook-LO_Part2_0.pdf],"Proposed heuristic: building=semidetached + one shared wall + actual levels/age; footprint topology stronger than era; OSM building:levels, roof:shape, roof:material and start_date only when present; absence means unknown",https://opendata.dc.gov/datasets/DCGIS::building-footprints,"Open Data DC default CC0 unless otherwise noted; credit requested, not compulsory; third-party copyrighted content/logos excluded [https://dc.gov/page/terms-and-conditions-use-district-data]. MD/VA county rights separate. OSM ODbL: https://www.openstreetmap.org/copyright",https://planning.dc.gov/sites/default/files/dc/sites/op/publication/attachments/140318_CHASEPatternBook-LO_Part2_0.pdf | https://opendata.dc.gov/datasets/DCGIS::building-footprints,Qualitative cited facts scoped to source district/manual; all hex/pitch/setback/lot/weights are proposals; detached suburban fallback type and era unverified,Mid-Atlantic/Northeast,7,47900,6465724,https://www2.census.gov/programs-surveys/popest/datasets/2020-2025/metro/totals/cbsa-est2025-alldata.csv,"All weights, numeric default dimensions, roof pitches, spacing and hex values are proposals unless explicitly marked sourced; observed geometry overrides",City/district examples and standards establish local forms only; full-MSA distributions unverified,2026-10-07,unverified; no representative MSA architectural-style denominator established
Washington DC,Metro detached suburban fallback,Postwar–present proposed,unclear/unverified: no metro-wide style denominator,25,1–2 proposed,Gable/hip proposed,20–40,Brick veneer/siding proposal,#B59173;#CCC8BA,#62625D,Entry porch/stoop proposed,7–13,18–30,Mapped front driveway and attached garage geometry,"Proposed heuristic: Detached footprint/parcel spacing + county age; DC data rights do not automatically cover Maryland/Virginia suburbs; OSM building:levels, roof:shape, roof:material and start_date only when present; absence means unknown",https://opendata.dc.gov/datasets/DCGIS::building-footprints,"Open Data DC default CC0 unless otherwise noted; credit requested, not compulsory; third-party copyrighted content/logos excluded [https://dc.gov/page/terms-and-conditions-use-district-data]. MD/VA county rights separate. OSM ODbL: https://www.openstreetmap.org/copyright",https://planning.dc.gov/sites/default/files/dc/sites/op/publication/attachments/140318_CHASEPatternBook-LO_Part2_0.pdf | https://opendata.dc.gov/datasets/DCGIS::building-footprints,Qualitative cited facts scoped to source district/manual; all hex/pitch/setback/lot/weights are proposals; detached suburban fallback type and era unverified,Mid-Atlantic/Northeast,7,47900,6465724,https://www2.census.gov/programs-surveys/popest/datasets/2020-2025/metro/totals/cbsa-est2025-alldata.csv,"All weights, numeric default dimensions, roof pitches, spacing and hex values are proposals unless explicitly marked sourced; observed geometry overrides",City/district examples and standards establish local forms only; full-MSA distributions unverified,2026-10-07,unverified; no representative MSA architectural-style denominator established
Philadelphia,Compact brick workingman rowhouse,Mid–late nineteenth century [https://www.phila.gov/media/20190521124726/Philadelphia_Rowhouse_Manual.pdf],unclear/unverified: no metro-wide style denominator,30,2 [https://www.phila.gov/media/20190521124726/Philadelphia_Rowhouse_Manual.pdf],Most row roofs low-slope [https://www.phila.gov/media/20190521124726/Philadelphia_Rowhouse_Manual.pdf],1–5,Brick supported generally by manual [https://www.phila.gov/media/20190521124726/Philadelphia_Rowhouse_Manual.pdf],#995D47;#B98062,#62625D,Small raised stoop proposed,0–2,4–5.5,No front garage fallback; mapped rear alley,"Proposed heuristic: OPA building-code description + number_stories2 + attached footprint + year_built with estimate flag; OSM building:levels, roof:shape, roof:material and start_date only when present; absence means unknown",https://data.phila.gov/visualizations/property-assessments/,"City dataset publisher fields verified [https://data.phila.gov/visualizations/property-assessments/]; listed City of Philadelphia License [https://opendataphilly.org/datasets/philadelphia-properties-and-assessment-history/], operative licence text not retrieved: commercial redistribution/attribution unclear. Strip owners/addresses. OSM ODbL: https://www.openstreetmap.org/copyright",https://www.phila.gov/media/20190521124726/Philadelphia_Rowhouse_Manual.pdf | https://data.phila.gov/visualizations/property-assessments/,Qualitative cited facts scoped to source district/manual; all hex/pitch/setback/lot/weights are proposals; detached suburban fallback type and era unverified,Mid-Atlantic/Northeast,9,37980,6329118,https://www2.census.gov/programs-surveys/popest/datasets/2020-2025/metro/totals/cbsa-est2025-alldata.csv,"All weights, numeric default dimensions, roof pitches, spacing and hex values are proposals unless explicitly marked sourced; observed geometry overrides",City/district examples and standards establish local forms only; full-MSA distributions unverified,2026-10-07,unverified; no representative MSA architectural-style denominator established
Philadelphia,Streetcar townhouse / porch-front row,Mid–late nineteenth century manual grouping [https://www.phila.gov/media/20190521124726/Philadelphia_Rowhouse_Manual.pdf]; do not assume all porchfronts same era,unclear/unverified: no metro-wide style denominator,15,3 in streetcar example [https://www.phila.gov/media/20190521124726/Philadelphia_Rowhouse_Manual.pdf];20th-century porchfront2 also exists,Low-slope proposal; gable/mansard only with roof evidence,1–5,Brick with wood porch proposal; exact mix unverified,#9D654D;#BBA58B,#62625D,Broad porch and bay windows [https://www.phila.gov/media/20190521124726/Philadelphia_Rowhouse_Manual.pdf],2–5,5–7,Mapped rear access; do not add front garage automatically,"Proposed heuristic: OPA ROW PORCH FRONT class + attached footprint + age/levels; porch cannot reliably be inferred from age; OSM building:levels, roof:shape, roof:material and start_date only when present; absence means unknown",https://data.phila.gov/visualizations/property-assessments/,"City dataset publisher fields verified [https://data.phila.gov/visualizations/property-assessments/]; listed City of Philadelphia License [https://opendataphilly.org/datasets/philadelphia-properties-and-assessment-history/], operative licence text not retrieved: commercial redistribution/attribution unclear. Strip owners/addresses. OSM ODbL: https://www.openstreetmap.org/copyright",https://www.phila.gov/media/20190521124726/Philadelphia_Rowhouse_Manual.pdf | https://data.phila.gov/visualizations/property-assessments/,Qualitative cited facts scoped to source district/manual; all hex/pitch/setback/lot/weights are proposals; detached suburban fallback type and era unverified,Mid-Atlantic/Northeast,9,37980,6329118,https://www2.census.gov/programs-surveys/popest/datasets/2020-2025/metro/totals/cbsa-est2025-alldata.csv,"All weights, numeric default dimensions, roof pitches, spacing and hex values are proposals unless explicitly marked sourced; observed geometry overrides",City/district examples and standards establish local forms only; full-MSA distributions unverified,2026-10-07,unverified; no representative MSA architectural-style denominator established
Philadelphia,Postwar Airlite / straight-through row,Postwar [https://www.phila.gov/media/20190521124726/Philadelphia_Rowhouse_Manual.pdf],unclear/unverified: no metro-wide style denominator,20,2 plus garage/basement level [https://www.phila.gov/media/20190521124726/Philadelphia_Rowhouse_Manual.pdf],Low-slope proposal,1–5,Brick facade proposal consistent with manual's broad material description,#B98968;#A26C4F,#62625D,Elevated yard/entry; occasional porch [https://www.phila.gov/media/20190521124726/Philadelphia_Rowhouse_Manual.pdf],3–7,5–7,Lower-level garage documented [https://www.phila.gov/media/20190521124726/Philadelphia_Rowhouse_Manual.pdf]; rear access where mapped,"Proposed heuristic: OPA garage_type/spaces + ROW code + postwar age + elevated frontage; rear elevation can differ from front; OSM building:levels, roof:shape, roof:material and start_date only when present; absence means unknown",https://data.phila.gov/visualizations/property-assessments/,"City dataset publisher fields verified [https://data.phila.gov/visualizations/property-assessments/]; listed City of Philadelphia License [https://opendataphilly.org/datasets/philadelphia-properties-and-assessment-history/], operative licence text not retrieved: commercial redistribution/attribution unclear. Strip owners/addresses. OSM ODbL: https://www.openstreetmap.org/copyright",https://www.phila.gov/media/20190521124726/Philadelphia_Rowhouse_Manual.pdf | https://data.phila.gov/visualizations/property-assessments/,Qualitative cited facts scoped to source district/manual; all hex/pitch/setback/lot/weights are proposals; detached suburban fallback type and era unverified,Mid-Atlantic/Northeast,9,37980,6329118,https://www2.census.gov/programs-surveys/popest/datasets/2020-2025/metro/totals/cbsa-est2025-alldata.csv,"All weights, numeric default dimensions, roof pitches, spacing and hex values are proposals unless explicitly marked sourced; observed geometry overrides",City/district examples and standards establish local forms only; full-MSA distributions unverified,2026-10-07,unverified; no representative MSA architectural-style denominator established
Philadelphia,Federal / Georgian town row,Colonial–early nineteenth century [https://www.phila.gov/media/20190521124726/Philadelphia_Rowhouse_Manual.pdf],unclear/unverified: no metro-wide style denominator,10,3–4 [https://www.phila.gov/media/20190521124726/Philadelphia_Rowhouse_Manual.pdf],Gable may occur; historic roof geometry should override default,30–45 proposed gable,Brick with stone accents proposed,#9B674F;#C1B5A0,#62625D,Stoop proposed; modest front area,0–3,5–7,Rear yard/carriage access only if mapped,"Proposed heuristic: Early age + historic survey style + attached narrow footprint; distinguish altered roofs from original era; OSM building:levels, roof:shape, roof:material and start_date only when present; absence means unknown",https://data.phila.gov/visualizations/property-assessments/,"City dataset publisher fields verified [https://data.phila.gov/visualizations/property-assessments/]; listed City of Philadelphia License [https://opendataphilly.org/datasets/philadelphia-properties-and-assessment-history/], operative licence text not retrieved: commercial redistribution/attribution unclear. Strip owners/addresses. OSM ODbL: https://www.openstreetmap.org/copyright",https://www.phila.gov/media/20190521124726/Philadelphia_Rowhouse_Manual.pdf | https://data.phila.gov/visualizations/property-assessments/,Qualitative cited facts scoped to source district/manual; all hex/pitch/setback/lot/weights are proposals; detached suburban fallback type and era unverified,Mid-Atlantic/Northeast,9,37980,6329118,https://www2.census.gov/programs-surveys/popest/datasets/2020-2025/metro/totals/cbsa-est2025-alldata.csv,"All weights, numeric default dimensions, roof pitches, spacing and hex values are proposals unless explicitly marked sourced; observed geometry overrides",City/district examples and standards establish local forms only; full-MSA distributions unverified,2026-10-07,unverified; no representative MSA architectural-style denominator established
Philadelphia,Detached suburban metro fallback,Postwar–present proposed,unclear/unverified: no metro-wide style denominator,25,1–2 proposed,Gable/hip proposed,20–40,Brick/siding/stone veneer proposal,#BC9E83;#CDC9B9,#62625D,Small porch proposed,7–13,18–30,Mapped front/side drive; attached garage only with geometry,"Proposed heuristic: building=detached and local county age/footprints; central Philadelphia dataset does not cover NJ/DE suburbs; OSM building:levels, roof:shape, roof:material and start_date only when present; absence means unknown",https://data.phila.gov/visualizations/property-assessments/,"City dataset publisher fields verified [https://data.phila.gov/visualizations/property-assessments/]; listed City of Philadelphia License [https://opendataphilly.org/datasets/philadelphia-properties-and-assessment-history/], operative licence text not retrieved: commercial redistribution/attribution unclear. Strip owners/addresses. OSM ODbL: https://www.openstreetmap.org/copyright",https://data.phila.gov/visualizations/property-assessments/,Qualitative cited facts scoped to source district/manual; all hex/pitch/setback/lot/weights are proposals; detached suburban fallback type and era unverified,Mid-Atlantic/Northeast,9,37980,6329118,https://www2.census.gov/programs-surveys/popest/datasets/2020-2025/metro/totals/cbsa-est2025-alldata.csv,"All weights, numeric default dimensions, roof pitches, spacing and hex values are proposals unless explicitly marked sourced; observed geometry overrides",City/district examples and standards establish local forms only; full-MSA distributions unverified,2026-10-07,unverified; no representative MSA architectural-style denominator established
Phoenix,Craftsman / California bungalow,1905–1935 proposal,unverified; no metro-wide style denominator,5,1–1.5 proposal,gable; sheltered entry,18–28,wood siding or stucco proposal,#D6CBB8; #BDB29B,#62594D,covered porch,4–8,12–20,rear garage only if mapped,early year + surveyed style + roof confirmation,https://gis.mcassessor.maricopa.gov/arcgis/rest/services/MaricopaDynamicQueryService/MapServer/layers,unclear: free access does not establish commercial redistribution; Maricopa excludes Pinal coverage,https://www.tempe.gov/home/showpublisheddocument/6628/635323967996830000 | https://gis.mcassessor.maricopa.gov/arcgis/rest/services/MaricopaDynamicQueryService/MapServer/layers | https://www.mcassessor.maricopa.gov/news/?c_year=2026 | https://maps.phoenix.gov/pub/rest/services/Public/HistoricProperties/MapServer/0,"Scoped historical/style or design-guide evidence; all weights, era windows, dimensions and colours proposed; not metro prevalence",Southwest,10,38060,5228938,https://www2.census.gov/programs-surveys/popest/datasets/2020-2025/metro/totals/cbsa-est2025-alldata.csv,"All weights, numeric default dimensions, roof pitches, spacing and hex values are proposals unless explicitly marked sourced; observed geometry overrides",City/district examples and standards establish local forms only; full-MSA distributions unverified,2026-10-07,unverified; no representative MSA architectural-style denominator established
Phoenix,Spanish Colonial Revival,1920–1940 proposal,unverified; no metro-wide style denominator,7,1 proposal,flat parapet or low tile hip/gable,0–5 flat; 12–22 pitched,stucco; red tile,#E6D6BF; #EEE4D3,#A45F43,arched/recessed entry,4–8,14–22,mapped rear/side garage,early year + district style + low roof confirmation,https://gis.mcassessor.maricopa.gov/arcgis/rest/services/MaricopaDynamicQueryService/MapServer/layers,unclear: free access does not establish commercial redistribution; Maricopa excludes Pinal coverage,https://solicitations.phoenix.gov/Solicitations/GetSolicitationAttachment?attachmentId=16638 | https://gis.mcassessor.maricopa.gov/arcgis/rest/services/MaricopaDynamicQueryService/MapServer/layers | https://www.mcassessor.maricopa.gov/news/?c_year=2026 | https://maps.phoenix.gov/pub/rest/services/Public/HistoricProperties/MapServer/0,"Scoped historical/style or design-guide evidence; all weights, era windows, dimensions and colours proposed; not metro prevalence",Southwest,10,38060,5228938,https://www2.census.gov/programs-surveys/popest/datasets/2020-2025/metro/totals/cbsa-est2025-alldata.csv,"All weights, numeric default dimensions, roof pitches, spacing and hex values are proposals unless explicitly marked sourced; observed geometry overrides",City/district examples and standards establish local forms only; full-MSA distributions unverified,2026-10-07,unverified; no representative MSA architectural-style denominator established
Phoenix,Southwest flat-parapet vernacular,1910–1945 proposal,unverified; no metro-wide style denominator,8,1 proposal,flat behind parapet,0–3,stucco; substrate verify,#D8BE9B; #D7C4AB,#B4A998,shaded small entry,3–7,12–20,rear structure if mapped,early year + compact rectangle + observed parapet,https://gis.mcassessor.maricopa.gov/arcgis/rest/services/MaricopaDynamicQueryService/MapServer/layers,unclear: free access does not establish commercial redistribution; Maricopa excludes Pinal coverage,https://www.phoenix.gov/pddsite/Documents/HP/pdd_hp_pdf_00211.pdf | https://gis.mcassessor.maricopa.gov/arcgis/rest/services/MaricopaDynamicQueryService/MapServer/layers | https://www.mcassessor.maricopa.gov/news/?c_year=2026 | https://maps.phoenix.gov/pub/rest/services/Public/HistoricProperties/MapServer/0,"Scoped historical/style or design-guide evidence; all weights, era windows, dimensions and colours proposed; not metro prevalence",Southwest,10,38060,5228938,https://www2.census.gov/programs-surveys/popest/datasets/2020-2025/metro/totals/cbsa-est2025-alldata.csv,"All weights, numeric default dimensions, roof pitches, spacing and hex values are proposals unless explicitly marked sourced; observed geometry overrides",City/district examples and standards establish local forms only; full-MSA distributions unverified,2026-10-07,unverified; no representative MSA architectural-style denominator established
Phoenix,Postwar masonry ranch,1945–1975 proposal,unverified; no metro-wide style denominator,35,1,broadside gable/hip; rectangle or L,10–20,concrete block/brick; asphalt roof,#C6B89E; #BC9F82,#6A6257; #786D5C,small entry; rear patio,6–10,18–28,front/side carport or garage,year + low elongated/L footprint + actual storeys/roof,https://gis.mcassessor.maricopa.gov/arcgis/rest/services/MaricopaDynamicQueryService/MapServer/layers,unclear: free access does not establish commercial redistribution; Maricopa excludes Pinal coverage,https://www.scottsdaleaz.gov/docs/default-source/scottsdaleaz/historic-preservation/postwar-modern-subdivision-development-in-scottsdale.pdf?sfvrsn=28f57383_1 | https://gis.mcassessor.maricopa.gov/arcgis/rest/services/MaricopaDynamicQueryService/MapServer/layers | https://www.mcassessor.maricopa.gov/news/?c_year=2026 | https://maps.phoenix.gov/pub/rest/services/Public/HistoricProperties/MapServer/0,"Scoped historical/style or design-guide evidence; all weights, era windows, dimensions and colours proposed; not metro prevalence",Southwest,10,38060,5228938,https://www2.census.gov/programs-surveys/popest/datasets/2020-2025/metro/totals/cbsa-est2025-alldata.csv,"All weights, numeric default dimensions, roof pitches, spacing and hex values are proposals unless explicitly marked sourced; observed geometry overrides",City/district examples and standards establish local forms only; full-MSA distributions unverified,2026-10-07,unverified; no representative MSA architectural-style denominator established
Phoenix,Midcentury contemporary low-gable,1950–1970 proposal,unverified; no metro-wide style denominator,10,1,very low front gable or flat,3–10,block/brick bands; stucco/glazing,#DED6C7; #B9AA91,#A99B87,minimal overhang entry,5–9,18–28,carport when supported,year + observed very low gable; distinguish ranch only with roof evidence,https://gis.mcassessor.maricopa.gov/arcgis/rest/services/MaricopaDynamicQueryService/MapServer/layers,unclear: free access does not establish commercial redistribution; Maricopa excludes Pinal coverage,https://www.scottsdaleaz.gov/docs/default-source/scottsdaleaz/historic-preservation/postwar-modern-subdivision-development-in-scottsdale.pdf?sfvrsn=28f57383_1 | https://gis.mcassessor.maricopa.gov/arcgis/rest/services/MaricopaDynamicQueryService/MapServer/layers | https://www.mcassessor.maricopa.gov/news/?c_year=2026 | https://maps.phoenix.gov/pub/rest/services/Public/HistoricProperties/MapServer/0,"Scoped historical/style or design-guide evidence; all weights, era windows, dimensions and colours proposed; not metro prevalence",Southwest,10,38060,5228938,https://www2.census.gov/programs-surveys/popest/datasets/2020-2025/metro/totals/cbsa-est2025-alldata.csv,"All weights, numeric default dimensions, roof pitches, spacing and hex values are proposals unless explicitly marked sourced; observed geometry overrides",City/district examples and standards establish local forms only; full-MSA distributions unverified,2026-10-07,unverified; no representative MSA architectural-style denominator established
Phoenix,Later stucco tile-roof subdivision house,1980–present proposal; design guide 2002,unverified; no metro-wide style denominator,35,1–2 proposal,hip/cross-gable; concrete tile,16–24,stucco; limited stone veneer; concrete tile,#DCC5A7; #D8C5AF; #E1D5C2,#A56E50; #877366,recessed covered entry,4.5–7.5,14–24,front attached garage if mapped,later year + parcel/footprint + observed tile roof,https://gis.mcassessor.maricopa.gov/arcgis/rest/services/MaricopaDynamicQueryService/MapServer/layers,unclear: free access does not establish commercial redistribution; Maricopa excludes Pinal coverage,https://www.chandleraz.gov/sites/default/files/documents/imported/residential-design-standards.pdf | https://gis.mcassessor.maricopa.gov/arcgis/rest/services/MaricopaDynamicQueryService/MapServer/layers | https://www.mcassessor.maricopa.gov/news/?c_year=2026 | https://maps.phoenix.gov/pub/rest/services/Public/HistoricProperties/MapServer/0,"Scoped historical/style or design-guide evidence; all weights, era windows, dimensions and colours proposed; not metro prevalence",Southwest,10,38060,5228938,https://www2.census.gov/programs-surveys/popest/datasets/2020-2025/metro/totals/cbsa-est2025-alldata.csv,"All weights, numeric default dimensions, roof pitches, spacing and hex values are proposals unless explicitly marked sourced; observed geometry overrides",City/district examples and standards establish local forms only; full-MSA distributions unverified,2026-10-07,unverified; no representative MSA architectural-style denominator established
Boston,Triple-decker,"Late1800s–early1900s, sourced",Metro share unverified,30,"3, sourced","Flat, sourced",0–4,"Wood, sourced; modern cladding type not inferred",#B7B6A5;#BBC1B7;#C5BBA5,#555651;#676A64,"Front/back stacked porches, sourced",2–5,9–13,Side access/rear parking proposed; mapped geometry only,PROPOSED: Age+3 storeys+3-unit candidate; flat roof/stacked porch confirm. Units alone insufficient.,https://www.mass.gov/info-details/massgis-data-property-tax-parcels | https://www.mass.gov/info-details/massgis-data-2025-aerial-imagery,"MassGIS FAQ: public domain/any purpose, source credit MassGIS (Bureau of Geographic Information), Commonwealth of Massachusetts EOTSS. Parcel standard says no fee redistribution beyond reproduction costs: clarify paid raw resale. NH metro area outside this coverage. Drop owner/address/value fields.",https://www.boston.gov/sites/default/files/file/2021/05/REQUEST%20FOR%20IDEAS_%20Co-creating%20Boston_s%20Future-Decker.pdf,Type presence/selected qualitative traits sourced; all hex/pitch/setback/lotwidth and mix weights PROPOSED; prevalence unverified. State architectural curriculum indexed excerpt only.,New England,11,14460,5034221,https://www2.census.gov/programs-surveys/popest/datasets/2020-2025/metro/totals/cbsa-est2025-alldata.csv,"All weights, numeric default dimensions, roof pitches, spacing and hex values are proposals unless explicitly marked sourced; observed geometry overrides",City/district examples and standards establish local forms only; full-MSA distributions unverified,2026-10-07,unverified; no representative MSA architectural-style denominator established
Boston,Masonry rowhouse / brownstone / Second Empire,"1860s onward Back Bay, sourced",Metro share unverified,20,"3–4, proposed representative",Mansard documented; flat roof variant proposed,60–75 lower mansard;10–25 upper,Brownstone documented Back Bay; brick/brownstone/stone also Mission Hill,#936B56;#9E5B46;#B7A185,#555651;#676A64,Stone stoop/front entry proposed; verify actual heights,0–3,5–8,Back Bay alleys documented; rear parking conditional,PROPOSED: Pre1900 age+attached/terrace building tag+party-wall footprint adjacency; mansard tags/height needed for subtype.,https://www.mass.gov/info-details/massgis-data-property-tax-parcels | https://www.mass.gov/info-details/massgis-data-2025-aerial-imagery,"MassGIS FAQ: public domain/any purpose, source credit MassGIS (Bureau of Geographic Information), Commonwealth of Massachusetts EOTSS. Parcel standard says no fee redistribution beyond reproduction costs: clarify paid raw resale. NH metro area outside this coverage. Drop owner/address/value fields.",https://www.boston.gov/sites/default/files/imce-uploads/2017-07/backbay_baystateroad_brochure.pdf,Type presence/selected qualitative traits sourced; all hex/pitch/setback/lotwidth and mix weights PROPOSED; prevalence unverified. State architectural curriculum indexed excerpt only.,New England,11,14460,5034221,https://www2.census.gov/programs-surveys/popest/datasets/2020-2025/metro/totals/cbsa-est2025-alldata.csv,"All weights, numeric default dimensions, roof pitches, spacing and hex values are proposals unless explicitly marked sourced; observed geometry overrides",City/district examples and standards establish local forms only; full-MSA distributions unverified,2026-10-07,unverified; no representative MSA architectural-style denominator established
Boston,Colonial / Colonial Revival detached,Post1887 Aberdeen documented; broader1700s–1900s family not same style,Metro share unverified,20,2–2.5 proposed,Side gable proposed,32–45,Clapboard proposed; do not confuse brick Colonial rowhouses with detached subtype,#D1CABA;#C5C8BC;#A9B3A8,#555651;#676A64,Centered compact portico/stoop proposed,5–10,12–22,Side drive/rear garage or suburban attached garage conditional,PROPOSED: Era+near rectangular footprint+2 storeys+side gable; distinguish historic Colonial versus Revival using date/source. Classification remains tentative.,https://www.mass.gov/info-details/massgis-data-property-tax-parcels | https://www.mass.gov/info-details/massgis-data-2025-aerial-imagery,"MassGIS FAQ: public domain/any purpose, source credit MassGIS (Bureau of Geographic Information), Commonwealth of Massachusetts EOTSS. Parcel standard says no fee redistribution beyond reproduction costs: clarify paid raw resale. NH metro area outside this coverage. Drop owner/address/value fields.",https://content.boston.gov/historic-district/aberdeen-architectural-conservation-district | https://www.mass.gov/info-details/re14r25-architecture,Type presence/selected qualitative traits sourced; all hex/pitch/setback/lotwidth and mix weights PROPOSED; prevalence unverified. State architectural curriculum indexed excerpt only.,New England,11,14460,5034221,https://www2.census.gov/programs-surveys/popest/datasets/2020-2025/metro/totals/cbsa-est2025-alldata.csv,"All weights, numeric default dimensions, roof pitches, spacing and hex values are proposals unless explicitly marked sourced; observed geometry overrides",City/district examples and standards establish local forms only; full-MSA distributions unverified,2026-10-07,unverified; no representative MSA architectural-style denominator established
Boston,Queen Anne / Shingle Victorian detached,"Post1887 Aberdeen development, sourced",Metro share unverified,15,2–2.5 proposed,Cross gable/hip with optional turret proposed,38–52,Wood/shingle palette proposed; actual material requires source,#A7A28A;#A8B4AA;#C8BAA2,#555651;#676A64,Broad/partial front porch proposed,4–9,12–22,Rear garage/side driveway conditional,PROPOSED: Late19th age+irregular footprint+roof/turret geometry candidate; no automatic architecture claim from historic district alone.,https://www.mass.gov/info-details/massgis-data-property-tax-parcels | https://www.mass.gov/info-details/massgis-data-2025-aerial-imagery,"MassGIS FAQ: public domain/any purpose, source credit MassGIS (Bureau of Geographic Information), Commonwealth of Massachusetts EOTSS. Parcel standard says no fee redistribution beyond reproduction costs: clarify paid raw resale. NH metro area outside this coverage. Drop owner/address/value fields.",https://content.boston.gov/historic-district/aberdeen-architectural-conservation-district,Type presence/selected qualitative traits sourced; all hex/pitch/setback/lotwidth and mix weights PROPOSED; prevalence unverified. State architectural curriculum indexed excerpt only.,New England,11,14460,5034221,https://www2.census.gov/programs-surveys/popest/datasets/2020-2025/metro/totals/cbsa-est2025-alldata.csv,"All weights, numeric default dimensions, roof pitches, spacing and hex values are proposals unless explicitly marked sourced; observed geometry overrides",City/district examples and standards establish local forms only; full-MSA distributions unverified,2026-10-07,unverified; no representative MSA architectural-style denominator established
Boston,Cape Cod / postwar Cape-family detached,Historic Cape form; postwar1935–1965 selection interval proposed,Metro share unverified,15,"1.5, state architectural curriculum","Steep gable, state curriculum",35–48,Shingles/painted siding proposed; roof shingles sourced,#CECAB9;#B7BCB0;#AFB6B0,#555651;#676A64,Central entrance sourced; small stoop proposed,6–12,14–24,Side/front drive and optional detached/attached garage proposed,PROPOSED: Compact rectangle+1.5 storeys+steep side gable; actual age important. Cape house type is not a geographic Cape Cod location label.,https://www.mass.gov/info-details/massgis-data-property-tax-parcels | https://www.mass.gov/info-details/massgis-data-2025-aerial-imagery,"MassGIS FAQ: public domain/any purpose, source credit MassGIS (Bureau of Geographic Information), Commonwealth of Massachusetts EOTSS. Parcel standard says no fee redistribution beyond reproduction costs: clarify paid raw resale. NH metro area outside this coverage. Drop owner/address/value fields.",https://www.mass.gov/info-details/re14r25-architecture,Type presence/selected qualitative traits sourced; all hex/pitch/setback/lotwidth and mix weights PROPOSED; prevalence unverified. State architectural curriculum indexed excerpt only.,New England,11,14460,5034221,https://www2.census.gov/programs-surveys/popest/datasets/2020-2025/metro/totals/cbsa-est2025-alldata.csv,"All weights, numeric default dimensions, roof pitches, spacing and hex values are proposals unless explicitly marked sourced; observed geometry overrides",City/district examples and standards establish local forms only; full-MSA distributions unverified,2026-10-07,unverified; no representative MSA architectural-style denominator established
Riverside–San Bernardino,California bungalow,1906–1925 (Riverside),UNVERIFIED: no metro-wide style denominator established,20,1 proposal,low front gable,21,siding/shingle/plaster; porch piers,#BCAE8F,#71685A,offset porch; tapered supports,6,17,rear detached garage proposal,Unvalidated heuristic: original year + geometry + height + historic district; year alone does not classify style,https://gis2.rivco.org/,unclear: verify source-specific commercial redistribution terms,https://www.riversideca.gov/cedd/sites/riversideca.gov.cedd/files/pdf/planning/historic-preservation/Rehab%20Riverside%20Right.pdf,"Official local guide; metro applicability and all numeric dimensions, hex palettes and weights are proposals, NOT prevalence",Pacific,12,40140,4769007,https://www2.census.gov/programs-surveys/popest/datasets/2020-2025/metro/totals/cbsa-est2025-alldata.csv,"All weights, numeric default dimensions, roof pitches, spacing and hex values are proposals unless explicitly marked sourced; observed geometry overrides",City/district examples and standards establish local forms only; full-MSA distributions unverified,2026-10-07,unverified; no representative MSA architectural-style denominator established
Riverside–San Bernardino,Mediterranean Period Revival,1890–1935 (Riverside),UNVERIFIED: no metro-wide style denominator established,20,1–2 proposal,tile hip/gable,16,stucco proposal; documented tile,#E1CFAD,#A15A3E,arched entry,7,20,side/rear garage proposal,Unvalidated heuristic: original year + geometry + height + historic district; year alone does not classify style,https://gis2.rivco.org/,unclear: verify source-specific commercial redistribution terms,https://www.riversideca.gov/cedd/sites/riversideca.gov.cedd/files/pdf/planning/historic-preservation/Rehab%20Riverside%20Right.pdf,"Official local guide; metro applicability and all numeric dimensions, hex palettes and weights are proposals, NOT prevalence",Pacific,12,40140,4769007,https://www2.census.gov/programs-surveys/popest/datasets/2020-2025/metro/totals/cbsa-est2025-alldata.csv,"All weights, numeric default dimensions, roof pitches, spacing and hex values are proposals unless explicitly marked sourced; observed geometry overrides",City/district examples and standards establish local forms only; full-MSA distributions unverified,2026-10-07,unverified; no representative MSA architectural-style denominator established
Riverside–San Bernardino,Postwar vernacular cottage,1945–1955 (Riverside),UNVERIFIED: no metro-wide style denominator established,25,1 proposal,simple gable/hip,25,proposal: stucco; modest wood trim,#D4C9B5,#7A7469,small stoop/hood proposal,6,18,single garage/driveway proposal,Unvalidated heuristic: original year + geometry + height + historic district; year alone does not classify style,https://gis2.rivco.org/,unclear: verify source-specific commercial redistribution terms,https://www.riversideca.gov/cedd/sites/riversideca.gov.cedd/files/pdf/planning/historic-preservation/Rehab%20Riverside%20Right.pdf,"Official local guide; metro applicability and all numeric dimensions, hex palettes and weights are proposals, NOT prevalence",Pacific,12,40140,4769007,https://www2.census.gov/programs-surveys/popest/datasets/2020-2025/metro/totals/cbsa-est2025-alldata.csv,"All weights, numeric default dimensions, roof pitches, spacing and hex values are proposals unless explicitly marked sourced; observed geometry overrides",City/district examples and standards establish local forms only; full-MSA distributions unverified,2026-10-07,unverified; no representative MSA architectural-style denominator established
Riverside–San Bernardino,California Ranch,post-1945 (Riverside),UNVERIFIED: no metro-wide style denominator established,35,1 proposal,elongated low gable/hip,17,proposal: stucco/siding/masonry,#CEBE9F,#7E6C57,shallow entry proposal,8,24,attached garage proposal,Unvalidated heuristic: original year + geometry + height + historic district; year alone does not classify style,https://gis2.rivco.org/,unclear: verify source-specific commercial redistribution terms,https://www.riversideca.gov/cedd/sites/riversideca.gov.cedd/files/pdf/planning/historic-preservation/Rehab%20Riverside%20Right.pdf,"Official local guide; metro applicability and all numeric dimensions, hex palettes and weights are proposals, NOT prevalence",Pacific,12,40140,4769007,https://www2.census.gov/programs-surveys/popest/datasets/2020-2025/metro/totals/cbsa-est2025-alldata.csv,"All weights, numeric default dimensions, roof pitches, spacing and hex values are proposals unless explicitly marked sourced; observed geometry overrides",City/district examples and standards establish local forms only; full-MSA distributions unverified,2026-10-07,unverified; no representative MSA architectural-style denominator established
San Francisco–Oakland,Victorian wood row/raised-basement house,1870–1910 (SF),UNVERIFIED: no metro-wide style denominator established,25,2–3 proposal,gable/hip; bay projection,35,wood siding; simplified trim,#B7B4AA,#66625C,raised street-facing entry,1.5,8,West Oakland secondary rear/basement garage; mapped access,Unvalidated heuristic: original year + geometry + height + historic district; year alone does not classify style,https://data.sf.gov/d/ynuv-fyni,PDDL 1.0 for identified SF footprint dataset only; other joined data unclear,https://sfplanning.org/sites/default/files/documents/preserv/bulletins/HistPres_Bulletin_18.PDF; https://www.oaklandca.gov/files/assets/city/v/1/planning-amp-building/documents/sp/neighborhood-plans/wosp/wosp-appendix-a-design-guidelines.pdf,"Official local guide; metro applicability and all numeric dimensions, hex palettes and weights are proposals, NOT prevalence",Pacific,13,41860,4630041,https://www2.census.gov/programs-surveys/popest/datasets/2020-2025/metro/totals/cbsa-est2025-alldata.csv,"All weights, numeric default dimensions, roof pitches, spacing and hex values are proposals unless explicitly marked sourced; observed geometry overrides",City/district examples and standards establish local forms only; full-MSA distributions unverified,2026-10-07,unverified; no representative MSA architectural-style denominator established
San Francisco–Oakland,Edwardian / early revival flats,1890–1930 (SF),UNVERIFIED: no metro-wide style denominator established,25,2–3 proposal,hip/gable or parapet,25,proposal: wood siding/stucco; bays,#D2C7B0,#6D655C,shared recessed entry proposal,1.5,8,ground garage only when geometry supports,Unvalidated heuristic: original year + geometry + height + historic district; year alone does not classify style,https://data.sf.gov/d/ynuv-fyni,PDDL 1.0 for identified SF footprint dataset only; other joined data unclear,https://sfplanning.org/sites/default/files/documents/preserv/bulletins/HistPres_Bulletin_18.PDF,"Official local guide; metro applicability and all numeric dimensions, hex palettes and weights are proposals, NOT prevalence",Pacific,13,41860,4630041,https://www2.census.gov/programs-surveys/popest/datasets/2020-2025/metro/totals/cbsa-est2025-alldata.csv,"All weights, numeric default dimensions, roof pitches, spacing and hex values are proposals unless explicitly marked sourced; observed geometry overrides",City/district examples and standards establish local forms only; full-MSA distributions unverified,2026-10-07,unverified; no representative MSA architectural-style denominator established
San Francisco–Oakland,Sunset revival / streamline tract house,1925–1950 (Sunset),UNVERIFIED: no metro-wide style denominator established,30,1 over garage proposal,low gable/hip or parapet,12,proposal: stucco; tile accents,#D8CEB8,#9D715C,compact recessed entry proposal,2,8,front ground garage proposal,Unvalidated heuristic: original year + geometry + height + historic district; year alone does not classify style,https://data.sf.gov/d/ynuv-fyni,PDDL 1.0 for identified SF footprint dataset only; other joined data unclear,https://default.sfplanning.org/Preservation/sunset_survey/Adopted_SunsetHCS.pdf,"Official local guide; metro applicability and all numeric dimensions, hex palettes and weights are proposals, NOT prevalence",Pacific,13,41860,4630041,https://www2.census.gov/programs-surveys/popest/datasets/2020-2025/metro/totals/cbsa-est2025-alldata.csv,"All weights, numeric default dimensions, roof pitches, spacing and hex values are proposals unless explicitly marked sourced; observed geometry overrides",City/district examples and standards establish local forms only; full-MSA distributions unverified,2026-10-07,unverified; no representative MSA architectural-style denominator established
San Francisco–Oakland,East Bay Craftsman bungalow,1900–1930 proposal,UNVERIFIED: no metro-wide style denominator established,20,1–1.5 proposal,broad gable; deep eaves,22,proposal: wood/shingles; masonry base,#9CA190,#5D6055,broad covered porch proposal,5,14,rear/side detached garage proposal,Unvalidated heuristic: original year + geometry + height + historic district; year alone does not classify style,https://data.sf.gov/d/ynuv-fyni,PDDL 1.0 for identified SF footprint dataset only; other joined data unclear,https://www.oaklandca.gov/Planning-Building/Historic-Preservation,"Official local guide; metro applicability and all numeric dimensions, hex palettes and weights are proposals, NOT prevalence",Pacific,13,41860,4630041,https://www2.census.gov/programs-surveys/popest/datasets/2020-2025/metro/totals/cbsa-est2025-alldata.csv,"All weights, numeric default dimensions, roof pitches, spacing and hex values are proposals unless explicitly marked sourced; observed geometry overrides",City/district examples and standards establish local forms only; full-MSA distributions unverified,2026-10-07,unverified; no representative MSA architectural-style denominator established
Detroit,Side-gabled bungalow,1900–1940,Metro prevalence unverified,30,1–2 guide;1.5 proposed default,side gable with dormer,22–35,brick/frame/stucco,#8C5544;#B6AD91,#56524B,wide roofed porch,4–8,10–15,rear/alley or side drive conditional,"Proposed: combine verified building age, footprint aspect/geometry, storeys, roof tags and mapped garage access. Style remains probabilistic; missing tags are not negative evidence.",https://github.com/CityOfDetroit/parcel-viewer,Item-specific commercial redistribution rights unclear; OSM inputs require ODbL compliance,https://detroitmi.gov/sites/detroitmi.localhost/files/2025-04/HDC%20Color%20Package.pdf,"Type presence sourced; weights, pitch, setback, most lot widths and hex colours are proposed generator defaults",Midwest,14,19820,4390913,https://www2.census.gov/programs-surveys/popest/datasets/2020-2025/metro/totals/cbsa-est2025-alldata.csv,"All weights, numeric default dimensions, roof pitches, spacing and hex values are proposals unless explicitly marked sourced; observed geometry overrides",City/district examples and standards establish local forms only; full-MSA distributions unverified,2026-10-07,unverified; no representative MSA architectural-style denominator established
Detroit,Brick Colonial Revival,1915–1955 proposed,Metro prevalence unverified,20,2–2.5 proposed,side gable,30–42,brick/wood trim,#8B5243;#A07358,#56524B,small portico proposed,6–10,12–20,Rosedale supports side drive/rear garage;district scoped,"Proposed: combine verified building age, footprint aspect/geometry, storeys, roof tags and mapped garage access. Style remains probabilistic; missing tags are not negative evidence.",https://github.com/CityOfDetroit/parcel-viewer,Item-specific commercial redistribution rights unclear; OSM inputs require ODbL compliance,https://detroitmi.gov/sites/detroitmi.localhost/files/2018-08/Rosedale%20Park%20HD%20Final%20Report.pdf,"Type presence sourced; weights, pitch, setback, most lot widths and hex colours are proposed generator defaults",Midwest,14,19820,4390913,https://www2.census.gov/programs-surveys/popest/datasets/2020-2025/metro/totals/cbsa-est2025-alldata.csv,"All weights, numeric default dimensions, roof pitches, spacing and hex values are proposals unless explicitly marked sourced; observed geometry overrides",City/district examples and standards establish local forms only; full-MSA distributions unverified,2026-10-07,unverified; no representative MSA architectural-style denominator established
Detroit,Tudor-influenced brick house,1920–1945 proposed,Metro prevalence unverified,15,1.5–2 proposed,steep front/cross gable,40–55,brick/stone/stucco,#925E48;#B1A185,#56524B,recessed entry proposed,5–10,12–20,rear/side garage conditional,"Proposed: combine verified building age, footprint aspect/geometry, storeys, roof tags and mapped garage access. Style remains probabilistic; missing tags are not negative evidence.",https://github.com/CityOfDetroit/parcel-viewer,Item-specific commercial redistribution rights unclear; OSM inputs require ODbL compliance,https://detroitmi.gov/sites/detroitmi.localhost/files/events/2023-01/Draft%20Ordinance%20-%20Krainz%20Woods%20and%20Sojourner%20Truth%20Homes.pdf,"Type presence sourced; weights, pitch, setback, most lot widths and hex colours are proposed generator defaults",Midwest,14,19820,4390913,https://www2.census.gov/programs-surveys/popest/datasets/2020-2025/metro/totals/cbsa-est2025-alldata.csv,"All weights, numeric default dimensions, roof pitches, spacing and hex values are proposals unless explicitly marked sourced; observed geometry overrides",City/district examples and standards establish local forms only; full-MSA distributions unverified,2026-10-07,unverified; no representative MSA architectural-style denominator established
Detroit,Minimal Traditional,1935–1955 proposed,Metro prevalence unverified,15,1–1.5 proposed,side/front gable,25–38,brick/siding/simulated stone proposed,#A06A50;#C0BAA8,#56524B,small covered entry proposed,5–9,10–16,side drive/rear garage proposed,"Proposed: combine verified building age, footprint aspect/geometry, storeys, roof tags and mapped garage access. Style remains probabilistic; missing tags are not negative evidence.",https://github.com/CityOfDetroit/parcel-viewer,Item-specific commercial redistribution rights unclear; OSM inputs require ODbL compliance,https://detroitmi.gov/sites/detroitmi.localhost/files/events/2023-01/Draft%20Ordinance%20-%20Krainz%20Woods%20and%20Sojourner%20Truth%20Homes.pdf,"Type presence sourced; weights, pitch, setback, most lot widths and hex colours are proposed generator defaults",Midwest,14,19820,4390913,https://www2.census.gov/programs-surveys/popest/datasets/2020-2025/metro/totals/cbsa-est2025-alldata.csv,"All weights, numeric default dimensions, roof pitches, spacing and hex values are proposals unless explicitly marked sourced; observed geometry overrides",City/district examples and standards establish local forms only; full-MSA distributions unverified,2026-10-07,unverified; no representative MSA architectural-style denominator established
Detroit,Ranch,1945–1980 proposed,Metro prevalence unverified,20,1,low side gable/hip proposed,14–25,brick/siding proposed,#A26D52;#C9BFA9,#56524B,compact entry proposed,7–12,16–25,attached garage variant documented in district,"Proposed: combine verified building age, footprint aspect/geometry, storeys, roof tags and mapped garage access. Style remains probabilistic; missing tags are not negative evidence.",https://github.com/CityOfDetroit/parcel-viewer,Item-specific commercial redistribution rights unclear; OSM inputs require ODbL compliance,https://detroitmi.gov/sites/detroitmi.localhost/files/events/2023-01/Draft%20Ordinance%20-%20Krainz%20Woods%20and%20Sojourner%20Truth%20Homes.pdf,"Type presence sourced; weights, pitch, setback, most lot widths and hex colours are proposed generator defaults",Midwest,14,19820,4390913,https://www2.census.gov/programs-surveys/popest/datasets/2020-2025/metro/totals/cbsa-est2025-alldata.csv,"All weights, numeric default dimensions, roof pitches, spacing and hex values are proposals unless explicitly marked sourced; observed geometry overrides",City/district examples and standards establish local forms only; full-MSA distributions unverified,2026-10-07,unverified; no representative MSA architectural-style denominator established
Seattle,Craftsman bungalow,1900–1930 (WA guide),UNVERIFIED: no metro-wide style denominator established,30,1–1.5 proposal,low gable; structural accents,24,proposal: wood; masonry porch accents,#8D998C,#56605A,broad porch proposal,5,13,rear garage; mapped alley only,Unvalidated heuristic: original year + geometry + height + historic district; year alone does not classify style,https://www5.kingcounty.gov/sdc?Layer=resbldg_extr,unclear: verify source-specific commercial redistribution terms,https://www.dahp.wa.gov/sites/default/files/NRDistrictGuide.pdf; https://tacoma.gov/government/departments/planning-and-development-services/historic-preservation/tacomas-historic-districts-landmarks/,"Official local guide; metro applicability and all numeric dimensions, hex palettes and weights are proposals, NOT prevalence",Pacific,15,42660,4161883,https://www2.census.gov/programs-surveys/popest/datasets/2020-2025/metro/totals/cbsa-est2025-alldata.csv,"All weights, numeric default dimensions, roof pitches, spacing and hex values are proposals unless explicitly marked sourced; observed geometry overrides",City/district examples and standards establish local forms only; full-MSA distributions unverified,2026-10-07,unverified; no representative MSA architectural-style denominator established
Seattle,Tudor / English cottage,1910–1935 (WA guide),UNVERIFIED: no metro-wide style denominator established,20,1–2 proposal,steep intersecting gables,45,proposal: brick/stucco; half timber,#B8AA91,#514E46,small recessed entry proposal,5,13,rear/basement garage proposal,Unvalidated heuristic: original year + geometry + height + historic district; year alone does not classify style,https://www5.kingcounty.gov/sdc?Layer=resbldg_extr,unclear: verify source-specific commercial redistribution terms,https://www.dahp.wa.gov/sites/default/files/NRDistrictGuide.pdf; https://tacoma.gov/government/departments/planning-and-development-services/historic-preservation/tacomas-historic-districts-landmarks/,"Official local guide; metro applicability and all numeric dimensions, hex palettes and weights are proposals, NOT prevalence",Pacific,15,42660,4161883,https://www2.census.gov/programs-surveys/popest/datasets/2020-2025/metro/totals/cbsa-est2025-alldata.csv,"All weights, numeric default dimensions, roof pitches, spacing and hex values are proposals unless explicitly marked sourced; observed geometry overrides",City/district examples and standards establish local forms only; full-MSA distributions unverified,2026-10-07,unverified; no representative MSA architectural-style denominator established
Seattle,WWII / Minimal Traditional cottage,1935–1950 (WA DAHP),UNVERIFIED: no metro-wide style denominator established,25,1 typical documented,hip; minimal overhang,27,wood siding/shingles; brick/stucco alternatives,#BFC2B5,#686D65,small hood/shallow stoop,5,15,attached garage variants documented; access proposal,Unvalidated heuristic: original year + geometry + height + historic district; year alone does not classify style,https://www5.kingcounty.gov/sdc?Layer=resbldg_extr,unclear: verify source-specific commercial redistribution terms,https://dahp.wa.gov/historic-preservation/historic-buildings/architectural-style-guide/wwii-era-cottage,"Official local guide; metro applicability and all numeric dimensions, hex palettes and weights are proposals, NOT prevalence",Pacific,15,42660,4161883,https://www2.census.gov/programs-surveys/popest/datasets/2020-2025/metro/totals/cbsa-est2025-alldata.csv,"All weights, numeric default dimensions, roof pitches, spacing and hex values are proposals unless explicitly marked sourced; observed geometry overrides",City/district examples and standards establish local forms only; full-MSA distributions unverified,2026-10-07,unverified; no representative MSA architectural-style denominator established
Seattle,Ranch / rambler,1945–1995 (WA DAHP),UNVERIFIED: no metro-wide style denominator established,25,1 proposal,broad low gable/hip,18,proposal: wood; brick accents,#B4AD98,#68685F,shallow recessed entry proposal,7,21,attached garage proposal,Unvalidated heuristic: original year + geometry + height + historic district; year alone does not classify style,https://www5.kingcounty.gov/sdc?Layer=resbldg_extr,unclear: verify source-specific commercial redistribution terms,https://dahp.wa.gov/historic-preservation/historic-buildings/architectural-style-guide/ranch,"Official local guide; metro applicability and all numeric dimensions, hex palettes and weights are proposals, NOT prevalence",Pacific,15,42660,4161883,https://www2.census.gov/programs-surveys/popest/datasets/2020-2025/metro/totals/cbsa-est2025-alldata.csv,"All weights, numeric default dimensions, roof pitches, spacing and hex values are proposals unless explicitly marked sourced; observed geometry overrides",City/district examples and standards establish local forms only; full-MSA distributions unverified,2026-10-07,unverified; no representative MSA architectural-style denominator established
Minneapolis–St Paul,Craftsman bungalow,1900–1935 proposed,Metro prevalence unverified,25,1–1.5 proposed,gable/hip proposed,23–36,stucco/wood/brick proposed,#C7B997;#AFB2A2,#56524B,front porch proposed,4–8,11–16,rear garage conditional,"Proposed: combine verified building age, footprint aspect/geometry, storeys, roof tags and mapped garage access. Style remains probabilistic; missing tags are not negative evidence.",https://opendata.minneapolismn.gov/,Item-specific commercial redistribution rights unclear; OSM inputs require ODbL compliance,https://www.minneapolismn.gov/resident-services/property-housing/preservation/landmarks-districts/landmarks/wakefield-house/,"Type presence sourced; weights, pitch, setback, most lot widths and hex colours are proposed generator defaults",Midwest,16,33460,3790295,https://www2.census.gov/programs-surveys/popest/datasets/2020-2025/metro/totals/cbsa-est2025-alldata.csv,"All weights, numeric default dimensions, roof pitches, spacing and hex values are proposals unless explicitly marked sourced; observed geometry overrides",City/district examples and standards establish local forms only; full-MSA distributions unverified,2026-10-07,unverified; no representative MSA architectural-style denominator established
Minneapolis–St Paul,Queen Anne / late Victorian,late1800s,Metro prevalence unverified,15,2–2.5 proposed,cross gable/turret proposed,38–52,painted wood proposed,#B5A27C;#94A49B,#56524B,partial/wrap porch proposed,4–9,12–20,rear garage conditional,"Proposed: combine verified building age, footprint aspect/geometry, storeys, roof tags and mapped garage access. Style remains probabilistic; missing tags are not negative evidence.",https://opendata.minneapolismn.gov/,Item-specific commercial redistribution rights unclear; OSM inputs require ODbL compliance,https://www.minneapolismn.gov/resident-services/property-housing/preservation/landmarks-districts/historic-districts/healy-block/,"Type presence sourced; weights, pitch, setback, most lot widths and hex colours are proposed generator defaults",Midwest,16,33460,3790295,https://www2.census.gov/programs-surveys/popest/datasets/2020-2025/metro/totals/cbsa-est2025-alldata.csv,"All weights, numeric default dimensions, roof pitches, spacing and hex values are proposals unless explicitly marked sourced; observed geometry overrides",City/district examples and standards establish local forms only; full-MSA distributions unverified,2026-10-07,unverified; no representative MSA architectural-style denominator established
Minneapolis–St Paul,Tudor / Period Revival house,1915–1945 proposed,Metro prevalence unverified,15,1.5–2 proposed,steep cross gable proposed,40–55,stucco/brick proposed,#B6A484;#95664E,#56524B,recessed stoop proposed,5–9,12–18,rear/side garage conditional,"Proposed: combine verified building age, footprint aspect/geometry, storeys, roof tags and mapped garage access. Style remains probabilistic; missing tags are not negative evidence.",https://opendata.minneapolismn.gov/,Item-specific commercial redistribution rights unclear; OSM inputs require ODbL compliance,https://www.minneapolismn.gov/media/-www-content-assets/documents/Fifth-Street-Southeast-Historic-District-Resurvey-Project-Presentation-6-13-24.pdf,"Type presence sourced; weights, pitch, setback, most lot widths and hex colours are proposed generator defaults",Midwest,16,33460,3790295,https://www2.census.gov/programs-surveys/popest/datasets/2020-2025/metro/totals/cbsa-est2025-alldata.csv,"All weights, numeric default dimensions, roof pitches, spacing and hex values are proposals unless explicitly marked sourced; observed geometry overrides",City/district examples and standards establish local forms only; full-MSA distributions unverified,2026-10-07,unverified; no representative MSA architectural-style denominator established
Minneapolis–St Paul,Postwar ranch,1950–1980 proposed,Metro prevalence unverified,25,1,low gable/hip proposed,14–25,siding/brick proposed,#B8B5A3;#C7B79B,#56524B,small landing;back patio,7–12,17–27,attached/front garage proposed,"Proposed: combine verified building age, footprint aspect/geometry, storeys, roof tags and mapped garage access. Style remains probabilistic; missing tags are not negative evidence.",https://opendata.minneapolismn.gov/,Item-specific commercial redistribution rights unclear; OSM inputs require ODbL compliance,https://www.minneapolismn.gov/media/-www-content-assets/documents/Minneapolis-in-the-Modern-Era-1930-1975-Historic-Context-Study.pdf,"Type presence sourced; weights, pitch, setback, most lot widths and hex colours are proposed generator defaults",Midwest,16,33460,3790295,https://www2.census.gov/programs-surveys/popest/datasets/2020-2025/metro/totals/cbsa-est2025-alldata.csv,"All weights, numeric default dimensions, roof pitches, spacing and hex values are proposals unless explicitly marked sourced; observed geometry overrides",City/district examples and standards establish local forms only; full-MSA distributions unverified,2026-10-07,unverified; no representative MSA architectural-style denominator established
Minneapolis–St Paul,Split-level / split-foyer,1955–1985 proposed,Metro prevalence unverified,20,staggered1–2 proposed,offset side gable proposed,14–25,siding/brick proposed,#C2BBA8;#A7B0A4,#56524B,central stair/landing proposed,7–12,18–28,lower-level garage proposed,"Proposed: combine verified building age, footprint aspect/geometry, storeys, roof tags and mapped garage access. Style remains probabilistic; missing tags are not negative evidence.",https://opendata.minneapolismn.gov/,Item-specific commercial redistribution rights unclear; OSM inputs require ODbL compliance,https://www.minneapolismn.gov/media/-www-content-assets/documents/Minneapolis-in-the-Modern-Era-1930-1975-Historic-Context-Study.pdf,"Type presence sourced; weights, pitch, setback, most lot widths and hex colours are proposed generator defaults",Midwest,16,33460,3790295,https://www2.census.gov/programs-surveys/popest/datasets/2020-2025/metro/totals/cbsa-est2025-alldata.csv,"All weights, numeric default dimensions, roof pitches, spacing and hex values are proposals unless explicitly marked sourced; observed geometry overrides",City/district examples and standards establish local forms only; full-MSA distributions unverified,2026-10-07,unverified; no representative MSA architectural-style denominator established
Tampa–St Petersburg,Craftsman / Florida bungalow,1910s–1920s documented; classifier 1905–1935 proposed,unverified; no representative MSA denominator,25,1–1.5 (generator proposal),gable; optional dormer (source-informed proposal),18–30,wood/brick/stucco,#E2D7BF/#B8C6B5/#9F6553,#6A6A63,full/partial raised porch; depth 1.8–2.6 m proposed (proposal controls),4–8,12–20,side drive/rear garage; actual alley graph (proposal; actual access wins),"Actual construction year + footprint/height/storeys + roof/material/porch evidence where present; historic survey increases confidence; generic OSM house tag insufficient; split-level needs building-part/slope evidence. Proposed probabilistic rule, not style ground truth.",https://downloads.hcpafl.org/default.aspx?subfolder=_shapefile_archives | https://fchlpm.sbafla.com/media/rxepccwx/20210609_fphlm_2019_finalizedmar2021.pdf,"Commercial bulk use, redistribution and attribution unclear; public access is not permission. Exclude owners/addresses/occupants/exemptions/value fields. County scope is narrower than MSA.",https://www.tampa.gov/sites/default/files/document/2021/Seminole%20Heights%20Design%20Guidelines.pdf,"Qualitative local taxonomy documented unless row says proposed/unverified; all numeric geometry, palettes and generator weights are proposals, never measured shares. Later suburban archetype and Tampa ranch local prevalence unverified.",Southeast/Florida,17,45300,3418895,https://www2.census.gov/programs-surveys/popest/datasets/2020-2025/metro/totals/cbsa-est2025-alldata.csv,"All weights, numeric default dimensions, roof pitches, spacing and hex values are proposals unless explicitly marked sourced; observed geometry overrides",City/district examples and standards establish local forms only; full-MSA distributions unverified,2026-10-07,unverified; no representative MSA architectural-style denominator established
Tampa–St Petersburg,Florida frame-vernacular cottage,early twentieth century; classifier 1890–1935 proposed,unverified; no representative MSA denominator,10,1 (generator proposal),simple gable; optional metal (source-informed proposal),28–40,wood siding,#DAD8C8/#BCCDC6,#AAAFA8,raised front porch/simple posts (proposal controls),3–7,10–18,side drive/rear structure if mapped (proposal; actual access wins),"Actual construction year + footprint/height/storeys + roof/material/porch evidence where present; historic survey increases confidence; generic OSM house tag insufficient; split-level needs building-part/slope evidence. Proposed probabilistic rule, not style ground truth.",https://downloads.hcpafl.org/default.aspx?subfolder=_shapefile_archives | https://fchlpm.sbafla.com/media/rxepccwx/20210609_fphlm_2019_finalizedmar2021.pdf,"Commercial bulk use, redistribution and attribution unclear; public access is not permission. Exclude owners/addresses/occupants/exemptions/value fields. County scope is narrower than MSA.",https://www.tampa.gov/sites/default/files/content/files/migrated/INTRODUCTION_PGS_1-24.PDF,"Qualitative local taxonomy documented unless row says proposed/unverified; all numeric geometry, palettes and generator weights are proposals, never measured shares. Later suburban archetype and Tampa ranch local prevalence unverified.",Southeast/Florida,17,45300,3418895,https://www2.census.gov/programs-surveys/popest/datasets/2020-2025/metro/totals/cbsa-est2025-alldata.csv,"All weights, numeric default dimensions, roof pitches, spacing and hex values are proposals unless explicitly marked sourced; observed geometry overrides",City/district examples and standards establish local forms only; full-MSA distributions unverified,2026-10-07,unverified; no representative MSA architectural-style denominator established
Tampa–St Petersburg,Mediterranean Revival,interwar association; classifier 1915–1940 proposed,unverified; no representative MSA denominator,15,1–2 (generator proposal),tile hip/gable; optional parapet (source-informed proposal),10–24,stucco/terracotta,#E9DABB/#DCC9AA,#A9694D,arched entry/loggia (proposal controls),4–9,15–25,side drive/rear garage if mapped (proposal; actual access wins),"Actual construction year + footprint/height/storeys + roof/material/porch evidence where present; historic survey increases confidence; generic OSM house tag insufficient; split-level needs building-part/slope evidence. Proposed probabilistic rule, not style ground truth.",https://downloads.hcpafl.org/default.aspx?subfolder=_shapefile_archives | https://fchlpm.sbafla.com/media/rxepccwx/20210609_fphlm_2019_finalizedmar2021.pdf,"Commercial bulk use, redistribution and attribution unclear; public access is not permission. Exclude owners/addresses/occupants/exemptions/value fields. County scope is narrower than MSA.",https://www.tampa.gov/sites/default/files/document/2021/Seminole%20Heights%20Design%20Guidelines.pdf,"Qualitative local taxonomy documented unless row says proposed/unverified; all numeric geometry, palettes and generator weights are proposals, never measured shares. Later suburban archetype and Tampa ranch local prevalence unverified.",Southeast/Florida,17,45300,3418895,https://www2.census.gov/programs-surveys/popest/datasets/2020-2025/metro/totals/cbsa-est2025-alldata.csv,"All weights, numeric default dimensions, roof pitches, spacing and hex values are proposals unless explicitly marked sourced; observed geometry overrides",City/district examples and standards establish local forms only; full-MSA distributions unverified,2026-10-07,unverified; no representative MSA architectural-style denominator established
Tampa–St Petersburg,Postwar masonry ranch,1945–1980 proposed; local prevalence unverified,unverified; no representative MSA denominator,30,1 (generator proposal),hip/gable (source-informed proposal),12–24,masonry/stucco/brick proposed,#DCD8C5/#E5D5B7/#AF8C72,#78756A,shallow entry/slab porch (proposal controls),6–12,18–30,front/side drive/carport (proposal; actual access wins),"Actual construction year + footprint/height/storeys + roof/material/porch evidence where present; historic survey increases confidence; generic OSM house tag insufficient; split-level needs building-part/slope evidence. Proposed probabilistic rule, not style ground truth.",https://downloads.hcpafl.org/default.aspx?subfolder=_shapefile_archives | https://fchlpm.sbafla.com/media/rxepccwx/20210609_fphlm_2019_finalizedmar2021.pdf,"Commercial bulk use, redistribution and attribution unclear; public access is not permission. Exclude owners/addresses/occupants/exemptions/value fields. County scope is narrower than MSA.",https://downloads.hcpafl.org/default.aspx?subfolder=_shapefile_archives | https://fchlpm.sbafla.com/media/rxepccwx/20210609_fphlm_2019_finalizedmar2021.pdf,"Qualitative local taxonomy documented unless row says proposed/unverified; all numeric geometry, palettes and generator weights are proposals, never measured shares. Later suburban archetype and Tampa ranch local prevalence unverified.",Southeast/Florida,17,45300,3418895,https://www2.census.gov/programs-surveys/popest/datasets/2020-2025/metro/totals/cbsa-est2025-alldata.csv,"All weights, numeric default dimensions, roof pitches, spacing and hex values are proposals unless explicitly marked sourced; observed geometry overrides",City/district examples and standards establish local forms only; full-MSA distributions unverified,2026-10-07,unverified; no representative MSA architectural-style denominator established
Tampa–St Petersburg,Later stucco suburban house,1980–present proposed; local prevalence unverified,unverified; no representative MSA denominator,20,1–2 (generator proposal),multi-hip/gable (source-informed proposal),18–30,stucco/tile proposed,#E1D5BA/#CBBDA2/#EBE4D5,#946D50,recessed entrance (proposal controls),5–10,15–25,front attached garage (proposal; actual access wins),"Actual construction year + footprint/height/storeys + roof/material/porch evidence where present; historic survey increases confidence; generic OSM house tag insufficient; split-level needs building-part/slope evidence. Proposed probabilistic rule, not style ground truth.",https://downloads.hcpafl.org/default.aspx?subfolder=_shapefile_archives | https://fchlpm.sbafla.com/media/rxepccwx/20210609_fphlm_2019_finalizedmar2021.pdf,"Commercial bulk use, redistribution and attribution unclear; public access is not permission. Exclude owners/addresses/occupants/exemptions/value fields. County scope is narrower than MSA.",https://downloads.hcpafl.org/default.aspx?subfolder=_shapefile_archives,"Qualitative local taxonomy documented unless row says proposed/unverified; all numeric geometry, palettes and generator weights are proposals, never measured shares. Later suburban archetype and Tampa ranch local prevalence unverified.",Southeast/Florida,17,45300,3418895,https://www2.census.gov/programs-surveys/popest/datasets/2020-2025/metro/totals/cbsa-est2025-alldata.csv,"All weights, numeric default dimensions, roof pitches, spacing and hex values are proposals unless explicitly marked sourced; observed geometry overrides",City/district examples and standards establish local forms only; full-MSA distributions unverified,2026-10-07,unverified; no representative MSA architectural-style denominator established
San Diego,Craftsman bungalow,1900–1930 (Old Town),UNVERIFIED: no metro-wide style denominator established,20,1–1.5 typical documented,low hip/front gable; deep eaves,22,clapboard/shingles; stone/brick options,#AAA68C,#625F51,covered porch on columns/piers,5,14,rear/side garage proposal,Unvalidated heuristic: original year + geometry + height + historic district; year alone does not classify style,https://data.sandiego.gov/datasets/gis-historical-districts/,unclear: verify source-specific commercial redistribution terms,https://www.sandiego.gov/sites/default/files/old_san_diego_survey_report_20180403_final_adopted.pdf; https://www.sandiego.gov/sites/default/files/appendix_h_-_historic_context_statement.pdf,"Official local guide; metro applicability and all numeric dimensions, hex palettes and weights are proposals, NOT prevalence",Pacific,18,41740,3282248,https://www2.census.gov/programs-surveys/popest/datasets/2020-2025/metro/totals/cbsa-est2025-alldata.csv,"All weights, numeric default dimensions, roof pitches, spacing and hex values are proposals unless explicitly marked sourced; observed geometry overrides",City/district examples and standards establish local forms only; full-MSA distributions unverified,2026-10-07,unverified; no representative MSA architectural-style denominator established
San Diego,Spanish Colonial / later revival,early twentieth century and postwar (Old Town),UNVERIFIED: no metro-wide style denominator established,25,1–2 proposal,low tile gable/hip; parapet,15,proposal: stucco; clay tile,#E3D7BD,#A56446,arched entry/courtyard proposal,5,15,rear/side garage proposal,Unvalidated heuristic: original year + geometry + height + historic district; year alone does not classify style,https://data.sandiego.gov/datasets/gis-historical-districts/,unclear: verify source-specific commercial redistribution terms,https://www.sandiego.gov/sites/default/files/old_san_diego_survey_report_20180403_final_adopted.pdf,"Official local guide; metro applicability and all numeric dimensions, hex palettes and weights are proposals, NOT prevalence",Pacific,18,41740,3282248,https://www2.census.gov/programs-surveys/popest/datasets/2020-2025/metro/totals/cbsa-est2025-alldata.csv,"All weights, numeric default dimensions, roof pitches, spacing and hex values are proposals unless explicitly marked sourced; observed geometry overrides",City/district examples and standards establish local forms only; full-MSA distributions unverified,2026-10-07,unverified; no representative MSA architectural-style denominator established
San Diego,Minimal Traditional cottage,post-WWII (Old Town),UNVERIFIED: no metro-wide style denominator established,20,1 proposal,simple low gable/hip,25,proposal: stucco/wood trim,#D4CBB8,#7B7569,small stoop/hood proposal,5,16,single garage proposal,Unvalidated heuristic: original year + geometry + height + historic district; year alone does not classify style,https://data.sandiego.gov/datasets/gis-historical-districts/,unclear: verify source-specific commercial redistribution terms,https://www.sandiego.gov/sites/default/files/old_san_diego_survey_report_20180403_final_adopted.pdf,"Official local guide; metro applicability and all numeric dimensions, hex palettes and weights are proposals, NOT prevalence",Pacific,18,41740,3282248,https://www2.census.gov/programs-surveys/popest/datasets/2020-2025/metro/totals/cbsa-est2025-alldata.csv,"All weights, numeric default dimensions, roof pitches, spacing and hex values are proposals unless explicitly marked sourced; observed geometry overrides",City/district examples and standards establish local forms only; full-MSA distributions unverified,2026-10-07,unverified; no representative MSA architectural-style denominator established
San Diego,Tract Ranch,1958–1979 (Mira Mesa draft),UNVERIFIED: no metro-wide style denominator established,35,usually 1 single-family documented,broad low gable/hip proposal,17,proposal: stucco/wood; masonry accent,#CCBFA7,#806E5A,shallow entry proposal,7,21,attached garage proposal,Unvalidated heuristic: original year + geometry + height + historic district; year alone does not classify style,https://data.sandiego.gov/datasets/gis-historical-districts/,unclear: verify source-specific commercial redistribution terms,https://www.sandiego.gov/sites/default/files/appendix_f1_-_historic_context_statement.pdf,"Official local guide; metro applicability and all numeric dimensions, hex palettes and weights are proposals, NOT prevalence",Pacific,18,41740,3282248,https://www2.census.gov/programs-surveys/popest/datasets/2020-2025/metro/totals/cbsa-est2025-alldata.csv,"All weights, numeric default dimensions, roof pitches, spacing and hex values are proposals unless explicitly marked sourced; observed geometry overrides",City/district examples and standards establish local forms only; full-MSA distributions unverified,2026-10-07,unverified; no representative MSA architectural-style denominator established
Orlando,Craftsman bungalow,1920s examples verified; classifier 1905–1935 proposed,unverified; no representative MSA denominator,20,1–1.5 (generator proposal),gable (source-informed proposal),18–30,wood/stucco,#C6CBB8/#E0D5BC,#6A6B62,broad porch; depth 1.8–2.5 m proposed (proposal controls),4–8,12–20,side drive/rear garage if mapped (proposal; actual access wins),"Actual construction year + footprint/height/storeys + roof/material/porch evidence where present; historic survey increases confidence; generic OSM house tag insufficient; split-level needs building-part/slope evidence. Proposed probabilistic rule, not style ground truth.",https://ocpaimages.ocpafl.org/api/Content/GetContentDynamicFile?contentFileID=149898 | https://vgispublic.ocpafl.org/server/rest/services/OCPA/Drone_Catalog/MapServer/layers,"Commercial bulk use, redistribution and attribution unclear; public access is not permission. Exclude owners/addresses/occupants/exemptions/value fields. County scope is narrower than MSA.",https://www.orlando.gov/files/sharedassets/public/v/1/documents/city-and-district-plans/comprehensive-plan/support-documents/historicpreservation_support_2010-07.pdf | https://www.orlando.gov/files/sharedassets/public/documents/city-and-district-plans/baldwin-park/baldwinpark-residentialguidelines.pdf,"Qualitative local taxonomy documented unless row says proposed/unverified; all numeric geometry, palettes and generator weights are proposals, never measured shares. Later suburban archetype and Tampa ranch local prevalence unverified.",Southeast/Florida,20,36740,2957672,https://www2.census.gov/programs-surveys/popest/datasets/2020-2025/metro/totals/cbsa-est2025-alldata.csv,"All weights, numeric default dimensions, roof pitches, spacing and hex values are proposals unless explicitly marked sourced; observed geometry overrides",City/district examples and standards establish local forms only; full-MSA distributions unverified,2026-10-07,unverified; no representative MSA architectural-style denominator established
Orlando,Frame-vernacular farmhouse/cottage,1890–1911 local examples documented,unverified; no representative MSA denominator,10,1–2 (generator proposal),gable (source-informed proposal),28–40,clapboard,#E2DFD1/#CCD3C5,#868C86,front/wraparound porch (proposal controls),5–10,15–25,side drive/detached rear structure (proposal; actual access wins),"Actual construction year + footprint/height/storeys + roof/material/porch evidence where present; historic survey increases confidence; generic OSM house tag insufficient; split-level needs building-part/slope evidence. Proposed probabilistic rule, not style ground truth.",https://ocpaimages.ocpafl.org/api/Content/GetContentDynamicFile?contentFileID=149898 | https://vgispublic.ocpafl.org/server/rest/services/OCPA/Drone_Catalog/MapServer/layers,"Commercial bulk use, redistribution and attribution unclear; public access is not permission. Exclude owners/addresses/occupants/exemptions/value fields. County scope is narrower than MSA.",https://www.orlando.gov/files/sharedassets/public/v/1/documents/city-and-district-plans/comprehensive-plan/support-documents/historicpreservation_support_2010-07.pdf,"Qualitative local taxonomy documented unless row says proposed/unverified; all numeric geometry, palettes and generator weights are proposals, never measured shares. Later suburban archetype and Tampa ranch local prevalence unverified.",Southeast/Florida,20,36740,2957672,https://www2.census.gov/programs-surveys/popest/datasets/2020-2025/metro/totals/cbsa-est2025-alldata.csv,"All weights, numeric default dimensions, roof pitches, spacing and hex values are proposals unless explicitly marked sourced; observed geometry overrides",City/district examples and standards establish local forms only; full-MSA distributions unverified,2026-10-07,unverified; no representative MSA architectural-style denominator established
Orlando,Mediterranean / Spanish eclectic,early twentieth century; classifier 1915–1940 proposed,unverified; no representative MSA denominator,15,1–2 (generator proposal),tile hip/gable; parapet section (source-informed proposal),12–24,stucco/tile,#E6D5B8/#D9C2A0,#A56B4D,arched entry/loggia (proposal controls),4–10,15–28,side drive (proposal; actual access wins),"Actual construction year + footprint/height/storeys + roof/material/porch evidence where present; historic survey increases confidence; generic OSM house tag insufficient; split-level needs building-part/slope evidence. Proposed probabilistic rule, not style ground truth.",https://ocpaimages.ocpafl.org/api/Content/GetContentDynamicFile?contentFileID=149898 | https://vgispublic.ocpafl.org/server/rest/services/OCPA/Drone_Catalog/MapServer/layers,"Commercial bulk use, redistribution and attribution unclear; public access is not permission. Exclude owners/addresses/occupants/exemptions/value fields. County scope is narrower than MSA.",https://www.orlando.gov/files/sharedassets/public/v/1/documents/city-and-district-plans/comprehensive-plan/support-documents/historicpreservation_support_2010-07.pdf | https://www.orlando.gov/files/sharedassets/public/documents/city-and-district-plans/baldwin-park/baldwinpark-residentialguidelines.pdf,"Qualitative local taxonomy documented unless row says proposed/unverified; all numeric geometry, palettes and generator weights are proposals, never measured shares. Later suburban archetype and Tampa ranch local prevalence unverified.",Southeast/Florida,20,36740,2957672,https://www2.census.gov/programs-surveys/popest/datasets/2020-2025/metro/totals/cbsa-est2025-alldata.csv,"All weights, numeric default dimensions, roof pitches, spacing and hex values are proposals unless explicitly marked sourced; observed geometry overrides",City/district examples and standards establish local forms only; full-MSA distributions unverified,2026-10-07,unverified; no representative MSA architectural-style denominator established
Orlando,Minimal traditional / early ranch,documented district styles; classifier 1935–1975 proposed,unverified; no representative MSA denominator,25,1 (generator proposal),hip/side gable (source-informed proposal),15–28,masonry/stucco proposed,#DCD6C2/#E7DDC7,#73736A,small covered entry (proposal controls),6–12,18–28,front/side drive/carport (proposal; actual access wins),"Actual construction year + footprint/height/storeys + roof/material/porch evidence where present; historic survey increases confidence; generic OSM house tag insufficient; split-level needs building-part/slope evidence. Proposed probabilistic rule, not style ground truth.",https://ocpaimages.ocpafl.org/api/Content/GetContentDynamicFile?contentFileID=149898 | https://vgispublic.ocpafl.org/server/rest/services/OCPA/Drone_Catalog/MapServer/layers,"Commercial bulk use, redistribution and attribution unclear; public access is not permission. Exclude owners/addresses/occupants/exemptions/value fields. County scope is narrower than MSA.",https://www.orlando.gov/files/sharedassets/public/v/1/documents/city-and-district-plans/comprehensive-plan/support-documents/historicpreservation_support_2010-07.pdf,"Qualitative local taxonomy documented unless row says proposed/unverified; all numeric geometry, palettes and generator weights are proposals, never measured shares. Later suburban archetype and Tampa ranch local prevalence unverified.",Southeast/Florida,20,36740,2957672,https://www2.census.gov/programs-surveys/popest/datasets/2020-2025/metro/totals/cbsa-est2025-alldata.csv,"All weights, numeric default dimensions, roof pitches, spacing and hex values are proposals unless explicitly marked sourced; observed geometry overrides",City/district examples and standards establish local forms only; full-MSA distributions unverified,2026-10-07,unverified; no representative MSA architectural-style denominator established
Orlando,Later stucco suburban house / townhouse,1980–present proposed; prevalence unverified,unverified; no representative MSA denominator,30,1–2 (generator proposal),hip/multi-gable (source-informed proposal),18–30,stucco proposed,#E3D7BC/#CBBCA3,#986F51/#70716B,recessed front entrance (proposal controls),5–9,14–24 detached; 6–9 attached module,front garage or verified rear lane (proposal; actual access wins),"Actual construction year + footprint/height/storeys + roof/material/porch evidence where present; historic survey increases confidence; generic OSM house tag insufficient; split-level needs building-part/slope evidence. Proposed probabilistic rule, not style ground truth.",https://ocpaimages.ocpafl.org/api/Content/GetContentDynamicFile?contentFileID=149898 | https://vgispublic.ocpafl.org/server/rest/services/OCPA/Drone_Catalog/MapServer/layers,"Commercial bulk use, redistribution and attribution unclear; public access is not permission. Exclude owners/addresses/occupants/exemptions/value fields. County scope is narrower than MSA.",https://ocpaimages.ocpafl.org/api/Content/GetContentDynamicFile?contentFileID=149898 | https://vgispublic.ocpafl.org/server/rest/services/OCPA/Drone_Catalog/MapServer/layers,"Qualitative local taxonomy documented unless row says proposed/unverified; all numeric geometry, palettes and generator weights are proposals, never measured shares. Later suburban archetype and Tampa ranch local prevalence unverified.",Southeast/Florida,20,36740,2957672,https://www2.census.gov/programs-surveys/popest/datasets/2020-2025/metro/totals/cbsa-est2025-alldata.csv,"All weights, numeric default dimensions, roof pitches, spacing and hex values are proposals unless explicitly marked sourced; observed geometry overrides",City/district examples and standards establish local forms only; full-MSA distributions unverified,2026-10-07,unverified; no representative MSA architectural-style denominator established
Charlotte,Streetcar-suburb bungalow,early twentieth century/1920s documented,unverified; no representative MSA denominator,20,1–1.5 (generator proposal),gable (source-informed proposal),18–30,brick/siding proposed,#986551/#C4C9B9/#D9CFBC,#6B6C63,full/partial porch; depth 1.8–2.5 m proposed (proposal controls),4–8,12–20,side drive/rear garage if mapped (proposal; actual access wins),"Actual construction year + footprint/height/storeys + roof/material/porch evidence where present; historic survey increases confidence; generic OSM house tag insufficient; split-level needs building-part/slope evidence. Proposed probabilistic rule, not style ground truth.",https://gis.mecknc.gov/data-center,"Commercial bulk use, redistribution and attribution unclear; public access is not permission. Exclude owners/addresses/occupants/exemptions/value fields. County scope is narrower than MSA.",https://www.charlottenc.gov/Growth-and-Development/Planning-and-Development/Historic-District,"Qualitative local taxonomy documented unless row says proposed/unverified; all numeric geometry, palettes and generator weights are proposals, never measured shares. Later suburban archetype and Tampa ranch local prevalence unverified.",Southeast/Florida,21,16740,2938830,https://www2.census.gov/programs-surveys/popest/datasets/2020-2025/metro/totals/cbsa-est2025-alldata.csv,"All weights, numeric default dimensions, roof pitches, spacing and hex values are proposals unless explicitly marked sourced; observed geometry overrides",City/district examples and standards establish local forms only; full-MSA distributions unverified,2026-10-07,unverified; no representative MSA architectural-style denominator established
Charlotte,American small house / cottage,mid-twentieth century; classifier 1935–1955 proposed,unverified; no representative MSA denominator,15,1–1.5 (generator proposal),side/front gable (source-informed proposal),25–38,brick/siding proposed,#A17459/#D5D3C4,#6D6D65,small stoop/shallow porch (proposal controls),5–10,15–24,side drive (proposal; actual access wins),"Actual construction year + footprint/height/storeys + roof/material/porch evidence where present; historic survey increases confidence; generic OSM house tag insufficient; split-level needs building-part/slope evidence. Proposed probabilistic rule, not style ground truth.",https://gis.mecknc.gov/data-center,"Commercial bulk use, redistribution and attribution unclear; public access is not permission. Exclude owners/addresses/occupants/exemptions/value fields. County scope is narrower than MSA.",https://www.charlottenc.gov/Growth-and-Development/Planning-and-Development/Historic-District,"Qualitative local taxonomy documented unless row says proposed/unverified; all numeric geometry, palettes and generator weights are proposals, never measured shares. Later suburban archetype and Tampa ranch local prevalence unverified.",Southeast/Florida,21,16740,2938830,https://www2.census.gov/programs-surveys/popest/datasets/2020-2025/metro/totals/cbsa-est2025-alldata.csv,"All weights, numeric default dimensions, roof pitches, spacing and hex values are proposals unless explicitly marked sourced; observed geometry overrides",City/district examples and standards establish local forms only; full-MSA distributions unverified,2026-10-07,unverified; no representative MSA architectural-style denominator established
Charlotte,Brick ranch,1950s district development documented; classifier 1950–1975 proposed,unverified; no representative MSA denominator,30,1 (generator proposal),hip/side gable (source-informed proposal),12–24,brick,#9B6751/#AA8667,#6F6E66,small entry recess (proposal controls),7–14,22–34,front/side drive/carport or garage (proposal; actual access wins),"Actual construction year + footprint/height/storeys + roof/material/porch evidence where present; historic survey increases confidence; generic OSM house tag insufficient; split-level needs building-part/slope evidence. Proposed probabilistic rule, not style ground truth.",https://gis.mecknc.gov/data-center,"Commercial bulk use, redistribution and attribution unclear; public access is not permission. Exclude owners/addresses/occupants/exemptions/value fields. County scope is narrower than MSA.",https://www.charlottenc.gov/Growth-and-Development/Planning-and-Development/Historic-District,"Qualitative local taxonomy documented unless row says proposed/unverified; all numeric geometry, palettes and generator weights are proposals, never measured shares. Later suburban archetype and Tampa ranch local prevalence unverified.",Southeast/Florida,21,16740,2938830,https://www2.census.gov/programs-surveys/popest/datasets/2020-2025/metro/totals/cbsa-est2025-alldata.csv,"All weights, numeric default dimensions, roof pitches, spacing and hex values are proposals unless explicitly marked sourced; observed geometry overrides",City/district examples and standards establish local forms only; full-MSA distributions unverified,2026-10-07,unverified; no representative MSA architectural-style denominator established
Charlotte,Split-level,mid-twentieth century; classifier 1950–1980 proposed,unverified; no representative MSA denominator,15,1.5–2 apparent (generator proposal),offset side gables (source-informed proposal),16–28,brick lower/siding upper proposed,#94634E/#D5D1C2/#BEC2B0,#6C6E64,intermediate-floor landing (proposal controls),7–14,22–34,side/lower-floor garage (proposal; actual access wins),"Actual construction year + footprint/height/storeys + roof/material/porch evidence where present; historic survey increases confidence; generic OSM house tag insufficient; split-level needs building-part/slope evidence. Proposed probabilistic rule, not style ground truth.",https://gis.mecknc.gov/data-center,"Commercial bulk use, redistribution and attribution unclear; public access is not permission. Exclude owners/addresses/occupants/exemptions/value fields. County scope is narrower than MSA.",https://www.charlottenc.gov/Growth-and-Development/Planning-and-Development/Historic-District,"Qualitative local taxonomy documented unless row says proposed/unverified; all numeric geometry, palettes and generator weights are proposals, never measured shares. Later suburban archetype and Tampa ranch local prevalence unverified.",Southeast/Florida,21,16740,2938830,https://www2.census.gov/programs-surveys/popest/datasets/2020-2025/metro/totals/cbsa-est2025-alldata.csv,"All weights, numeric default dimensions, roof pitches, spacing and hex values are proposals unless explicitly marked sourced; observed geometry overrides",City/district examples and standards establish local forms only; full-MSA distributions unverified,2026-10-07,unverified; no representative MSA architectural-style denominator established
Charlotte,Later two-storey suburban traditional,1980–present proposed; prevalence unverified,unverified; no representative MSA denominator,20,2 (generator proposal),hip/multi-gable (source-informed proposal),28–40,brick veneer/siding proposed,#98614E/#D4CBBB/#BABEAF,#68685F,portico/partial porch (proposal controls),7–14,18–30,front/side attached garage (proposal; actual access wins),"Actual construction year + footprint/height/storeys + roof/material/porch evidence where present; historic survey increases confidence; generic OSM house tag insufficient; split-level needs building-part/slope evidence. Proposed probabilistic rule, not style ground truth.",https://gis.mecknc.gov/data-center,"Commercial bulk use, redistribution and attribution unclear; public access is not permission. Exclude owners/addresses/occupants/exemptions/value fields. County scope is narrower than MSA.",https://gis.mecknc.gov/data-center,"Qualitative local taxonomy documented unless row says proposed/unverified; all numeric geometry, palettes and generator weights are proposals, never measured shares. Later suburban archetype and Tampa ranch local prevalence unverified.",Southeast/Florida,21,16740,2938830,https://www2.census.gov/programs-surveys/popest/datasets/2020-2025/metro/totals/cbsa-est2025-alldata.csv,"All weights, numeric default dimensions, roof pitches, spacing and hex values are proposals unless explicitly marked sourced; observed geometry overrides",City/district examples and standards establish local forms only; full-MSA distributions unverified,2026-10-07,unverified; no representative MSA architectural-style denominator established
Baltimore,Early Federal / Greek Revival row,Late18th–early19th-century stock [https://www.baltimorecity.gov/sites/default/files/Illustrated%20Baltimore%20City%20Historic%20Preservation%20Procedures%20and%20Design%20Guidelines%202013_0.pdf],unclear/unverified: no metro-wide style denominator,10,2–3 proposed; exact survey levels override,Gable early forms; shallower roofs in Greek Revival transition [https://www.baltimorecity.gov/sites/default/files/Illustrated%20Baltimore%20City%20Historic%20Preservation%20Procedures%20and%20Design%20Guidelines%202013_0.pdf],25–40 gable proposed,Brick proposal; source supports historic row-form evolution,#A7755C;#B57C61,#62625D,White marble steps documented city feature [https://www.baltimorecity.gov/sites/default/files/Chapter%208%20updated%209.10.2014.pdf]; apply only where evidenced,0–2,3.5–5.5,No invented front garage; mapped small rear alley,"Proposed heuristic: Historic survey + early year + attached footprint; era cannot prove current roof/material; OSM building:levels, roof:shape, roof:material and start_date only when present; absence means unknown",https://opendata.baltimorecity.gov/egis/,Baltimore code9-8 requires portal data unrestricted commercial copying/distribution/modification [https://codes.baltimorecity.gov/us/md/cities/baltimore/code/1/9-8]; confirm selected item provenance/attribution. County assessor rights separate. OSM ODbL: https://www.openstreetmap.org/copyright,https://www.baltimorecity.gov/sites/default/files/Illustrated%20Baltimore%20City%20Historic%20Preservation%20Procedures%20and%20Design%20Guidelines%202013_0.pdf | https://opendata.baltimorecity.gov/egis/,Qualitative cited facts scoped to source district/manual; all hex/pitch/setback/lot/weights are proposals; detached suburban fallback type and era unverified,Mid-Atlantic/Northeast,22,12580,2857781,https://www2.census.gov/programs-surveys/popest/datasets/2020-2025/metro/totals/cbsa-est2025-alldata.csv,"All weights, numeric default dimensions, roof pitches, spacing and hex values are proposals unless explicitly marked sourced; observed geometry overrides",City/district examples and standards establish local forms only; full-MSA distributions unverified,2026-10-07,unverified; no representative MSA architectural-style denominator established
Baltimore,Italianate flat-roof brick row,From1850s;1860s–1870s examples [https://www.baltimorecity.gov/sites/default/files/Illustrated%20Baltimore%20City%20Historic%20Preservation%20Procedures%20and%20Design%20Guidelines%202013_0.pdf],unclear/unverified: no metro-wide style denominator,25,2–3; three-storey examples [https://www.baltimorecity.gov/sites/default/files/Illustrated%20Baltimore%20City%20Historic%20Preservation%20Procedures%20and%20Design%20Guidelines%202013_0.pdf],Flat/low-slope [https://www.baltimorecity.gov/sites/default/files/Illustrated%20Baltimore%20City%20Historic%20Preservation%20Procedures%20and%20Design%20Guidelines%202013_0.pdf],1–5,Brick proposal; stone steps source-supported generally [https://www.baltimorecity.gov/sites/default/files/Chapter%208%20updated%209.10.2014.pdf],#955E48;#B38268,#62625D,Marble stoop candidate; cornice as silhouette strip,0–2,4–6,Mapped rear alley; curb cut only when mapped,"Proposed heuristic: Row footprint + mid19th-century age + low roof; style labels/roof geometry outrank generic age; OSM building:levels, roof:shape, roof:material and start_date only when present; absence means unknown",https://opendata.baltimorecity.gov/egis/,Baltimore code9-8 requires portal data unrestricted commercial copying/distribution/modification [https://codes.baltimorecity.gov/us/md/cities/baltimore/code/1/9-8]; confirm selected item provenance/attribution. County assessor rights separate. OSM ODbL: https://www.openstreetmap.org/copyright,https://www.baltimorecity.gov/sites/default/files/Illustrated%20Baltimore%20City%20Historic%20Preservation%20Procedures%20and%20Design%20Guidelines%202013_0.pdf | https://opendata.baltimorecity.gov/egis/,Qualitative cited facts scoped to source district/manual; all hex/pitch/setback/lot/weights are proposals; detached suburban fallback type and era unverified,Mid-Atlantic/Northeast,22,12580,2857781,https://www2.census.gov/programs-surveys/popest/datasets/2020-2025/metro/totals/cbsa-est2025-alldata.csv,"All weights, numeric default dimensions, roof pitches, spacing and hex values are proposals unless explicitly marked sourced; observed geometry overrides",City/district examples and standards establish local forms only; full-MSA distributions unverified,2026-10-07,unverified; no representative MSA architectural-style denominator established
Baltimore,Late-Victorian swell-front / bay-front row,1870s–1890s [https://www.baltimorecity.gov/sites/default/files/Illustrated%20Baltimore%20City%20Historic%20Preservation%20Procedures%20and%20Design%20Guidelines%202013_0.pdf],unclear/unverified: no metro-wide style denominator,15,2–3 proposed,Mansard or flat depending on surveyed subtype [https://www.baltimorecity.gov/sites/default/files/Illustrated%20Baltimore%20City%20Historic%20Preservation%20Procedures%20and%20Design%20Guidelines%202013_0.pdf],0–5 flat;60–75 mansard skirt proposed,Brick/stone proposal,#9B6D56;#A78A75,#62625D,Projecting bay or turret documented [https://www.baltimorecity.gov/sites/default/files/Illustrated%20Baltimore%20City%20Historic%20Preservation%20Procedures%20and%20Design%20Guidelines%202013_0.pdf]; stoop candidate,0–3,4.5–7,Mapped rear alley/accessory footprint,"Proposed heuristic: Historic type/style + bay geometry + age; do not assign turret to every Victorian-era parcel; OSM building:levels, roof:shape, roof:material and start_date only when present; absence means unknown",https://opendata.baltimorecity.gov/egis/,Baltimore code9-8 requires portal data unrestricted commercial copying/distribution/modification [https://codes.baltimorecity.gov/us/md/cities/baltimore/code/1/9-8]; confirm selected item provenance/attribution. County assessor rights separate. OSM ODbL: https://www.openstreetmap.org/copyright,https://www.baltimorecity.gov/sites/default/files/Illustrated%20Baltimore%20City%20Historic%20Preservation%20Procedures%20and%20Design%20Guidelines%202013_0.pdf | https://opendata.baltimorecity.gov/egis/,Qualitative cited facts scoped to source district/manual; all hex/pitch/setback/lot/weights are proposals; detached suburban fallback type and era unverified,Mid-Atlantic/Northeast,22,12580,2857781,https://www2.census.gov/programs-surveys/popest/datasets/2020-2025/metro/totals/cbsa-est2025-alldata.csv,"All weights, numeric default dimensions, roof pitches, spacing and hex values are proposals unless explicitly marked sourced; observed geometry overrides",City/district examples and standards establish local forms only; full-MSA distributions unverified,2026-10-07,unverified; no representative MSA architectural-style denominator established
Baltimore,Daylight porch-front row,c1915–1950 [https://www.baltimorecity.gov/sites/default/files/Illustrated%20Baltimore%20City%20Historic%20Preservation%20Procedures%20and%20Design%20Guidelines%202013_0.pdf],unclear/unverified: no metro-wide style denominator,25,2 proposed; observed levels override,Low-slope proposal; no measured pitch distribution,1–5,Brick with porch material proposal,#AD7E60;#C8B496,#62625D,Porch and small yard [https://www.baltimorecity.gov/sites/default/files/Illustrated%20Baltimore%20City%20Historic%20Preservation%20Procedures%20and%20Design%20Guidelines%202013_0.pdf],3–7,5.5–8,"Rear garage candidate; garages source-supported [https://www.baltimorecity.gov/sites/default/files/Illustrated%20Baltimore%20City%20Historic%20Preservation%20Procedures%20and%20Design%20Guidelines%202013_0.pdf], placement needs access geometry","Proposed heuristic: Age1915–1950 + wider attached footprint + porch/garage evidence; class label stronger than age; OSM building:levels, roof:shape, roof:material and start_date only when present; absence means unknown",https://opendata.baltimorecity.gov/egis/,Baltimore code9-8 requires portal data unrestricted commercial copying/distribution/modification [https://codes.baltimorecity.gov/us/md/cities/baltimore/code/1/9-8]; confirm selected item provenance/attribution. County assessor rights separate. OSM ODbL: https://www.openstreetmap.org/copyright,https://www.baltimorecity.gov/sites/default/files/Illustrated%20Baltimore%20City%20Historic%20Preservation%20Procedures%20and%20Design%20Guidelines%202013_0.pdf | https://opendata.baltimorecity.gov/egis/,Qualitative cited facts scoped to source district/manual; all hex/pitch/setback/lot/weights are proposals; detached suburban fallback type and era unverified,Mid-Atlantic/Northeast,22,12580,2857781,https://www2.census.gov/programs-surveys/popest/datasets/2020-2025/metro/totals/cbsa-est2025-alldata.csv,"All weights, numeric default dimensions, roof pitches, spacing and hex values are proposals unless explicitly marked sourced; observed geometry overrides",City/district examples and standards establish local forms only; full-MSA distributions unverified,2026-10-07,unverified; no representative MSA architectural-style denominator established
Baltimore,Detached suburban metro fallback,Postwar–present proposed,unclear/unverified: no metro-wide style denominator,25,1–2 proposed,Gable/hip proposed,20–40,Brick/siding proposal,#B7977C;#CDCABB,#62625D,Small porch/stoop proposed,7–13,18–30,"Mapped front/side drive, garage volume","Proposed heuristic: Detached footprint + county year/levels; city portal is not metro coverage; OSM building:levels, roof:shape, roof:material and start_date only when present; absence means unknown",https://opendata.baltimorecity.gov/egis/,Baltimore code9-8 requires portal data unrestricted commercial copying/distribution/modification [https://codes.baltimorecity.gov/us/md/cities/baltimore/code/1/9-8]; confirm selected item provenance/attribution. County assessor rights separate. OSM ODbL: https://www.openstreetmap.org/copyright,https://opendata.baltimorecity.gov/egis/,Qualitative cited facts scoped to source district/manual; all hex/pitch/setback/lot/weights are proposals; detached suburban fallback type and era unverified,Mid-Atlantic/Northeast,22,12580,2857781,https://www2.census.gov/programs-surveys/popest/datasets/2020-2025/metro/totals/cbsa-est2025-alldata.csv,"All weights, numeric default dimensions, roof pitches, spacing and hex values are proposals unless explicitly marked sourced; observed geometry overrides",City/district examples and standards establish local forms only; full-MSA distributions unverified,2026-10-07,unverified; no representative MSA architectural-style denominator established
St Louis,Shaped-parapet brick single-family,1900–1920,Metro prevalence unverified,25,1,shaped front parapet,0–4,brick/glazed accents,#945B43;#805944,#56524B,recessed entry/small porch,1–4,7.5–10.5,rear garage conditional,"Proposed: combine verified building age, footprint aspect/geometry, storeys, roof tags and mapped garage access. Style remains probabilistic; missing tags are not negative evidence.",https://www.stlouis-mo.gov/data/datasets/,Item-specific commercial redistribution rights unclear; OSM inputs require ODbL compliance,https://www.stlouis-mo.gov/government/departments/planning/cultural-resources/preservation-plan/Part-III-The-Worlds-Fair-City-Residential-Property-Types-Vernacular.cfm,"Type presence sourced; weights, pitch, setback, most lot widths and hex colours are proposed generator defaults",Midwest,23,41180,2814421,https://www2.census.gov/programs-surveys/popest/datasets/2020-2025/metro/totals/cbsa-est2025-alldata.csv,"All weights, numeric default dimensions, roof pitches, spacing and hex values are proposals unless explicitly marked sourced; observed geometry overrides",City/district examples and standards establish local forms only; full-MSA distributions unverified,2026-10-07,unverified; no representative MSA architectural-style denominator established
St Louis,Two-family flat,late19th–early20th century,Metro prevalence unverified,25,2 proposed representative,flat/parapet or pyramidal,0–4,brick,#985C45;#B48B63,#56524B,separate front entries/porch balcony variant,2–5,9–13,rear access conditional,"Proposed: combine verified building age, footprint aspect/geometry, storeys, roof tags and mapped garage access. Style remains probabilistic; missing tags are not negative evidence.",https://www.stlouis-mo.gov/data/datasets/,Item-specific commercial redistribution rights unclear; OSM inputs require ODbL compliance,https://www.stlouis-mo.gov/government/departments/planning/cultural-resources/preservation-plan/Copy-of-Part-III-The-Worlds-Fair-City-Multi-Families.cfm,"Type presence sourced; weights, pitch, setback, most lot widths and hex colours are proposed generator defaults",Midwest,23,41180,2814421,https://www2.census.gov/programs-surveys/popest/datasets/2020-2025/metro/totals/cbsa-est2025-alldata.csv,"All weights, numeric default dimensions, roof pitches, spacing and hex values are proposals unless explicitly marked sourced; observed geometry overrides",City/district examples and standards establish local forms only; full-MSA distributions unverified,2026-10-07,unverified; no representative MSA architectural-style denominator established
St Louis,Brick bungalow / side-gabled bungaloid,early20th century,Metro prevalence unverified,20,1 bungalow;1.5 bungaloid variant,double front gables/side gable dormer,22–35,frame or masonry,#985C45;#AB7E59,#56524B,roofed porch/tapered posts,4–7,10–15,rear garage conditional,"Proposed: combine verified building age, footprint aspect/geometry, storeys, roof tags and mapped garage access. Style remains probabilistic; missing tags are not negative evidence.",https://www.stlouis-mo.gov/data/datasets/,Item-specific commercial redistribution rights unclear; OSM inputs require ODbL compliance,https://www.stlouis-mo.gov/government/departments/planning/cultural-resources/preservation-plan/Part-III-The-Worlds-Fair-City-Residential-Property-Types-Vernacular.cfm,"Type presence sourced; weights, pitch, setback, most lot widths and hex colours are proposed generator defaults",Midwest,23,41180,2814421,https://www2.census.gov/programs-surveys/popest/datasets/2020-2025/metro/totals/cbsa-est2025-alldata.csv,"All weights, numeric default dimensions, roof pitches, spacing and hex values are proposals unless explicitly marked sourced; observed geometry overrides",City/district examples and standards establish local forms only; full-MSA distributions unverified,2026-10-07,unverified; no representative MSA architectural-style denominator established
St Louis,Shotgun / narrow vernacular cottage,19th century,Metro prevalence unverified,10,1;Victorian taller roof,frame front gable/brick hip,25–42,wood or brick,#9E6550;#B9B49C,#56524B,small porch proposed,1–4,6–9,rear pad conditional,"Proposed: combine verified building age, footprint aspect/geometry, storeys, roof tags and mapped garage access. Style remains probabilistic; missing tags are not negative evidence.",https://www.stlouis-mo.gov/data/datasets/,Item-specific commercial redistribution rights unclear; OSM inputs require ODbL compliance,https://www.stlouis-mo.gov/government/departments/planning/cultural-resources/preservation-plan/Part-II-The-Walking-City-Rural-House-Forms.cfm,"Type presence sourced; weights, pitch, setback, most lot widths and hex colours are proposed generator defaults",Midwest,23,41180,2814421,https://www2.census.gov/programs-surveys/popest/datasets/2020-2025/metro/totals/cbsa-est2025-alldata.csv,"All weights, numeric default dimensions, roof pitches, spacing and hex values are proposals unless explicitly marked sourced; observed geometry overrides",City/district examples and standards establish local forms only; full-MSA distributions unverified,2026-10-07,unverified; no representative MSA architectural-style denominator established
St Louis,Postwar suburban ranch,1950–1980 proposed,Metro prevalence unverified,20,1 proposed,low gable/hip proposed,12–25,brick/siding proposed,#A67553;#C4B69B,#56524B,compact entry/carport proposed,7–14,18–30,front drive garage/carport proposed,"Proposed: combine verified building age, footprint aspect/geometry, storeys, roof tags and mapped garage access. Style remains probabilistic; missing tags are not negative evidence.",https://www.stlouis-mo.gov/data/datasets/,Item-specific commercial redistribution rights unclear; OSM inputs require ODbL compliance,https://www.modernstl.com/events,"Type presence sourced; weights, pitch, setback, most lot widths and hex colours are proposed generator defaults",Midwest,23,41180,2814421,https://www2.census.gov/programs-surveys/popest/datasets/2020-2025/metro/totals/cbsa-est2025-alldata.csv,"All weights, numeric default dimensions, roof pitches, spacing and hex values are proposals unless explicitly marked sourced; observed geometry overrides",City/district examples and standards establish local forms only; full-MSA distributions unverified,2026-10-07,unverified; no representative MSA architectural-style denominator established
San Antonio,Ranch,Proposed era bin: 1940s–1970s,"Unverified: no metro-wide style prevalence measured; generator weight is a design prior, not a housing share.",45,Proposal: 1,Proposal: low side-gable or hip,14–25,Renderer proposal: brick/stone/wood variants without ornate trim,#B8A185; #AB866D,#6A655D,Proposal: recessed small porch,7–12,18–29,Proposal: attached garage or carport only when supported,"Heuristic proposal; valid source geometry/height/roof/material attributes override priors. Wide one-floor residential footprint and available low roof attributes => candidate; stone cladding not assumed from city name. Footprint alone cannot confirm style or era; no person, owner, address, race or income inputs.",https://docs.overturemaps.org/schema/reference/buildings/building/; https://docs.overturemaps.org/guides/buildings/,Overture buildings: ODbL 1.0; commercial reuse with attribution and applicable database share-alike. No building-specific style accuracy guaranteed. https://docs.overturemaps.org/attribution/; https://opendatacommons.org/licenses/odbl/1-0/,https://www.sanantonio.gov/portals/0/Files/HistoricPreservation/7_GuidetoSanAntonio%27sHistoricDistricts.pdf,"Scoped evidence: city historic-resource guide indexes Ranch; PDF full retrieval failed, indexed primary excerpt only. All numerical geometry, colors and weights are unmeasured renderer proposals; reference districts do not establish metro prevalence.",Texas/South Central,24,41700,2813140,https://www2.census.gov/programs-surveys/popest/datasets/2020-2025/metro/totals/cbsa-est2025-alldata.csv,"All weights, numeric default dimensions, roof pitches, spacing and hex values are proposals unless explicitly marked sourced; observed geometry overrides",City/district examples and standards establish local forms only; full-MSA distributions unverified,2026-10-07,unverified; no representative MSA architectural-style denominator established
San Antonio,Minimal Traditional,Proposed era bin: 1935–1960,"Unverified: no metro-wide style prevalence measured; generator weight is a design prior, not a housing share.",20,Proposal: 1,"Proposal: simple gable/hip, compact eaves",22–32,Renderer proposal: painted wood or brick,#BFB8A6; #AD8D72,#666159,Proposal: small stoop or modest covered entry,5–9,13–21,Proposal: side drive/small garage; actual connection overrides,"Heuristic proposal; valid source geometry/height/roof/material attributes override priors. Compact low detached footprint and simple roof tags => candidate; era bin is not a detected year. Footprint alone cannot confirm style or era; no person, owner, address, race or income inputs.",https://docs.overturemaps.org/schema/reference/buildings/building/; https://docs.overturemaps.org/guides/buildings/,Overture buildings: ODbL 1.0; commercial reuse with attribution and applicable database share-alike. No building-specific style accuracy guaranteed. https://docs.overturemaps.org/attribution/; https://opendatacommons.org/licenses/odbl/1-0/,https://www.sanantonio.gov/portals/0/Files/HistoricPreservation/7_GuidetoSanAntonio%27sHistoricDistricts.pdf,"Scoped evidence: city guide indexes Minimal Traditional; indexed primary excerpt only. All numerical geometry, colors and weights are unmeasured renderer proposals; reference districts do not establish metro prevalence.",Texas/South Central,24,41700,2813140,https://www2.census.gov/programs-surveys/popest/datasets/2020-2025/metro/totals/cbsa-est2025-alldata.csv,"All weights, numeric default dimensions, roof pitches, spacing and hex values are proposals unless explicitly marked sourced; observed geometry overrides",City/district examples and standards establish local forms only; full-MSA distributions unverified,2026-10-07,unverified; no representative MSA architectural-style denominator established
San Antonio,Craftsman bungalow,Proposed era bin: 1905–1930,"Unverified: no metro-wide style prevalence measured; generator weight is a design prior, not a housing share.",15,Proposal: 1,Proposal: front or clipped gable,22–34,Renderer proposal: wood/brick; simple masonry porch piers,#B9B9A7; #C3B7A1,#62685F,Proposal: broad porch with simplified piers,6–10,13–20,Proposal: side drive; detached rear garage if mapped,"Heuristic proposal; valid source geometry/height/roof/material attributes override priors. Low residential building with available gable/wood/brick tags in verified historic context => candidate; do not clone an entire district. Footprint alone cannot confirm style or era; no person, owner, address, race or income inputs.",https://docs.overturemaps.org/schema/reference/buildings/building/; https://docs.overturemaps.org/guides/buildings/,Overture buildings: ODbL 1.0; commercial reuse with attribution and applicable database share-alike. No building-specific style accuracy guaranteed. https://docs.overturemaps.org/attribution/; https://opendatacommons.org/licenses/odbl/1-0/,https://www.sanantonio.gov/historic/scoutsa/HistoricDistricts/FrenchPl,"Scoped evidence: East French Place documents wood/brick Craftsman bungalows, porches and clipped gables. All numerical geometry, colors and weights are unmeasured renderer proposals; reference districts do not establish metro prevalence.",Texas/South Central,24,41700,2813140,https://www2.census.gov/programs-surveys/popest/datasets/2020-2025/metro/totals/cbsa-est2025-alldata.csv,"All weights, numeric default dimensions, roof pitches, spacing and hex values are proposals unless explicitly marked sourced; observed geometry overrides",City/district examples and standards establish local forms only; full-MSA distributions unverified,2026-10-07,unverified; no representative MSA architectural-style denominator established
San Antonio,Spanish Eclectic,Proposed era bin: 1915–1940,"Unverified: no metro-wide style prevalence measured; generator weight is a design prior, not a housing share.",10,Proposal: 1–2,Proposal: low hip or parapet with small tiled roof planes,8–22,Renderer proposal: muted stucco with clay-tile candidate,#D2C2A6; #C9B793,#A66F52; #95654E,"Proposal: small arched porch/entry, not universal arcade",5–10,14–24,Proposal: rear/side garage; do not add courtyard walls automatically,"Heuristic proposal; valid source geometry/height/roof/material attributes override priors. Only select confidently from roof/material tags or verified survey style; stucco alone is insufficient. Footprint alone cannot confirm style or era; no person, owner, address, race or income inputs.",https://docs.overturemaps.org/schema/reference/buildings/building/; https://docs.overturemaps.org/guides/buildings/,Overture buildings: ODbL 1.0; commercial reuse with attribution and applicable database share-alike. No building-specific style accuracy guaranteed. https://docs.overturemaps.org/attribution/; https://opendatacommons.org/licenses/odbl/1-0/,https://www.sanantonio.gov/portals/0/Files/HistoricPreservation/7_GuidetoSanAntonio%27sHistoricDistricts.pdf,"Scoped evidence: indexed city-guide Spanish Eclectic section describes stucco/low clay-tile roofs; full PDF retrieval failed. All numerical geometry, colors and weights are unmeasured renderer proposals; reference districts do not establish metro prevalence.",Texas/South Central,24,41700,2813140,https://www2.census.gov/programs-surveys/popest/datasets/2020-2025/metro/totals/cbsa-est2025-alldata.csv,"All weights, numeric default dimensions, roof pitches, spacing and hex values are proposals unless explicitly marked sourced; observed geometry overrides",City/district examples and standards establish local forms only; full-MSA distributions unverified,2026-10-07,unverified; no representative MSA architectural-style denominator established
San Antonio,Vernacular/Folk cottage,Proposed era bin: 1880s–1940s,"Unverified: no metro-wide style prevalence measured; generator weight is a design prior, not a housing share.",10,Proposal: 1,Proposal: simple gable or compact hip,24–36,Renderer proposal: painted wood; restrained stone option only with support,#C8C1AC; #AEB6A7,#6D6861,Proposal: small front porch,4–8,11–18,Proposal: side/rear drive; small detached garage only if supported,"Heuristic proposal; valid source geometry/height/roof/material attributes override priors. Small simple residential footprint => neutral vernacular fallback when detailed style attributes absent; no decorative or cultural motif inference. Footprint alone cannot confirm style or era; no person, owner, address, race or income inputs.",https://docs.overturemaps.org/schema/reference/buildings/building/; https://docs.overturemaps.org/guides/buildings/,Overture buildings: ODbL 1.0; commercial reuse with attribution and applicable database share-alike. No building-specific style accuracy guaranteed. https://docs.overturemaps.org/attribution/; https://opendatacommons.org/licenses/odbl/1-0/,https://www.sanantonio.gov/portals/0/Files/HistoricPreservation/7_GuidetoSanAntonio%27sHistoricDistricts.pdf,"Scoped evidence: city guide indexes German Vernacular/Folk Victorian; this simplified unspecific cottage is a renderer proposal. All numerical geometry, colors and weights are unmeasured renderer proposals; reference districts do not establish metro prevalence.",Texas/South Central,24,41700,2813140,https://www2.census.gov/programs-surveys/popest/datasets/2020-2025/metro/totals/cbsa-est2025-alldata.csv,"All weights, numeric default dimensions, roof pitches, spacing and hex values are proposals unless explicitly marked sourced; observed geometry overrides",City/district examples and standards establish local forms only; full-MSA distributions unverified,2026-10-07,unverified; no representative MSA architectural-style denominator established
Austin,Ranch,Proposed era bin: 1940s–1970s,"Unverified: no metro-wide style prevalence measured; generator weight is a design prior, not a housing share.",40,Proposal: 1,Proposal: low side-gable/hip,14–26,Renderer proposal: brick or wood; restrained stone variants,#B5A188; #B49278,#67645C,Proposal: small sheltered entry,6–11,18–28,Proposal: attached/side garage; retain mapped approach,"Heuristic proposal; valid source geometry/height/roof/material attributes override priors. Wide one-floor residential footprint with low roof tags => candidate; year/stone finish not inferred from district alone. Footprint alone cannot confirm style or era; no person, owner, address, race or income inputs.",https://docs.overturemaps.org/schema/reference/buildings/building/; https://docs.overturemaps.org/guides/buildings/,Overture buildings: ODbL 1.0; commercial reuse with attribution and applicable database share-alike. No building-specific style accuracy guaranteed. https://docs.overturemaps.org/attribution/; https://opendatacommons.org/licenses/odbl/1-0/,https://www.austintexas.gov/planning/historic-preservation/historic-designation/historic-districts,"Scoped evidence: Rogers-Washington-Holy Cross lists Ranch as prevailing within that district. All numerical geometry, colors and weights are unmeasured renderer proposals; reference districts do not establish metro prevalence.",Texas/South Central,25,12420,2620945,https://www2.census.gov/programs-surveys/popest/datasets/2020-2025/metro/totals/cbsa-est2025-alldata.csv,"All weights, numeric default dimensions, roof pitches, spacing and hex values are proposals unless explicitly marked sourced; observed geometry overrides",City/district examples and standards establish local forms only; full-MSA distributions unverified,2026-10-07,unverified; no representative MSA architectural-style denominator established
Austin,Mid-century Contemporary,Proposed era bin: 1950s–1970s,"Unverified: no metro-wide style prevalence measured; generator weight is a design prior, not a housing share.",15,Proposal: 1–2,"Proposal: low gable/shed, occasionally flat",5–20,Renderer proposal: wood/brick planes; restrained glazing,#ADA18C; #B7B1A0,#626862,Proposal: recessed entry or light canopy,6–11,17–27,Proposal: carport/side garage only if footprint/tags support,"Heuristic proposal; valid source geometry/height/roof/material attributes override priors. Low roof attributes plus one/two floors and articulated footprint => candidate; style confidence low absent survey evidence. Footprint alone cannot confirm style or era; no person, owner, address, race or income inputs.",https://docs.overturemaps.org/schema/reference/buildings/building/; https://docs.overturemaps.org/guides/buildings/,Overture buildings: ODbL 1.0; commercial reuse with attribution and applicable database share-alike. No building-specific style accuracy guaranteed. https://docs.overturemaps.org/attribution/; https://opendatacommons.org/licenses/odbl/1-0/,https://www.austintexas.gov/planning/historic-preservation/historic-designation/historic-districts,"Scoped evidence: local historic-district page lists Contemporary/Mid-Century Modern; facade/pitch are proposals. All numerical geometry, colors and weights are unmeasured renderer proposals; reference districts do not establish metro prevalence.",Texas/South Central,25,12420,2620945,https://www2.census.gov/programs-surveys/popest/datasets/2020-2025/metro/totals/cbsa-est2025-alldata.csv,"All weights, numeric default dimensions, roof pitches, spacing and hex values are proposals unless explicitly marked sourced; observed geometry overrides",City/district examples and standards establish local forms only; full-MSA distributions unverified,2026-10-07,unverified; no representative MSA architectural-style denominator established
Austin,Craftsman bungalow,Proposed era bin: 1910s–1930s,"Unverified: no metro-wide style prevalence measured; generator weight is a design prior, not a housing share.",20,Proposal: 1–1.5,"Proposal: front/side gable, broad eaves",22–34,Renderer proposal: painted wood and simple brick/stone porch piers,#B9BEAF; #C2B99F,#686B61,Proposal: broad shaded porch,4–8,12–19,Proposal: small rear garage/side drive; alley only if mapped,"Heuristic proposal; valid source geometry/height/roof/material attributes override priors. Low small building plus roof/material tags in verified historic context => candidate; generated porch is not surveyed geometry. Footprint alone cannot confirm style or era; no person, owner, address, race or income inputs.",https://docs.overturemaps.org/schema/reference/buildings/building/; https://docs.overturemaps.org/guides/buildings/,Overture buildings: ODbL 1.0; commercial reuse with attribution and applicable database share-alike. No building-specific style accuracy guaranteed. https://docs.overturemaps.org/attribution/; https://opendatacommons.org/licenses/odbl/1-0/,https://www.austintexas.gov/planning/historic-preservation/historic-designation/historic-districts,"Scoped evidence: Hyde Park/Smoot-Terrace descriptions establish bungalows and Craftsman forms. All numerical geometry, colors and weights are unmeasured renderer proposals; reference districts do not establish metro prevalence.",Texas/South Central,25,12420,2620945,https://www2.census.gov/programs-surveys/popest/datasets/2020-2025/metro/totals/cbsa-est2025-alldata.csv,"All weights, numeric default dimensions, roof pitches, spacing and hex values are proposals unless explicitly marked sourced; observed geometry overrides",City/district examples and standards establish local forms only; full-MSA distributions unverified,2026-10-07,unverified; no representative MSA architectural-style denominator established
Austin,National Folk/transitional cottage,Proposed era bin: 1880s–1940s,"Unverified: no metro-wide style prevalence measured; generator weight is a design prior, not a housing share.",10,Proposal: 1,Proposal: simple gable or pyramidal hip,25–36,Renderer proposal: painted horizontal wood; sparse ornament,#C3BFAF; #B5BBA6,#70695F,Proposal: small covered porch,4–8,11–18,Proposal: rear detached garage if mapped,"Heuristic proposal; valid source geometry/height/roof/material attributes override priors. Simple compact low footprint => vernacular fallback; preserve actual shape and do not attach demographic assumptions. Footprint alone cannot confirm style or era; no person, owner, address, race or income inputs.",https://docs.overturemaps.org/schema/reference/buildings/building/; https://docs.overturemaps.org/guides/buildings/,Overture buildings: ODbL 1.0; commercial reuse with attribution and applicable database share-alike. No building-specific style accuracy guaranteed. https://docs.overturemaps.org/attribution/; https://opendatacommons.org/licenses/odbl/1-0/,https://www.austintexas.gov/planning/historic-preservation/historic-designation/historic-districts,"Scoped evidence: Robertson-Stuart-Mair description lists National Folk; actual color/lot geometry unmeasured. All numerical geometry, colors and weights are unmeasured renderer proposals; reference districts do not establish metro prevalence.",Texas/South Central,25,12420,2620945,https://www2.census.gov/programs-surveys/popest/datasets/2020-2025/metro/totals/cbsa-est2025-alldata.csv,"All weights, numeric default dimensions, roof pitches, spacing and hex values are proposals unless explicitly marked sourced; observed geometry overrides",City/district examples and standards establish local forms only; full-MSA distributions unverified,2026-10-07,unverified; no representative MSA architectural-style denominator established
Austin,Modern gabled townhouse/duplex,Proposed era bin: 2010s–2020s,"Unverified: no metro-wide style prevalence measured; generator weight is a design prior, not a housing share.",15,Proposal: 2–3,Proposal: simple modern gable with smaller attached volumes,24–38,Renderer proposal: warm brick and muted panel/wood accent,#AF8266; #BDA78D,#555D5F,Proposal: compact covered entry/patio,2–6,7–13,Proposal: integral/shared-access garage if mapped; don't infer parking occupancy,"Heuristic proposal; valid source geometry/height/roof/material attributes override priors. Narrow two-plus-floor residential footprints with duplex/townhouse tags => candidate; density does not identify occupants. Footprint alone cannot confirm style or era; no person, owner, address, race or income inputs.",https://docs.overturemaps.org/schema/reference/buildings/building/; https://docs.overturemaps.org/guides/buildings/,Overture buildings: ODbL 1.0; commercial reuse with attribution and applicable database share-alike. No building-specific style accuracy guaranteed. https://docs.overturemaps.org/attribution/; https://opendatacommons.org/licenses/odbl/1-0/,https://www.austintexas.gov/housing/news/mixed-income-missing-middle-townhome-community-opens-east-austin-mira,"Scoped evidence:2026 city release describes a specific three-story duplex-townhome project with modern gables/warm brick; not metro-wide prevalence. All numerical geometry, colors and weights are unmeasured renderer proposals; reference districts do not establish metro prevalence.",Texas/South Central,25,12420,2620945,https://www2.census.gov/programs-surveys/popest/datasets/2020-2025/metro/totals/cbsa-est2025-alldata.csv,"All weights, numeric default dimensions, roof pitches, spacing and hex values are proposals unless explicitly marked sourced; observed geometry overrides",City/district examples and standards establish local forms only; full-MSA distributions unverified,2026-10-07,unverified; no representative MSA architectural-style denominator established
